acc	ApApos2	ApAbridge	ApCpos2	ApCbridge	ApGpos1	ApGpos2	ApGbridge	ApTpos2	ApTbridge	CpApos2	CpAbridge	CpCpos2	CpCbridge	CpGpos1	CpGpos2	CpGbridge	CpTpos1	CpTpos2	CpTbridge	GpApos2	GpAbridge	GpCpos2	GpCbridge	GpGpos2	GpGbridge	GpTpos2	GpTbridge	TpApos2	TpAbridge	TpCpos1	TpCpos2	TpCbridge	TpGpos2	TpGbridge	TpTpos1	TpTpos2	TpTbridge
DQ666289	0.446153846	0.207087334	0.576923077	0.130010205	0.430886671	0.553846154	0.386207737	0.423076923	0.188448439	0.255635211	0.195315654	0.204699645	0.143946729	0.304347826	0.10449721	0.125785565	0.628571429	0.307883815	0.222764889	0.44379651	0.218366907	0.083165887	0.090764817	0.311133333	0.191787942	0.182249966	0.149934405	0.308543639	0.101631504	0.710526316	0.235798179	0.342533798	0.303019261	0.378743286	0.516676696	0.25149617	0.100209504
DQ666290	0.454545455	0.200330688	0.5625	0.135641554	0.428013908	0.545454545	0.390788414	0.4375	0.195301805	0.259834211	0.194873616	0.215418521	0.161185385	0.304347826	0.101839871	0.127111259	0.628571429	0.305519613	0.220454186	0.419419866	0.225485229	0.086750104	0.091263575	0.324422691	0.184718241	0.175237002	0.148138401	0.318637395	0.103395755	0.722222222	0.236196392	0.33407118	0.292438522	0.382700131	0.515915211	0.251777999	0.101063645
DQ866105	0.447761194	0.203258024	0.567901235	0.133280114	0.420808274	0.552238806	0.347807489	0.432098765	0.216109625	0.259399762	0.193194233	0.205749292	0.151460845	0.304347826	0.102874646	0.13542624	0.628571429	0.313050231	0.221116615	0.389059399	0.232236001	0.09333639	0.093237066	0.33878746	0.207491776	0.171784952	0.139696081	0.305051334	0.096449614	0.72972973	0.227128109	0.34227441	0.307561166	0.391913614	0.517008245	0.259867242	0.101421053
DQ866106	0.447761194	0.197649902	0.5625	0.134870156	0.412938069	0.552238806	0.390762111	0.4375	0.19391293	0.257617021	0.198129985	0.206232475	0.158661828	0.304347826	0.105263158	0.12317411	0.657142857	0.314542441	0.216794423	0.419365185	0.222291929	0.093159515	0.094395761	0.324376197	0.184675486	0.163164612	0.15434948	0.318651685	0.096568549	0.736842105	0.236207166	0.345444258	0.289324636	0.384411784	0.493911357	0.251821322	0.100391445
DQ866108	0.484848485	0.201457636	0.5625	0.140518107	0.419824304	0.515151515	0.388848648	0.4375	0.194157397	0.258729654	0.19417711	0.20712226	0.158519538	0.304347826	0.105717032	0.125822833	0.657142857	0.31158817	0.212970031	0.419300223	0.219688229	0.085682843	0.088042548	0.324365359	0.188767518	0.173291613	0.154470961	0.314391588	0.103116793	0.72972973	0.234050753	0.345213054	0.301488945	0.378973087	0.494361446	0.249632195	0.100992997
DQ866109	0.462686567	0.198412103	0.5625	0.138125692	0.420180283	0.537313433	0.387858886	0.4375	0.191506377	0.258685785	0.194326803	0.207110947	0.156004273	0.304347826	0.10571854	0.125674459	0.666666667	0.311545055	0.21066621	0.419378851	0.223275809	0.085687183	0.105425445	0.324371682	0.183209359	0.17327863	0.144654628	0.315501255	0.103178356	0.72972973	0.233887929	0.339669456	0.285622527	0.389277101	0.478833685	0.259104737	0.099827325
DQ866110	0.47761194	0.209332773	0.55	0.162750882	0.409217195	0.52238806	0.378888932	0.45	0.1792479	0.273548665	0.175007399	0.197710886	0.150356477	0.304347826	0.095130137	0.139470567	0.657142857	0.327034606	0.222162812	0.38880228	0.221722112	0.073307848	0.094092893	0.338722546	0.194537455	0.183678856	0.145875954	0.305035064	0.11459984	0.75	0.237790462	0.344946774	0.306931855	0.375063708	0.496060443	0.248806962	0.102177956
DQ866112	0.447761194	0.198525968	0.5625	0.134769958	0.420257693	0.552238806	0.411182264	0.4375	0.185314994	0.265928349	0.194277064	0.207081739	0.158257713	0.304347826	0.105722435	0.117396528	0.657142857	0.304077914	0.212481253	0.403495124	0.223584138	0.085530122	0.094303354	0.340085977	0.18469237	0.173159899	0.163857021	0.332171255	0.103210074	0.72972973	0.227303299	0.34494395	0.28958393	0.372626962	0.494496899	0.251574901	0.101030736
DQ866116	0.492537313	0.211445614	0.525	0.152067865	0.409408581	0.507462687	0.378165529	0.475	0.17925608	0.273542991	0.180468887	0.209550961	0.150397084	0.304347826	0.095128833	0.135841539	0.657142857	0.315185653	0.219116952	0.367405928	0.224112296	0.08573693	0.105908282	0.359855028	0.185734248	0.171296296	0.145891038	0.305024366	0.106786413	0.75	0.229337593	0.345092887	0.307040307	0.381883608	0.496060443	0.2572327	0.105258005
DQ866119	0.447761194	0.199322338	0.5625	0.134793733	0.420229383	0.552238806	0.387731208	0.4375	0.194319744	0.258657237	0.191311345	0.207103585	0.158457188	0.304347826	0.105719522	0.133227657	0.657142857	0.311516998	0.209814336	0.419357833	0.223301156	0.08169686	0.094319475	0.324443207	0.184693957	0.17722668	0.154692266	0.318618925	0.103522258	0.72972973	0.235819951	0.345355848	0.289509324	0.37955784	0.494707455	0.25158286	0.104132701
EU086182	0.462686567	0.208248979	0.575	0.13482619	0.409877268	0.537313433	0.382978354	0.425	0.217512108	0.273568611	0.183010489	0.202104994	0.146906988	0.304347826	0.095134721	0.139950502	0.628571429	0.322671703	0.226240105	0.410388238	0.227667473	0.085874795	0.094353889	0.317562468	0.180794418	0.171359324	0.137324693	0.318644542	0.10460631	0.75	0.240003761	0.345297656	0.289435657	0.378598357	0.516245487	0.247701131	0.10170394
EU086183	0.462686567	0.209249245	0.556962025	0.134858465	0.402677925	0.537313433	0.38685596	0.443037975	0.219076375	0.270379752	0.18308055	0.218804915	0.185295251	0.304347826	0.094024573	0.136907115	0.685714286	0.311545055	0.18048475	0.410398978	0.221682757	0.084972069	0.09438806	0.317527515	0.182709229	0.169540531	0.136859749	0.332178514	0.104005707	0.756756757	0.223212525	0.34523966	0.289362034	0.377323357	0.471797493	0.256303594	0.10807958
EU159386	0.462686567	0.208248979	0.575	0.13482619	0.409877268	0.537313433	0.382978354	0.425	0.217512108	0.273568611	0.183010489	0.202104994	0.146906988	0.304347826	0.095134721	0.139950502	0.628571429	0.322671703	0.226240105	0.410388238	0.227667473	0.085874795	0.094353889	0.317562468	0.180794418	0.171359324	0.137324693	0.318644542	0.10460631	0.75	0.240003761	0.345297656	0.289435657	0.378598357	0.516245487	0.247701131	0.10170394
EU828653	0.507462687	0.221062967	0.543209877	0.164469303	0.409175172	0.492537313	0.372954143	0.456790123	0.181235001	0.277935173	0.175665975	0.197705748	0.15593051	0.304347826	0.102577563	0.143037073	0.685714286	0.31518207	0.218898161	0.419252616	0.213909724	0.07788304	0.095280128	0.324381082	0.191259207	0.172730229	0.142717946	0.305126054	0.111664586	0.75	0.238170551	0.348047608	0.306803377	0.374921213	0.473099904	0.249014714	0.0932178
FJ561726	0.5	0.210013478	0.55	0.162686929	0.42008463	0.5	0.365690106	0.45	0.189524517	0.26300671	0.175785176	0.195413279	0.151065829	0.304347826	0.101390147	0.14242573	0.657142857	0.323233127	0.22246729	0.39740512	0.224687189	0.077274205	0.090430772	0.346056901	0.199385749	0.181679378	0.134492605	0.306235515	0.110443121	0.72972973	0.237031474	0.343612439	0.299460612	0.37777076	0.495712284	0.249865046	0.102088177
FJ561727	0.492537313	0.210178846	0.55	0.156222736	0.416411843	0.507462687	0.365720526	0.45	0.198818032	0.264154281	0.175882114	0.196265767	0.174016407	0.272727273	0.109232546	0.143126953	0.657142857	0.32464302	0.197450574	0.395075907	0.22871335	0.078324475	0.096056642	0.344005951	0.201349897	0.170999039	0.142977749	0.304078518	0.106696718	0.75	0.23767982	0.347203153	0.299027928	0.375179504	0.495261909	0.250450756	0.103186533
FJ561728	0.492537313	0.210102068	0.5625	0.162443457	0.4108803	0.507462687	0.331228559	0.4375	0.189169644	0.266075271	0.169379896	0.197694767	0.150490732	0.304347826	0.102570756	0.157073628	0.657142857	0.32700903	0.22736181	0.352142007	0.224254989	0.077546604	0.093333057	0.375244764	0.23012216	0.179889057	0.134815364	0.282220926	0.113588524	0.75	0.238667099	0.347693864	0.31703713	0.372084796	0.495158357	0.253514195	0.097049621
FJ866829	0.5	0.211645601	0.5625	0.164247573	0.411393692	0.5	0.331245428	0.4375	0.194800202	0.2641378	0.170332864	0.196254133	0.174005617	0.304347826	0.109222367	0.156540534	0.676470588	0.3246246	0.202633276	0.352242174	0.222502041	0.077730327	0.094615549	0.375241122	0.230183695	0.17995904	0.139172601	0.287438122	0.111782052	0.75	0.241907673	0.349807091	0.306057861	0.375200504	0.482995471	0.256767857	0.098009727
FJ866830	0.5	0.214141954	0.5625	0.154891162	0.427357814	0.5	0.351024815	0.4375	0.198840481	0.261074041	0.171034195	0.193977624	0.147038718	0.272727273	0.107956254	0.156421713	0.647058824	0.32085883	0.230210305	0.387809263	0.22871991	0.078219327	0.09477012	0.367503161	0.207411303	0.173024885	0.138348181	0.301090291	0.106274098	0.72972973	0.241596354	0.34726455	0.288840834	0.374893728	0.506374363	0.256604268	0.098235012
FJ866831	0.492537313	0.209181029	0.5625	0.161796217	0.420760607	0.507462687	0.353639522	0.4375	0.188890653	0.263006279	0.174675459	0.195412973	0.178443252	0.304347826	0.101389959	0.143604223	0.666666667	0.323232639	0.200090653	0.38165513	0.226149038	0.077404831	0.093343481	0.361716905	0.209012581	0.181765932	0.138420632	0.29606271	0.109643957	0.72972973	0.235629323	0.344067845	0.305719113	0.380749181	0.484176826	0.248199056	0.096966069
GQ472468	0.439393939	0.197254808	0.5625	0.132911043	0.429160954	0.560606061	0.402207912	0.4375	0.193983271	0.265982377	0.198346356	0.207094337	0.156363267	0.291666667	0.105720755	0.124916014	0.657142857	0.304120745	0.212683599	0.428492707	0.22344919	0.084406438	0.094376316	0.319425473	0.184314041	0.170736328	0.154562349	0.318655852	0.102688977	0.72972973	0.235980699	0.340678635	0.28958393	0.366857682	0.494151108	0.251674572	0.100940341
GQ472470	0.447761194	0.200481943	0.5625	0.13492039	0.42834499	0.552238806	0.380695644	0.4375	0.19470943	0.25789792	0.199814488	0.206482242	0.162836693	0.304347826	0.101083984	0.127208706	0.657142857	0.317942146	0.208464512	0.397642352	0.225643496	0.095284858	0.094576434	0.345931459	0.195495206	0.166709144	0.147871494	0.323055907	0.098710146	0.722222222	0.238562946	0.344060245	0.294843806	0.382858316	0.49290478	0.245540968	0.100797885
GQ472473	0.462686567	0.220115772	0.5625	0.134827234	0.419838756	0.537313433	0.390754466	0.4375	0.19406761	0.266055678	0.194186304	0.207111427	0.158420121	0.304347826	0.098350445	0.126973255	0.657142857	0.311546884	0.212780034	0.419314093	0.199874621	0.085614973	0.0942934	0.324360778	0.184642106	0.173243287	0.154484562	0.318658825	0.103149478	0.72972973	0.236015465	0.345007852	0.28921358	0.38244255	0.494256646	0.251743563	0.100965822
GQ472477	0.432835821	0.198340101	0.5625	0.129155326	0.411168037	0.567164179	0.390746197	0.4375	0.194424828	0.258713725	0.191804284	0.207118152	0.159922024	0.318181818	0.10571758	0.127032518	0.657142857	0.311572514	0.214363231	0.409981801	0.223146396	0.087010307	0.100622585	0.329569103	0.184685063	0.175874003	0.155407601	0.32563499	0.103446162	0.72972973	0.234495386	0.348361933	0.289398281	0.382560691	0.494361446	0.250074881	0.101625026
GU358653	0.462686567	0.208322481	0.5625	0.134889517	0.410213081	0.537313433	0.383035774	0.4375	0.216896816	0.273577592	0.183175344	0.209561146	0.185374275	0.304347826	0.095136785	0.145010457	0.685714286	0.315229603	0.187005579	0.41046531	0.227676956	0.085957777	0.094482404	0.317540757	0.180817672	0.171397928	0.137111863	0.318681428	0.104653501	0.75	0.240369315	0.345470565	0.289510308	0.373949944	0.471327279	0.247881842	0.10146518
HM486355	0.462686567	0.201469581	0.493670886	0.126179611	0.420289393	0.537313433	0.368420405	0.506329114	0.209317947	0.24813386	0.193636337	0.193750482	0.144517771	0.304347826	0.135069596	0.122339331	0.6	0.305425393	0.221863816	0.437621435	0.229449521	0.087137633	0.100695667	0.290943232	0.220802748	0.177314652	0.160040607	0.308466044	0.098515131	0.72972973	0.234242671	0.340071266	0.333832882	0.371897421	0.541572953	0.228188364	0.103193776
HM486356	0.462686567	0.201583547	0.493670886	0.126093234	0.420323528	0.537313433	0.368462933	0.506329114	0.209570495	0.249938964	0.193620087	0.18772572	0.144409462	0.304347826	0.136044112	0.122255645	0.6	0.307673527	0.221608112	0.428445546	0.229543104	0.094625745	0.100667565	0.284964342	0.220803986	0.175819736	0.160170474	0.308456214	0.098512088	0.72972973	0.234031937	0.339891157	0.333937041	0.371613464	0.541894289	0.22804974	0.103254776
HM486357	0.462686567	0.201469581	0.493670886	0.126179611	0.420289393	0.537313433	0.368420405	0.506329114	0.209317947	0.24813386	0.193636337	0.193750482	0.144517771	0.304347826	0.135069596	0.122339331	0.6	0.305425393	0.221863816	0.437621435	0.229449521	0.087137633	0.100695667	0.290943232	0.220802748	0.177314652	0.160040607	0.308466044	0.098515131	0.72972973	0.234242671	0.340071266	0.333832882	0.371897421	0.541572953	0.228188364	0.103193776
HM486358	0.462686567	0.201469581	0.493670886	0.126179611	0.420289393	0.537313433	0.368420405	0.506329114	0.209317947	0.24813386	0.193636337	0.193750482	0.144517771	0.304347826	0.135069596	0.122339331	0.6	0.305425393	0.221863816	0.437621435	0.229449521	0.087137633	0.100695667	0.290943232	0.220802748	0.177314652	0.160040607	0.308466044	0.098515131	0.72972973	0.234242671	0.340071266	0.333832882	0.371897421	0.541572953	0.228188364	0.103193776
HM486359	0.462686567	0.201469581	0.493670886	0.126179611	0.420289393	0.537313433	0.368420405	0.506329114	0.209317947	0.24813386	0.193636337	0.193750482	0.144517771	0.304347826	0.135069596	0.122339331	0.6	0.305425393	0.221863816	0.437621435	0.229449521	0.087137633	0.100695667	0.290943232	0.220802748	0.177314652	0.160040607	0.308466044	0.098515131	0.72972973	0.234242671	0.340071266	0.333832882	0.371897421	0.541572953	0.228188364	0.103193776
HM486361	0.462686567	0.201469581	0.493670886	0.126179611	0.420289393	0.537313433	0.368420405	0.506329114	0.209317947	0.24813386	0.193636337	0.193750482	0.144517771	0.304347826	0.135069596	0.122339331	0.6	0.305425393	0.221863816	0.437621435	0.229449521	0.087137633	0.100695667	0.290943232	0.220802748	0.177314652	0.160040607	0.308466044	0.098515131	0.72972973	0.234242671	0.340071266	0.333832882	0.371897421	0.541572953	0.228188364	0.103193776
HM486362	0.462686567	0.201469581	0.493670886	0.126179611	0.420289393	0.537313433	0.368420405	0.506329114	0.209317947	0.24813386	0.193636337	0.193750482	0.144517771	0.304347826	0.135069596	0.122339331	0.6	0.305425393	0.221863816	0.437621435	0.229449521	0.087137633	0.100695667	0.290943232	0.220802748	0.177314652	0.160040607	0.308466044	0.098515131	0.72972973	0.234242671	0.340071266	0.333832882	0.371897421	0.541572953	0.228188364	0.103193776
HM486364	0.462686567	0.201469581	0.493670886	0.126179611	0.420289393	0.537313433	0.368420405	0.506329114	0.209317947	0.24813386	0.193636337	0.193750482	0.144517771	0.304347826	0.135069596	0.122339331	0.6	0.305425393	0.221863816	0.437621435	0.229449521	0.087137633	0.100695667	0.290943232	0.220802748	0.177314652	0.160040607	0.308466044	0.098515131	0.72972973	0.234242671	0.340071266	0.333832882	0.371897421	0.541572953	0.228188364	0.103193776
HM486365	0.462686567	0.201469581	0.493670886	0.126179611	0.420289393	0.537313433	0.368420405	0.506329114	0.209317947	0.24813386	0.193636337	0.193750482	0.144517771	0.304347826	0.135069596	0.122339331	0.6	0.305425393	0.221863816	0.437621435	0.229449521	0.087137633	0.100695667	0.290943232	0.220802748	0.177314652	0.160040607	0.308466044	0.098515131	0.72972973	0.234242671	0.340071266	0.333832882	0.371897421	0.541572953	0.228188364	0.103193776
HM486366	0.462686567	0.201469581	0.493670886	0.126179611	0.420289393	0.537313433	0.368420405	0.506329114	0.209317947	0.24813386	0.193636337	0.193750482	0.144517771	0.304347826	0.135069596	0.122339331	0.6	0.305425393	0.221863816	0.437621435	0.229449521	0.087137633	0.100695667	0.290943232	0.220802748	0.177314652	0.160040607	0.308466044	0.098515131	0.72972973	0.234242671	0.340071266	0.333832882	0.371897421	0.541572953	0.228188364	0.103193776
HM486367	0.462686567	0.201469581	0.493670886	0.126179611	0.420289393	0.537313433	0.368420405	0.506329114	0.209317947	0.24813386	0.193636337	0.193750482	0.144517771	0.304347826	0.135069596	0.122339331	0.6	0.305425393	0.221863816	0.437621435	0.229449521	0.087137633	0.100695667	0.290943232	0.220802748	0.177314652	0.160040607	0.308466044	0.098515131	0.72972973	0.234242671	0.340071266	0.333832882	0.371897421	0.541572953	0.228188364	0.103193776
HM486368	0.447761194	0.198323386	0.55	0.134761759	0.419890529	0.552238806	0.39072172	0.45	0.194562934	0.258658286	0.194119728	0.207103856	0.1467007	0.304347826	0.105719486	0.122400305	0.628571429	0.311518029	0.224507112	0.419292685	0.223275928	0.085594063	0.094224058	0.324432455	0.184660595	0.17322084	0.154813548	0.318607604	0.103116572	0.72972973	0.235645328	0.345123069	0.28936087	0.386627023	0.517107994	0.251508342	0.101201251
HM486369	0.462686567	0.204868355	0.493670886	0.124866364	0.427925634	0.537313433	0.370675257	0.506329114	0.21168012	0.249240316	0.196267139	0.194621583	0.143191	0.304347826	0.135673015	0.122070639	0.6	0.302339681	0.224304413	0.437646822	0.233639689	0.088107214	0.111360138	0.290945859	0.222229198	0.179209635	0.14888234	0.30847811	0.099825966	0.722222222	0.234428876	0.336786098	0.333876073	0.373806905	0.541158399	0.228295341	0.104172389
HM486370	0.462686567	0.201469581	0.493670886	0.126179611	0.420289393	0.537313433	0.368420405	0.506329114	0.209317947	0.24813386	0.193636337	0.193750482	0.144517771	0.304347826	0.135069596	0.122339331	0.6	0.305425393	0.221863816	0.437621435	0.229449521	0.087137633	0.100695667	0.290943232	0.220802748	0.177314652	0.160040607	0.308466044	0.098515131	0.72972973	0.234242671	0.340071266	0.333832882	0.371897421	0.541572953	0.228188364	0.103193776
HM486371	0.462686567	0.201469581	0.493670886	0.126179611	0.420289393	0.537313433	0.368420405	0.506329114	0.209317947	0.24813386	0.193636337	0.193750482	0.144517771	0.304347826	0.135069596	0.122339331	0.6	0.305425393	0.221863816	0.437621435	0.229449521	0.087137633	0.100695667	0.290943232	0.220802748	0.177314652	0.160040607	0.308466044	0.098515131	0.72972973	0.234242671	0.340071266	0.333832882	0.371897421	0.541572953	0.228188364	0.103193776
HM486372	0.462686567	0.201469581	0.493670886	0.126179611	0.420289393	0.537313433	0.368420405	0.506329114	0.209317947	0.24813386	0.193636337	0.193750482	0.144517771	0.304347826	0.135069596	0.122339331	0.6	0.305425393	0.221863816	0.437621435	0.229449521	0.087137633	0.100695667	0.290943232	0.220802748	0.177314652	0.160040607	0.308466044	0.098515131	0.72972973	0.234242671	0.340071266	0.333832882	0.371897421	0.541572953	0.228188364	0.103193776
HM486373	0.462686567	0.201469581	0.493670886	0.126179611	0.420289393	0.537313433	0.368420405	0.506329114	0.209317947	0.24813386	0.193636337	0.193750482	0.144517771	0.304347826	0.135069596	0.122339331	0.6	0.305425393	0.221863816	0.437621435	0.229449521	0.087137633	0.100695667	0.290943232	0.220802748	0.177314652	0.160040607	0.308466044	0.098515131	0.72972973	0.234242671	0.340071266	0.333832882	0.371897421	0.541572953	0.228188364	0.103193776
HM486374	0.462686567	0.201583605	0.493670886	0.126131863	0.420476822	0.537313433	0.368489919	0.506329114	0.209285666	0.248110987	0.193719931	0.193689107	0.144519073	0.304347826	0.135050274	0.122325614	0.6	0.305419568	0.221694678	0.428472225	0.229571323	0.086344264	0.100728016	0.3056264	0.220822608	0.175840785	0.16002854	0.312710934	0.09853552	0.72972973	0.236207742	0.339983624	0.322033674	0.371789095	0.541479085	0.230094438	0.103139841
HM486375	0.462686567	0.201583605	0.493670886	0.126131863	0.420476822	0.537313433	0.368489919	0.506329114	0.209285666	0.248110987	0.193719931	0.193689107	0.144519073	0.304347826	0.135050274	0.122325614	0.6	0.305419568	0.221694678	0.428472225	0.229571323	0.086344264	0.100728016	0.3056264	0.220822608	0.175840785	0.16002854	0.312710934	0.09853552	0.72972973	0.236207742	0.339983624	0.322033674	0.371789095	0.541479085	0.230094438	0.103139841
HM486379	0.462686567	0.200233573	0.487179487	0.126181547	0.420464918	0.537313433	0.368437594	0.512820513	0.209327079	0.248130751	0.195773792	0.193742138	0.144557636	0.304347826	0.135066969	0.122348092	0.6	0.305424601	0.22189708	0.428462517	0.227937438	0.094765311	0.100714322	0.284966712	0.220821077	0.175857727	0.160058879	0.308456214	0.098266557	0.72972973	0.234237013	0.340212704	0.333937041	0.371901663	0.541572953	0.228163067	0.103191633
HM486380	0.462686567	0.200233573	0.487179487	0.126181547	0.420464918	0.537313433	0.368437594	0.512820513	0.209327079	0.248130751	0.195773792	0.193742138	0.144557636	0.304347826	0.135066969	0.122348092	0.6	0.305424601	0.22189708	0.428462517	0.227937438	0.094765311	0.100714322	0.284966712	0.220821077	0.175857727	0.160058879	0.308456214	0.098266557	0.72972973	0.234237013	0.340212704	0.333937041	0.371901663	0.541572953	0.228163067	0.103191633
HM486381	0.476923077	0.214126158	0.544303797	0.162841212	0.437274616	0.523076923	0.362385991	0.455696203	0.188682778	0.259743972	0.179492476	0.196236264	0.15356086	0.291666667	0.101814332	0.139312919	0.657142857	0.324596307	0.212563964	0.410852919	0.215141587	0.086266776	0.094406918	0.326909015	0.207840199	0.175815274	0.133310958	0.304046231	0.112277594	0.722222222	0.237616775	0.341585902	0.302315466	0.36515988	0.495158357	0.250396426	0.099612506
JF819605	0.46875	0.207549663	0.506329114	0.123004394	0.421113513	0.53125	0.361449653	0.493670886	0.212446629	0.246344033	0.187444917	0.199673042	0.146570925	0.304347826	0.134100734	0.122504176	0.594594595	0.303204712	0.214724267	0.440274234	0.231696628	0.085972445	0.097954817	0.299505799	0.218614264	0.174498593	0.168641212	0.315682321	0.095412198	0.72972973	0.213456625	0.327145757	0.338400436	0.374943365	0.531319529	0.23807005	0.100877456
JF819615	0.462686567	0.201172106	0.493670886	0.126217854	0.420443071	0.537313433	0.368447356	0.506329114	0.209033037	0.246330527	0.194662887	0.199631993	0.144626773	0.304347826	0.134089082	0.122408855	0.6	0.303202064	0.221949386	0.437646822	0.227950163	0.087186148	0.100755686	0.290945859	0.22082121	0.177336191	0.159898468	0.311702914	0.098425175	0.72972973	0.229477594	0.340163044	0.333876073	0.37207194	0.541158399	0.229771827	0.103078658
JF819622	0.462686567	0.201469581	0.493670886	0.126179611	0.420289393	0.537313433	0.368420405	0.506329114	0.209317947	0.24813386	0.193636337	0.193750482	0.144517771	0.304347826	0.135069596	0.122339331	0.6	0.305425393	0.221863816	0.437621435	0.229449521	0.087137633	0.100695667	0.290943232	0.220802748	0.177314652	0.160040607	0.308466044	0.098515131	0.72972973	0.234242671	0.340071266	0.333832882	0.371897421	0.541572953	0.228188364	0.103193776
JN974823	0.432835821	0.205048588	0.555555556	0.162831937	0.41053732	0.567164179	0.35776835	0.444444444	0.174743344	0.268043447	0.188420199	0.199158081	0.150622366	0.304347826	0.10332805	0.12171653	0.657142857	0.321932777	0.222197146	0.389047464	0.234449724	0.085863003	0.094333402	0.338822547	0.207500724	0.171377457	0.150111049	0.294974618	0.097470912	0.75	0.226950443	0.345704983	0.320697241	0.396146149	0.495505695	0.259740127	0.102035601
JN974824	0.462686567	0.211589281	0.5375	0.15710271	0.409777668	0.537313433	0.382953835	0.4625	0.178845859	0.280957235	0.175807233	0.209541825	0.150459053	0.304347826	0.095121699	0.149516697	0.657142857	0.307700946	0.218992254	0.388923189	0.224267979	0.07729306	0.100453404	0.338742253	0.191328249	0.179761198	0.145765747	0.305060164	0.111667209	0.75	0.23794132	0.345120272	0.307207336	0.359015125	0.495505695	0.24885791	0.105104415
JN974828	0.447761194	0.198446114	0.5625	0.13485799	0.420363436	0.552238806	0.390809071	0.4375	0.193824824	0.258677824	0.199128542	0.207108894	0.1586075	0.304347826	0.105718814	0.127062358	0.657142857	0.311537231	0.21285322	0.419406031	0.223294985	0.094138479	0.09441831	0.324394985	0.184696136	0.164870516	0.154384232	0.318662992	0.098435746	0.72972973	0.236183079	0.345384319	0.289472999	0.382584793	0.493805931	0.251795561	0.100849502
JN974829	0.432835821	0.198446114	0.5625	0.125574966	0.420363436	0.567164179	0.398637941	0.4375	0.193824824	0.258677824	0.199128542	0.207108894	0.1586075	0.304347826	0.098351824	0.127062358	0.657142857	0.318904221	0.21285322	0.419406031	0.223294985	0.094138479	0.10464586	0.324394985	0.173938716	0.164870516	0.154384232	0.329049074	0.098435746	0.72972973	0.236183079	0.345384319	0.289472999	0.384773956	0.493805931	0.245268875	0.100849502
JN974838	0.492537313	0.209757101	0.543209877	0.162785692	0.409968226	0.507462687	0.366639113	0.456790123	0.189400166	0.266061987	0.175664138	0.197685368	0.150499776	0.304347826	0.102564928	0.143374695	0.657142857	0.326994118	0.222096268	0.388954136	0.220421245	0.077319776	0.094241658	0.338762385	0.205765513	0.179781004	0.134854789	0.307265948	0.112672426	0.75	0.239007272	0.345266354	0.30199401	0.373118912	0.495505695	0.245441035	0.102034467
JN974842	0.462686567	0.210017735	0.555555556	0.162799101	0.410491402	0.537313433	0.349178293	0.444444444	0.178171765	0.268061624	0.192381902	0.19917097	0.158493571	0.304347826	0.103335982	0.122973977	0.685714286	0.321950293	0.214321631	0.389071264	0.232856042	0.094344947	0.094402792	0.338752398	0.211960695	0.162925807	0.145555027	0.284984249	0.092226752	0.75	0.22730496	0.345586677	0.333632567	0.400135739	0.472628743	0.259993881	0.101797604
JN974845	0.462686567	0.205017834	0.567901235	0.134716079	0.410348047	0.537313433	0.355638138	0.432098765	0.210612968	0.268048028	0.188365017	0.19166256	0.158341738	0.304347826	0.103330048	0.121708034	0.628571429	0.329435958	0.222163477	0.389016273	0.234435412	0.09429028	0.094302771	0.338802533	0.209713471	0.162903601	0.145812236	0.284947797	0.097467452	0.75	0.226957318	0.337798404	0.333650153	0.396140151	0.51744023	0.259760431	0.102035298
JN974854	0.462686567	0.201469581	0.493670886	0.126179611	0.420289393	0.537313433	0.368420405	0.506329114	0.209317947	0.24813386	0.193636337	0.193750482	0.144517771	0.304347826	0.135069596	0.122339331	0.6	0.305425393	0.221863816	0.437621435	0.229449521	0.087137633	0.100695667	0.290943232	0.220802748	0.177314652	0.160040607	0.308466044	0.098515131	0.72972973	0.234242671	0.340071266	0.333832882	0.371897421	0.541572953	0.228188364	0.103193776
JN974870	0.470588235	0.213241974	0.493670886	0.125838279	0.436485835	0.529411765	0.363699135	0.506329114	0.204988375	0.245256364	0.193174066	0.191515805	0.141226515	0.272727273	0.133505175	0.124239646	0.6	0.301877273	0.21903308	0.438252386	0.230267051	0.090284907	0.100361215	0.301862515	0.222494538	0.179549077	0.156595506	0.308485687	0.098335221	0.710526316	0.234253982	0.336448646	0.333624466	0.377719803	0.541572953	0.228238933	0.101911772
JN974871	0.484848485	0.20634649	0.5	0.127468308	0.420066941	0.515151515	0.363727258	0.5	0.213609718	0.248151045	0.191449131	0.193796593	0.143497215	0.304347826	0.135084113	0.133774472	0.6	0.305429769	0.22893372	0.437618453	0.222404566	0.095531931	0.101832275	0.29084339	0.222516973	0.168916856	0.152530163	0.308519587	0.100794138	0.72972973	0.234631054	0.337203349	0.333606878	0.368634292	0.540743925	0.228477755	0.098076106
JN974872	0.462686567	0.196844107	0.493670886	0.126229089	0.420277692	0.537313433	0.368367966	0.506329114	0.209359064	0.248153537	0.193616502	0.19380328	0.144556253	0.304347826	0.135086218	0.122361865	0.6	0.305430404	0.222065988	0.422076688	0.229343428	0.087234154	0.100681925	0.290942277	0.220800975	0.191996094	0.160070464	0.308453968	0.106975213	0.72972973	0.23426084	0.3403	0.333789651	0.372009993	0.541666163	0.228194328	0.103245418
JN974873	0.462686567	0.201138928	0.493670886	0.126362173	0.395490235	0.537313433	0.365152305	0.506329114	0.212404131	0.248202809	0.179730664	0.193935487	0.163487227	0.363636364	0.135127838	0.123580454	0.6	0.305442951	0.222488595	0.428711662	0.229126159	0.088711844	0.100676857	0.295391623	0.223731586	0.179968538	0.15926736	0.3155601	0.098782504	0.72972973	0.232997564	0.34339104	0.333537747	0.375811503	0.54143777	0.22690562	0.103237986
JQ970480	0.462686567	0.205048588	0.567901235	0.134716136	0.41053732	0.537313433	0.355651602	0.432098765	0.202810923	0.268043447	0.188420199	0.191660062	0.158387446	0.304347826	0.10332805	0.12171653	0.628571429	0.329430795	0.222197146	0.389047464	0.234449724	0.094325773	0.094333402	0.338822547	0.209732635	0.162914687	0.153921442	0.271384659	0.097470912	0.75	0.226950443	0.337939903	0.351367536	0.396146149	0.51744023	0.259740127	0.102035601
KT221107	0.462686567	0.207595042	0.555555556	0.134179276	0.417626721	0.537313433	0.353078291	0.444444444	0.21507256	0.275778161	0.197607298	0.201548423	0.135243681	0.304347826	0.104566279	0.130866003	0.611111111	0.309179952	0.219567013	0.388988491	0.267062228	0.09519527	0.083828694	0.338812242	0.201891135	0.164616897	0.145103634	0.292055658	0.085424048	0.742857143	0.223646434	0.342219407	0.329349167	0.395900094	0.528116459	0.256083721	0.101041113
KT894558	0.462686567	0.198928766	0.555555556	0.16283478	0.411074716	0.537313433	0.355756179	0.444444444	0.178119704	0.277893994	0.184235595	0.197659993	0.153797795	0.304347826	0.106978668	0.121807422	0.685714286	0.310656515	0.214225311	0.389179795	0.247468761	0.081919373	0.094486536	0.33880718	0.220293835	0.175403368	0.145580163	0.275134636	0.109181168	0.75	0.235743811	0.350551219	0.357867718	0.387049867	0.472518503	0.247061232	0.101771033
KT894572	0.46969697	0.198670975	0.548780488	0.162810548	0.410310738	0.53030303	0.357490313	0.451219512	0.178592594	0.272514499	0.179327694	0.206692443	0.153764115	0.304347826	0.10777563	0.134878151	0.685714286	0.305609256	0.214503878	0.389013022	0.247218587	0.081930929	0.094345769	0.338772746	0.205297869	0.175365539	0.145697389	0.284963723	0.113582516	0.75	0.22964775	0.35043631	0.333546026	0.385409785	0.47320872	0.257397444	0.101943751
KT894573	0.462686567	0.205117931	0.530864198	0.162787037	0.409894853	0.537313433	0.378205688	0.469135802	0.179678992	0.302379101	0.185923947	0.199091824	0.145354222	0.304347826	0.100302725	0.117011184	0.657142857	0.290398195	0.221445289	0.388933606	0.263852255	0.081513374	0.094078034	0.338831423	0.196411391	0.175225731	0.14610775	0.274907657	0.090659969	0.75	0.226374023	0.349334536	0.346709199	0.390489621	0.496551389	0.259436588	0.102309211
KT894577	0.447761194	0.198673158	0.575	0.130146187	0.420590809	0.552238806	0.401091029	0.425	0.208810946	0.277620591	0.194460862	0.187995718	0.163849668	0.304347826	0.117449085	0.118006867	0.638888889	0.299678473	0.215577096	0.419474498	0.251490676	0.093996333	0.099328122	0.324404622	0.184714616	0.164706652	0.151419344	0.315534172	0.094290451	0.72972973	0.23382031	0.325751826	0.298886837	0.379490262	0.500248274	0.245355067	0.095258972
KT894578	0.447761194	0.198715368	0.5875	0.130178291	0.420751328	0.552238806	0.401118718	0.4125	0.208630279	0.27762575	0.19454849	0.187997888	0.16857149	0.304347826	0.1174476	0.118070764	0.638888889	0.299685485	0.21557276	0.419511799	0.251482856	0.094040794	0.099412457	0.324392285	0.184725966	0.164726606	0.151264908	0.315550376	0.094307973	0.72972973	0.234001446	0.32121594	0.29892837	0.379625399	0.499824086	0.245449782	0.095143586
KX148264	0.462686567	0.208322481	0.575	0.134889517	0.410213081	0.537313433	0.383035774	0.425	0.216896816	0.273577592	0.183175344	0.209561146	0.158704352	0.304347826	0.095136785	0.149392137	0.657142857	0.315229603	0.214412947	0.41046531	0.227676956	0.085957777	0.094482404	0.317540757	0.180817672	0.171397928	0.137111863	0.318681428	0.104653501	0.75	0.240369315	0.345470565	0.289510308	0.369568264	0.493355309	0.247881842	0.10146518
KY451767	0.432835821	0.203926815	0.555555556	0.152113575	0.411095006	0.567164179	0.357869254	0.444444444	0.174347987	0.266017833	0.187733361	0.197654127	0.150724979	0.304347826	0.109982549	0.12174982	0.657142857	0.319507557	0.222095769	0.367773475	0.238557541	0.085895446	0.106269317	0.359915892	0.207543898	0.171412365	0.155979569	0.29498153	0.09704702	0.75	0.227085323	0.345878112	0.331257344	0.396205927	0.494949058	0.245897273	0.091198781
MG201879	0.432835821	0.204583922	0.5625	0.129145984	0.420560581	0.567164179	0.390855818	0.4375	0.192273327	0.256737568	0.194442508	0.205582509	0.15855311	0.304347826	0.112255816	0.127033841	0.657142857	0.309211543	0.211331817	0.441319835	0.223455726	0.085681309	0.100719692	0.324413764	0.184716636	0.164821131	0.159504801	0.318674296	0.098466446	0.72972973	0.23615919	0.345324267	0.286708538	0.382474962	0.493699763	0.25176989	0.100176731
MG201880	0.462686567	0.220271261	0.5625	0.135887372	0.412608186	0.537313433	0.390754466	0.4375	0.191299996	0.269216699	0.190213567	0.20621942	0.161228955	0.304347826	0.09792686	0.126973255	0.666666667	0.310205085	0.207531817	0.419314093	0.196625271	0.084707015	0.099155847	0.324360778	0.184642106	0.171406019	0.149987787	0.315492902	0.101039207	0.736842105	0.233711839	0.333394654	0.285477402	0.38244255	0.479274611	0.25904691	0.123140491
MG201884	0.447761194	0.198446114	0.575	0.13485799	0.420363436	0.552238806	0.390809071	0.425	0.193824824	0.258677824	0.199128542	0.199741904	0.1586075	0.304347826	0.105718814	0.117599301	0.657142857	0.318904221	0.215894489	0.419406031	0.223294985	0.094138479	0.09441831	0.324394985	0.184696136	0.164870516	0.154384232	0.318662992	0.098435746	0.72972973	0.236183079	0.345384319	0.289472999	0.392047851	0.493805931	0.251795561	0.097808234
MG201919	0.447761194	0.192491196	0.575	0.134889137	0.420705937	0.552238806	0.390850861	0.425	0.193579613	0.258676103	0.199269461	0.207108451	0.158749276	0.304347826	0.105718873	0.127140798	0.657142857	0.311535539	0.215932539	0.397600612	0.229791319	0.094217628	0.094512683	0.345948029	0.184729014	0.164898343	0.154262072	0.318674296	0.09846233	0.72972973	0.236355347	0.345615011	0.289621182	0.382723379	0.493355309	0.251868754	0.097693685
MG201921	0.447761194	0.198377763	0.55	0.1519472	0.419996707	0.552238806	0.39197201	0.45	0.193820756	0.277754794	0.198575683	0.218805218	0.153776994	0.304347826	0.086657392	0.134623937	0.657142857	0.299860885	0.21279095	0.419351742	0.223256388	0.094067608	0.075526183	0.324348343	0.183872706	0.164855118	0.154341236	0.306483104	0.100438772	0.72972973	0.236655598	0.349835784	0.307765691	0.373910813	0.493805931	0.252331212	0.100848248
FJ598135	0.52238806	0.230636205	0.525	0.148522944	0.401243259	0.47761194	0.35653083	0.475	0.213183743	0.293726182	0.175277724	0.214434111	0.166228574	0.304347826	0.09400171	0.132314981	0.606060606	0.292348539	0.191606248	0.379049959	0.19770166	0.068341875	0.072558303	0.348203031	0.218059084	0.185536228	0.14972595	0.286219405	0.116199137	0.756756757	0.234766311	0.311320303	0.327232719	0.375215873	0.547899317	0.253071942	0.149236634
FJ712195	0.376811594	0.230305129	0.487179487	0.140127045	0.395921498	0.623188406	0.336864616	0.512820513	0.200803173	0.304901658	0.185243428	0.261243043	0.1623553	0.304347826	0.071096477	0.142442276	0.636363636	0.258615927	0.197459688	0.409428741	0.190630189	0.060250564	0.087834265	0.316256511	0.209677234	0.193669344	0.151510573	0.269074994	0.104555049	0.763157895	0.240262334	0.314746439	0.3147673	0.40382752	0.519796536	0.271318672	0.143709169
FJ712196	0.492537313	0.227367255	0.5	0.141585746	0.401520207	0.507462687	0.379239293	0.5	0.206835202	0.315839193	0.184675044	0.218803098	0.169541397	0.304347826	0.079290163	0.133881388	0.617647059	0.280725017	0.200643876	0.379104688	0.201043872	0.076830762	0.076769566	0.327043979	0.189917909	0.18559124	0.14830701	0.269772645	0.106984344	0.756756757	0.251914167	0.314785991	0.322936567	0.379927604	0.530435326	0.250549062	0.144162962
GU647092	0.507462687	0.226076294	0.518518519	0.147263092	0.401946978	0.492537313	0.35763243	0.481481481	0.218832409	0.303279214	0.191109755	0.230800464	0.17631648	0.304347826	0.094684767	0.131614909	0.617647059	0.264829388	0.196318488	0.357745296	0.203194035	0.06832868	0.082373687	0.369349163	0.229311623	0.185618988	0.135727106	0.293533441	0.100847746	0.756756757	0.241282461	0.30146547	0.310225371	0.369986341	0.53014182	0.252544591	0.144023376
KF726852	0.52238806	0.222693852	0.55	0.147621021	0.403067059	0.47761194	0.355828679	0.45	0.207852948	0.291614284	0.192282449	0.24645357	0.177401211	0.304347826	0.086021825	0.136977224	0.647058824	0.27140317	0.223589511	0.36378374	0.200994492	0.068799415	0.082744845	0.363561314	0.208865358	0.185803732	0.14418537	0.286530388	0.102416355	0.756756757	0.243983439	0.314222914	0.323330182	0.382827087	0.504918396	0.248476041	0.105288161
KP319184	0.52238806	0.222693852	0.55	0.147621021	0.403067059	0.47761194	0.355828679	0.45	0.207852948	0.291614284	0.192282449	0.24645357	0.177401211	0.304347826	0.086021825	0.136977224	0.647058824	0.27140317	0.223589511	0.36378374	0.200994492	0.068799415	0.082744845	0.363561314	0.208865358	0.185803732	0.14418537	0.286530388	0.102416355	0.756756757	0.243983439	0.314222914	0.323330182	0.382827087	0.504918396	0.248476041	0.105288161
KP319185	0.507462687	0.221649163	0.518518519	0.147366632	0.402467182	0.492537313	0.357684042	0.481481481	0.218247511	0.303282463	0.191330108	0.23080456	0.19304525	0.304347826	0.094686106	0.131779894	0.617647059	0.264834173	0.206828161	0.357832645	0.208080161	0.068424397	0.08249635	0.369367378	0.229370023	0.185691346	0.135469746	0.283469086	0.100895066	0.756756757	0.258694321	0.285321639	0.323383407	0.370253	0.529276944	0.235662704	0.133483761
KP319186	0.507462687	0.2190346	0.55	0.147334852	0.395728901	0.492537313	0.326018317	0.45	0.216567114	0.29244982	0.181223528	0.217849297	0.178178493	0.304347826	0.093593331	0.13642362	0.636363636	0.291079111	0.193861058	0.336401694	0.206989096	0.067862771	0.082539241	0.390530868	0.244559636	0.183785343	0.135701841	0.272650543	0.106035903	0.763157895	0.242827151	0.304648817	0.334973588	0.382891908	0.519142734	0.256040166	0.147131248
KP319187	0.507462687	0.211974121	0.518518519	0.14727517	0.40171275	0.492537313	0.357512464	0.481481481	0.23150667	0.303343477	0.198926239	0.230881474	0.176545163	0.304347826	0.087294835	0.131770095	0.617647059	0.272340446	0.186401351	0.357685899	0.207664341	0.068527145	0.082393777	0.369327305	0.218726827	0.185615034	0.122768632	0.276473494	0.10446735	0.756756757	0.246954256	0.301901066	0.30546135	0.379650415	0.530435326	0.267651265	0.154574772
KP319188	0.507462687	0.219082468	0.55	0.147384549	0.395895202	0.492537313	0.326031078	0.45	0.216276209	0.292453002	0.186086799	0.225173869	0.178294014	0.304347826	0.093594922	0.136495492	0.636363636	0.283764083	0.193871555	0.336438296	0.206977324	0.067898046	0.082585836	0.390522559	0.244586083	0.183807396	0.13556503	0.272660613	0.101271056	0.763157895	0.24296988	0.304734103	0.335011619	0.383016239	0.51869155	0.256162839	0.147065298
KP319189	0.507462687	0.211974121	0.518518519	0.14727517	0.40171275	0.492537313	0.357512464	0.481481481	0.23150667	0.303343477	0.198926239	0.230881474	0.176545163	0.304347826	0.087294835	0.131770095	0.617647059	0.272340446	0.186401351	0.357685899	0.207664341	0.068527145	0.082393777	0.369327305	0.218726827	0.185615034	0.122768632	0.276473494	0.10446735	0.756756757	0.246954256	0.301901066	0.30546135	0.379650415	0.530435326	0.267651265	0.154574772
KP319190	0.507462687	0.226029127	0.518518519	0.147212518	0.401784094	0.492537313	0.35760865	0.481481481	0.219130468	0.303275529	0.191028273	0.230795818	0.17154715	0.304347826	0.094683248	0.131539346	0.617647059	0.26482396	0.196283457	0.357712862	0.203208167	0.06436936	0.082326333	0.369353357	0.229293304	0.189516754	0.13586354	0.293503013	0.100826944	0.756756757	0.241132224	0.306029302	0.310206519	0.369852187	0.530574358	0.252416409	0.144089789
KP319191	0.507462687	0.232200218	0.518518519	0.14725967	0.401755669	0.492537313	0.357628021	0.481481481	0.218819751	0.303283088	0.191051802	0.230805347	0.171600754	0.304347826	0.094686363	0.131599673	0.617647059	0.264835093	0.199356171	0.379156547	0.196559409	0.064384927	0.082344999	0.348202754	0.229289282	0.189516521	0.135710242	0.293550174	0.10084169	0.756756757	0.245287174	0.306003507	0.310117959	0.369985417	0.53014182	0.248562925	0.140948803
KP319192	0.507462687	0.226076294	0.518518519	0.147263092	0.401946978	0.492537313	0.35763243	0.481481481	0.218832409	0.303279214	0.191109755	0.230800464	0.17631648	0.304347826	0.094684767	0.131614909	0.617647059	0.264829388	0.196318488	0.357745296	0.203194035	0.06832868	0.082373687	0.369349163	0.229311623	0.185618988	0.135727106	0.293533441	0.100847746	0.756756757	0.241282461	0.30146547	0.310225371	0.369986341	0.53014182	0.252544591	0.144023376
KP319193	0.507462687	0.227529864	0.55	0.147320145	0.401889619	0.492537313	0.353997682	0.45	0.218598624	0.301095099	0.181664385	0.221803847	0.176566508	0.304347826	0.086649437	0.131137869	0.617647059	0.285025188	0.19666722	0.379163398	0.201180694	0.068490393	0.082424488	0.348202736	0.21645286	0.185632592	0.135632628	0.28343625	0.110217517	0.756756757	0.232934588	0.301803243	0.323094499	0.382753791	0.529906909	0.261238576	0.144052847
KP319194	0.52238806	0.217824758	0.55	0.151042268	0.402923409	0.47761194	0.362108197	0.45	0.20746092	0.293755461	0.193109941	0.240895569	0.166555805	0.304347826	0.086653838	0.135586935	0.647058824	0.273377628	0.222628413	0.363755249	0.202345769	0.068751401	0.081093187	0.363584282	0.206711614	0.185780302	0.141563843	0.284833872	0.102880332	0.756756757	0.241119162	0.322991077	0.31242565	0.379055343	0.505819935	0.254145778	0.105158827
KP319195	0.52238806	0.22269587	0.55	0.14757688	0.403091699	0.47761194	0.355810827	0.45	0.202467726	0.293757665	0.192257809	0.248262577	0.177345678	0.304347826	0.086654361	0.136917405	0.647058824	0.266020837	0.223559487	0.348222101	0.201004331	0.068786511	0.082728064	0.378915974	0.208871921	0.18580371	0.150245932	0.282596918	0.102404054	0.756756757	0.24174488	0.314267944	0.317838044	0.382697953	0.505369128	0.25477828	0.105429363
KP319196	0.52238806	0.228696711	0.5375	0.147419171	0.40221862	0.47761194	0.355779254	0.4625	0.218001783	0.30110153	0.187103228	0.240881224	0.176797275	0.304347826	0.086650599	0.13659626	0.617647059	0.26596897	0.218239271	0.379219558	0.201164902	0.068562969	0.082517572	0.34820259	0.20876378	0.185680382	0.13535856	0.282593425	0.102350432	0.756756757	0.241289897	0.301976484	0.317573424	0.382212029	0.529044577	0.254431695	0.122411659
KP319197	0.52238806	0.228696711	0.5375	0.147419171	0.40221862	0.47761194	0.355779254	0.4625	0.218001783	0.30110153	0.187103228	0.240881224	0.176797275	0.304347826	0.086650599	0.13659626	0.617647059	0.26596897	0.218239271	0.379219558	0.201164902	0.068562969	0.082517572	0.34820259	0.20876378	0.185680382	0.13535856	0.282593425	0.102350432	0.756756757	0.241289897	0.301976484	0.317573424	0.382212029	0.529044577	0.254431695	0.122411659
KP319198	0.52238806	0.228696711	0.5375	0.147419171	0.40221862	0.47761194	0.355779254	0.4625	0.218001783	0.30110153	0.187103228	0.240881224	0.176797275	0.304347826	0.086650599	0.13659626	0.617647059	0.26596897	0.218239271	0.379219558	0.201164902	0.068562969	0.082517572	0.34820259	0.20876378	0.185680382	0.13535856	0.282593425	0.102350432	0.756756757	0.241289897	0.301976484	0.317573424	0.382212029	0.529044577	0.254431695	0.122411659
KP319199	0.5	0.217975646	0.5375	0.145844374	0.404506781	0.5	0.327281634	0.4625	0.216894854	0.292464763	0.181129515	0.217853033	0.178160964	0.291666667	0.093600803	0.129871538	0.636363636	0.291120204	0.194017876	0.346500905	0.204013943	0.066935435	0.081616866	0.363866273	0.244040223	0.189302279	0.135867394	0.272630383	0.110757395	0.763157895	0.24270491	0.304754591	0.334897429	0.381056174	0.519695613	0.255921348	0.147240892
KP319200	0.52238806	0.228696711	0.5375	0.147419171	0.40221862	0.47761194	0.355779254	0.4625	0.218001783	0.30110153	0.187103228	0.240881224	0.176797275	0.304347826	0.086650599	0.13659626	0.617647059	0.26596897	0.218239271	0.379219558	0.201164902	0.068562969	0.082517572	0.34820259	0.20876378	0.185680382	0.13535856	0.282593425	0.102350432	0.756756757	0.241289897	0.301976484	0.317573424	0.382212029	0.529044577	0.254431695	0.122411659
KP319201	0.5	0.217931893	0.5375	0.145794526	0.40433598	0.5	0.327265996	0.4625	0.217184443	0.292461351	0.181052071	0.210526316	0.178044218	0.291666667	0.093599097	0.120574984	0.636363636	0.298436685	0.194005722	0.346460962	0.204010879	0.066899122	0.081570448	0.363872431	0.244014184	0.189274871	0.136002904	0.272620293	0.110736392	0.763157895	0.242560854	0.304668972	0.334859301	0.390149368	0.520146282	0.255797552	0.147305878
KP319202	0.52238806	0.228696711	0.5375	0.147419171	0.40221862	0.47761194	0.355779254	0.4625	0.218001783	0.30110153	0.187103228	0.240881224	0.176797275	0.304347826	0.086650599	0.13659626	0.617647059	0.26596897	0.218239271	0.379219558	0.201164902	0.068562969	0.082517572	0.34820259	0.20876378	0.185680382	0.13535856	0.282593425	0.102350432	0.756756757	0.241289897	0.301976484	0.317573424	0.382212029	0.529044577	0.254431695	0.122411659
KP319203	0.52238806	0.223061251	0.5375	0.1475148	0.412449812	0.47761194	0.359330495	0.4625	0.213208149	0.297652415	0.193957023	0.238121932	0.183324555	0.304347826	0.085654636	0.127615484	0.628571429	0.262973015	0.225396885	0.387527443	0.195793041	0.068506985	0.08256831	0.355649954	0.21094418	0.187543766	0.132369771	0.283654475	0.104146996	0.736842105	0.248800013	0.29977426	0.318810892	0.385085652	0.516676696	0.250264275	0.110235362
KP319204	0.52238806	0.222792458	0.5375	0.147464738	0.412490897	0.47761194	0.359356602	0.4625	0.213458471	0.297623726	0.194529135	0.238098981	0.176854942	0.304347826	0.085649058	0.131343203	0.617647059	0.262907507	0.226978727	0.387529758	0.195618244	0.068423704	0.082535193	0.355680632	0.210943879	0.187499246	0.13248155	0.282639655	0.101429939	0.736842105	0.249986179	0.301943288	0.317497133	0.383164867	0.528613516	0.246028849	0.11112839
KP319205	0.515151515	0.228206314	0.5375	0.147421208	0.39569136	0.484848485	0.350306046	0.4625	0.217211586	0.297586996	0.184511241	0.238069597	0.176816355	0.304347826	0.097229701	0.131923322	0.617647059	0.26282364	0.217489649	0.392285189	0.200688416	0.067261915	0.082558924	0.3410665	0.221654368	0.182274356	0.135362504	0.282572914	0.100900048	0.763157895	0.238207364	0.302031711	0.317810104	0.381312208	0.524767482	0.255418281	0.124964961
KP319206	0.492537313	0.221546098	0.518518519	0.147228932	0.402340929	0.507462687	0.357584426	0.481481481	0.196582829	0.303284733	0.191166351	0.230807421	0.176467174	0.304347826	0.087283798	0.122271092	0.617647059	0.272240758	0.196540211	0.357769401	0.207973825	0.068432903	0.082429011	0.369434603	0.218797874	0.18567284	0.159378889	0.259600351	0.100820304	0.756756757	0.232627625	0.30192533	0.354032269	0.388697366	0.530672285	0.260874733	0.144167921
KP319207	0.492537313	0.221596181	0.518518519	0.147232861	0.40253044	0.507462687	0.347489048	0.481481481	0.196594797	0.295878783	0.191222368	0.230803022	0.176524772	0.304347826	0.094685603	0.122285183	0.617647059	0.272234838	0.196568649	0.357792476	0.207974237	0.068455568	0.082457825	0.369461116	0.229393785	0.185696449	0.159394674	0.259575026	0.10082525	0.756756757	0.232626463	0.30204613	0.35413287	0.388700882	0.530672285	0.260852816	0.144176427
KP319208	0.52238806	0.228696711	0.5375	0.147419171	0.40221862	0.47761194	0.355779254	0.4625	0.218001783	0.30110153	0.187103228	0.240881224	0.176797275	0.304347826	0.086650599	0.13659626	0.617647059	0.26596897	0.218239271	0.379219558	0.201164902	0.068562969	0.082517572	0.34820259	0.20876378	0.185680382	0.13535856	0.282593425	0.102350432	0.756756757	0.241289897	0.301976484	0.317573424	0.382212029	0.529044577	0.254431695	0.122411659
KP319209	0.52238806	0.228696711	0.5375	0.147419171	0.40221862	0.47761194	0.355779254	0.4625	0.218001783	0.30110153	0.187103228	0.240881224	0.176797275	0.304347826	0.086650599	0.13659626	0.617647059	0.26596897	0.218239271	0.379219558	0.201164902	0.068562969	0.082517572	0.34820259	0.20876378	0.185680382	0.13535856	0.282593425	0.102350432	0.756756757	0.241289897	0.301976484	0.317573424	0.382212029	0.529044577	0.254431695	0.122411659
KP319210	0.52238806	0.228696711	0.5375	0.147419171	0.40221862	0.47761194	0.355779254	0.4625	0.218001783	0.30110153	0.187103228	0.240881224	0.176797275	0.304347826	0.086650599	0.13659626	0.617647059	0.26596897	0.218239271	0.379219558	0.201164902	0.068562969	0.082517572	0.34820259	0.20876378	0.185680382	0.13535856	0.282593425	0.102350432	0.756756757	0.241289897	0.301976484	0.317573424	0.382212029	0.529044577	0.254431695	0.122411659
KP319211	0.52238806	0.228696711	0.5375	0.147419171	0.40221862	0.47761194	0.355779254	0.4625	0.218001783	0.30110153	0.187103228	0.240881224	0.176797275	0.304347826	0.086650599	0.13659626	0.617647059	0.26596897	0.218239271	0.379219558	0.201164902	0.068562969	0.082517572	0.34820259	0.20876378	0.185680382	0.13535856	0.282593425	0.102350432	0.756756757	0.241289897	0.301976484	0.317573424	0.382212029	0.529044577	0.254431695	0.122411659
KP319212	0.52238806	0.222792458	0.5375	0.147464738	0.412490897	0.47761194	0.359356602	0.4625	0.213458471	0.297623726	0.194529135	0.238098981	0.176854942	0.304347826	0.085649058	0.131343203	0.617647059	0.262907507	0.226978727	0.387529758	0.195618244	0.068423704	0.082535193	0.355680632	0.210943879	0.187499246	0.13248155	0.282639655	0.101429939	0.736842105	0.249986179	0.301943288	0.317497133	0.383164867	0.528613516	0.246028849	0.11112839
KP319213	0.52238806	0.228696711	0.5375	0.147419171	0.40221862	0.47761194	0.355779254	0.4625	0.218001783	0.30110153	0.187103228	0.240881224	0.176797275	0.304347826	0.086650599	0.13659626	0.617647059	0.26596897	0.218239271	0.379219558	0.201164902	0.068562969	0.082517572	0.34820259	0.20876378	0.185680382	0.13535856	0.282593425	0.102350432	0.756756757	0.241289897	0.301976484	0.317573424	0.382212029	0.529044577	0.254431695	0.122411659
AB519642	0.47761194	0.240030713	0.41025641	0.140287914	0.434353928	0.52238806	0.366968699	0.58974359	0.240214597	0.311788332	0.153819948	0.171520292	0.167334024	0.25	0.084385392	0.116021993	0.542857143	0.317287349	0.16397822	0.483172407	0.226687694	0.126150354	0.06879658	0.286603065	0.260367258	0.116234458	0.111215011	0.258325331	0.109558677	0.736842105	0.202977478	0.230209737	0.435992352	0.371711761	0.588746157	0.232881534	0.183104686
AF070449	0.432835821	0.212451851	0.428571429	0.141447833	0.445001814	0.567164179	0.332001589	0.571428571	0.233121372	0.289797757	0.157328625	0.144072886	0.1503128	0.25	0.104535442	0.097586392	0.571428571	0.336373647	0.181283665	0.446048549	0.258325864	0.11325795	0.06115052	0.302226615	0.279864945	0.145100178	0.109981641	0.25816033	0.101706188	0.717948718	0.219135954	0.261663496	0.423141549	0.396760179	0.567498458	0.2306361	0.172384083
AF351847	0.5	0.235054003	0.421052632	0.128351072	0.443616984	0.5	0.364436466	0.578947368	0.263945632	0.298645932	0.160569292	0.157658044	0.156105243	0.260869565	0.101573377	0.135337939	0.545454545	0.317028693	0.201707554	0.459197422	0.243041153	0.119398634	0.075790419	0.285114754	0.219686804	0.147658149	0.118497584	0.276889557	0.106755359	0.710526316	0.235104264	0.274595374	0.419623127	0.372144931	0.587798195	0.210279457	0.158853807
AF351852	0.447761194	0.224536208	0.435897436	0.141322784	0.434454398	0.552238806	0.331876338	0.564102564	0.242034892	0.293136949	0.150169701	0.145734881	0.149821088	0.25	0.110134754	0.099204844	0.542857143	0.335857102	0.189152418	0.461557415	0.24586788	0.114198552	0.060859896	0.286694193	0.29742646	0.136331793	0.096622792	0.268497827	0.110956999	0.736842105	0.208552602	0.253675746	0.409242671	0.388114232	0.589878493	0.240744667	0.18386457
AY854587	0.446153846	0.220762219	0.402597403	0.094543056	0.466621157	0.553846154	0.342308713	0.597402597	0.239154668	0.276526286	0.160422909	0.168399561	0.151972134	0.2	0.096840854	0.134164045	0.571428571	0.334088717	0.134264439	0.481701117	0.251151016	0.11340054	0.0582634	0.285867147	0.265609825	0.127013094	0.114627432	0.250670477	0.104194893	0.717948718	0.223754291	0.280964898	0.432705751	0.348507223	0.568063495	0.225838043	0.194644528
AY854592	0.47761194	0.250485611	0.397435897	0.152783801	0.459650844	0.52238806	0.305489337	0.602564103	0.210261684	0.29811579	0.162768023	0.1746299	0.173303541	0.217391304	0.112045801	0.087672502	0.571428571	0.289367527	0.229058095	0.431254354	0.22899034	0.141376313	0.062073167	0.312887826	0.316641138	0.123431708	0.1513924	0.244240773	0.108296923	0.710526316	0.226153398	0.225085215	0.441500865	0.399675395	0.565734399	0.224827414	0.116858101
AY854594	0.462686567	0.250345129	0.423076923	0.152830658	0.459610059	0.537313433	0.310257982	0.576923077	0.210149442	0.298145693	0.167753759	0.174644215	0.173505758	0.217391304	0.10064675	0.092139376	0.571428571	0.300862333	0.217424025	0.453160162	0.228990618	0.141363857	0.062153496	0.291284649	0.311609984	0.123619152	0.120707169	0.244268114	0.103336734	0.710526316	0.219861077	0.225287532	0.441410263	0.395516558	0.565424972	0.2314763	0.139339157
AY877433	0.415384615	0.217779247	0.454545455	0.1113455	0.469907615	0.584615385	0.329148694	0.545454545	0.215233732	0.266696753	0.187203607	0.185310267	0.142862888	0.24	0.11260875	0.109890898	0.527777778	0.309374452	0.187765294	0.502912257	0.270646739	0.124383723	0.071629703	0.250332321	0.279856934	0.136399789	0.12598859	0.234593178	0.07437423	0.702702703	0.211054188	0.259272869	0.472108844	0.374210431	0.595811955	0.227702864	0.177268662
AY877434	0.46969697	0.236291061	0.405063291	0.131255338	0.434552745	0.53030303	0.344129463	0.594936709	0.225823356	0.295903793	0.161550064	0.145762601	0.13672681	0.25	0.103013189	0.099392983	0.571428571	0.340285485	0.207112923	0.446013072	0.233253521	0.139100461	0.072376899	0.301982033	0.272715638	0.111563796	0.120159264	0.278814671	0.099808329	0.736842105	0.219365071	0.274421764	0.409159312	0.381038768	0.567101218	0.216458524	0.152645401
AY877435	0.439393939	0.239733821	0.430379747	0.14000707	0.44223006	0.560606061	0.326726197	0.569620253	0.224430276	0.292910038	0.150487698	0.146455019	0.149056315	0.25	0.091926672	0.096999306	0.571428571	0.353375015	0.20811848	0.467609368	0.243613123	0.121971339	0.060552804	0.301985419	0.280453675	0.123278457	0.100521204	0.268552003	0.109490886	0.72972973	0.219559644	0.268337212	0.390771234	0.398705196	0.566874974	0.239527937	0.160245053
GU592648	0.47761194	0.236391727	0.41025641	0.140287947	0.43376388	0.52238806	0.359479551	0.58974359	0.252479955	0.311817004	0.157616808	0.171571612	0.167323335	0.25	0.07290955	0.107581267	0.542857143	0.328873541	0.153470524	0.461520512	0.227081639	0.124248984	0.068626348	0.286504666	0.246305223	0.126443069	0.098792251	0.258373799	0.108883885	0.736842105	0.194446176	0.230274995	0.435656072	0.3916491	0.589283885	0.241216208	0.193824837
KF656696	0.462686567	0.256266198	0.41025641	0.152718846	0.458873464	0.537313433	0.310278292	0.58974359	0.217949901	0.319357737	0.165899533	0.174643034	0.173134323	0.217391304	0.079428855	0.087720491	0.571428571	0.30085782	0.202162117	0.431190139	0.222365642	0.141266658	0.061911679	0.312764747	0.31148657	0.123464319	0.113146357	0.244313491	0.104820596	0.710526316	0.213131777	0.224844038	0.44115975	0.399584856	0.566220039	0.237678439	0.154364555
KF656697	0.462686567	0.256266198	0.41025641	0.152718846	0.458873464	0.537313433	0.310278292	0.58974359	0.217949901	0.319357737	0.165899533	0.174643034	0.173134323	0.217391304	0.079428855	0.087720491	0.571428571	0.30085782	0.202162117	0.431190139	0.222365642	0.141266658	0.061911679	0.312764747	0.31148657	0.123464319	0.113146357	0.244313491	0.104820596	0.710526316	0.213131777	0.224844038	0.44115975	0.399584856	0.566220039	0.237678439	0.154364555
KF864234	0.432835821	0.22511582	0.428571429	0.136109088	0.44589272	0.567164179	0.318947435	0.571428571	0.210951786	0.289777836	0.154344113	0.14404812	0.150630078	0.25	0.111553213	0.097563189	0.6	0.329306989	0.198769004	0.446099807	0.25525083	0.123404933	0.086644964	0.302393214	0.293794861	0.135117799	0.112309826	0.237499095	0.101944829	0.717948718	0.219351947	0.258234896	0.450465925	0.397004911	0.54494856	0.23089435	0.150588287
KF864322	0.432835821	0.22495646	0.441558442	0.118847592	0.431124611	0.567164179	0.318933075	0.558441558	0.234340561	0.289801943	0.149745066	0.144078091	0.150679646	0.291666667	0.111578232	0.102039884	0.571428571	0.32934113	0.198847419	0.446087597	0.244864541	0.115209529	0.101132868	0.302344176	0.293772227	0.143406981	0.10671528	0.247827077	0.106456908	0.717948718	0.219392381	0.258359749	0.43686732	0.392674914	0.56670405	0.230915033	0.150648245
KF864397	0.470588235	0.209684863	0.428571429	0.145818983	0.436016543	0.529411765	0.321720847	0.571428571	0.242138201	0.284755132	0.157557257	0.130908979	0.146883178	0.260869565	0.112354172	0.08116125	0.6	0.345827253	0.196486519	0.437238011	0.257545381	0.119555787	0.066254588	0.306795975	0.279694597	0.142298777	0.101490615	0.250924167	0.107043004	0.717948718	0.206945281	0.279994266	0.420050119	0.422140059	0.547125133	0.246578096	0.14990683
KM594040	0.462686567	0.22856493	0.41025641	0.128861942	0.442376222	0.537313433	0.327235141	0.58974359	0.249654191	0.28282072	0.158111104	0.172202821	0.13252748	0.25	0.113322245	0.119410765	0.542857143	0.315832634	0.179341626	0.467613448	0.253331914	0.108844249	0.060986076	0.302093203	0.284829964	0.135755834	0.106087655	0.268495643	0.105192255	0.72972973	0.210539782	0.277977647	0.409447539	0.374368596	0.589339361	0.23897315	0.176651221
KM594041	0.417910448	0.211007784	0.448717949	0.141465553	0.419776796	0.582089552	0.331859336	0.551282051	0.22790369	0.300360011	0.167065104	0.148654364	0.142943517	0.291666667	0.070116563	0.080770464	0.514285714	0.366143853	0.192326939	0.461518604	0.253085317	0.11037261	0.060771606	0.286705605	0.257940387	0.140740182	0.111709327	0.22761968	0.088039163	0.736842105	0.187599696	0.270882568	0.462684739	0.432813042	0.612190196	0.261503842	0.188647063
KM594042	0.447761194	0.240034778	0.41025641	0.128952489	0.443068361	0.552238806	0.314131169	0.58974359	0.249153461	0.282834441	0.167605899	0.186507128	0.164166282	0.25	0.113333423	0.112232114	0.542857143	0.301556973	0.179336593	0.467638911	0.241180109	0.117346045	0.061318712	0.30218253	0.298787744	0.127525353	0.105860247	0.268493462	0.096103183	0.72972973	0.212942579	0.247251099	0.409651757	0.382059705	0.588204158	0.237442007	0.176915388
KP202393	0.439393939	0.229420059	0.41025641	0.141868289	0.433558054	0.560606061	0.32415363	0.58974359	0.230310384	0.293009003	0.155296322	0.153679585	0.149249659	0.260869565	0.091940667	0.096789405	0.571428571	0.346237418	0.214591935	0.437238858	0.246080383	0.132144351	0.061410487	0.306631634	0.280399539	0.125428483	0.100525478	0.283883896	0.113349198	0.72972973	0.2168239	0.280973708	0.390581717	0.400646596	0.567043487	0.236485363	0.149194413
KT023101	0.426470588	0.196422207	0.435897436	0.140465883	0.410995961	0.573529412	0.342198201	0.564102564	0.220503748	0.300376025	0.158530929	0.141541497	0.165382473	0.304347826	0.070112762	0.097209289	0.542857143	0.373308402	0.169569551	0.431031507	0.245528253	0.11197974	0.080448858	0.312770166	0.257865546	0.142902845	0.111804765	0.216960375	0.116666159	0.736842105	0.198102083	0.266159365	0.462553806	0.406889849	0.591096042	0.257108795	0.202836575
KU523255	0.426470588	0.196422207	0.435897436	0.140465883	0.410995961	0.573529412	0.342198201	0.564102564	0.220503748	0.300376025	0.158530929	0.141541497	0.165382473	0.304347826	0.070112762	0.097209289	0.542857143	0.373308402	0.169569551	0.431031507	0.245528253	0.11197974	0.080448858	0.312770166	0.257865546	0.142902845	0.111804765	0.216960375	0.116666159	0.736842105	0.198102083	0.266159365	0.462553806	0.406889849	0.591096042	0.257108795	0.202836575
MN968374	0.432835821	0.234286355	0.41025641	0.158593417	0.460425334	0.567164179	0.319934506	0.58974359	0.209311955	0.286822635	0.168463343	0.204558491	0.178058326	0.217391304	0.093660372	0.110649034	0.542857143	0.289599989	0.233842142	0.431336963	0.236104062	0.162178874	0.056577245	0.312853566	0.290596944	0.10350073	0.119977255	0.278893696	0.106495671	0.710526316	0.237324237	0.215297015	0.396153846	0.38776161	0.585062218	0.215849127	0.130997536
MN968375	0.432835821	0.23429569	0.41025641	0.158634255	0.460602591	0.567164179	0.319931416	0.58974359	0.209155939	0.286828357	0.168515286	0.204557808	0.185492642	0.217391304	0.093665069	0.110669851	0.571428571	0.289609043	0.2265284	0.431355267	0.236176808	0.162217199	0.056665562	0.312860539	0.290630076	0.10353671	0.119853371	0.278906451	0.106569076	0.710526316	0.237481215	0.215381601	0.39618264	0.387893722	0.562827481	0.215978706	0.13109565
MN968376	0.432835821	0.23429569	0.41025641	0.158634255	0.460602591	0.567164179	0.319931416	0.58974359	0.209155939	0.286828357	0.168515286	0.204557808	0.185492642	0.217391304	0.093665069	0.110669851	0.571428571	0.289609043	0.2265284	0.431355267	0.236176808	0.162217199	0.056665562	0.312860539	0.290630076	0.10353671	0.119853371	0.278906451	0.106569076	0.710526316	0.237481215	0.215381601	0.39618264	0.387893722	0.562827481	0.215978706	0.13109565
MN968377	0.417910448	0.243894019	0.41025641	0.153064559	0.460641353	0.582089552	0.319958687	0.58974359	0.209272043	0.298193679	0.165245964	0.193155833	0.185259823	0.217391304	0.0936309	0.110599983	0.571428571	0.28954319	0.226524573	0.431356715	0.23619434	0.162158249	0.062749914	0.312893917	0.290606603	0.103426177	0.119984078	0.278888443	0.106552306	0.710526316	0.237281562	0.215220931	0.396280362	0.387662171	0.56313273	0.215830966	0.130886284
MN968378	0.417910448	0.243894019	0.41025641	0.153064559	0.460641353	0.582089552	0.319958687	0.58974359	0.209272043	0.298193679	0.165245964	0.193155833	0.185259823	0.217391304	0.0936309	0.110599983	0.571428571	0.28954319	0.226524573	0.431356715	0.23619434	0.162158249	0.062749914	0.312893917	0.290606603	0.103426177	0.119984078	0.278888443	0.106552306	0.710526316	0.237281562	0.215220931	0.396280362	0.387662171	0.56313273	0.215830966	0.130886284
MN968379	0.417910448	0.243894019	0.41025641	0.153064559	0.460641353	0.582089552	0.319958687	0.58974359	0.209272043	0.298193679	0.165245964	0.193155833	0.185259823	0.217391304	0.0936309	0.110599983	0.571428571	0.28954319	0.226524573	0.431356715	0.23619434	0.162158249	0.062749914	0.312893917	0.290606603	0.103426177	0.119984078	0.278888443	0.106552306	0.710526316	0.237281562	0.215220931	0.396280362	0.387662171	0.56313273	0.215830966	0.130886284
MN968380	0.417910448	0.243894019	0.41025641	0.153064559	0.460641353	0.582089552	0.319958687	0.58974359	0.209272043	0.298193679	0.165245964	0.193155833	0.185259823	0.217391304	0.0936309	0.110599983	0.571428571	0.28954319	0.226524573	0.431356715	0.23619434	0.162158249	0.062749914	0.312893917	0.290606603	0.103426177	0.119984078	0.278888443	0.106552306	0.710526316	0.237281562	0.215220931	0.396280362	0.387662171	0.56313273	0.215830966	0.130886284
MN968381	0.417910448	0.243894019	0.41025641	0.153064559	0.460641353	0.582089552	0.319958687	0.58974359	0.209272043	0.298193679	0.165245964	0.193155833	0.185259823	0.217391304	0.0936309	0.110599983	0.571428571	0.28954319	0.226524573	0.431356715	0.23619434	0.162158249	0.062749914	0.312893917	0.290606603	0.103426177	0.119984078	0.278888443	0.106552306	0.710526316	0.237281562	0.215220931	0.396280362	0.387662171	0.56313273	0.215830966	0.130886284
MN968382	0.417910448	0.243894019	0.41025641	0.153064559	0.460641353	0.582089552	0.319958687	0.58974359	0.209272043	0.298193679	0.165245964	0.193155833	0.185259823	0.217391304	0.0936309	0.110599983	0.571428571	0.28954319	0.226524573	0.431356715	0.23619434	0.162158249	0.062749914	0.312893917	0.290606603	0.103426177	0.119984078	0.278888443	0.106552306	0.710526316	0.237281562	0.215220931	0.396280362	0.387662171	0.56313273	0.215830966	0.130886284
MN968383	0.417910448	0.243894019	0.41025641	0.153064559	0.460641353	0.582089552	0.319958687	0.58974359	0.209272043	0.298193679	0.165245964	0.193155833	0.185259823	0.217391304	0.0936309	0.110599983	0.571428571	0.28954319	0.226524573	0.431356715	0.23619434	0.162158249	0.062749914	0.312893917	0.290606603	0.103426177	0.119984078	0.278888443	0.106552306	0.710526316	0.237281562	0.215220931	0.396280362	0.387662171	0.56313273	0.215830966	0.130886284
MN968384	0.417910448	0.243894019	0.41025641	0.153064559	0.460641353	0.582089552	0.319958687	0.58974359	0.209272043	0.298193679	0.165245964	0.193155833	0.185259823	0.217391304	0.0936309	0.110599983	0.571428571	0.28954319	0.226524573	0.431356715	0.23619434	0.162158249	0.062749914	0.312893917	0.290606603	0.103426177	0.119984078	0.278888443	0.106552306	0.710526316	0.237281562	0.215220931	0.396280362	0.387662171	0.56313273	0.215830966	0.130886284
MN968385	0.417910448	0.243894019	0.41025641	0.153064559	0.460641353	0.582089552	0.319958687	0.58974359	0.209272043	0.298193679	0.165245964	0.193155833	0.185259823	0.217391304	0.0936309	0.110599983	0.571428571	0.28954319	0.226524573	0.431356715	0.23619434	0.162158249	0.062749914	0.312893917	0.290606603	0.103426177	0.119984078	0.278888443	0.106552306	0.710526316	0.237281562	0.215220931	0.396280362	0.387662171	0.56313273	0.215830966	0.130886284
MN968386	0.417910448	0.243894441	0.423076923	0.153096825	0.460819226	0.582089552	0.319955608	0.576923077	0.209115792	0.298197658	0.167481023	0.193156849	0.185392653	0.217391304	0.093635557	0.11062079	0.571428571	0.289552164	0.226499948	0.431374982	0.236266963	0.162196693	0.062847877	0.312900868	0.290639599	0.103462144	0.119859913	0.278901198	0.104441947	0.710526316	0.237438554	0.21530566	0.396309078	0.387794323	0.562736271	0.215960578	0.130984358
MN968387	0.432835821	0.23429569	0.41025641	0.158634255	0.460602591	0.567164179	0.319931416	0.58974359	0.209155939	0.286828357	0.168515286	0.204557808	0.185492642	0.217391304	0.093665069	0.110669851	0.571428571	0.289609043	0.2265284	0.431355267	0.236176808	0.162217199	0.056665562	0.312860539	0.290630076	0.10353671	0.119853371	0.278906451	0.106569076	0.710526316	0.237481215	0.215381601	0.39618264	0.387893722	0.562827481	0.215978706	0.13109565
MT891038	0.434782609	0.220157498	0.461538462	0.138999629	0.416166674	0.565217391	0.350925417	0.538461538	0.237930946	0.3108792	0.138495154	0.14016779	0.157285017	0.260869565	0.106923128	0.099742944	0.542857143	0.336934722	0.186751485	0.437251123	0.255673283	0.1086535	0.060484902	0.306789374	0.303920018	0.137710211	0.114378834	0.25823091	0.126691943	0.756756757	0.20846958	0.266236453	0.42290337	0.361629725	0.589636735	0.24071159	0.183961393
MW249020	0.447761194	0.23158023	0.474358974	0.141428338	0.435254089	0.552238806	0.346053331	0.525641026	0.227874621	0.288796125	0.158930816	0.160030572	0.146223366	0.25	0.103012442	0.104194774	0.571428571	0.33317508	0.206046309	0.446055426	0.23852315	0.124491976	0.061462746	0.302071346	0.286796916	0.126442875	0.101779864	0.282519402	0.10440844	0.736842105	0.205373461	0.274122715	0.409364087	0.369294137	0.565909926	0.237271241	0.158372993
MW249021	0.434782609	0.220157498	0.461538462	0.138999629	0.416166674	0.565217391	0.350925417	0.538461538	0.237930946	0.3108792	0.138495154	0.14016779	0.157285017	0.260869565	0.106923128	0.099742944	0.542857143	0.336934722	0.186751485	0.437251123	0.255673283	0.1086535	0.060484902	0.306789374	0.303920018	0.137710211	0.114378834	0.25823091	0.126691943	0.756756757	0.20846958	0.266236453	0.42290337	0.361629725	0.589636735	0.24071159	0.183961393
AB284509	0.391304348	0.251840351	0.41025641	0.122096942	0.406994448	0.608695652	0.373436457	0.58974359	0.214494936	0.329911663	0.193283818	0.204055188	0.18665269	0.272727273	0.095476451	0.158287633	0.676470588	0.27441116	0.197870504	0.417089898	0.241680345	0.084338094	0.126487197	0.307260678	0.244054016	0.171183977	0.105839549	0.27812475	0.073529162	0.771428571	0.287694985	0.294234831	0.401112338	0.317210907	0.485095004	0.144816088	0.139777305
AB284510	0.391304348	0.251840351	0.41025641	0.122096942	0.406994448	0.608695652	0.373436457	0.58974359	0.214494936	0.329911663	0.193283818	0.204055188	0.18665269	0.272727273	0.095476451	0.158287633	0.676470588	0.27441116	0.197870504	0.417089898	0.241680345	0.084338094	0.126487197	0.307260678	0.244054016	0.171183977	0.105839549	0.27812475	0.073529162	0.771428571	0.287694985	0.294234831	0.401112338	0.317210907	0.485095004	0.144816088	0.139777305
AB284511	0.391304348	0.250203484	0.41025641	0.122099928	0.406790362	0.608695652	0.377130432	0.58974359	0.214484149	0.329910447	0.197231749	0.204063621	0.186593043	0.272727273	0.095477368	0.150345395	0.676470588	0.274415466	0.197824709	0.417060421	0.240003347	0.084320296	0.126463955	0.307238398	0.246600342	0.171154805	0.105820255	0.278149671	0.073145692	0.771428571	0.287702751	0.294108239	0.401017832	0.320194866	0.485095004	0.144841864	0.139772227
AB284512	0.391304348	0.251847693	0.41025641	0.122141493	0.406828711	0.608695652	0.363586444	0.58974359	0.21505228	0.32249009	0.193135044	0.184579356	0.157796319	0.272727273	0.102898987	0.158105019	0.676470588	0.293845984	0.197994034	0.417035724	0.241712554	0.084323796	0.126309154	0.307313004	0.254371087	0.171130125	0.106094643	0.278048829	0.07346924	0.771428571	0.287270886	0.32287802	0.401118421	0.316872699	0.486052044	0.144507808	0.139818193
AB284513	0.391304348	0.251953118	0.41025641	0.122107356	0.423092022	0.608695652	0.383440456	0.58974359	0.214607005	0.337346723	0.193229395	0.203936006	0.186333311	0.227272727	0.09546349	0.15817746	0.676470588	0.266932428	0.19765813	0.417080359	0.242079907	0.084351876	0.126443483	0.307264104	0.243985528	0.170988305	0.105877485	0.278150201	0.085083191	0.771428571	0.287431423	0.275694965	0.401156525	0.307479295	0.485347279	0.144702899	0.139614717
AB284514	0.391304348	0.251847693	0.41025641	0.122141493	0.406828711	0.608695652	0.363586444	0.58974359	0.21505228	0.32249009	0.193135044	0.196602554	0.157796319	0.272727273	0.102898987	0.158105019	0.647058824	0.281822786	0.209457047	0.417035724	0.241712554	0.084323796	0.126309154	0.307313004	0.254371087	0.171130125	0.106094643	0.278048829	0.07346924	0.771428571	0.287270886	0.311124406	0.401118421	0.316872699	0.508397607	0.144507808	0.139818193
AB285215	0.391304348	0.251840351	0.41025641	0.122096942	0.406994448	0.608695652	0.373436457	0.58974359	0.214494936	0.329911663	0.193283818	0.204055188	0.18665269	0.272727273	0.095476451	0.158287633	0.676470588	0.27441116	0.197870504	0.417089898	0.241680345	0.084338094	0.126487197	0.307260678	0.244054016	0.171183977	0.105839549	0.27812475	0.073529162	0.771428571	0.287694985	0.294234831	0.401112338	0.317210907	0.485095004	0.144816088	0.139777305
EU853582	0.441176471	0.234218468	0.435897436	0.143957985	0.415891012	0.558823529	0.36538096	0.564102564	0.214393498	0.340173648	0.18529224	0.204044699	0.158744816	0.260869565	0.085214838	0.141568482	0.705882353	0.274405804	0.199066954	0.352120754	0.265279824	0.072448173	0.111219386	0.375368526	0.253167024	0.179038381	0.092101743	0.278098747	0.079414833	0.771428571	0.251708011	0.313076932	0.400929241	0.325694134	0.463706481	0.18013785	0.13864326
EU853584	0.449275362	0.252014761	0.461538462	0.135023893	0.413519189	0.550724638	0.353494749	0.538461538	0.231319542	0.329724246	0.187672886	0.205124999	0.176710617	0.272727273	0.093030151	0.178799898	0.705882353	0.27573618	0.175731758	0.416951712	0.240992028	0.065539385	0.096338686	0.285664868	0.254444808	0.20137954	0.091603745	0.288400659	0.080426677	0.764705882	0.267613244	0.334464292	0.38721943	0.306664529	0.461828374	0.165838857	0.140132052
EU853585	0.449275362	0.252014761	0.461538462	0.135023893	0.413519189	0.550724638	0.353494749	0.538461538	0.231319542	0.329724246	0.187672886	0.205124999	0.176710617	0.272727273	0.093030151	0.178799898	0.705882353	0.27573618	0.175731758	0.416951712	0.240992028	0.065539385	0.096338686	0.285664868	0.254444808	0.20137954	0.091603745	0.288400659	0.080426677	0.764705882	0.267613244	0.334464292	0.38721943	0.306664529	0.461828374	0.165838857	0.140132052
EU853586	0.449275362	0.262348111	0.461538462	0.135017779	0.413312042	0.550724638	0.35347155	0.538461538	0.231316885	0.341774255	0.187595832	0.20513438	0.176657865	0.272727273	0.08098132	0.178800359	0.705882353	0.275740517	0.175690026	0.416922626	0.229772495	0.065514524	0.096321062	0.285638567	0.254434614	0.201352021	0.091582474	0.288422755	0.080415438	0.764705882	0.267618129	0.334315671	0.387122668	0.30666018	0.461828374	0.16586738	0.140125219
EU853587	0.434782609	0.248645869	0.435897436	0.135160267	0.405056178	0.565217391	0.373351179	0.564102564	0.2330772	0.347589952	0.170503121	0.181742705	0.172005918	0.272727273	0.092648566	0.15950407	0.705882353	0.281815783	0.174959503	0.416763513	0.263517538	0.064623085	0.095688578	0.285748141	0.243816539	0.199025057	0.092163738	0.28825071	0.082189063	0.771428571	0.266237507	0.335200645	0.387166917	0.314811569	0.46458989	0.165056577	0.14442936
EU853588	0.434782609	0.248645869	0.435897436	0.135160267	0.405056178	0.565217391	0.373351179	0.564102564	0.2330772	0.347589952	0.170503121	0.181742705	0.172005918	0.272727273	0.092648566	0.15950407	0.705882353	0.281815783	0.174959503	0.416763513	0.263517538	0.064623085	0.095688578	0.285748141	0.243816539	0.199025057	0.092163738	0.28825071	0.082189063	0.771428571	0.266237507	0.335200645	0.387166917	0.314811569	0.46458989	0.165056577	0.14442936
EU853589	0.434782609	0.248645869	0.435897436	0.135160267	0.405056178	0.565217391	0.373351179	0.564102564	0.2330772	0.347589952	0.170503121	0.181742705	0.172005918	0.272727273	0.092648566	0.15950407	0.705882353	0.281815783	0.174959503	0.416763513	0.263517538	0.064623085	0.095688578	0.285748141	0.243816539	0.199025057	0.092163738	0.28825071	0.082189063	0.771428571	0.266237507	0.335200645	0.387166917	0.314811569	0.46458989	0.165056577	0.14442936
EU853590	0.442857143	0.24171779	0.435897436	0.137660346	0.395132573	0.557142857	0.373327976	0.564102564	0.233074686	0.347593628	0.174822105	0.181750152	0.180239793	0.285714286	0.092646178	0.159506605	0.705882353	0.281821661	0.174917744	0.40738621	0.264332434	0.06561716	0.096051844	0.290230937	0.243805469	0.202136868	0.092142459	0.288272883	0.084298171	0.771428571	0.266242594	0.35119126	0.387069988	0.314805862	0.46458989	0.165085054	0.14442094
HM179504	0.507042254	0.248938918	0.460526316	0.144592764	0.397354381	0.492957746	0.409718463	0.539473684	0.212847321	0.343384364	0.177098771	0.201412137	0.173692538	0.272727273	0.103500649	0.150885599	0.727272727	0.256390178	0.192880844	0.450504093	0.25079759	0.063821475	0.115560774	0.273864791	0.228464824	0.188151724	0.093343185	0.291413424	0.086701444	0.777777778	0.250968598	0.304580161	0.378809695	0.304543976	0.45135498	0.186911211	0.141607936
HM179505	0.492753623	0.232711148	0.474358974	0.129118569	0.398625998	0.507246377	0.399046411	0.525641026	0.211130272	0.331584203	0.193914731	0.194266495	0.161944104	0.272727273	0.103425563	0.166452246	0.696969697	0.275680339	0.195529184	0.42292935	0.246831365	0.064096694	0.113674137	0.301224095	0.237795474	0.188420434	0.108058076	0.277456303	0.080281391	0.777777778	0.281895145	0.316475414	0.385603474	0.292930512	0.467276467	0.160285532	0.137299866
HM179506	0.471428571	0.229901504	0.448717949	0.160525945	0.40481979	0.528571429	0.398272865	0.551282051	0.206522555	0.333710794	0.206314265	0.207527612	0.189465196	0.238095238	0.095339419	0.146940359	0.727272727	0.269215139	0.195230951	0.422951468	0.261820293	0.092044648	0.111631958	0.33504108	0.228058272	0.14903768	0.098241115	0.270978351	0.081143288	0.777777778	0.245851464	0.289255609	0.405882902	0.319439986	0.44988156	0.193418874	0.153098575
KF155002	0.442857143	0.224003324	0.448717949	0.143591794	0.397173526	0.557142857	0.371208904	0.551282051	0.207669103	0.340181702	0.175632146	0.223516777	0.188839457	0.285714286	0.085205793	0.163400938	0.705882353	0.254975909	0.195767538	0.347494574	0.275675328	0.065946072	0.12274658	0.39311405	0.248894314	0.184696172	0.097742697	0.257789603	0.08870249	0.771428571	0.263861575	0.300873957	0.414324772	0.310111865	0.4622086	0.175522816	0.14177021
KR534217	0.449275362	0.24247154	0.448717949	0.140813831	0.430275481	0.550724638	0.381029834	0.551282051	0.207557381	0.352057087	0.193408214	0.231992775	0.168739404	0.227272727	0.078142895	0.172798147	0.705882353	0.241216633	0.188433451	0.357713244	0.251907594	0.074327404	0.120113774	0.365515649	0.238445799	0.183687169	0.097632562	0.278070219	0.082841035	0.764705882	0.253444204	0.301093719	0.387450042	0.300621988	0.462089554	0.186083885	0.145411595
KR534218	0.449275362	0.242522628	0.448717949	0.140814995	0.430095495	0.550724638	0.388623893	0.551282051	0.207795032	0.352017132	0.193246018	0.231934205	0.168508418	0.227272727	0.078170137	0.165557284	0.705882353	0.241192266	0.188364744	0.35768696	0.252113007	0.07427324	0.120048583	0.365525949	0.238389513	0.183609096	0.097708485	0.288388353	0.082855225	0.764705882	0.246715857	0.300808523	0.387450042	0.300346411	0.462470351	0.185934955	0.14532009
KR534219	0.492753623	0.243102482	0.41025641	0.151219546	0.392870805	0.507246377	0.386935896	0.58974359	0.191464261	0.33216456	0.175217773	0.211207689	0.157684681	0.272727273	0.098394167	0.150445666	0.676470588	0.27312806	0.184933499	0.357211985	0.2412177	0.065199722	0.107943533	0.365651713	0.236527443	0.181620742	0.125088543	0.285123475	0.09128568	0.794117647	0.241134078	0.312708185	0.386844818	0.323348065	0.489031843	0.192445484	0.1630983
KR534220	0.449275362	0.242522628	0.448717949	0.140814995	0.430095495	0.550724638	0.388623893	0.551282051	0.207795032	0.352017132	0.193246018	0.231934205	0.168508418	0.227272727	0.078170137	0.165557284	0.705882353	0.241192266	0.188364744	0.35768696	0.252113007	0.07427324	0.120048583	0.365525949	0.238389513	0.183609096	0.097708485	0.288388353	0.082855225	0.764705882	0.246715857	0.300808523	0.387450042	0.300346411	0.462470351	0.185934955	0.14532009
KR534228	0.492753623	0.236475961	0.41025641	0.151215423	0.39306992	0.507246377	0.376911602	0.58974359	0.191579034	0.317133739	0.175314855	0.21123831	0.157886772	0.272727273	0.105895428	0.150460078	0.676470588	0.280684652	0.185094818	0.357224664	0.241023281	0.065251295	0.107977014	0.365676923	0.247136571	0.181657712	0.125099018	0.285070657	0.096243848	0.794117647	0.241160478	0.312991469	0.386904447	0.323438665	0.489138331	0.192396569	0.163218969
KR534229	0.449275362	0.231596479	0.448717949	0.140840048	0.406360011	0.550724638	0.38097279	0.551282051	0.207651218	0.355052143	0.179316032	0.230972079	0.177487666	0.272727273	0.077765789	0.172789592	0.705882353	0.240129453	0.19563616	0.341913965	0.263445586	0.064860138	0.120110535	0.381112293	0.238477777	0.190531396	0.097680972	0.278019869	0.087304108	0.771428571	0.25740756	0.302855518	0.387509534	0.300736087	0.4622086	0.182092935	0.14174896
KR534230	0.47826087	0.24331961	0.435897436	0.151119219	0.394236088	0.52173913	0.3717519	0.564102564	0.190064435	0.32223109	0.175964231	0.209655162	0.170868893	0.272727273	0.112575928	0.16019469	0.705882353	0.271114327	0.18477264	0.357500039	0.241032985	0.06542228	0.108468303	0.365599193	0.252969557	0.181758482	0.124311536	0.289122511	0.091451223	0.794117647	0.252650301	0.308798209	0.37609889	0.314944033	0.464321295	0.186352689	0.155518009
KR534231	0.492753623	0.236475961	0.41025641	0.151215423	0.39306992	0.507246377	0.376911602	0.58974359	0.191579034	0.317133739	0.175314855	0.21123831	0.157886772	0.272727273	0.105895428	0.150460078	0.676470588	0.280684652	0.185094818	0.357224664	0.241023281	0.065251295	0.107977014	0.365676923	0.247136571	0.181657712	0.125099018	0.285070657	0.096243848	0.794117647	0.241160478	0.312991469	0.386904447	0.323438665	0.489138331	0.192396569	0.163218969
KR534233	0.449275362	0.238231221	0.448717949	0.140823007	0.406212031	0.550724638	0.38864689	0.551282051	0.207800815	0.354998508	0.179182649	0.23085615	0.177151178	0.272727273	0.077813837	0.16555532	0.705882353	0.240076656	0.195430355	0.363644292	0.263771702	0.064782375	0.120070311	0.381114685	0.238401514	0.1816904	0.097728586	0.288366238	0.082364666	0.771428571	0.25065419	0.302359916	0.387546664	0.300350242	0.462470351	0.18196309	0.141580526
KR534238	0.492753623	0.236445212	0.41025641	0.151235943	0.392886955	0.507246377	0.37690662	0.58974359	0.191855082	0.317130734	0.175196907	0.211229931	0.157786099	0.272727273	0.105900803	0.146046044	0.676470588	0.280674885	0.185140722	0.357178892	0.241061021	0.06521647	0.107883513	0.365694853	0.247097056	0.18163918	0.125265067	0.285037822	0.096213651	0.794117647	0.237072188	0.312878905	0.386866817	0.327578911	0.489615977	0.196120899	0.163196223
KR534244	0.449275362	0.231690511	0.448717949	0.140821734	0.406378327	0.550724638	0.388571682	0.551282051	0.207563219	0.355027352	0.184314716	0.238345357	0.177376758	0.272727273	0.077787997	0.175011803	0.705882353	0.232678189	0.188947717	0.341929184	0.26360227	0.07356957	0.120135518	0.381107659	0.238457971	0.181760294	0.097652755	0.288366238	0.082348882	0.771428571	0.242338482	0.302651347	0.387546664	0.291261266	0.462089554	0.190639501	0.148220865
KR534247	0.449275362	0.231690511	0.448717949	0.140821734	0.406378327	0.550724638	0.388571682	0.551282051	0.207563219	0.355027352	0.184314716	0.238345357	0.177376758	0.272727273	0.077787997	0.175011803	0.705882353	0.232678189	0.188947717	0.341929184	0.26360227	0.07356957	0.120135518	0.381107659	0.238457971	0.181760294	0.097652755	0.288366238	0.082348882	0.771428571	0.242338482	0.302651347	0.387546664	0.291261266	0.462089554	0.190639501	0.148220865
KR534249	0.449275362	0.231690511	0.448717949	0.140821734	0.406378327	0.550724638	0.388571682	0.551282051	0.207563219	0.355027352	0.184314716	0.238345357	0.177376758	0.272727273	0.077787997	0.175011803	0.705882353	0.232678189	0.188947717	0.341929184	0.26360227	0.07356957	0.120135518	0.381107659	0.238457971	0.181760294	0.097652755	0.288366238	0.082348882	0.771428571	0.242338482	0.302651347	0.387546664	0.291261266	0.462089554	0.190639501	0.148220865
KR534250	0.449275362	0.231711381	0.461538462	0.140782465	0.406751338	0.550724638	0.388588103	0.538461538	0.206910227	0.35503501	0.18455296	0.238363305	0.175341778	0.272727273	0.077781137	0.176669803	0.705882353	0.232684331	0.195363952	0.342005887	0.263576827	0.073640847	0.120314036	0.381084306	0.238529883	0.181804224	0.097443215	0.288430049	0.082404472	0.771428571	0.251267254	0.305084514	0.387620824	0.290108551	0.461089844	0.182399879	0.141681407
KR534251	0.492753623	0.243142179	0.41025641	0.151219909	0.393086142	0.507246377	0.377017061	0.58974359	0.191462223	0.324640416	0.175295722	0.211200875	0.157745139	0.272727273	0.105919439	0.150443057	0.676470588	0.273120917	0.184976179	0.357242903	0.241216581	0.065225167	0.107975462	0.365669778	0.247111328	0.181642968	0.125117681	0.28510347	0.091294986	0.794117647	0.241132541	0.312831114	0.386942044	0.323350891	0.489031843	0.192410739	0.163109565
KR534252	0.47826087	0.265249079	0.423076923	0.090297326	0.409795646	0.52173913	0.373776082	0.576923077	0.211300476	0.312475306	0.179392142	0.206551265	0.164114208	0.227272727	0.118085737	0.155011346	0.735294118	0.277755828	0.184671112	0.379137266	0.231814574	0.065277882	0.159243806	0.344149479	0.248596433	0.181662551	0.103073552	0.295188479	0.087588712	0.794117647	0.248117984	0.326169472	0.373763225	0.319490107	0.442921798	0.186530234	0.143965898
KR534253	0.449275362	0.231657467	0.435897436	0.14083359	0.405987879	0.550724638	0.398389384	0.564102564	0.207882848	0.362454507	0.184120106	0.230919032	0.17720854	0.272727273	0.070360868	0.165559561	0.705882353	0.240105294	0.192483697	0.341863705	0.263608905	0.073504475	0.120023772	0.381098213	0.228033139	0.181720125	0.097736594	0.288356431	0.082310299	0.771428571	0.250685638	0.302432899	0.387412863	0.300456735	0.4625895	0.181978891	0.144692881
KR906734	0.492753623	0.243102482	0.41025641	0.151219546	0.392870805	0.507246377	0.386935896	0.58974359	0.191464261	0.33216456	0.175217773	0.211207689	0.157684681	0.272727273	0.098394167	0.150445666	0.676470588	0.27312806	0.184933499	0.357211985	0.2412177	0.065199722	0.107943533	0.365651713	0.236527443	0.181620742	0.125088543	0.285123475	0.09128568	0.794117647	0.241134078	0.312708185	0.386844818	0.323348065	0.489031843	0.192445484	0.1630983
KR906735	0.420289855	0.217928525	0.435897436	0.140883504	0.414399132	0.579710145	0.395890019	0.564102564	0.200287261	0.337137758	0.180518041	0.219929567	0.173611262	0.272727273	0.093064139	0.164882815	0.705882353	0.253292327	0.187271004	0.336043191	0.278318836	0.069695435	0.12008648	0.365611503	0.230747753	0.197348441	0.097846448	0.288235824	0.087842338	0.764705882	0.246109436	0.309542846	0.387762348	0.301253566	0.462707831	0.186435179	0.153642352
KR906736	0.434782609	0.221337833	0.435897436	0.140875682	0.414195724	0.565217391	0.395867426	0.564102564	0.200280382	0.337141806	0.180443992	0.219939191	0.173560004	0.272727273	0.093061825	0.164884955	0.705882353	0.253294021	0.18722869	0.336009024	0.274603988	0.069668348	0.120064448	0.365593659	0.23073391	0.1973232	0.097825722	0.288258008	0.087831793	0.764705882	0.246117975	0.309407319	0.38766572	0.301249571	0.462707831	0.18646017	0.153633717
KR906739	0.47826087	0.245824682	0.41025641	0.151138641	0.393396307	0.52173913	0.368301308	0.58974359	0.21899637	0.336809462	0.184460121	0.221674119	0.154168254	0.272727273	0.093742968	0.169431739	0.705882353	0.262739555	0.184697143	0.379133565	0.240157537	0.065312724	0.108281546	0.344119526	0.254335386	0.181673599	0.094720098	0.285274373	0.082546082	0.794117647	0.248347879	0.324734187	0.386898008	0.305441378	0.464820074	0.186706855	0.155491127
KR906741	0.449275362	0.23761625	0.423076923	0.140892101	0.40560441	0.550724638	0.388442294	0.576923077	0.208617856	0.347613876	0.174251852	0.242967365	0.188806832	0.272727273	0.077773333	0.165381057	0.705882353	0.23553752	0.185158966	0.341770658	0.256913317	0.064737585	0.119817624	0.38112653	0.227971034	0.190432789	0.097970337	0.301793377	0.091843624	0.771428571	0.241811938	0.290746615	0.369481614	0.309578269	0.463706481	0.190168121	0.152346777
KR906742	0.449275362	0.221764855	0.448717949	0.140881446	0.406959073	0.550724638	0.371116188	0.551282051	0.207756773	0.340197512	0.179545797	0.22356602	0.185552097	0.272727273	0.08518804	0.1634041	0.705882353	0.255009471	0.195903025	0.341980934	0.273908711	0.064956114	0.120151354	0.381179989	0.238536555	0.19063733	0.097770899	0.257767238	0.087285428	0.771428571	0.263879776	0.295661988	0.414273315	0.319579219	0.462326829	0.175516206	0.141850732
KR906743	0.492753623	0.236475961	0.41025641	0.151215423	0.39306992	0.507246377	0.376911602	0.58974359	0.191579034	0.317133739	0.175314855	0.21123831	0.157886772	0.272727273	0.105895428	0.150460078	0.676470588	0.280684652	0.185094818	0.357224664	0.241023281	0.065251295	0.107977014	0.365676923	0.247136571	0.181657712	0.125099018	0.285070657	0.096243848	0.794117647	0.241160478	0.312991469	0.386904447	0.323438665	0.489138331	0.192396569	0.163218969
KR906744	0.47826087	0.245798887	0.41025641	0.151158626	0.393209259	0.52173913	0.368294857	0.58974359	0.219342867	0.336807922	0.184339974	0.214137568	0.154077356	0.272727273	0.09374574	0.160020749	0.705882353	0.270260862	0.184747237	0.379092714	0.24019237	0.065278415	0.108189808	0.344133089	0.254297728	0.181654809	0.094820039	0.28524168	0.082518503	0.794117647	0.248149299	0.324618937	0.386860447	0.314584922	0.465318917	0.186548248	0.155493978
KR906745	0.434782609	0.238947435	0.448717949	0.140859953	0.406175442	0.565217391	0.381139249	0.551282051	0.20797607	0.355048061	0.184196303	0.230963258	0.17737354	0.272727273	0.070338809	0.165559924	0.676470588	0.247556072	0.195702615	0.357682429	0.255497118	0.073548115	0.100354476	0.365557844	0.235794021	0.181785762	0.11797737	0.278224355	0.082277637	0.771428571	0.250701789	0.302769633	0.400734133	0.309926815	0.485095004	0.181943382	0.14174147
KR906746	0.47826087	0.226818939	0.417721519	0.144658637	0.386083444	0.52173913	0.424249058	0.582278481	0.210861231	0.325330494	0.185843244	0.204130746	0.16326941	0.272727273	0.112059201	0.144667159	0.757575758	0.274449742	0.193792917	0.43848201	0.255070919	0.054023333	0.115509836	0.285625032	0.219811976	0.190319121	0.093871298	0.295330162	0.087681637	0.8	0.264207864	0.326991365	0.369839077	0.312344173	0.428592495	0.177934692	0.143037895
KR906747	0.463768116	0.218851045	0.417721519	0.144629605	0.386493828	0.536231884	0.4242792	0.582278481	0.210538127	0.325330385	0.186036429	0.204129866	0.163400496	0.272727273	0.112059502	0.149150993	0.757575758	0.274449293	0.191756139	0.438545641	0.263743782	0.064671428	0.115641675	0.2856405	0.219870614	0.179768159	0.093788979	0.295342724	0.087722176	0.8	0.259750931	0.327254708	0.369987816	0.308118852	0.428048271	0.182713466	0.145021263
KR906748	0.470588235	0.241867635	0.455696203	0.150997118	0.380195638	0.529411765	0.404663525	0.544303797	0.230219899	0.346105844	0.165131914	0.19591679	0.137091921	0.318181818	0.077353511	0.159550993	0.676470588	0.285198474	0.182863452	0.444292234	0.243321516	0.063782989	0.129318014	0.316565273	0.186855585	0.164354491	0.097617532	0.301823052	0.080498382	0.777777778	0.237446613	0.314975689	0.355122274	0.343710285	0.487705778	0.207968995	0.166376022
KR906749	0.463768116	0.245852001	0.448717949	0.140873467	0.405622158	0.536231884	0.378675679	0.551282051	0.201620278	0.340168396	0.178880163	0.23090069	0.176977838	0.272727273	0.085220736	0.165378543	0.676470588	0.2475223	0.185013174	0.357580372	0.248261978	0.064714589	0.119842273	0.365567715	0.238334955	0.190393	0.118046665	0.301820763	0.087257064	0.771428571	0.241784103	0.290568042	0.387338406	0.309471399	0.485940008	0.181677588	0.153083489
KR906750	0.449275362	0.221764855	0.448717949	0.140881446	0.406959073	0.550724638	0.371116188	0.551282051	0.207756773	0.340197512	0.179545797	0.22356602	0.185552097	0.272727273	0.08518804	0.1634041	0.705882353	0.255009471	0.195903025	0.341980934	0.273908711	0.064956114	0.120151354	0.381179989	0.238536555	0.19063733	0.097770899	0.257767238	0.087285428	0.771428571	0.263879776	0.295661988	0.414273315	0.319579219	0.462326829	0.175516206	0.141850732
KR906751	0.471428571	0.224268247	0.417721519	0.147402525	0.376442329	0.528571429	0.424257626	0.582278481	0.210198682	0.32533281	0.182427404	0.204149591	0.166469939	0.285714286	0.112052741	0.1492379	0.757575758	0.274459365	0.198276102	0.429553603	0.261565021	0.065694034	0.11822735	0.290113652	0.219888547	0.182583002	0.093662113	0.295396694	0.089101828	0.8	0.268672501	0.33328615	0.369914738	0.308286272	0.427504092	0.174177079	0.13834
KR906752	0.470588235	0.241867635	0.455696203	0.150997118	0.380195638	0.529411765	0.404663525	0.544303797	0.230219899	0.346105844	0.165131914	0.19591679	0.137091921	0.318181818	0.077353511	0.159550993	0.676470588	0.285198474	0.182863452	0.444292234	0.243321516	0.063782989	0.129318014	0.316565273	0.186855585	0.164354491	0.097617532	0.301823052	0.080498382	0.777777778	0.237446613	0.314975689	0.355122274	0.343710285	0.487705778	0.207968995	0.166376022
KR906754	0.449275362	0.221764855	0.448717949	0.140881446	0.406959073	0.550724638	0.371116188	0.551282051	0.207756773	0.340197512	0.179545797	0.22356602	0.185552097	0.272727273	0.08518804	0.1634041	0.705882353	0.255009471	0.195903025	0.341980934	0.273908711	0.064956114	0.120151354	0.381179989	0.238536555	0.19063733	0.097770899	0.257767238	0.087285428	0.771428571	0.263879776	0.295661988	0.414273315	0.319579219	0.462326829	0.175516206	0.141850732
KR906755	0.449275362	0.231690511	0.448717949	0.140821734	0.406378327	0.550724638	0.388571682	0.551282051	0.207563219	0.355027352	0.184314716	0.238345357	0.177376758	0.272727273	0.077787997	0.175011803	0.705882353	0.232678189	0.188947717	0.341929184	0.26360227	0.07356957	0.120135518	0.381107659	0.238457971	0.181760294	0.097652755	0.288366238	0.082348882	0.771428571	0.242338482	0.302651347	0.387546664	0.291261266	0.462089554	0.190639501	0.148220865
KR906756	0.449275362	0.231606458	0.448717949	0.140820264	0.406545675	0.550724638	0.388496606	0.551282051	0.199645917	0.355056086	0.184433849	0.230980603	0.177601141	0.272727273	0.077762256	0.165738674	0.705882353	0.240133335	0.202118325	0.341952463	0.263432635	0.07361928	0.120199925	0.381100572	0.238514068	0.181829649	0.097576775	0.274848134	0.082332611	0.771428571	0.259638724	0.302941016	0.387546664	0.300900245	0.461709432	0.182241799	0.141755957
KR906757	0.471428571	0.22725033	0.430379747	0.147402525	0.383642953	0.528571429	0.424257626	0.569620253	0.210198682	0.336810344	0.182670318	0.206629305	0.169953177	0.285714286	0.093741381	0.1492379	0.735294118	0.277793101	0.197718785	0.429553603	0.255116907	0.066409477	0.11822735	0.290113652	0.219888547	0.184571429	0.093662113	0.282184379	0.089220472	0.794117647	0.264858364	0.325832205	0.39185292	0.308286272	0.440320657	0.171704421	0.140761964
KR906759	0.492753623	0.225657446	0.41025641	0.151236298	0.393101721	0.507246377	0.376934019	0.58974359	0.191853381	0.317128374	0.166598108	0.211223349	0.157846692	0.272727273	0.105905024	0.15037113	0.676470588	0.280667214	0.185183432	0.341462992	0.25278891	0.065241933	0.10791553	0.381220162	0.247109831	0.181661285	0.125294115	0.285017775	0.104899864	0.794117647	0.234578585	0.313001979	0.386964111	0.323254073	0.489615977	0.19857821	0.163207459
KR906760	0.449275362	0.238231221	0.448717949	0.140823007	0.406212031	0.550724638	0.38864689	0.551282051	0.207800815	0.354998508	0.179182649	0.23085615	0.177151178	0.272727273	0.077813837	0.16555532	0.705882353	0.240076656	0.195430355	0.363644292	0.263771702	0.064782375	0.120070311	0.381114685	0.238401514	0.1816904	0.097728586	0.288366238	0.082364666	0.771428571	0.25065419	0.302359916	0.387546664	0.300350242	0.462470351	0.18196309	0.141580526
KR906762	0.449275362	0.232953058	0.461538462	0.131318524	0.406753906	0.550724638	0.361227612	0.538461538	0.218215229	0.340199975	0.179471943	0.223573692	0.185501015	0.272727273	0.085185274	0.16714757	0.676470588	0.255014701	0.195859295	0.34195352	0.26178044	0.075586907	0.120129307	0.381158984	0.248907868	0.17995971	0.097750081	0.267871076	0.08727497	0.771428571	0.257402855	0.295527481	0.400923295	0.315838957	0.484729877	0.182031823	0.141843683
KR906763	0.434782609	0.220252405	0.435897436	0.14084787	0.414175783	0.565217391	0.399798961	0.564102564	0.199963462	0.337150165	0.182125466	0.219959065	0.173634203	0.272727273	0.093057049	0.166535434	0.705882353	0.253297518	0.18712806	0.33602333	0.281544007	0.069676038	0.120132387	0.365558421	0.222681527	0.197326747	0.097701408	0.289243268	0.083995877	0.764705882	0.25078893	0.309350069	0.394626578	0.304259584	0.4622086	0.181015605	0.153621668
KR906765	0.420289855	0.221424817	0.435897436	0.131320819	0.414602096	0.579710145	0.383456644	0.564102564	0.21074427	0.337133814	0.180591813	0.219920191	0.201493605	0.272727273	0.093066392	0.164880656	0.705882353	0.253290677	0.159702331	0.32025449	0.274565764	0.06972251	0.120108601	0.381208313	0.243879223	0.197373631	0.097867314	0.288213628	0.087852529	0.764705882	0.246100895	0.309678442	0.387858946	0.301257589	0.462707831	0.186410178	0.153650985
KR906766	0.434782609	0.221377508	0.448717949	0.140855663	0.414379983	0.565217391	0.395882243	0.551282051	0.199970332	0.337146014	0.180563044	0.219949196	0.181485204	0.272727273	0.093059421	0.164974184	0.705882353	0.253295781	0.187170298	0.336057414	0.274558241	0.069703076	0.120154327	0.365576299	0.230763369	0.197351985	0.097721983	0.28829	0.087860799	0.764705882	0.246309819	0.301685391	0.387702784	0.301415031	0.4622086	0.186615263	0.153630319
KR906767	0.449275362	0.237714723	0.461538462	0.140859953	0.406175442	0.550724638	0.378626591	0.538461538	0.20797607	0.347617425	0.179198406	0.223532622	0.17737354	0.272727273	0.077769445	0.156204026	0.705882353	0.254986708	0.200626412	0.341875341	0.256830531	0.06482773	0.120020652	0.381124053	0.238441091	0.190506147	0.097784686	0.28830234	0.087275534	0.771428571	0.250701789	0.302769633	0.387472371	0.319282712	0.462707831	0.181943382	0.136817673
KR906768	0.449275362	0.221764855	0.448717949	0.140881446	0.406959073	0.550724638	0.371116188	0.551282051	0.207756773	0.340197512	0.179545797	0.22356602	0.185552097	0.272727273	0.08518804	0.1634041	0.705882353	0.255009471	0.195903025	0.341980934	0.273908711	0.064956114	0.120151354	0.381179989	0.238536555	0.19063733	0.097770899	0.257767238	0.087285428	0.771428571	0.263879776	0.295661988	0.414273315	0.319579219	0.462326829	0.175516206	0.141850732
KR906770	0.492753623	0.243235307	0.41025641	0.151179546	0.393671607	0.507246377	0.377055275	0.58974359	0.182933043	0.314756317	0.175609803	0.209633516	0.158005204	0.272727273	0.120052904	0.159926206	0.676470588	0.271091769	0.184923718	0.357364809	0.241140928	0.065319882	0.10819326	0.365652182	0.247201591	0.181702457	0.133067514	0.289026928	0.091362647	0.794117647	0.252033804	0.313178239	0.375969357	0.314410691	0.488075416	0.185874501	0.16316396
KR906771	0.449275362	0.231690511	0.448717949	0.140821734	0.406378327	0.550724638	0.388571682	0.551282051	0.207563219	0.355027352	0.184314716	0.238345357	0.177376758	0.272727273	0.077787997	0.175011803	0.705882353	0.232678189	0.188947717	0.341929184	0.26360227	0.07356957	0.120135518	0.381107659	0.238457971	0.181760294	0.097652755	0.288366238	0.082348882	0.771428571	0.242338482	0.302651347	0.387546664	0.291261266	0.462089554	0.190639501	0.148220865
KR906772	0.449275362	0.238231221	0.448717949	0.140823007	0.406212031	0.550724638	0.38864689	0.551282051	0.207800815	0.354998508	0.179182649	0.23085615	0.177151178	0.272727273	0.077813837	0.16555532	0.705882353	0.240076656	0.195430355	0.363644292	0.263771702	0.064782375	0.120070311	0.381114685	0.238401514	0.1816904	0.097728586	0.288366238	0.082364666	0.771428571	0.25065419	0.302359916	0.387546664	0.300350242	0.462470351	0.18196309	0.141580526
KR906773	0.449275362	0.231667072	0.435897436	0.140813831	0.406172385	0.550724638	0.398396822	0.564102564	0.207557381	0.362459277	0.184239176	0.230927753	0.177322903	0.272727273	0.070356518	0.169988432	0.705882353	0.240109266	0.192420319	0.341902239	0.263595853	0.07758482	0.120113774	0.381086486	0.228070278	0.177697881	0.097632562	0.288388353	0.082337983	0.771428571	0.25088298	0.302519546	0.387450042	0.296282846	0.462089554	0.182128498	0.144697252
KR906774	0.492753623	0.243142179	0.41025641	0.151219909	0.393086142	0.507246377	0.377017061	0.58974359	0.191462223	0.324640416	0.175295722	0.211200875	0.157745139	0.272727273	0.105919439	0.150443057	0.676470588	0.273120917	0.184976179	0.357242903	0.241216581	0.065225167	0.107975462	0.365669778	0.247111328	0.181642968	0.125117681	0.28510347	0.091294986	0.794117647	0.241132541	0.312831114	0.386942044	0.323350891	0.489031843	0.192410739	0.163109565
KR906776	0.492753623	0.243235307	0.41025641	0.151179546	0.393671607	0.507246377	0.377055275	0.58974359	0.182933043	0.314756317	0.175609803	0.209633516	0.158005204	0.272727273	0.120052904	0.159926206	0.676470588	0.271091769	0.184923718	0.357364809	0.241140928	0.065319882	0.10819326	0.365652182	0.247201591	0.181702457	0.133067514	0.289026928	0.091362647	0.794117647	0.252033804	0.313178239	0.375969357	0.314410691	0.488075416	0.185874501	0.16316396
KR906780	0.449275362	0.231667072	0.448717949	0.140813831	0.406172385	0.550724638	0.398396822	0.551282051	0.207557381	0.362459277	0.184239176	0.230927753	0.177322903	0.272727273	0.070356518	0.165649289	0.705882353	0.240109266	0.195456392	0.341902239	0.263595853	0.073540422	0.120113774	0.381086486	0.228070278	0.181742279	0.097632562	0.288388353	0.082337983	0.771428571	0.25088298	0.302519546	0.387450042	0.300621988	0.462089554	0.182128498	0.141661179
KR906782	0.449275362	0.231690511	0.448717949	0.140821734	0.406378327	0.550724638	0.388571682	0.551282051	0.207563219	0.355027352	0.184314716	0.238345357	0.177376758	0.272727273	0.077787997	0.175011803	0.705882353	0.232678189	0.188947717	0.341929184	0.26360227	0.07356957	0.120135518	0.381107659	0.238457971	0.181760294	0.097652755	0.288366238	0.082348882	0.771428571	0.242338482	0.302651347	0.387546664	0.291261266	0.462089554	0.190639501	0.148220865
KR906784	0.492753623	0.243274585	0.41025641	0.15117979	0.393886703	0.507246377	0.377082564	0.58974359	0.163239956	0.307289943	0.175687281	0.209627231	0.158065648	0.272727273	0.127519917	0.159924689	0.676470588	0.27108522	0.184966194	0.357395911	0.241138636	0.065345212	0.108225301	0.365670146	0.247214497	0.181724395	0.153483715	0.289007752	0.091371127	0.794117647	0.25203416	0.313300667	0.376069984	0.314412298	0.488075416	0.185838209	0.163175223
KR906789	0.492753623	0.243235307	0.41025641	0.151179546	0.393671607	0.507246377	0.377055275	0.58974359	0.182933043	0.314756317	0.175609803	0.209633516	0.158005204	0.272727273	0.120052904	0.159926206	0.676470588	0.271091769	0.184923718	0.357364809	0.241140928	0.065319882	0.10819326	0.365652182	0.247201591	0.181702457	0.133067514	0.289026928	0.091362647	0.794117647	0.252033804	0.313178239	0.375969357	0.314410691	0.488075416	0.185874501	0.16316396
KR906790	0.47826087	0.249131612	0.423076923	0.104807166	0.394469856	0.52173913	0.376441739	0.576923077	0.189942763	0.300307929	0.179854875	0.206543495	0.181374067	0.272727273	0.130254042	0.155177985	0.764705882	0.277752117	0.168112742	0.379302729	0.237016427	0.065422122	0.159559413	0.344187984	0.256597702	0.181766397	0.124356684	0.288707281	0.087682356	0.794117647	0.248494817	0.326788868	0.400600743	0.310522064	0.419556391	0.17832109	0.143917139
KR906792	0.449275362	0.231734328	0.461538462	0.140743677	0.407128754	0.550724638	0.388605171	0.538461538	0.206254459	0.355042117	0.184791346	0.250394101	0.215572886	0.272727273	0.07777477	0.176858414	0.735294118	0.220675891	0.167713501	0.342082089	0.26355247	0.073711491	0.1204906	0.381061104	0.238600214	0.181847766	0.097231742	0.288493774	0.082460444	0.771428571	0.251655674	0.292685987	0.387694851	0.290419228	0.437594143	0.182694296	0.141692533
KT336432	0.449275362	0.232633928	0.461538462	0.131627659	0.398835263	0.550724638	0.399015005	0.538461538	0.203265056	0.331600291	0.18513538	0.194291358	0.163645864	0.272727273	0.10341496	0.162749607	0.696969697	0.275688018	0.196378009	0.422929032	0.254381239	0.064133982	0.115974718	0.301290488	0.237794508	0.18847409	0.116786516	0.281136169	0.08456327	0.777777778	0.275705233	0.319970912	0.392663949	0.294158258	0.472683785	0.163484188	0.138872692
KT336433	0.449275362	0.2295048	0.448717949	0.152882219	0.398216626	0.550724638	0.398265452	0.551282051	0.207958568	0.336158981	0.199037516	0.209042072	0.185631758	0.272727273	0.096044094	0.14686071	0.727272727	0.26384288	0.18585567	0.438635301	0.252723171	0.089826969	0.106670303	0.285682306	0.22802101	0.162686164	0.097724173	0.281129848	0.078292905	0.777777778	0.245666502	0.301643188	0.392388346	0.319264665	0.450403928	0.193260329	0.145747191
KT336434	0.463768116	0.224875943	0.448717949	0.144325571	0.399551133	0.536231884	0.408242875	0.551282051	0.211282349	0.336159539	0.187642833	0.247461184	0.179695222	0.272727273	0.110733224	0.174884904	0.727272727	0.210736403	0.217181779	0.438909769	0.262179728	0.074793253	0.116582346	0.270004857	0.228259722	0.193225255	0.091051582	0.281349075	0.099671278	0.777777778	0.267745973	0.299557072	0.39271282	0.283490979	0.446619128	0.173537504	0.122664433
KT336435	0.463768116	0.246226102	0.448717949	0.144587133	0.39772179	0.536231884	0.403073511	0.551282051	0.221697338	0.362637776	0.175339571	0.206044904	0.156216292	0.272727273	0.098900927	0.159610149	0.696969697	0.23718009	0.202992653	0.460351221	0.251613951	0.067884383	0.115665357	0.264232836	0.243825837	0.184250204	0.091853149	0.277750892	0.090348097	0.777777778	0.246541898	0.30830283	0.396944733	0.286836025	0.473831335	0.191667221	0.141685671
KT336436	0.434782609	0.245683328	0.448717949	0.131711021	0.398319888	0.565217391	0.388590405	0.551282051	0.222350719	0.338845263	0.182477962	0.179506695	0.146203121	0.272727273	0.103469747	0.169591666	0.696969697	0.282976442	0.16577345	0.444607062	0.259003281	0.072638871	0.115699369	0.27988502	0.248767641	0.179692387	0.100020639	0.291293201	0.078419028	0.777777778	0.263267528	0.336149788	0.392623399	0.286329037	0.473951002	0.16053582	0.146339562
KT336437	0.449275362	0.246130996	0.441558442	0.144619306	0.397908108	0.550724638	0.393859795	0.558441558	0.221802619	0.360013566	0.173123222	0.211855283	0.161075462	0.272727273	0.098175241	0.156721893	0.696969697	0.235475408	0.203155843	0.460359874	0.251491281	0.071923348	0.115657609	0.264265998	0.246870137	0.180313989	0.091898893	0.277686984	0.092607271	0.777777778	0.235990716	0.303942032	0.397015881	0.292615154	0.473951002	0.202199505	0.141780554
KX148203	0.449275362	0.232825021	0.448717949	0.144561523	0.398688349	0.550724638	0.417196508	0.551282051	0.193219194	0.343425254	0.187719883	0.18228319	0.163349077	0.272727273	0.115359334	0.156155416	0.727272727	0.26375673	0.193143515	0.422923097	0.265929411	0.064060931	0.115922012	0.301291482	0.235542699	0.188383401	0.112674113	0.291361536	0.078469276	0.777777778	0.280086298	0.319410925	0.379240082	0.293798568	0.450029914	0.158730274	0.141758027
KX148204	0.455882353	0.248865731	0.443037975	0.144783959	0.396898423	0.544117647	0.398941592	0.556962025	0.215334341	0.338964402	0.173154851	0.17964013	0.168493522	0.272727273	0.100585113	0.127783881	0.727272727	0.285856311	0.190553344	0.41661739	0.24427388	0.063863384	0.115193435	0.307133935	0.231497998	0.188275196	0.092219919	0.291174153	0.095481654	0.777777778	0.253330757	0.313468623	0.378575727	0.334351558	0.453016421	0.183920115	0.14514417
KX148205	0.441176471	0.234218468	0.435897436	0.143957985	0.415891012	0.558823529	0.36538096	0.564102564	0.214393498	0.340173648	0.18529224	0.204044699	0.158744816	0.260869565	0.085214838	0.141568482	0.705882353	0.274405804	0.199066954	0.352120754	0.265279824	0.072448173	0.111219386	0.375368526	0.253167024	0.179038381	0.092101743	0.278098747	0.079414833	0.771428571	0.251708011	0.313076932	0.400929241	0.325694134	0.463706481	0.18013785	0.13864326
KX148206	0.507246377	0.244265266	0.397435897	0.151169519	0.392989161	0.492753623	0.373432918	0.602564103	0.195895806	0.321757094	0.182323674	0.214238374	0.164213268	0.272727273	0.096653803	0.159957752	0.705882353	0.282429059	0.181930016	0.357235531	0.224621615	0.065295489	0.108099997	0.365612315	0.248618667	0.18166464	0.119769643	0.275238454	0.096203489	0.794117647	0.258196375	0.314913275	0.386747561	0.314588113	0.466042047	0.19027815	0.158799551
KX148208	0.463768116	0.199787848	0.423076923	0.152302341	0.389069677	0.536231884	0.388942773	0.576923077	0.191878613	0.313387089	0.17465783	0.189428019	0.164744718	0.318181818	0.104540953	0.149687928	0.705882353	0.296901966	0.193995885	0.39492396	0.268867703	0.064785804	0.127993048	0.328676594	0.217308152	0.190578545	0.108627655	0.234032606	0.104399363	0.771428571	0.279533427	0.315983369	0.410062017	0.350071369	0.46527092	0.192618766	0.151293368
KY210222	0.449275362	0.24247154	0.448717949	0.140813831	0.430275481	0.550724638	0.381029834	0.551282051	0.207557381	0.352057087	0.193408214	0.231992775	0.168739404	0.227272727	0.078142895	0.172798147	0.705882353	0.241216633	0.188433451	0.357713244	0.251907594	0.074327404	0.120113774	0.365515649	0.238445799	0.183687169	0.097632562	0.278070219	0.082841035	0.764705882	0.253444204	0.301093719	0.387450042	0.300621988	0.462089554	0.186083885	0.145411595
KY210223	0.492753623	0.243142179	0.41025641	0.151219909	0.393086142	0.507246377	0.377017061	0.58974359	0.191462223	0.324640416	0.175295722	0.211200875	0.157745139	0.272727273	0.105919439	0.150443057	0.676470588	0.273120917	0.184976179	0.357242903	0.241216581	0.065225167	0.107975462	0.365669778	0.247111328	0.181642968	0.125117681	0.28510347	0.091294986	0.794117647	0.241132541	0.312831114	0.386942044	0.323350891	0.489031843	0.192410739	0.163109565
KY210224	0.449275362	0.231722595	0.461538462	0.140763011	0.406939494	0.550724638	0.388596557	0.538461538	0.206582691	0.355038632	0.184672133	0.250387349	0.188002325	0.272727273	0.077777892	0.176764386	0.705882353	0.22067168	0.195294021	0.34204405	0.263564513	0.073676247	0.120402561	0.381072686	0.238565246	0.181826043	0.097337719	0.288461922	0.082432409	0.771428571	0.251461909	0.292621518	0.387657854	0.290264355	0.46059008	0.182547425	0.141687214
KY210226	0.449275362	0.231711381	0.461538462	0.140782465	0.406751338	0.550724638	0.388588103	0.538461538	0.206910227	0.35503501	0.18455296	0.238363305	0.175341778	0.272727273	0.077781137	0.176669803	0.705882353	0.232684331	0.195363952	0.342005887	0.263576827	0.073640847	0.120314036	0.381084306	0.238529883	0.181804224	0.097443215	0.288430049	0.082404472	0.771428571	0.251267254	0.305084514	0.387620824	0.290108551	0.461089844	0.182399879	0.141681407
KY210227	0.492753623	0.243235307	0.41025641	0.151179546	0.393671607	0.507246377	0.377055275	0.58974359	0.182933043	0.314756317	0.175609803	0.209633516	0.158005204	0.272727273	0.120052904	0.159926206	0.676470588	0.271091769	0.184923718	0.357364809	0.241140928	0.065319882	0.10819326	0.365652182	0.247201591	0.181702457	0.133067514	0.289026928	0.091362647	0.794117647	0.252033804	0.313178239	0.375969357	0.314410691	0.488075416	0.185874501	0.16316396
KY210229	0.449275362	0.231690511	0.448717949	0.140821734	0.406378327	0.550724638	0.388571682	0.551282051	0.207563219	0.355027352	0.184314716	0.238345357	0.177376758	0.272727273	0.077787997	0.175011803	0.705882353	0.232678189	0.188947717	0.341929184	0.26360227	0.07356957	0.120135518	0.381107659	0.238457971	0.181760294	0.097652755	0.288366238	0.082348882	0.771428571	0.242338482	0.302651347	0.387546664	0.291261266	0.462089554	0.190639501	0.148220865
KY210231	0.449275362	0.231690511	0.448717949	0.140821734	0.406378327	0.550724638	0.388571682	0.551282051	0.207563219	0.355027352	0.184314716	0.238345357	0.177376758	0.272727273	0.077787997	0.175011803	0.705882353	0.232678189	0.188947717	0.341929184	0.26360227	0.07356957	0.120135518	0.381107659	0.238457971	0.181760294	0.097652755	0.288366238	0.082348882	0.771428571	0.242338482	0.302651347	0.387546664	0.291261266	0.462089554	0.190639501	0.148220865
KY210232	0.449275362	0.231690511	0.448717949	0.140821734	0.406378327	0.550724638	0.388571682	0.551282051	0.207563219	0.355027352	0.184314716	0.238345357	0.177376758	0.272727273	0.077787997	0.175011803	0.705882353	0.232678189	0.188947717	0.341929184	0.26360227	0.07356957	0.120135518	0.381107659	0.238457971	0.181760294	0.097652755	0.288366238	0.082348882	0.771428571	0.242338482	0.302651347	0.387546664	0.291261266	0.462089554	0.190639501	0.148220865
KY210234	0.449275362	0.231690511	0.448717949	0.140821734	0.406378327	0.550724638	0.388571682	0.551282051	0.207563219	0.355027352	0.184314716	0.238345357	0.177376758	0.272727273	0.077787997	0.175011803	0.705882353	0.232678189	0.188947717	0.341929184	0.26360227	0.07356957	0.120135518	0.381107659	0.238457971	0.181760294	0.097652755	0.288366238	0.082348882	0.771428571	0.242338482	0.302651347	0.387546664	0.291261266	0.462089554	0.190639501	0.148220865
KY210235	0.449275362	0.231690511	0.448717949	0.140821734	0.406378327	0.550724638	0.388571682	0.551282051	0.207563219	0.355027352	0.184314716	0.238345357	0.177376758	0.272727273	0.077787997	0.175011803	0.705882353	0.232678189	0.188947717	0.341929184	0.26360227	0.07356957	0.120135518	0.381107659	0.238457971	0.181760294	0.097652755	0.288366238	0.082348882	0.771428571	0.242338482	0.302651347	0.387546664	0.291261266	0.462089554	0.190639501	0.148220865
KY210238	0.449275362	0.231690511	0.448717949	0.140821734	0.406378327	0.550724638	0.388571682	0.551282051	0.207563219	0.355027352	0.184314716	0.238345357	0.177376758	0.272727273	0.077787997	0.175011803	0.705882353	0.232678189	0.188947717	0.341929184	0.26360227	0.07356957	0.120135518	0.381107659	0.238457971	0.181760294	0.097652755	0.288366238	0.082348882	0.771428571	0.242338482	0.302651347	0.387546664	0.291261266	0.462089554	0.190639501	0.148220865
KY210239	0.449275362	0.231690511	0.448717949	0.140821734	0.406378327	0.550724638	0.388571682	0.551282051	0.207563219	0.355027352	0.184314716	0.238345357	0.177376758	0.272727273	0.077787997	0.175011803	0.705882353	0.232678189	0.188947717	0.341929184	0.26360227	0.07356957	0.120135518	0.381107659	0.238457971	0.181760294	0.097652755	0.288366238	0.082348882	0.771428571	0.242338482	0.302651347	0.387546664	0.291261266	0.462089554	0.190639501	0.148220865
KY210243	0.449275362	0.226901354	0.448717949	0.140829609	0.406583813	0.550724638	0.388594511	0.551282051	0.207569096	0.355023171	0.184389945	0.238335557	0.177430647	0.272727273	0.077791743	0.175010883	0.705882353	0.232674835	0.188990547	0.341956202	0.268813056	0.073598687	0.120157351	0.381128801	0.238470425	0.18177829	0.097673088	0.278250267	0.082359451	0.771428571	0.242329289	0.302783217	0.400917359	0.291263987	0.462089554	0.190615188	0.148229006
KY210244	0.449275362	0.231722595	0.461538462	0.140763011	0.406939494	0.550724638	0.388596557	0.538461538	0.206582691	0.355038632	0.184672133	0.250387349	0.188002325	0.272727273	0.077777892	0.176764386	0.705882353	0.22067168	0.195294021	0.34204405	0.263564513	0.073676247	0.120402561	0.381072686	0.238565246	0.181826043	0.097337719	0.288461922	0.082432409	0.771428571	0.251461909	0.292621518	0.387657854	0.290264355	0.46059008	0.182547425	0.141687214
KY210245	0.47826087	0.249131612	0.423076923	0.104807166	0.394469856	0.52173913	0.376441739	0.576923077	0.189942763	0.300307929	0.179854875	0.206543495	0.181374067	0.272727273	0.130254042	0.155177985	0.764705882	0.277752117	0.168112742	0.379302729	0.237016427	0.065422122	0.159559413	0.344187984	0.256597702	0.181766397	0.124356684	0.288707281	0.087682356	0.794117647	0.248494817	0.326788868	0.400600743	0.310522064	0.419556391	0.17832109	0.143917139
KY210247	0.449275362	0.231713562	0.448717949	0.140829609	0.406583813	0.550724638	0.388594511	0.551282051	0.18743599	0.343001334	0.184389945	0.238335557	0.177430647	0.272727273	0.089813579	0.175010883	0.705882353	0.232674835	0.188990547	0.341956202	0.263608384	0.073598687	0.120157351	0.381128801	0.238470425	0.18177829	0.118508352	0.28834411	0.082359451	0.771428571	0.242329289	0.302783217	0.387643255	0.291263987	0.462089554	0.190615188	0.148229006
KY210248	0.449275362	0.231722595	0.461538462	0.140763011	0.406939494	0.550724638	0.388596557	0.538461538	0.206582691	0.355038632	0.184672133	0.250387349	0.188002325	0.272727273	0.077777892	0.176764386	0.705882353	0.22067168	0.195294021	0.34204405	0.263564513	0.073676247	0.120402561	0.381072686	0.238565246	0.181826043	0.097337719	0.288461922	0.082432409	0.771428571	0.251461909	0.292621518	0.387657854	0.290264355	0.46059008	0.182547425	0.141687214
KY210249	0.449275362	0.231700686	0.461538462	0.140802039	0.406564282	0.550724638	0.388579812	0.538461538	0.20723707	0.35503125	0.184433822	0.238354493	0.177490394	0.272727273	0.077784505	0.179447969	0.705882353	0.232681315	0.188886481	0.341967598	0.263589412	0.073605289	0.120225023	0.381095963	0.238494126	0.181782308	0.097548227	0.288398154	0.08237663	0.771428571	0.242524627	0.302737321	0.38758376	0.287078499	0.461589668	0.190798725	0.14822133
KY210250	0.449275362	0.231690511	0.448717949	0.140821734	0.406378327	0.550724638	0.388571682	0.551282051	0.207563219	0.355027352	0.184314716	0.238345357	0.177376758	0.272727273	0.077787997	0.175011803	0.705882353	0.232678189	0.188947717	0.341929184	0.26360227	0.07356957	0.120135518	0.381107659	0.238457971	0.181760294	0.097652755	0.288366238	0.082348882	0.771428571	0.242338482	0.302651347	0.387546664	0.291261266	0.462089554	0.190639501	0.148220865
KY210251	0.449275362	0.231690511	0.448717949	0.140821734	0.406378327	0.550724638	0.388571682	0.551282051	0.207563219	0.355027352	0.184314716	0.238345357	0.177376758	0.272727273	0.077787997	0.175011803	0.705882353	0.232678189	0.188947717	0.341929184	0.26360227	0.07356957	0.120135518	0.381107659	0.238457971	0.181760294	0.097652755	0.288366238	0.082348882	0.771428571	0.242338482	0.302651347	0.387546664	0.291261266	0.462089554	0.190639501	0.148220865
KY210252	0.47826087	0.249131612	0.423076923	0.104807166	0.394469856	0.52173913	0.376441739	0.576923077	0.189942763	0.300307929	0.179854875	0.206543495	0.181374067	0.272727273	0.130254042	0.155177985	0.764705882	0.277752117	0.168112742	0.379302729	0.237016427	0.065422122	0.159559413	0.344187984	0.256597702	0.181766397	0.124356684	0.288707281	0.087682356	0.794117647	0.248494817	0.326788868	0.400600743	0.310522064	0.419556391	0.17832109	0.143917139
KY210253	0.492753623	0.254826935	0.423076923	0.151223889	0.392887867	0.507246377	0.377094865	0.576923077	0.191347092	0.32220399	0.171362833	0.209594822	0.157542697	0.272727273	0.112609168	0.150428697	0.676470588	0.271051446	0.184814586	0.379014147	0.234260741	0.065173399	0.10794187	0.344190374	0.2470737	0.181605668	0.125106945	0.299434233	0.091337922	0.794117647	0.232757235	0.312547353	0.375724643	0.323260355	0.488924606	0.198008536	0.162988785
KY210254	0.492753623	0.254826935	0.423076923	0.151223889	0.392887867	0.507246377	0.377094865	0.576923077	0.191347092	0.32220399	0.171362833	0.209594822	0.157542697	0.272727273	0.112609168	0.150428697	0.676470588	0.271051446	0.184814586	0.379014147	0.234260741	0.065173399	0.10794187	0.344190374	0.2470737	0.181605668	0.125106945	0.299434233	0.091337922	0.794117647	0.232757235	0.312547353	0.375724643	0.323260355	0.488924606	0.198008536	0.162988785
KY210255	0.492753623	0.254826935	0.423076923	0.151223889	0.392887867	0.507246377	0.377094865	0.576923077	0.191347092	0.32220399	0.171362833	0.209594822	0.157542697	0.272727273	0.112609168	0.150428697	0.676470588	0.271051446	0.184814586	0.379014147	0.234260741	0.065173399	0.10794187	0.344190374	0.2470737	0.181605668	0.125106945	0.299434233	0.091337922	0.794117647	0.232757235	0.312547353	0.375724643	0.323260355	0.488924606	0.198008536	0.162988785
KY210256	0.492753623	0.254826935	0.423076923	0.151223889	0.392887867	0.507246377	0.377094865	0.576923077	0.191347092	0.32220399	0.171362833	0.209594822	0.157542697	0.272727273	0.112609168	0.150428697	0.676470588	0.271051446	0.184814586	0.379014147	0.234260741	0.065173399	0.10794187	0.344190374	0.2470737	0.181605668	0.125106945	0.299434233	0.091337922	0.794117647	0.232757235	0.312547353	0.375724643	0.323260355	0.488924606	0.198008536	0.162988785
KY210257	0.492753623	0.243235307	0.41025641	0.151179546	0.393671607	0.507246377	0.377055275	0.58974359	0.182933043	0.314756317	0.175609803	0.209633516	0.158005204	0.272727273	0.120052904	0.159926206	0.676470588	0.271091769	0.184923718	0.357364809	0.241140928	0.065319882	0.10819326	0.365652182	0.247201591	0.181702457	0.133067514	0.289026928	0.091362647	0.794117647	0.252033804	0.313178239	0.375969357	0.314410691	0.488075416	0.185874501	0.16316396
KY210258	0.449275362	0.231690511	0.448717949	0.140821734	0.406378327	0.550724638	0.388571682	0.551282051	0.207563219	0.355027352	0.184314716	0.238345357	0.177376758	0.272727273	0.077787997	0.175011803	0.705882353	0.232678189	0.188947717	0.341929184	0.26360227	0.07356957	0.120135518	0.381107659	0.238457971	0.181760294	0.097652755	0.288366238	0.082348882	0.771428571	0.242338482	0.302651347	0.387546664	0.291261266	0.462089554	0.190639501	0.148220865
KY210260	0.449275362	0.231690511	0.448717949	0.140821734	0.406378327	0.550724638	0.388571682	0.551282051	0.207563219	0.355027352	0.184314716	0.238345357	0.177376758	0.272727273	0.077787997	0.175011803	0.705882353	0.232678189	0.188947717	0.341929184	0.26360227	0.07356957	0.120135518	0.381107659	0.238457971	0.181760294	0.097652755	0.288366238	0.082348882	0.771428571	0.242338482	0.302651347	0.387546664	0.291261266	0.462089554	0.190639501	0.148220865
KY210263	0.47826087	0.249106945	0.423076923	0.104813969	0.394279899	0.52173913	0.376442815	0.576923077	0.190224231	0.300300654	0.179735571	0.206533548	0.164364824	0.272727273	0.130262504	0.155091727	0.735294118	0.277747366	0.184748127	0.379262071	0.237048865	0.065388072	0.159482054	0.344201504	0.25655282	0.181747563	0.124524548	0.28868564	0.08765344	0.794117647	0.248297044	0.326700234	0.4005562	0.310347721	0.442401439	0.17817362	0.143956421
KY210264	0.47826087	0.23972295	0.423076923	0.151200137	0.39370045	0.52173913	0.367130665	0.576923077	0.191181417	0.322215115	0.179391303	0.197549233	0.145515904	0.272727273	0.112595523	0.150523633	0.676470588	0.283147618	0.185014414	0.357350526	0.244992918	0.065310741	0.108132669	0.365687935	0.257744121	0.181705754	0.125008961	0.275367858	0.087519548	0.794117647	0.245885311	0.325639476	0.39421642	0.323542875	0.488553598	0.191618711	0.163153964
KY210265	0.449275362	0.231722595	0.461538462	0.140763011	0.406939494	0.550724638	0.388596557	0.538461538	0.206582691	0.355038632	0.184672133	0.250387349	0.188002325	0.272727273	0.077777892	0.176764386	0.705882353	0.22067168	0.195294021	0.34204405	0.263564513	0.073676247	0.120402561	0.381072686	0.238565246	0.181826043	0.097337719	0.288461922	0.082432409	0.771428571	0.251461909	0.292621518	0.387657854	0.290264355	0.46059008	0.182547425	0.141687214
KY210266	0.492753623	0.254826935	0.423076923	0.151223889	0.392887867	0.507246377	0.377094865	0.576923077	0.191347092	0.32220399	0.171362833	0.209594822	0.157542697	0.272727273	0.112609168	0.150428697	0.676470588	0.271051446	0.184814586	0.379014147	0.234260741	0.065173399	0.10794187	0.344190374	0.2470737	0.181605668	0.125106945	0.299434233	0.091337922	0.794117647	0.232757235	0.312547353	0.375724643	0.323260355	0.488924606	0.198008536	0.162988785
KY210267	0.449275362	0.231606458	0.448717949	0.140820264	0.406545675	0.550724638	0.388496606	0.551282051	0.199645917	0.355056086	0.184433849	0.230980603	0.177601141	0.272727273	0.077762256	0.165738674	0.705882353	0.240133335	0.202118325	0.341952463	0.263432635	0.07361928	0.120199925	0.381100572	0.238514068	0.181829649	0.097576775	0.274848134	0.082332611	0.771428571	0.259638724	0.302941016	0.387546664	0.300900245	0.461709432	0.182241799	0.141755957
KY210269	0.492753623	0.243235307	0.41025641	0.151179546	0.393671607	0.507246377	0.377055275	0.58974359	0.182933043	0.314756317	0.175609803	0.209633516	0.158005204	0.272727273	0.120052904	0.159926206	0.676470588	0.271091769	0.184923718	0.357364809	0.241140928	0.065319882	0.10819326	0.365652182	0.247201591	0.181702457	0.133067514	0.289026928	0.091362647	0.794117647	0.252033804	0.313178239	0.375969357	0.314410691	0.488075416	0.185874501	0.16316396
KY210270	0.492753623	0.243235307	0.41025641	0.151179546	0.393671607	0.507246377	0.377055275	0.58974359	0.182933043	0.314756317	0.175609803	0.209633516	0.158005204	0.272727273	0.120052904	0.159926206	0.676470588	0.271091769	0.184923718	0.357364809	0.241140928	0.065319882	0.10819326	0.365652182	0.247201591	0.181702457	0.133067514	0.289026928	0.091362647	0.794117647	0.252033804	0.313178239	0.375969357	0.314410691	0.488075416	0.185874501	0.16316396
KY210271	0.449275362	0.231690511	0.448717949	0.140821734	0.406378327	0.550724638	0.388571682	0.551282051	0.207563219	0.355027352	0.184314716	0.238345357	0.177376758	0.272727273	0.077787997	0.175011803	0.705882353	0.232678189	0.188947717	0.341929184	0.26360227	0.07356957	0.120135518	0.381107659	0.238457971	0.181760294	0.097652755	0.288366238	0.082348882	0.771428571	0.242338482	0.302651347	0.387546664	0.291261266	0.462089554	0.190639501	0.148220865
KY210272	0.449275362	0.231690511	0.448717949	0.140821734	0.406378327	0.550724638	0.388571682	0.551282051	0.207563219	0.355027352	0.184314716	0.238345357	0.177376758	0.272727273	0.077787997	0.175011803	0.705882353	0.232678189	0.188947717	0.341929184	0.26360227	0.07356957	0.120135518	0.381107659	0.238457971	0.181760294	0.097652755	0.288366238	0.082348882	0.771428571	0.242338482	0.302651347	0.387546664	0.291261266	0.462089554	0.190639501	0.148220865
KY210273	0.449275362	0.231722595	0.461538462	0.140763011	0.406939494	0.550724638	0.388596557	0.538461538	0.206582691	0.355038632	0.184672133	0.250387349	0.188002325	0.272727273	0.077777892	0.176764386	0.705882353	0.22067168	0.195294021	0.34204405	0.263564513	0.073676247	0.120402561	0.381072686	0.238565246	0.181826043	0.097337719	0.288461922	0.082432409	0.771428571	0.251461909	0.292621518	0.387657854	0.290264355	0.46059008	0.182547425	0.141687214
KY210278	0.449275362	0.231667072	0.448717949	0.140813831	0.406172385	0.550724638	0.398396822	0.551282051	0.207557381	0.362459277	0.184239176	0.230927753	0.177322903	0.272727273	0.070356518	0.165649289	0.705882353	0.240109266	0.195456392	0.341902239	0.263595853	0.073540422	0.120113774	0.381086486	0.228070278	0.181742279	0.097632562	0.288388353	0.082337983	0.771428571	0.25088298	0.302519546	0.387450042	0.300621988	0.462089554	0.182128498	0.141661179
KY210279	0.492753623	0.250604649	0.41025641	0.154111378	0.383786895	0.507246377	0.373369058	0.58974359	0.182285211	0.314754245	0.167876174	0.209627231	0.160951405	0.285714286	0.120055616	0.167678377	0.676470588	0.27108522	0.186527647	0.36122696	0.243854467	0.065795265	0.110543415	0.363523176	0.244629324	0.182975986	0.132607223	0.289007752	0.09339586	0.794117647	0.25203416	0.319020502	0.376069984	0.31151035	0.488075416	0.185838209	0.164552721
KY210280	0.492753623	0.243142179	0.41025641	0.151219909	0.393086142	0.507246377	0.377017061	0.58974359	0.191462223	0.324640416	0.175295722	0.211200875	0.157745139	0.272727273	0.105919439	0.150443057	0.676470588	0.273120917	0.184976179	0.357242903	0.241216581	0.065225167	0.107975462	0.365669778	0.247111328	0.181642968	0.125117681	0.28510347	0.091294986	0.794117647	0.241132541	0.312831114	0.386942044	0.323350891	0.489031843	0.192410739	0.163109565
KY210281	0.492753623	0.243142179	0.41025641	0.151219909	0.393086142	0.507246377	0.377017061	0.58974359	0.191462223	0.324640416	0.175295722	0.211200875	0.157745139	0.272727273	0.105919439	0.150443057	0.676470588	0.273120917	0.184976179	0.357242903	0.241216581	0.065225167	0.107975462	0.365669778	0.247111328	0.181642968	0.125117681	0.28510347	0.091294986	0.794117647	0.241132541	0.312831114	0.386942044	0.323350891	0.489031843	0.192410739	0.163109565
KY210282	0.492753623	0.243142179	0.41025641	0.151219909	0.393086142	0.507246377	0.377017061	0.58974359	0.191462223	0.324640416	0.175295722	0.211200875	0.157745139	0.272727273	0.105919439	0.150443057	0.676470588	0.273120917	0.184976179	0.357242903	0.241216581	0.065225167	0.107975462	0.365669778	0.247111328	0.181642968	0.125117681	0.28510347	0.091294986	0.794117647	0.241132541	0.312831114	0.386942044	0.323350891	0.489031843	0.192410739	0.163109565
KY210286	0.449275362	0.231667072	0.448717949	0.140813831	0.406172385	0.550724638	0.398396822	0.551282051	0.207557381	0.362459277	0.184239176	0.230927753	0.177322903	0.272727273	0.070356518	0.165649289	0.705882353	0.240109266	0.195456392	0.341902239	0.263595853	0.073540422	0.120113774	0.381086486	0.228070278	0.181742279	0.097632562	0.288388353	0.082337983	0.771428571	0.25088298	0.302519546	0.387450042	0.300621988	0.462089554	0.182128498	0.141661179
KY210287	0.463768116	0.235103995	0.448717949	0.140805901	0.405965983	0.536231884	0.398373745	0.551282051	0.207551581	0.362464461	0.184163324	0.23093723	0.177269082	0.272727273	0.070351791	0.165651274	0.705882353	0.240113582	0.195412519	0.341875364	0.259844875	0.073511242	0.120092119	0.381065281	0.228057447	0.181724243	0.097612506	0.288410457	0.082326754	0.771428571	0.250890714	0.302387814	0.38735339	0.300618219	0.462089554	0.182154248	0.141654005
KY210288	0.463768116	0.235103995	0.448717949	0.140805901	0.405965983	0.536231884	0.398373745	0.551282051	0.207551581	0.362464461	0.184163324	0.23093723	0.177269082	0.272727273	0.070351791	0.165651274	0.705882353	0.240113582	0.195412519	0.341875364	0.259844875	0.073511242	0.120092119	0.381065281	0.228057447	0.181724243	0.097612506	0.288410457	0.082326754	0.771428571	0.250890714	0.302387814	0.38735339	0.300618219	0.462089554	0.182154248	0.141654005
KY210289	0.449275362	0.231690511	0.448717949	0.140821734	0.406378327	0.550724638	0.388571682	0.551282051	0.207563219	0.355027352	0.184314716	0.238345357	0.177376758	0.272727273	0.077787997	0.175011803	0.705882353	0.232678189	0.188947717	0.341929184	0.26360227	0.07356957	0.120135518	0.381107659	0.238457971	0.181760294	0.097652755	0.288366238	0.082348882	0.771428571	0.242338482	0.302651347	0.387546664	0.291261266	0.462089554	0.190639501	0.148220865
KY210290	0.449275362	0.231690511	0.448717949	0.140821734	0.406378327	0.550724638	0.388571682	0.551282051	0.207563219	0.355027352	0.184314716	0.238345357	0.177376758	0.272727273	0.077787997	0.175011803	0.705882353	0.232678189	0.188947717	0.341929184	0.26360227	0.07356957	0.120135518	0.381107659	0.238457971	0.181760294	0.097652755	0.288366238	0.082348882	0.771428571	0.242338482	0.302651347	0.387546664	0.291261266	0.462089554	0.190639501	0.148220865
KY210292	0.449275362	0.231690511	0.448717949	0.140821734	0.406378327	0.550724638	0.388571682	0.551282051	0.207563219	0.355027352	0.184314716	0.238345357	0.177376758	0.272727273	0.077787997	0.175011803	0.705882353	0.232678189	0.188947717	0.341929184	0.26360227	0.07356957	0.120135518	0.381107659	0.238457971	0.181760294	0.097652755	0.288366238	0.082348882	0.771428571	0.242338482	0.302651347	0.387546664	0.291261266	0.462089554	0.190639501	0.148220865
KY210293	0.449275362	0.231690511	0.448717949	0.140821734	0.406378327	0.550724638	0.388571682	0.551282051	0.207563219	0.355027352	0.184314716	0.238345357	0.177376758	0.272727273	0.077787997	0.175011803	0.705882353	0.232678189	0.188947717	0.341929184	0.26360227	0.07356957	0.120135518	0.381107659	0.238457971	0.181760294	0.097652755	0.288366238	0.082348882	0.771428571	0.242338482	0.302651347	0.387546664	0.291261266	0.462089554	0.190639501	0.148220865
KY210294	0.492753623	0.243235307	0.41025641	0.151179546	0.393671607	0.507246377	0.377055275	0.58974359	0.182933043	0.314756317	0.175609803	0.209633516	0.158005204	0.272727273	0.120052904	0.159926206	0.676470588	0.271091769	0.184923718	0.357364809	0.241140928	0.065319882	0.10819326	0.365652182	0.247201591	0.181702457	0.133067514	0.289026928	0.091362647	0.794117647	0.252033804	0.313178239	0.375969357	0.314410691	0.488075416	0.185874501	0.16316396
KY210295	0.463768116	0.235103995	0.448717949	0.140805901	0.405965983	0.536231884	0.398373745	0.551282051	0.207551581	0.362464461	0.184163324	0.23093723	0.177269082	0.272727273	0.070351791	0.165651274	0.705882353	0.240113582	0.195412519	0.341875364	0.259844875	0.073511242	0.120092119	0.381065281	0.228057447	0.181724243	0.097612506	0.288410457	0.082326754	0.771428571	0.250890714	0.302387814	0.38735339	0.300618219	0.462089554	0.182154248	0.141654005
KY210296	0.463768116	0.235103995	0.448717949	0.140805901	0.405965983	0.536231884	0.398373745	0.551282051	0.207551581	0.362464461	0.184163324	0.23093723	0.177269082	0.272727273	0.070351791	0.165651274	0.705882353	0.240113582	0.195412519	0.341875364	0.259844875	0.073511242	0.120092119	0.381065281	0.228057447	0.181724243	0.097612506	0.288410457	0.082326754	0.771428571	0.250890714	0.302387814	0.38735339	0.300618219	0.462089554	0.182154248	0.141654005
KY210299	0.449275362	0.231690511	0.448717949	0.140821734	0.406378327	0.550724638	0.388571682	0.551282051	0.207563219	0.355027352	0.184314716	0.238345357	0.177376758	0.272727273	0.077787997	0.175011803	0.705882353	0.232678189	0.188947717	0.341929184	0.26360227	0.07356957	0.120135518	0.381107659	0.238457971	0.181760294	0.097652755	0.288366238	0.082348882	0.771428571	0.242338482	0.302651347	0.387546664	0.291261266	0.462089554	0.190639501	0.148220865
KY210300	0.449275362	0.231690511	0.448717949	0.140821734	0.406378327	0.550724638	0.388571682	0.551282051	0.207563219	0.355027352	0.184314716	0.238345357	0.177376758	0.272727273	0.077787997	0.175011803	0.705882353	0.232678189	0.188947717	0.341929184	0.26360227	0.07356957	0.120135518	0.381107659	0.238457971	0.181760294	0.097652755	0.288366238	0.082348882	0.771428571	0.242338482	0.302651347	0.387546664	0.291261266	0.462089554	0.190639501	0.148220865
KY210303	0.449275362	0.231722595	0.461538462	0.140763011	0.406939494	0.550724638	0.388596557	0.538461538	0.206582691	0.355038632	0.184672133	0.250387349	0.188002325	0.272727273	0.077777892	0.176764386	0.705882353	0.22067168	0.195294021	0.34204405	0.263564513	0.073676247	0.120402561	0.381072686	0.238565246	0.181826043	0.097337719	0.288461922	0.082432409	0.771428571	0.251461909	0.292621518	0.387657854	0.290264355	0.46059008	0.182547425	0.141687214
KY210304	0.492753623	0.243262916	0.423076923	0.151159339	0.393858627	0.507246377	0.377061002	0.576923077	0.18266894	0.314758766	0.178058271	0.209640941	0.158103987	0.272727273	0.120049699	0.16001623	0.676470588	0.271099507	0.184874469	0.357410035	0.241104528	0.065354212	0.108285424	0.365634461	0.247239823	0.181721134	0.132885275	0.289058811	0.089061798	0.794117647	0.252240265	0.313289652	0.376012574	0.314589564	0.487597295	0.186034643	0.163184554
KY210307	0.449275362	0.231690511	0.448717949	0.140821734	0.406378327	0.550724638	0.388571682	0.551282051	0.207563219	0.355027352	0.184314716	0.238345357	0.177376758	0.272727273	0.077787997	0.175011803	0.705882353	0.232678189	0.188947717	0.341929184	0.26360227	0.07356957	0.120135518	0.381107659	0.238457971	0.181760294	0.097652755	0.288366238	0.082348882	0.771428571	0.242338482	0.302651347	0.387546664	0.291261266	0.462089554	0.190639501	0.148220865
KY210311	0.47826087	0.249106945	0.423076923	0.104813969	0.394279899	0.52173913	0.376442815	0.576923077	0.190224231	0.300300654	0.179735571	0.206533548	0.164364824	0.272727273	0.130262504	0.155091727	0.735294118	0.277747366	0.184748127	0.379262071	0.237048865	0.065388072	0.159482054	0.344201504	0.25655282	0.181747563	0.124524548	0.28868564	0.08765344	0.794117647	0.248297044	0.326700234	0.4005562	0.310347721	0.442401439	0.17817362	0.143956421
KY563717	0.463768116	0.223366	0.441558442	0.144310271	0.399722132	0.536231884	0.408178138	0.558441558	0.211041379	0.333727998	0.189930405	0.24571165	0.19684535	0.272727273	0.109905728	0.165595977	0.757575758	0.21652581	0.200233645	0.438931746	0.260171065	0.074881511	0.116658834	0.26999519	0.228308561	0.1931854	0.090976992	0.281349075	0.099370661	0.777777778	0.26798735	0.299845594	0.39271282	0.293135176	0.423152289	0.173643439	0.122684762
LC029890	0.47826087	0.20052016	0.435897436	0.152239001	0.381778131	0.52173913	0.403277606	0.564102564	0.205004943	0.323901849	0.173317594	0.176713903	0.164827997	0.318181818	0.104051546	0.149555477	0.705882353	0.300091564	0.193893891	0.39491965	0.269001888	0.0747238	0.128162753	0.328582629	0.194541493	0.177897559	0.106404614	0.247917026	0.093495864	0.777777778	0.274847208	0.30674937	0.391720001	0.36606365	0.464278988	0.198050677	0.156873477
MN726804	0.442857143	0.223907776	0.448717949	0.143601955	0.396960184	0.557142857	0.37108652	0.551282051	0.207750726	0.340199975	0.175562337	0.223573692	0.188896681	0.285714286	0.085185274	0.163413381	0.705882353	0.255014701	0.195859295	0.347449643	0.268457438	0.065941496	0.122698589	0.371367381	0.248907868	0.193579891	0.097750081	0.257787648	0.09370914	0.771428571	0.263897907	0.300937223	0.414180871	0.31021362	0.462326829	0.17553677	0.141843683
MN726826	0.449275362	0.232912761	0.448717949	0.140865993	0.406548294	0.550724638	0.371056715	0.551282051	0.207744718	0.340202503	0.179397807	0.223581566	0.168564597	0.272727273	0.085182436	0.172781071	0.676470588	0.255020067	0.212469009	0.363662218	0.261793739	0.064906984	0.120107348	0.359734071	0.238510138	0.190592754	0.097729401	0.267888752	0.087264156	0.771428571	0.27244643	0.295393051	0.400828729	0.310208669	0.484729877	0.167026928	0.141836605
MN726827	0.449275362	0.232873733	0.448717949	0.14086396	0.406716782	0.550724638	0.361109455	0.551282051	0.207507506	0.332780386	0.17952209	0.231078854	0.168801615	0.272727273	0.08516192	0.182233334	0.676470588	0.255058851	0.212578966	0.36368357	0.261573439	0.064960888	0.120171391	0.359729265	0.238566209	0.19065624	0.097653518	0.267888752	0.087240922	0.771428571	0.272683378	0.295664228	0.400828729	0.310484446	0.484365394	0.167154992	0.141924474
MT454631	0.449275362	0.232640593	0.461538462	0.131595348	0.399021682	0.550724638	0.399011392	0.538461538	0.203025291	0.331605521	0.185250197	0.201639589	0.163729464	0.272727273	0.103411512	0.162837273	0.696969697	0.268350367	0.202877828	0.422960727	0.254376259	0.0641656	0.116084362	0.301285181	0.237842459	0.188497719	0.116630606	0.28116363	0.084589939	0.777777778	0.275924937	0.320086896	0.392704463	0.294319045	0.472182499	0.1636065	0.132292922
MT454634	0.449275362	0.232633928	0.461538462	0.131627659	0.398835263	0.550724638	0.399015005	0.538461538	0.203265056	0.331600291	0.18513538	0.194291358	0.163645864	0.272727273	0.10341496	0.162749607	0.696969697	0.275688018	0.196378009	0.422929032	0.254381239	0.064133982	0.115974718	0.301290488	0.237794508	0.18847409	0.116786516	0.281136169	0.08456327	0.777777778	0.275705233	0.319970912	0.392663949	0.294158258	0.472683785	0.163484188	0.138872692
MT454635	0.449275362	0.232650509	0.448717949	0.131660441	0.398856439	0.550724638	0.399039027	0.551282051	0.191043622	0.331589122	0.182776583	0.194274097	0.163607447	0.272727273	0.103422321	0.162652194	0.696969697	0.275682687	0.196486656	0.422919464	0.254394418	0.064126595	0.115885555	0.301325258	0.237761244	0.188472478	0.129865769	0.267423898	0.086867961	0.777777778	0.275468127	0.31999856	0.410752602	0.294006462	0.47318511	0.163344755	0.138894026
MT454636	0.449275362	0.232633928	0.461538462	0.131627659	0.398835263	0.550724638	0.399015005	0.538461538	0.203265056	0.331600291	0.18513538	0.194291358	0.163645864	0.272727273	0.10341496	0.162749607	0.696969697	0.275688018	0.196378009	0.422929032	0.254381239	0.064133982	0.115974718	0.301290488	0.237794508	0.18847409	0.116786516	0.281136169	0.08456327	0.777777778	0.275705233	0.319970912	0.392663949	0.294158258	0.472683785	0.163484188	0.138872692
MT454637	0.449275362	0.232647763	0.474358974	0.131563232	0.39920921	0.550724638	0.399007938	0.525641026	0.2027846	0.331610567	0.185365081	0.201648075	0.185560316	0.272727273	0.103408187	0.162924437	0.696969697	0.268352087	0.196248856	0.422992319	0.254371488	0.064197052	0.116193445	0.30127989	0.237890001	0.188521285	0.116474449	0.281191074	0.084616706	0.777777778	0.276143622	0.298454586	0.392744941	0.294478849	0.471681253	0.163728244	0.138840227
MT454639	0.449275362	0.232633928	0.461538462	0.131627659	0.398835263	0.550724638	0.399015005	0.538461538	0.203265056	0.331600291	0.18513538	0.194291358	0.163645864	0.272727273	0.10341496	0.162749607	0.696969697	0.275688018	0.196378009	0.422929032	0.254381239	0.064133982	0.115974718	0.301290488	0.237794508	0.18847409	0.116786516	0.281136169	0.08456327	0.777777778	0.275705233	0.319970912	0.392663949	0.294158258	0.472683785	0.163484188	0.138872692
MT454641	0.449275362	0.232627768	0.461538462	0.131660165	0.398649951	0.550724638	0.399018778	0.538461538	0.203503895	0.331594874	0.185020628	0.194282987	0.163561716	0.272727273	0.10341853	0.162661437	0.696969697	0.275685432	0.193393445	0.422897232	0.25438643	0.064102198	0.11586451	0.301295813	0.237746147	0.188450393	0.11694218	0.281108689	0.084536697	0.777777778	0.271477475	0.319854423	0.392623399	0.293996477	0.47318511	0.167368333	0.141935479
MT454643	0.420289855	0.24861758	0.46835443	0.157805812	0.404222192	0.579710145	0.383566507	0.53164557	0.194998501	0.336536077	0.181267884	0.171085099	0.172418683	0.238095238	0.107097908	0.12745986	0.757575758	0.291111263	0.186018193	0.401358711	0.243723516	0.063080612	0.104098426	0.296200595	0.247863084	0.202019034	0.091995621	0.294276177	0.095058219	0.777777778	0.255622623	0.3406953	0.360769385	0.337913482	0.428719024	0.187573725	0.149783653
MT454644	0.492753623	0.234792462	0.405063291	0.140832684	0.393376059	0.507246377	0.42008432	0.594936709	0.22932762	0.344319701	0.180848129	0.214078614	0.172016051	0.272727273	0.093760343	0.158540558	0.705882353	0.262719606	0.188054875	0.438497759	0.243484492	0.065279608	0.109187017	0.285620457	0.226121726	0.18163832	0.093849785	0.288403163	0.091373075	0.794117647	0.254547789	0.314079889	0.386854101	0.296436937	0.463589573	0.177585577	0.143774128
MT454645	0.420289855	0.248586523	0.455696203	0.157850666	0.404031893	0.579710145	0.383558737	0.544303797	0.195364399	0.336529488	0.178796102	0.171078374	0.172303121	0.238095238	0.107104588	0.127389339	0.757575758	0.291103537	0.186068863	0.401309369	0.243766185	0.063054519	0.104004486	0.296219956	0.247824969	0.201990335	0.092092569	0.294242591	0.097377963	0.777777778	0.255421218	0.34060083	0.360728031	0.337724516	0.429262519	0.187418474	0.149805596
AF351828	0.378787879	0.254073489	0.4125	0.084469741	0.410581679	0.621212121	0.302167712	0.5875	0.272057528	0.321676499	0.167117488	0.204254341	0.148936535	0.304347826	0.099454277	0.135955291	0.545454545	0.269703376	0.197763549	0.410379147	0.249694512	0.092143646	0.081542311	0.318139266	0.322093357	0.16384563	0.16539606	0.227767347	0.094757951	0.75	0.223983774	0.304969485	0.505673389	0.353303602	0.591635202	0.210876176	0.13681921
AF351831	0.4	0.252313156	0.407407407	0.101666495	0.425134873	0.6	0.309887805	0.592592593	0.239194754	0.291509004	0.179096638	0.227428146	0.091098308	0.260869565	0.116427668	0.128169475	0.545454545	0.259028742	0.207130505	0.431598193	0.222688441	0.057997603	0.117509203	0.312274129	0.310663399	0.1824923	0.146148105	0.262190813	0.096205019	0.75	0.197576408	0.308420336	0.459621201	0.347873759	0.592899002	0.225338844	0.151107301
AF351832	0.388059701	0.264143777	0.425	0.084925835	0.398732444	0.611940299	0.309203361	0.575	0.270383383	0.298918652	0.158111059	0.221580374	0.133608934	0.304347826	0.106728284	0.124447027	0.470588235	0.276876147	0.218808917	0.394625366	0.226209373	0.092889134	0.073233876	0.333417547	0.32861796	0.154878212	0.160461042	0.266735585	0.093780798	0.771428571	0.196077759	0.297930227	0.472414465	0.361877294	0.646658249	0.215218995	0.150612865
AF351833	0.363636364	0.283459104	0.392405063	0.083324968	0.424170491	0.636363636	0.320488236	0.607594937	0.268342711	0.33847194	0.162502033	0.205846071	0.121895006	0.260869565	0.074020844	0.127663112	0.545454545	0.2761721	0.205295896	0.409993775	0.198031435	0.095536643	0.091248843	0.318025238	0.310454595	0.162945499	0.14991628	0.266828676	0.108433625	0.75	0.201962456	0.308979702	0.449583168	0.363119159	0.593375756	0.234206085	0.146610131
AF351855	0.359375	0.291962783	0.382716049	0.067845725	0.424362449	0.640625	0.310940136	0.617283951	0.272330513	0.328806138	0.158878296	0.209008298	0.132270233	0.260869565	0.082477282	0.145596563	0.529411765	0.272882918	0.186733385	0.409961358	0.198917136	0.092075128	0.086612499	0.296966548	0.291596894	0.172270108	0.16646712	0.280431403	0.113870508	0.75	0.207713942	0.299779738	0.424041438	0.34977844	0.602970751	0.225131476	0.145689813
AF351861	0.417910448	0.273578593	0.417721519	0.097967138	0.424678074	0.582089552	0.321719592	0.582278481	0.261587232	0.324011143	0.167511574	0.213018051	0.126125209	0.260869565	0.081232895	0.146075576	0.545454545	0.276172944	0.211342188	0.410159981	0.207145986	0.091984907	0.069896173	0.317946225	0.312537401	0.163611618	0.147551097	0.266882445	0.104177679	0.75	0.216705672	0.313618475	0.46019511	0.331270554	0.591635202	0.209583316	0.141203534
AF351862	0.402985075	0.270711984	0.4	0.084287018	0.413769128	0.597014925	0.300795851	0.6	0.291757032	0.339731913	0.165147528	0.200750411	0.130505795	0.260869565	0.082144697	0.127683781	0.545454545	0.282144697	0.198090928	0.388594792	0.218577327	0.092771018	0.080809719	0.339166564	0.33491098	0.154725969	0.155954342	0.245232861	0.105224198	0.771428571	0.207038994	0.303146111	0.483007697	0.354677069	0.593427967	0.21685351	0.144428849
AY039227	0.393939394	0.254855919	0.4	0.09253136	0.416800168	0.606060606	0.339576445	0.6	0.235551257	0.308983643	0.165815988	0.204757017	0.125897384	0.260869565	0.089865141	0.118730774	0.515151515	0.291137651	0.205384304	0.394506159	0.217805198	0.084184874	0.081639344	0.348600075	0.28038445	0.153351556	0.18031419	0.2768266	0.101949916	0.756756757	0.195555278	0.280117825	0.449743359	0.363412326	0.616547771	0.225375568	0.151855547
AY039228	0.393939394	0.284523958	0.382716049	0.084225501	0.413122006	0.606060606	0.323380657	0.617283951	0.278543193	0.335151378	0.164763482	0.208181201	0.122816146	0.260869565	0.074878671	0.136093517	0.545454545	0.286757569	0.1981851	0.40993123	0.205736191	0.09278174	0.080733863	0.317979027	0.308765853	0.154717483	0.155895735	0.266882493	0.102681503	0.771428571	0.205805761	0.311006126	0.462603035	0.351078259	0.593598921	0.215526168	0.149173173
AY039229	0.388059701	0.275817898	0.3875	0.06738242	0.41357927	0.611940299	0.316809896	0.6125	0.291970191	0.315938161	0.162076463	0.208083947	0.125948745	0.260869565	0.094051906	0.129404569	0.545454545	0.286756488	0.209054181	0.409988142	0.212934884	0.082488559	0.099158596	0.318058785	0.317943088	0.165017111	0.142273965	0.26924769	0.106479162	0.771428571	0.208988567	0.30781324	0.452047038	0.355240667	0.593907123	0.214661155	0.138237671
GU644652	0.378787879	0.2756246	0.407407407	0.08432188	0.413829429	0.621212121	0.295737878	0.592592593	0.291442899	0.320981819	0.155784326	0.204056686	0.1334186	0.260869565	0.074361712	0.153878451	0.575757576	0.306459894	0.19351976	0.410047604	0.212667186	0.084371284	0.081107269	0.317978043	0.308916718	0.163517913	0.141864603	0.259046948	0.112953802	0.771428571	0.211806932	0.318541963	0.460097862	0.350169323	0.569958648	0.216802388	0.138128725
GU644654	0.409090909	0.287709051	0.382716049	0.084135134	0.412519274	0.590909091	0.323317327	0.617283951	0.278720971	0.335164667	0.1646408	0.200933367	0.12265577	0.260869565	0.074889967	0.126653881	0.545454545	0.294065867	0.198070365	0.409819799	0.202024089	0.092748825	0.080565437	0.317946588	0.297618921	0.154660967	0.1559764	0.266960771	0.102510234	0.771428571	0.205756816	0.310940153	0.444451803	0.369926155	0.594075798	0.223856111	0.1493126
GU644655	0.409090909	0.284523958	0.382716049	0.084225501	0.413122006	0.590909091	0.329020988	0.617283951	0.278543193	0.335151378	0.164763482	0.208181201	0.122816146	0.260869565	0.074878671	0.136093517	0.545454545	0.286757569	0.1981851	0.40993123	0.205736191	0.09278174	0.080733863	0.317979027	0.302803101	0.154717483	0.155895735	0.266882493	0.102681503	0.771428571	0.205805761	0.311006126	0.462603035	0.351078259	0.593598921	0.215526168	0.149173173
GU644656	0.363636364	0.284609538	0.382716049	0.08414585	0.413360156	0.636363636	0.312126256	0.617283951	0.278685944	0.335144068	0.167016231	0.200847881	0.117780282	0.260869565	0.074872458	0.126605251	0.545454545	0.294057627	0.195001503	0.40994458	0.205706117	0.092794813	0.080664235	0.318039173	0.32067461	0.154736494	0.156045054	0.266828676	0.100436052	0.771428571	0.203134518	0.316150812	0.462723303	0.360447573	0.593991758	0.217859577	0.152416177
GU644657	0.378787879	0.27059335	0.4	0.094364647	0.42091675	0.621212121	0.307156451	0.6	0.25830553	0.325490225	0.165861229	0.225853518	0.130483743	0.227272727	0.081626788	0.131840129	0.542857143	0.272912168	0.191489335	0.394746394	0.222702987	0.074839023	0.07819316	0.344444939	0.326008258	0.161493336	0.156662439	0.242477697	0.101365162	0.771428571	0.202703871	0.276068968	0.470694701	0.356262072	0.589042503	0.226748565	0.170344156
GU644658	0.378787879	0.276871925	0.3875	0.094357656	0.420144895	0.621212121	0.307147195	0.6125	0.258720641	0.332745657	0.165707536	0.199533313	0.109416208	0.227272727	0.074358309	0.119527973	0.542857143	0.299196266	0.191072382	0.394568658	0.215878867	0.078732602	0.077821583	0.34446568	0.325904191	0.157302169	0.15707449	0.242484197	0.10107535	0.771428571	0.199922146	0.296059396	0.470554206	0.368072874	0.590176563	0.228746058	0.170598677
GU644659	0.393939394	0.281068568	0.395061728	0.084174864	0.413009721	0.606060606	0.338829179	0.604938272	0.278724535	0.35699249	0.172658202	0.178866693	0.120537455	0.260869565	0.067559144	0.10043197	0.515151515	0.301338716	0.205124183	0.409910267	0.207363333	0.09267336	0.080522676	0.318016928	0.314634305	0.15459203	0.156160155	0.245293438	0.09570956	0.771428571	0.212176294	0.304641635	0.482789962	0.367194405	0.616759406	0.211222905	0.149234119
GU644660	0.378787879	0.273402524	0.395061728	0.084399162	0.414065819	0.621212121	0.317761578	0.604938272	0.278137484	0.342461173	0.172881869	0.193594414	0.128943736	0.260869565	0.067578212	0.126730346	0.545454545	0.301367319	0.201805016	0.410106819	0.215424279	0.092905355	0.081134973	0.317993214	0.314839425	0.154886653	0.155569847	0.245261233	0.096027912	0.771428571	0.223304158	0.305889342	0.4829532	0.360962754	0.592420597	0.201529222	0.145792443
GU644661	0.378787879	0.267164099	0.395061728	0.089749385	0.4135349	0.621212121	0.312124995	0.604938272	0.284552924	0.335147269	0.165416745	0.208162709	0.130578907	0.260869565	0.074875178	0.136087968	0.515151515	0.286757363	0.198268846	0.409985346	0.221979419	0.092822693	0.074691274	0.318027625	0.320706791	0.154774355	0.14971315	0.255431447	0.103142611	0.771428571	0.207094749	0.286941413	0.469780184	0.351126464	0.616176759	0.216906611	0.165313908
GU644662	0.378787879	0.267225192	0.395061728	0.084320645	0.414300243	0.621212121	0.307276499	0.604938272	0.278281741	0.327847207	0.170630264	0.220053332	0.142422588	0.260869565	0.082179459	0.131769713	0.545454545	0.274877117	0.198633437	0.410120911	0.222082427	0.088929087	0.08106766	0.318053084	0.325933872	0.158895599	0.155720231	0.245203518	0.09828196	0.771428571	0.211236	0.292521956	0.483089309	0.355807207	0.592813341	0.213253266	0.149028337
GU644663	0.388059701	0.267364328	0.4	0.084405922	0.414329143	0.611940299	0.321689694	0.6	0.278183988	0.342418362	0.172947548	0.193473909	0.128755659	0.260869565	0.067562356	0.12718292	0.545454545	0.301343535	0.198415321	0.380555524	0.222264842	0.09205337	0.081070006	0.352818768	0.312919129	0.15350635	0.155731688	0.248639798	0.096074041	0.771428571	0.220997742	0.305516868	0.473785628	0.357789888	0.592640203	0.207081972	0.148888905
GU644664	0.378787879	0.267149283	0.407407407	0.084403507	0.414644835	0.621212121	0.307235057	0.592592593	0.246064232	0.32330213	0.175214729	0.220121045	0.113773903	0.260869565	0.074892673	0.1362573	0.545454545	0.286758393	0.210321934	0.410185863	0.222065245	0.077633302	0.081299178	0.318034665	0.32601957	0.170392261	0.155475365	0.231370063	0.093873988	0.771428571	0.215468912	0.3219498	0.500907298	0.351810237	0.592114635	0.20960885	0.148903845
GU644665	0.363636364	0.262761199	0.395061728	0.084193884	0.413945934	0.636363636	0.317790278	0.604938272	0.278555931	0.330254102	0.172992045	0.194968093	0.128669016	0.260869565	0.075422459	0.119452678	0.545454545	0.303573666	0.198353047	0.410039757	0.227107461	0.092863632	0.08083232	0.318076097	0.314762902	0.154831177	0.155957888	0.253055975	0.096002598	0.771428571	0.211064854	0.305825876	0.483035115	0.367804522	0.593598921	0.210140632	0.149219104
GU644666	0.378787879	0.273444498	0.395061728	0.084328479	0.414094217	0.621212121	0.31777522	0.604938272	0.272391496	0.342454487	0.172860359	0.193575594	0.128862613	0.260869565	0.067575736	0.126695191	0.545454545	0.301363604	0.198591411	0.394587503	0.215398013	0.092898335	0.081042848	0.333299045	0.314817227	0.154877714	0.161797725	0.245232861	0.095992612	0.771428571	0.219186545	0.305914248	0.483007697	0.360860535	0.592813341	0.205336779	0.149017009
GU644667	0.378787879	0.267129731	0.395061728	0.084159197	0.41372718	0.621212121	0.317743169	0.604938272	0.268495702	0.327852444	0.162027863	0.208209224	0.130662158	0.260869565	0.082189127	0.136114264	0.545454545	0.28675788	0.198420787	0.431452161	0.221901739	0.082515576	0.080806199	0.296927349	0.314772535	0.165204295	0.155935841	0.234714347	0.106537691	0.771428571	0.207086653	0.304000939	0.482926251	0.351297037	0.5936835	0.223396953	0.157606646
GU644668	0.363636364	0.267229108	0.407407407	0.084257429	0.414122532	0.636363636	0.312148545	0.592592593	0.278419033	0.335146495	0.167752119	0.208159227	0.1307787	0.260869565	0.074874521	0.140502825	0.515151515	0.286757325	0.195371386	0.410080403	0.222045013	0.092891248	0.080950287	0.318064571	0.320755276	0.154868686	0.155839223	0.245204456	0.101043518	0.771428571	0.207159468	0.28729097	0.483062224	0.346914746	0.615805776	0.217052462	0.168418602
GU644669	0.378787879	0.273384888	0.395061728	0.084281043	0.413504176	0.621212121	0.328262722	0.604938272	0.278409344	0.34245577	0.172753726	0.193579205	0.128691326	0.260869565	0.067576211	0.11947419	0.545454545	0.301364317	0.198367696	0.431454392	0.215323957	0.092829983	0.080876253	0.29686102	0.303657674	0.154783638	0.155792597	0.24529247	0.095861743	0.771428571	0.212602605	0.305525307	0.482817191	0.367879579	0.593206115	0.211711466	0.14908989
GU644670	0.363636364	0.267221951	0.419753086	0.084383537	0.398647517	0.636363636	0.322657205	0.580246914	0.278144053	0.342455915	0.167827842	0.208186383	0.131051346	0.304347826	0.07487965	0.140580945	0.515151515	0.279454241	0.198772472	0.410161282	0.228783522	0.092945999	0.081184443	0.318041635	0.309710123	0.15494307	0.155600911	0.24520258	0.085301835	0.771428571	0.207383704	0.304966247	0.483116371	0.347154311	0.615063897	0.217381569	0.165202041
GU644671	0.409090909	0.270463638	0.395061728	0.084161736	0.412948004	0.590909091	0.317741813	0.604938272	0.314812818	0.347029636	0.169044468	0.181681627	0.108647115	0.260869565	0.062994497	0.136056304	0.545454545	0.313242591	0.191300496	0.409890483	0.218323307	0.092753761	0.080615275	0.317990558	0.314696191	0.154679487	0.118611824	0.245323734	0.099275327	0.771428571	0.213518043	0.316026373	0.482680902	0.350953657	0.593991758	0.210271351	0.164629354
GU644676	0.388059701	0.28029282	0.3875	0.067458378	0.413343252	0.611940299	0.32723095	0.6125	0.291795494	0.315948661	0.165437068	0.208116533	0.12602027	0.260869565	0.094054803	0.129431346	0.545454545	0.28675685	0.209091136	0.446922348	0.208088565	0.092766163	0.099237018	0.281610338	0.30691937	0.154707531	0.142154059	0.269295251	0.103114546	0.771428571	0.209139737	0.307632661	0.451901301	0.355332582	0.593513744	0.214858148	0.138141375
GU644677	0.358208955	0.272564231	0.3875	0.080853401	0.414178083	0.641791045	0.311262524	0.6125	0.291766378	0.315919185	0.165560506	0.208025056	0.121551977	0.260869565	0.094046672	0.129412138	0.545454545	0.286755834	0.209176866	0.410099342	0.216704217	0.092812068	0.099380058	0.318091129	0.323895347	0.15478296	0.142220437	0.279699248	0.103284672	0.771428571	0.206523582	0.299814709	0.45227479	0.355262922	0.593427967	0.210823975	0.138090431
GU644684	0.393939394	0.284897123	0.395061728	0.084190889	0.412900218	0.606060606	0.322426138	0.604938272	0.27858778	0.335165721	0.159303664	0.200937744	0.127309214	0.260869565	0.074890863	0.137057084	0.545454545	0.294066289	0.19825326	0.409887623	0.210916676	0.092797217	0.080708147	0.317959392	0.291596393	0.154727312	0.155873716	0.266921629	0.102272911	0.771428571	0.205845056	0.306682257	0.449342706	0.379465801	0.5936835	0.230117317	0.149230651
GU644689	0.409090909	0.286208822	0.395061728	0.084190889	0.412900218	0.590909091	0.3255401	0.604938272	0.27858778	0.335165721	0.16063674	0.200937744	0.127309214	0.260869565	0.074890863	0.134851875	0.545454545	0.294066289	0.19825326	0.409887623	0.207013724	0.092797217	0.080708147	0.317959392	0.291421194	0.154727312	0.155873716	0.266921629	0.103128745	0.771428571	0.205845056	0.306682257	0.449342706	0.373360304	0.5936835	0.230117317	0.149230651
GU644690	0.393939394	0.286257594	0.395061728	0.084182949	0.413107666	0.606060606	0.319975925	0.604938272	0.278590874	0.335163615	0.160658131	0.200929001	0.127338282	0.260869565	0.074889073	0.13484895	0.545454545	0.294065446	0.198294971	0.409914699	0.207007539	0.09281767	0.080732449	0.317983705	0.29732329	0.15475572	0.155889199	0.266890661	0.103169743	0.771428571	0.205822225	0.306820901	0.449422883	0.373387172	0.5936835	0.230110952	0.149242352
GU644695	0.393939394	0.286257594	0.382716049	0.084182949	0.413107666	0.606060606	0.319975925	0.617283951	0.278590874	0.335163615	0.160658131	0.208236266	0.122850338	0.260869565	0.074889073	0.144205849	0.545454545	0.286758181	0.198294971	0.409914699	0.207007539	0.09281767	0.080732449	0.317983705	0.29732329	0.15475572	0.155889199	0.266890661	0.103169743	0.771428571	0.205822225	0.311308845	0.449422883	0.364030273	0.5936835	0.230110952	0.149242352
JQ685925	0.409090909	0.286208822	0.395061728	0.084190889	0.412900218	0.590909091	0.3255401	0.604938272	0.27858778	0.335165721	0.16063674	0.200937744	0.127309214	0.260869565	0.074890863	0.134851875	0.545454545	0.294066289	0.19825326	0.409887623	0.207013724	0.092797217	0.080708147	0.317959392	0.291421194	0.154727312	0.155873716	0.266921629	0.103128745	0.771428571	0.205845056	0.306682257	0.449342706	0.373360304	0.5936835	0.230117317	0.149230651
AF351845	0.393939394	0.29547156	0.526315789	0.096215874	0.464339578	0.606060606	0.389394949	0.473684211	0.199568018	0.351792813	0.190971249	0.200022795	0.153091703	0.28	0.061381542	0.094141761	0.5	0.248779864	0.230063678	0.333317344	0.225326239	0.123130321	0.097031907	0.375622267	0.239487424	0.161193413	0.145919339	0.271458066	0.06279946	0.684210526	0.208991863	0.250087339	0.387710748	0.395765692	0.620289331	0.256772955	0.131503849
AF351846	0.378787879	0.270937911	0.526315789	0.096127036	0.464881106	0.621212121	0.378663437	0.473684211	0.199955922	0.340224304	0.184931574	0.188411775	0.152932334	0.28	0.072856918	0.102069349	0.5	0.260251063	0.225613176	0.333376932	0.25152772	0.123180763	0.097037299	0.375776448	0.262171392	0.161079915	0.145947808	0.257745642	0.069743541	0.684210526	0.202930962	0.250304813	0.422351856	0.363731733	0.620914219	0.244115061	0.135648604
AF351858	0.378787879	0.270667949	0.546666667	0.094460132	0.474199951	0.621212121	0.377345027	0.453333333	0.200610288	0.336374368	0.190781048	0.200381751	0.163537402	0.28	0.072036718	0.103257403	0.514285714	0.243222031	0.225178844	0.354671992	0.250749398	0.122129429	0.092539662	0.37579675	0.258248703	0.161464904	0.139712807	0.260271645	0.060550151	0.666666667	0.205310072	0.242397116	0.402297239	0.364697311	0.605938994	0.2444416	0.127102578
AF394883	0.393939394	0.274341764	0.539473684	0.11270514	0.449779144	0.606060606	0.381514991	0.460526316	0.199630931	0.347447752	0.182877538	0.195695199	0.153184435	0.32	0.065764863	0.103863711	0.5	0.253164901	0.225813317	0.333327988	0.247912194	0.11938761	0.078646751	0.37565291	0.247809422	0.165167962	0.145960441	0.26136489	0.062763909	0.684210526	0.202545439	0.262729126	0.400985533	0.386233526	0.620370434	0.263216857	0.136007295
AF394884	0.393939394	0.274336629	0.539473684	0.112648778	0.464356815	0.606060606	0.381552128	0.460526316	0.1997727	0.347404409	0.182885138	0.195627589	0.143734586	0.28	0.065755044	0.108290288	0.5	0.253152698	0.225675057	0.333308131	0.24800817	0.111128725	0.078569046	0.375649663	0.247765692	0.173158952	0.145925851	0.26136489	0.070847365	0.684210526	0.206336581	0.259360102	0.400985533	0.381486416	0.62064209	0.259115797	0.135820668
GU644712	0.378787879	0.271356467	0.526315789	0.096233304	0.4650056	0.621212121	0.371016845	0.473684211	0.199610067	0.333149739	0.191122813	0.195614481	0.15329034	0.28	0.079999407	0.103857711	0.5	0.253150332	0.225767901	0.333406052	0.251355319	0.12326892	0.097153579	0.375752312	0.259004017	0.161295194	0.145975569	0.261277441	0.062800361	0.684210526	0.20893259	0.250553199	0.401313711	0.386131642	0.620289331	0.256720976	0.135891145
GU644713	0.393939394	0.266286183	0.52	0.096220587	0.473731535	0.606060606	0.370966765	0.48	0.195020176	0.322343585	0.186159691	0.200494273	0.146320892	0.28	0.079107229	0.113575174	0.5	0.250282992	0.230282504	0.333394921	0.255336031	0.132029273	0.097181282	0.375750498	0.259035619	0.159824145	0.142501428	0.261276271	0.070336291	0.666666667	0.202516574	0.257794401	0.401269524	0.376583456	0.620370434	0.26316232	0.128892371
GU644714	0.378787879	0.271388537	0.552631579	0.096394399	0.465116577	0.621212121	0.38154776	0.447368421	0.199057114	0.340330702	0.191192721	0.20284858	0.153774593	0.28	0.065768078	0.118273876	0.5	0.253168897	0.228859357	0.333443727	0.251250255	0.123362959	0.097295428	0.375700707	0.236739173	0.161534607	0.145993589	0.261338812	0.062799415	0.684210526	0.209423771	0.250750306	0.401212966	0.381996384	0.619313933	0.257156688	0.133256986
GU644715	0.378787879	0.271335097	0.513157895	0.096167327	0.46468925	0.621212121	0.381572716	0.486842105	0.199793643	0.340271225	0.191020674	0.195611552	0.153058744	0.28	0.072875617	0.103793119	0.5	0.253149803	0.21839973	0.333352477	0.251300342	0.123191569	0.097063525	0.375714697	0.247815968	0.161216616	0.145954005	0.261305827	0.062788431	0.684210526	0.208798262	0.250368737	0.40117489	0.386024728	0.62064209	0.256598461	0.143142003
GU644716	0.378787879	0.272893782	0.526315789	0.096233304	0.4650056	0.621212121	0.377597871	0.473684211	0.199610067	0.340272872	0.187402027	0.195614481	0.15329034	0.28	0.072876274	0.112462751	0.5	0.253150332	0.225767901	0.333406052	0.25288415	0.12326892	0.097153579	0.375752312	0.24512861	0.161295194	0.145975569	0.261277441	0.063089239	0.684210526	0.20893259	0.250553199	0.401313711	0.382423885	0.620289331	0.256720976	0.135891145
GU644717	0.378787879	0.271320475	0.526315789	0.096105445	0.464539754	0.621212121	0.381565287	0.473684211	0.199987281	0.34026509	0.190955641	0.195600639	0.137461232	0.28	0.072873172	0.103734647	0.470588235	0.253147833	0.225677711	0.333321061	0.251273219	0.114960212	0.078543452	0.375709573	0.247796838	0.169351686	0.16493631	0.261304666	0.062776413	0.684210526	0.208648412	0.265715257	0.401130614	0.385931274	0.643289313	0.256462312	0.13576817
GU644718	0.378787879	0.271335097	0.539473684	0.096167327	0.46468925	0.621212121	0.381572716	0.460526316	0.199793643	0.340271225	0.186442814	0.18848865	0.141583133	0.28	0.072875617	0.11281589	0.470588235	0.260272705	0.233027373	0.333352477	0.251300342	0.123191569	0.097063525	0.375714697	0.247815968	0.161216616	0.145954005	0.261305827	0.06736629	0.684210526	0.208798262	0.254670005	0.40117489	0.377001957	0.642957261	0.256598461	0.135828182
GU644719	0.378787879	0.274373903	0.526315789	0.096290076	0.464990882	0.621212121	0.38158763	0.473684211	0.195474644	0.340282958	0.178066566	0.209881514	0.153421816	0.28	0.072880293	0.123307794	0.5	0.238904474	0.23775404	0.333414991	0.248125859	0.123276861	0.09718182	0.375724892	0.247853091	0.161321731	0.150025879	0.261308145	0.075896563	0.684210526	0.205131274	0.250504081	0.401263324	0.366811103	0.61993662	0.260833466	0.123974406
GU644720	0.393939394	0.274367975	0.539473684	0.09628568	0.464824271	0.606060606	0.381577344	0.460526316	0.199394447	0.340287396	0.183014413	0.202765483	0.146342476	0.28	0.072882062	0.118116339	0.5	0.246029824	0.23774477	0.33339278	0.248096924	0.123242306	0.097151346	0.375692388	0.24782781	0.16129626	0.145953483	0.261337664	0.070911141	0.684210526	0.202655149	0.257417523	0.401168759	0.371982166	0.61993662	0.263337395	0.123960839
GU644721	0.378787879	0.268989265	0.526315789	0.096211749	0.464661691	0.621212121	0.381525293	0.473684211	0.199641481	0.333184883	0.190998337	0.195687183	0.153234005	0.28	0.072892564	0.103870171	0.5	0.260292319	0.225832505	0.348767332	0.239589449	0.123236458	0.097119981	0.360501656	0.247834601	0.16137909	0.145974535	0.261335366	0.073429204	0.684210526	0.208980512	0.250549185	0.401080227	0.386247503	0.620370434	0.256753993	0.136010957
JQ685947	0.378787879	0.271320475	0.526315789	0.096105445	0.464539754	0.621212121	0.381565287	0.473684211	0.199987281	0.34026509	0.186378367	0.188478597	0.152875988	0.28	0.072873172	0.099225763	0.5	0.260269875	0.225677711	0.333321061	0.251273219	0.119335832	0.097003728	0.375709573	0.247796838	0.164976066	0.145946443	0.261304666	0.067353687	0.684210526	0.208648412	0.250300501	0.401130614	0.390440158	0.620994896	0.256462312	0.13576817
AY854505	0.470588235	0.220706726	0.435897436	0.175829636	0.382229071	0.529411765	0.456603302	0.564102564	0.205708703	0.355199653	0.193714565	0.220866247	0.15560067	0.347826087	0.070175375	0.152841707	0.617647059	0.258157597	0.220671164	0.453090325	0.244570352	0.080237764	0.110083838	0.275306262	0.169194001	0.171143189	0.100394017	0.280654114	0.071864798	0.771428571	0.277253692	0.291265351	0.362121467	0.321585737	0.529407767	0.178135928	0.15427125
AY854525	0.455882353	0.215421679	0.448717949	0.18133399	0.382552245	0.544117647	0.456691005	0.551282051	0.197725321	0.347760301	0.194813746	0.220894203	0.172292149	0.347826087	0.065672176	0.151519879	0.617647059	0.270147383	0.221156122	0.447236837	0.253190814	0.069705211	0.103986525	0.281143454	0.162497336	0.181853104	0.09552902	0.290646423	0.067300027	0.771428571	0.285971399	0.275241389	0.349187018	0.328200191	0.529075376	0.169733489	0.158684369
AY854531	0.439393939	0.206231811	0.481012658	0.193084664	0.392279962	0.560606061	0.47152787	0.518987342	0.185601984	0.370066478	0.164051521	0.198467339	0.151392688	0.333333333	0.070214653	0.12461558	0.628571429	0.265531997	0.214151903	0.476757614	0.262106505	0.070692155	0.098943561	0.256256153	0.168097762	0.177018557	0.114370212	0.243260494	0.095898529	0.771428571	0.24934229	0.270097282	0.40529091	0.335411589	0.519110229	0.201457475	0.149475006
AY854544	0.417910448	0.217222946	0.461538462	0.190321486	0.377412822	0.582089552	0.417373573	0.538461538	0.196093402	0.374528553	0.171480583	0.213302852	0.138187303	0.375	0.073173258	0.14262296	0.617647059	0.243061224	0.226559925	0.455809252	0.260505338	0.062306609	0.11534634	0.277133963	0.208548491	0.185446042	0.114734069	0.234188804	0.080311191	0.771428571	0.260710587	0.288243782	0.431575619	0.329615011	0.530509942	0.192251106	0.145745341
AY854546	0.402985075	0.217353746	0.461538462	0.19041222	0.377445924	0.597014925	0.422177	0.538461538	0.196310789	0.381936411	0.171462601	0.193830101	0.146137893	0.375	0.073183434	0.126496101	0.617647059	0.255008317	0.226463615	0.455812983	0.260652957	0.062257991	0.11529334	0.27716606	0.214270138	0.185400681	0.114833708	0.234162013	0.080335909	0.771428571	0.264457707	0.279970891	0.431665481	0.335946272	0.530844759	0.188114391	0.145616027
AY854558	0.424242424	0.208119887	0.481012658	0.181655331	0.393770492	0.575757576	0.435882949	0.518987342	0.198428943	0.357911819	0.187307711	0.198396474	0.179429697	0.333333333	0.101779186	0.117748747	0.647058824	0.245844801	0.219766347	0.404265951	0.273540439	0.062351801	0.104136749	0.328075145	0.213909573	0.185485671	0.13742297	0.268183998	0.071149545	0.771428571	0.275105702	0.277010231	0.400822861	0.335849882	0.506566979	0.172284262	0.132386243
AY854567	0.426470588	0.197356431	0.448717949	0.18578149	0.374121459	0.573529412	0.417456842	0.551282051	0.201018574	0.332763685	0.20932481	0.184688243	0.181520913	0.363636364	0.107489219	0.11490022	0.647058824	0.279019075	0.217678763	0.444894287	0.265022033	0.078932169	0.113250486	0.285539698	0.217107102	0.174348486	0.10826649	0.267842133	0.05760821	0.771428571	0.277781288	0.260911346	0.40087897	0.354353836	0.507589902	0.161298639	0.147346675
AY854573	0.426470588	0.197095538	0.448717949	0.164781187	0.373291825	0.573529412	0.447143061	0.551282051	0.187498749	0.335690299	0.20014677	0.184815657	0.181484045	0.363636364	0.092593998	0.114832186	0.647058824	0.291030883	0.207090556	0.450523073	0.264770742	0.063668555	0.12739684	0.279775139	0.185506336	0.189489116	0.102607042	0.267779369	0.066184273	0.771428571	0.268989313	0.277202334	0.387189091	0.354249174	0.508714679	0.183647739	0.165652831
AY854576	0.426470588	0.215821958	0.448717949	0.167431975	0.366331416	0.573529412	0.474242958	0.551282051	0.241177394	0.384786631	0.181399123	0.19096497	0.174697844	0.391304348	0.070328818	0.120504334	0.617647059	0.2578559	0.198966171	0.505511394	0.259449647	0.062947862	0.100951174	0.244871543	0.175838383	0.179425789	0.098277655	0.257861384	0.070650596	0.771428571	0.264100909	0.281856728	0.399986807	0.328931463	0.531617209	0.18799194	0.162396725
EU345002	0.463768116	0.231195628	0.461538462	0.117940116	0.364749315	0.536231884	0.350921359	0.538461538	0.169664031	0.306898787	0.147651293	0.228523245	0.216399674	0.347826087	0.0811954	0.127356888	0.657142857	0.29936731	0.174415084	0.363666708	0.247320319	0.127118596	0.05373424	0.327182972	0.253616574	0.137374409	0.17098414	0.236847077	0.127073665	0.8	0.229490549	0.330970499	0.46199688	0.35838873	0.496861108	0.229099637	0.145244029
EU345003	0.441176471	0.220917064	0.455696203	0.124999248	0.384522439	0.558823529	0.36443028	0.544303797	0.162307769	0.285345317	0.174741049	0.221553684	0.205184359	0.318181818	0.109248986	0.108234502	0.6	0.298954147	0.181997675	0.394561176	0.254802878	0.128164512	0.05501139	0.319512832	0.252463047	0.135086165	0.173347527	0.267852864	0.132126178	0.787878788	0.214690032	0.317841754	0.393043006	0.361860202	0.541758719	0.266362377	0.156423628
EU345004	0.471428571	0.241334935	0.454545455	0.107183618	0.382070223	0.528571429	0.390368475	0.545454545	0.166166382	0.323960308	0.147676887	0.20298864	0.216032257	0.347826087	0.073119303	0.130509854	0.628571429	0.304568273	0.173973061	0.32772099	0.23331325	0.138881055	0.054988838	0.355719148	0.225545095	0.138461884	0.168453797	0.270294983	0.131133383	0.771428571	0.237587826	0.330235559	0.398951147	0.351218586	0.519504603	0.228916784	0.14909908
JQ685938	0.47826087	0.21666725	0.454545455	0.141017057	0.391028521	0.52173913	0.371782076	0.545454545	0.173760228	0.306005638	0.167287609	0.245196135	0.15721799	0.304347826	0.099563187	0.137891166	0.583333333	0.254039981	0.190723238	0.349649321	0.265416342	0.14370952	0.0531715	0.312683095	0.282627173	0.139196097	0.126780506	0.257985896	0.110499663	0.777777778	0.203044298	0.320122594	0.453143773	0.298484792	0.552160877	0.250855679	0.175248141
JQ685968	0.463768116	0.227002957	0.428571429	0.140944247	0.390502105	0.536231884	0.336965564	0.571428571	0.174452358	0.291236297	0.15401941	0.252599513	0.14929599	0.304347826	0.099553875	0.147633517	0.583333333	0.26151769	0.188008311	0.371478353	0.253510178	0.135162382	0.053065606	0.29106062	0.296516986	0.147611418	0.127333659	0.258050313	0.123365849	0.777777778	0.198828002	0.328144946	0.453030911	0.308123046	0.553525592	0.254463634	0.178339267
MW055084	0.471428571	0.234762121	0.448717949	0.117847691	0.371331562	0.528571429	0.347630243	0.551282051	0.165740791	0.295374591	0.152995561	0.223680783	0.208637147	0.347826087	0.08980456	0.129443596	0.628571429	0.306091203	0.182039893	0.349706566	0.242988206	0.129591734	0.053702346	0.334236449	0.264333016	0.140049741	0.168904303	0.244277289	0.13269987	0.794117647	0.242106376	0.33088941	0.448634157	0.349853411	0.519169049	0.219692516	0.151434288
MW055085	0.471428571	0.234802027	0.448717949	0.118032049	0.371661852	0.528571429	0.347645307	0.551282051	0.166874223	0.300718474	0.152993854	0.221979772	0.216432672	0.347826087	0.089125421	0.129516774	0.657142857	0.303796356	0.173935859	0.349758678	0.242971567	0.129632506	0.053765898	0.334241874	0.264403277	0.140088627	0.167002699	0.236476412	0.132745778	0.794117647	0.243979205	0.331051211	0.448695397	0.350180293	0.496409212	0.221295744	0.151268752
MW055086	0.470588235	0.203838507	0.415584416	0.139098442	0.400404539	0.529411765	0.365268692	0.584415584	0.168910566	0.291148933	0.158179418	0.245199294	0.155010727	0.291666667	0.106987252	0.126446827	0.583333333	0.261457149	0.190888728	0.359758565	0.278054855	0.141590108	0.053121592	0.307968055	0.290052091	0.137151353	0.133277598	0.247942655	0.122911688	0.777777778	0.202655981	0.316495902	0.466605171	0.302202907	0.553439623	0.250534853	0.175273838
MW055087	0.47826087	0.194052105	0.428571429	0.140997671	0.401578983	0.52173913	0.367884927	0.571428571	0.165533967	0.287758347	0.168377119	0.242305982	0.157081597	0.304347826	0.105728169	0.122991192	0.583333333	0.258405761	0.18951706	0.357439579	0.270382765	0.143381238	0.053119745	0.31960282	0.293970729	0.140996074	0.130374688	0.248024565	0.120213548	0.756756757	0.202804711	0.320401034	0.466463496	0.307640393	0.553042678	0.25065709	0.174043863
AF351849	0.484375	0.193971545	0.407407407	0.106647864	0.448387041	0.515625	0.349635569	0.592592593	0.238438596	0.278968456	0.17781154	0.17882241	0.128373636	0.208333333	0.087264237	0.093917899	0.542857143	0.340481567	0.188909696	0.414864623	0.26759687	0.112384157	0.068290849	0.332457357	0.251927023	0.138857666	0.108323854	0.233581711	0.101703834	0.736842105	0.199166922	0.2776614	0.440523713	0.410331257	0.590422861	0.256854205	0.186908564
AF394876	0.484375	0.190834625	0.419753086	0.106386899	0.44908284	0.515625	0.342020177	0.580246914	0.242004689	0.278988089	0.174820558	0.201736813	0.144027886	0.208333333	0.080145964	0.114374635	0.571428571	0.324850447	0.176259058	0.408816503	0.270396684	0.112576065	0.067259177	0.338514629	0.247700325	0.13908235	0.100539309	0.232840811	0.104168972	0.736842105	0.199400867	0.27749728	0.432664948	0.401851722	0.567373353	0.258964255	0.187204029
GU644760	0.46875	0.196925014	0.407407407	0.104050314	0.439567993	0.53125	0.349598682	0.592592593	0.2438471	0.286141745	0.181491215	0.178865394	0.142461153	0.217391304	0.080136843	0.094368571	0.571428571	0.340527975	0.173794665	0.437173354	0.262941655	0.113997799	0.065068979	0.306398641	0.251871374	0.140934533	0.102677007	0.233633049	0.105858799	0.736842105	0.195287541	0.297111796	0.442608259	0.40775804	0.568945691	0.260875495	0.186990468
GU644761	0.476923077	0.194043648	0.4125	0.106583654	0.448355548	0.523076923	0.347683013	0.5875	0.243667591	0.278963286	0.177490524	0.178806963	0.143980545	0.208333333	0.087252913	0.094777895	0.571428571	0.340464888	0.173661912	0.430405917	0.267698335	0.112354621	0.068377735	0.31713637	0.256363243	0.138794544	0.102547837	0.233618735	0.103654341	0.736842105	0.199337455	0.277440443	0.440502607	0.404979571	0.568391832	0.257007359	0.186920719
GU644762	0.476923077	0.192374995	0.4125	0.106478632	0.447745211	0.523076923	0.349620489	0.5875	0.266458433	0.29041453	0.178385459	0.17880942	0.116794889	0.208333333	0.075804293	0.101050619	0.542857143	0.340467542	0.189600542	0.430391604	0.265235747	0.112258793	0.06828135	0.317021588	0.251887701	0.138721266	0.083556158	0.247655425	0.104088238	0.736842105	0.199228756	0.288388909	0.421850732	0.400735285	0.590346765	0.256879335	0.182929565
GU644763	0.46875	0.197033689	0.407407407	0.104014417	0.43974729	0.53125	0.349596861	0.592592593	0.255771059	0.297571102	0.181578526	0.174561991	0.159620178	0.217391304	0.080125138	0.094374002	0.571428571	0.333350391	0.169206196	0.437185408	0.263074707	0.113998973	0.065161731	0.306423174	0.251929872	0.140892213	0.102559402	0.233650084	0.105946494	0.736842105	0.199394089	0.279912072	0.442676326	0.407752497	0.568472448	0.257054186	0.186998675
GU644764	0.492307692	0.187718582	0.4	0.094062882	0.4477227	0.507692308	0.34750572	0.6	0.266464754	0.290415645	0.192189315	0.174591494	0.116973237	0.208333333	0.075862943	0.10633677	0.542857143	0.344801875	0.174633913	0.414863676	0.265063336	0.104188647	0.082201747	0.332297556	0.245970753	0.147033562	0.083623902	0.226723709	0.093722871	0.736842105	0.220189637	0.28887394	0.421762492	0.412250305	0.590498406	0.256915611	0.198230951
GU644765	0.46875	0.193891113	0.395061728	0.106511917	0.447606834	0.53125	0.354624019	0.604938272	0.244294243	0.278966351	0.177239295	0.17881612	0.128063004	0.208333333	0.087259626	0.08985125	0.542857143	0.340474775	0.18573316	0.430381083	0.267453645	0.112249078	0.068118106	0.317016912	0.246523814	0.138746719	0.102796611	0.247628919	0.103405254	0.736842105	0.194954814	0.277078476	0.421812973	0.411784093	0.591171165	0.2605123	0.189766064
GU644766	0.484375	0.20397339	0.395061728	0.106467516	0.447342539	0.515625	0.34961363	0.604938272	0.244043795	0.286126822	0.177271469	0.178834691	0.128103466	0.208333333	0.080118984	0.089876455	0.542857143	0.340494826	0.188705422	0.430379033	0.256528696	0.112231318	0.068172206	0.316945138	0.251813798	0.138747221	0.102691251	0.243822622	0.103366345	0.736842105	0.19910485	0.276965957	0.426728136	0.411886007	0.590796974	0.256754243	0.186845915
GU644767	0.484375	0.188153194	0.4125	0.109486587	0.448938158	0.515625	0.367825248	0.5875	0.242273939	0.275831503	0.181270903	0.176848997	0.133827982	0.217391304	0.086312897	0.094376414	0.542857143	0.336684881	0.188848264	0.459147653	0.270622266	0.112791548	0.059046249	0.284704437	0.232557308	0.149799591	0.101984707	0.243822622	0.106769005	0.717948718	0.199271091	0.289291756	0.429172891	0.407727759	0.590498406	0.256929987	0.186994489
GU644768	0.484375	0.193897868	0.395061728	0.106542445	0.447778851	0.515625	0.349630985	0.604938272	0.244079996	0.278969087	0.17731502	0.178824297	0.128180285	0.208333333	0.08726562	0.089859574	0.542857143	0.340483604	0.188785639	0.430387249	0.267496866	0.11228831	0.068193698	0.317038565	0.251844463	0.13878388	0.102723405	0.233613097	0.103464237	0.736842105	0.199057501	0.277235499	0.440305427	0.411948056	0.590796974	0.256725457	0.186837888
GU644769	0.476190476	0.201066804	0.407407407	0.091540541	0.433046821	0.523809524	0.349621972	0.592592593	0.262269829	0.286144935	0.171749519	0.171712059	0.148886327	0.25	0.08014066	0.075020687	0.542857143	0.34769496	0.17091868	0.430376493	0.258947428	0.112329365	0.058956016	0.317000791	0.251776584	0.138909054	0.102882973	0.23358747	0.104607862	0.736842105	0.177959983	0.303795078	0.442604451	0.42695568	0.591319775	0.277563005	0.189917714
GU644770	0.484375	0.19394684	0.407407407	0.106640232	0.448344403	0.515625	0.349614198	0.592592593	0.231526455	0.267530388	0.177485949	0.178835137	0.144082676	0.208333333	0.098715894	0.094358219	0.571428571	0.340495308	0.173764714	0.430403644	0.267611871	0.112394397	0.068354531	0.317128394	0.251961178	0.138875635	0.115131782	0.233610208	0.103631536	0.736842105	0.199346696	0.277681806	0.440467435	0.407813106	0.568472448	0.257025412	0.186990594
GU644771	0.484375	0.194019157	0.407407407	0.106576139	0.448313279	0.515625	0.360158638	0.592592593	0.24343356	0.286119516	0.17754403	0.178819661	0.160229152	0.208333333	0.087262221	0.094371582	0.571428571	0.333326617	0.173620716	0.430407898	0.267713394	0.112364918	0.068441128	0.317111081	0.252002849	0.138812501	0.102456814	0.233647181	0.103665538	0.736842105	0.207932975	0.261272283	0.44044638	0.398245529	0.567997677	0.248761416	0.187001987
GU644772	0.507936508	0.193874806	0.395061728	0.106197891	0.448376954	0.492063492	0.338313836	0.604938272	0.230810958	0.267540397	0.177427442	0.178850551	0.127311224	0.208333333	0.098722342	0.089850752	0.542857143	0.340511949	0.215139791	0.421288521	0.267510279	0.111513562	0.073194343	0.331388196	0.263885045	0.137813723	0.102726602	0.223392565	0.103597647	0.736842105	0.213693122	0.275410276	0.440488523	0.41234339	0.590498406	0.256872455	0.186978396
GU644773	0.484375	0.19093517	0.407407407	0.109486587	0.439355479	0.515625	0.360156289	0.592592593	0.243828966	0.278984579	0.181466182	0.178870588	0.133827982	0.217391304	0.087299555	0.094376414	0.542857143	0.340533583	0.188848264	0.459147653	0.269267692	0.113969931	0.059046249	0.284704437	0.240673501	0.140917178	0.102660901	0.23365299	0.105806748	0.736842105	0.199271091	0.289291756	0.442509847	0.407727759	0.590498406	0.256929987	0.186994489
GU644774	0.484375	0.193897868	0.395061728	0.106542445	0.447778851	0.515625	0.349630985	0.604938272	0.244079996	0.278969087	0.17731502	0.178824297	0.132431031	0.208333333	0.08726562	0.082570149	0.542857143	0.340483604	0.188785639	0.430387249	0.267496866	0.11613591	0.068193698	0.317038565	0.251844463	0.13493628	0.102723405	0.233613097	0.103464237	0.736842105	0.192636193	0.272984753	0.440305427	0.419237481	0.590796974	0.263146765	0.186837888
GU644775	0.492063492	0.207568374	0.407407407	0.089914507	0.455352388	0.507936508	0.349611419	0.592592593	0.261446733	0.277880155	0.173927031	0.173685822	0.146495947	0.208333333	0.081059104	0.108353439	0.527777778	0.351698775	0.168855404	0.430380822	0.260138131	0.113467085	0.057868639	0.316983711	0.25182061	0.140289731	0.102839767	0.241336862	0.1164282	0.72972973	0.204492495	0.282409828	0.436753409	0.393602033	0.599496105	0.244827988	0.187776866
GU644776	0.484375	0.193857458	0.395061728	0.10647435	0.447389328	0.515625	0.360196659	0.604938272	0.244276164	0.278968071	0.177217509	0.178821259	0.128024529	0.208333333	0.087263393	0.089859672	0.542857143	0.340480323	0.185693403	0.430376971	0.26742509	0.11222051	0.068107323	0.316970182	0.240601757	0.138728283	0.102780425	0.247645102	0.103356533	0.736842105	0.194979119	0.276943413	0.421718309	0.411752964	0.591171165	0.260526066	0.18976963
GU644777	0.484375	0.188068638	0.407407407	0.106610254	0.448169764	0.515625	0.349626916	0.592592593	0.243883334	0.271816955	0.177411378	0.178827296	0.128335284	0.208333333	0.094420955	0.094347359	0.542857143	0.340486841	0.188869613	0.43039752	0.273881255	0.112355725	0.068279792	0.317106892	0.251910928	0.138839149	0.102666122	0.233601674	0.103572023	0.736842105	0.199190623	0.277526515	0.440432229	0.407653986	0.590422861	0.256868604	0.186912594
GU644778	0.484375	0.184350824	0.407407407	0.106610254	0.448169764	0.515625	0.349626916	0.592592593	0.243883334	0.278970091	0.177411378	0.185980432	0.128335284	0.208333333	0.087267818	0.094347359	0.542857143	0.333333705	0.190433842	0.414864356	0.277879442	0.108504781	0.068279792	0.33240746	0.251910928	0.142690094	0.102666122	0.233601674	0.103572023	0.736842105	0.199190623	0.277526515	0.440432229	0.407653986	0.590422861	0.256868604	0.185348365
GU644779	0.46875	0.196415148	0.407407407	0.106542445	0.447778851	0.53125	0.349630985	0.592592593	0.244079996	0.278969087	0.17731502	0.178824297	0.128180285	0.208333333	0.08726562	0.084833597	0.542857143	0.340483604	0.192153987	0.445910805	0.264789604	0.11228831	0.068193698	0.301746823	0.251844463	0.13878388	0.102723405	0.233613097	0.103464237	0.736842105	0.195106879	0.277235499	0.440305427	0.416974033	0.590796974	0.260676078	0.18346954
GU644780	0.484375	0.194043648	0.419753086	0.106583654	0.448355548	0.515625	0.349625103	0.580246914	0.243667591	0.278963286	0.177490524	0.178806963	0.128361456	0.208333333	0.094402971	0.094352806	0.542857143	0.33331483	0.193611793	0.430405917	0.267698335	0.112354621	0.068377735	0.31713637	0.263135633	0.138794544	0.102547837	0.233618735	0.103654341	0.736842105	0.199337455	0.277440443	0.440502607	0.398121848	0.589972241	0.257007359	0.182122934
GU644781	0.484375	0.197231836	0.407407407	0.10750718	0.440425811	0.515625	0.349629158	0.592592593	0.241515792	0.282872543	0.178222126	0.176779736	0.120855368	0.208333333	0.09758541	0.094349756	0.558823529	0.329538399	0.188730687	0.430395699	0.269267929	0.111149295	0.069001154	0.31706824	0.251903009	0.137333524	0.102935164	0.236034981	0.09947868	0.743589744	0.198128055	0.284501524	0.432772761	0.40745867	0.581319727	0.26465651	0.186846826
GU644782	0.492307692	0.194019157	0.425	0.106576139	0.448313279	0.507692308	0.353216413	0.575	0.24343356	0.278967536	0.17967711	0.178819661	0.144040433	0.208333333	0.087262221	0.094796945	0.571428571	0.340478598	0.173620716	0.430407898	0.267713394	0.112364918	0.068441128	0.317111081	0.250522316	0.138812501	0.102456814	0.233647181	0.101532458	0.736842105	0.199516547	0.277461002	0.44044638	0.405106867	0.567997677	0.257177844	0.187001987
GU644783	0.492307692	0.194019157	0.425	0.106576139	0.448313279	0.507692308	0.353216413	0.575	0.24343356	0.278967536	0.17967711	0.178819661	0.144040433	0.208333333	0.087262221	0.094796945	0.571428571	0.340478598	0.173620716	0.430407898	0.267713394	0.112364918	0.068441128	0.317111081	0.250522316	0.138812501	0.102456814	0.233647181	0.101532458	0.736842105	0.199516547	0.277461002	0.44044638	0.405106867	0.567997677	0.257177844	0.187001987
GU644784	0.492307692	0.190317266	0.4125	0.106478632	0.457043195	0.507692308	0.356980495	0.5875	0.240916645	0.275806014	0.175492142	0.176785156	0.136426145	0.208333333	0.086266922	0.095697295	0.542857143	0.336613179	0.178875341	0.439907825	0.278679728	0.11202672	0.06828135	0.323924526	0.241990858	0.14050179	0.101316965	0.233650084	0.101070011	0.717948718	0.199228756	0.277015266	0.440284476	0.408668207	0.590346765	0.256879335	0.184965392
GU644785	0.46875	0.190703072	0.407407407	0.106599171	0.447768384	0.53125	0.349620095	0.592592593	0.244079594	0.278978452	0.172795011	0.178852279	0.136527045	0.208333333	0.087286133	0.094349815	0.542857143	0.340513816	0.180942413	0.430384955	0.266164083	0.10417638	0.068170402	0.317030509	0.251836278	0.147016983	0.102766855	0.233604561	0.115794142	0.736842105	0.199066966	0.277477329	0.426887661	0.407628236	0.590872034	0.271275189	0.186907638
GU644786	0.461538462	0.191003745	0.4125	0.10665878	0.448789778	0.538461538	0.342758227	0.5875	0.237277125	0.271811439	0.177531856	0.1787972	0.144078757	0.208333333	0.094394336	0.094762097	0.571428571	0.340454348	0.173737531	0.430414165	0.271093592	0.112411442	0.068399881	0.317229793	0.261619965	0.138831539	0.109216934	0.233578835	0.103750734	0.736842105	0.199290006	0.277710033	0.440685347	0.40503996	0.568391832	0.256978548	0.186912624
GU644787	0.46875	0.195872365	0.4	0.104825008	0.439578656	0.53125	0.34960958	0.6	0.254525634	0.29545587	0.180660746	0.166206678	0.160648501	0.217391304	0.079551416	0.084848101	0.571428571	0.345182792	0.170767765	0.437176645	0.261359935	0.113961805	0.065084723	0.30640534	0.251879641	0.140857814	0.102633547	0.233641569	0.110001326	0.736842105	0.205673359	0.274535603	0.442642308	0.417108211	0.56886617	0.250462033	0.186569373
GU644788	0.492307692	0.191075152	0.4125	0.109498718	0.43974729	0.507692308	0.353206492	0.5875	0.243632001	0.278976107	0.181578526	0.178845271	0.15018098	0.217391304	0.087280995	0.094799593	0.571428571	0.340506249	0.173689154	0.437185408	0.269430114	0.113998973	0.059153011	0.306423174	0.250450835	0.140892213	0.102559402	0.233650084	0.105946494	0.736842105	0.199394089	0.289351269	0.442676326	0.405081684	0.568472448	0.257054186	0.186998675
JQ685905	0.484375	0.193913382	0.407407407	0.106602767	0.448126233	0.515625	0.349605535	0.592592593	0.243650093	0.27897439	0.177464992	0.178840143	0.128412957	0.208333333	0.087277236	0.094366122	0.571428571	0.340500712	0.188872538	0.430399517	0.267583472	0.112366038	0.068343571	0.317081649	0.251945375	0.138857272	0.102575581	0.233630151	0.103582884	0.736842105	0.199370396	0.288549266	0.440375971	0.407782772	0.568472448	0.257039801	0.176327269
AY352488	0.308823529	0.19623299	0.441558442	0.16655078	0.421058876	0.691176471	0.333311773	0.558441558	0.172683508	0.294063657	0.182706039	0.19817173	0.145237133	0.304347826	0.120547743	0.12916449	0.628571429	0.280362702	0.213690541	0.366188648	0.294659419	0.094531892	0.11440281	0.409084234	0.293207815	0.145685053	0.107706408	0.265293157	0.081630066	0.742857143	0.242862909	0.274857236	0.423793199	0.346593131	0.518601542	0.189815143	0.169897987
AY352501	0.352941176	0.204185764	0.402597403	0.16704187	0.418706129	0.647058824	0.336458738	0.597402597	0.175601989	0.294065749	0.16305607	0.176262996	0.116170559	0.304347826	0.101373279	0.105737733	0.628571429	0.321481458	0.201409428	0.365659147	0.269532186	0.075147885	0.113375845	0.409250442	0.272281766	0.164528182	0.109734396	0.255326252	0.11104312	0.742857143	0.226273194	0.30164608	0.435894363	0.37443526	0.523183762	0.203239127	0.180932008
KX954123	0.338235294	0.18685405	0.441558442	0.172106002	0.421015052	0.661764706	0.359200339	0.558441558	0.164255103	0.305922022	0.19270129	0.205584838	0.145706055	0.304347826	0.094077978	0.129404595	0.628571429	0.287818773	0.216893449	0.345291695	0.297449763	0.103485092	0.108446891	0.429581297	0.255371006	0.137021485	0.115017151	0.2517174	0.076785274	0.742857143	0.247494669	0.275161444	0.441517875	0.356498391	0.5174956	0.186319049	0.167319636
LT598537	0.352941176	0.204231133	0.415584416	0.166910308	0.419207537	0.647058824	0.336509602	0.584415584	0.175008642	0.294062422	0.163225485	0.183554307	0.137312496	0.304347826	0.113242197	0.105832168	0.628571429	0.302264668	0.201296421	0.36578017	0.269768484	0.075160806	0.113603987	0.409214816	0.28938703	0.164564121	0.10930506	0.255276565	0.11125846	0.742857143	0.226608371	0.280825535	0.436206002	0.368273506	0.522210279	0.203529694	0.181196784
LT598538	0.352941176	0.199974398	0.402597403	0.16707385	0.418654288	0.647058824	0.33633264	0.597402597	0.175063883	0.2867599	0.17222783	0.19095538	0.132935903	0.304347826	0.1132401	0.103624735	0.657142857	0.302470157	0.201592643	0.380884968	0.250831178	0.075414901	0.113460473	0.373563192	0.281550997	0.173096292	0.109426117	0.255368843	0.118287183	0.742857143	0.22074214	0.297017992	0.422460534	0.386480446	0.500796415	0.223789398	0.17017415
LT598539	0.352941176	0.192870186	0.407894737	0.167077005	0.42929275	0.647058824	0.326418627	0.592105263	0.16949948	0.27617051	0.178282558	0.188714191	0.132995094	0.304347826	0.11914745	0.103610139	0.657142857	0.298916851	0.199074503	0.380949185	0.241241167	0.074685277	0.113507161	0.373589225	0.292061755	0.181685377	0.10585429	0.255326252	0.11708863	0.722222222	0.220704448	0.297273601	0.422629749	0.386523916	0.500796415	0.223752727	0.170409874
LT598540	0.323529412	0.211346257	0.402597403	0.167059476	0.418855416	0.676470588	0.331099391	0.597402597	0.175342403	0.294071954	0.160864652	0.183600777	0.132785922	0.304347826	0.113241006	0.100885748	0.657142857	0.302381439	0.208087245	0.380919192	0.254692459	0.075307085	0.113441908	0.373603841	0.287171453	0.173116647	0.109595211	0.255326252	0.118283325	0.742857143	0.218106061	0.296945153	0.422629749	0.388927126	0.501153045	0.226006289	0.163492044
LT598541	0.352941176	0.199844539	0.402597403	0.16705307	0.418964156	0.647058824	0.32633276	0.597402597	0.1745177	0.286760802	0.172443755	0.190996906	0.133283335	0.304347826	0.113239198	0.128602723	0.657142857	0.302558626	0.201715148	0.380960089	0.250603546	0.07562066	0.113613471	0.373526599	0.281596698	0.173130863	0.109091111	0.24168427	0.118446486	0.742857143	0.243701227	0.297427157	0.42252996	0.371253324	0.499984612	0.209896487	0.170457269
LT598542	0.323529412	0.211346257	0.402597403	0.167059476	0.418855416	0.676470588	0.331099391	0.597402597	0.175342403	0.294071954	0.160864652	0.183600777	0.132785922	0.304347826	0.113241006	0.100885748	0.657142857	0.302381439	0.208087245	0.380919192	0.254692459	0.075307085	0.113441908	0.373603841	0.287171453	0.173116647	0.109595211	0.255326252	0.118283325	0.742857143	0.218106061	0.296945153	0.422629749	0.388927126	0.501153045	0.226006289	0.163492044
LT598543	0.362318841	0.216595423	0.428571429	0.170040907	0.408918054	0.637681159	0.34244066	0.571428571	0.175555546	0.294061818	0.167002777	0.171674996	0.134742565	0.318181818	0.113242273	0.09661395	0.628571429	0.31413363	0.208583874	0.38672983	0.260615303	0.076141719	0.115631481	0.38500636	0.282214328	0.167022708	0.109650585	0.255359363	0.102323214	0.742857143	0.218496493	0.294836704	0.435805593	0.384876049	0.523087406	0.211075396	0.168532023
LT909550	0.308823529	0.196259121	0.441558442	0.166589216	0.4208904	0.691176471	0.333308033	0.558441558	0.172975692	0.294062779	0.182605033	0.19816591	0.145107013	0.304347826	0.120547084	0.129096242	0.628571429	0.280354247	0.208803018	0.366150226	0.294614011	0.094475733	0.114316501	0.409104139	0.29317768	0.145681766	0.107907206	0.265296034	0.081597713	0.742857143	0.23631182	0.274767417	0.423724774	0.346448386	0.519040105	0.196036821	0.174650131
MN384717	0.352941176	0.199573744	0.415584416	0.148964347	0.419207537	0.647058824	0.346438851	0.584415584	0.180723313	0.296226242	0.173029764	0.180300799	0.128324149	0.304347826	0.114075475	0.119373258	0.657142857	0.301734643	0.193698425	0.36578017	0.27479494	0.088350174	0.133255851	0.409214816	0.278937869	0.151374754	0.103403771	0.251832351	0.101454181	0.742857143	0.22085382	0.297419361	0.428496787	0.354732416	0.500492565	0.214031611	0.181340716
AY352487	0.323529412	0.196895442	0.441558442	0.16655078	0.421058876	0.676470588	0.336842118	0.558441558	0.172683508	0.294063657	0.182706039	0.19817173	0.145237133	0.304347826	0.120547743	0.12916449	0.628571429	0.280362702	0.213690541	0.366188648	0.292089498	0.094531892	0.11440281	0.409084234	0.291574853	0.145685053	0.107706408	0.265293157	0.081630066	0.742857143	0.242862909	0.274857236	0.423793199	0.346593131	0.518601542	0.189815143	0.169897987
EF611828	0.323529412	0.196314346	0.454545455	0.138680716	0.420965724	0.676470588	0.338668077	0.545454545	0.204225028	0.294058916	0.182595182	0.198140319	0.133732399	0.304347826	0.132426355	0.133359668	0.6	0.268434899	0.208742252	0.366164755	0.294737002	0.084025394	0.114316978	0.409116985	0.287595274	0.156068189	0.140127137	0.265281359	0.081596102	0.742857143	0.236218736	0.285997837	0.423804153	0.342036667	0.541000078	0.195963725	0.163251943
EF611830	0.308823529	0.19616526	0.441558442	0.16655179	0.421468972	0.691176471	0.323402063	0.558441558	0.172529029	0.294065444	0.182851282	0.198183565	0.145418444	0.304347826	0.120549083	0.129220657	0.628571429	0.280379896	0.213822047	0.345361773	0.294694808	0.094675562	0.114488448	0.429665793	0.303692235	0.145694774	0.107630514	0.265259901	0.081636263	0.742857143	0.242967081	0.275187843	0.423956717	0.346739297	0.518367327	0.189854197	0.170028373
EF611851	0.323529412	0.217620355	0.402597403	0.167096499	0.418744738	0.676470588	0.331081476	0.597402597	0.175464126	0.294073637	0.160831435	0.171756256	0.132749974	0.304347826	0.113240795	0.100876488	0.657142857	0.314254782	0.197018077	0.401845246	0.247802971	0.075325068	0.113390596	0.352975851	0.287143971	0.173105136	0.109689646	0.255339215	0.118233789	0.742857143	0.218052039	0.296977272	0.422553078	0.388909001	0.50137366	0.225950562	0.174576389
L20675	0.358208955	0.205549087	0.474358974	0.159621575	0.428020277	0.641791045	0.333683261	0.525641026	0.194348887	0.290846798	0.190472889	0.203691707	0.125340553	0.304347826	0.109191235	0.139502604	0.628571429	0.289057993	0.178414031	0.40789521	0.271319006	0.086835841	0.108219426	0.388446199	0.292601624	0.147168479	0.107706331	0.255222452	0.078683246	0.735294118	0.221699419	0.304609405	0.436731503	0.338582639	0.518704693	0.211155929	0.187888413
gannoruwa_outgroup	0.352941176	0.206333688	0.4375	0.117325361	0.414285077	0.647058824	0.350874271	0.5625	0.217748015	0.264582041	0.187260153	0.19497747	0.130404147	0.272727273	0.129424332	0.09501401	0.59375	0.315304538	0.194371083	0.412122837	0.227048515	0.078817857	0.063431329	0.365795914	0.350028264	0.145291096	0.179230877	0.251210996	0.16508056	0.764705882	0.24777552	0.351342947	0.357287977	0.292721942	0.558124988	0.267004999	0.1840007