acc	ApApos2	ApAbridge	ApCpos2	ApCbridge	ApGpos1	ApGpos2	ApGbridge	ApTpos1	ApTpos2	ApTbridge	CpApos2	CpAbridge	CpCpos2	CpCbridge	CpGpos1	CpGpos2	CpGbridge	CpTpos1	CpTpos2	CpTbridge	GpApos2	GpAbridge	GpCpos2	GpCbridge	GpGpos2	GpGbridge	GpTpos1	GpTpos2	GpTbridge	TpApos1	TpApos2	TpAbridge	TpCpos1	TpCpos2	TpCbridge	TpGpos1	TpGpos2	TpGbridge	TpTpos1	TpTpos2	TpTbridge
DQ666289	0.8035264483627205	0.9413385015993136	1.273622571200426	0.5929419531913784	1.1094648487521213	1.2452830188679243	1.2021657000827741	1.0	0.7734185585188451	1.0437270015296793	1.0411349538821422	1.3761077635645407	1.145238944470865	0.8344555212357173	0.5252861795956609	0.5313178845968857	0.5281032828356257	1.029706344517721	1.4263900296335679	1.4523515253044657	1.3366870957730983	1.2041580455822947	0.48089314684694695	0.5217855652341716	1.124719770160866	0.7333197927425921	1.0	0.8726563213993731	0.9905307682268624	1.0	0.8726686100812272	0.5929473887843336	1.1298963612640478	1.1225488819867313	1.6442855366007287	1.0	0.9762683438155136	1.316756347402862	0.9737221554672336	0.9914449520661586	0.5410112936351222
DQ666290	0.8113636363636363	0.8904310286315972	1.2351804123711339	0.6041273648398349	1.1038833810631568	1.240301100173712	1.2010395344651617	1.0	0.8033405172413792	1.0482237936915444	1.0414636540248596	1.3616577148264535	1.1868554477462347	0.9116361472678853	0.5251165877047305	0.5199911716815957	0.529384355524492	1.0252523438341894	1.4075623095519054	1.441172893354699	1.2471354920405209	1.2385626271340064	0.5043747057336017	0.5152261041224623	1.1795372214685127	0.711098602491579	1.0	0.8519671638866495	0.9658647193910158	1.0	0.8957022471910112	0.6041313326961074	1.1452718480152084	1.1152851940487403	1.5799692456242609	1.0	0.9453151190077105	1.3327829781939702	0.9774112926594443	0.994132333051391	0.5524671221950402
DQ866105	0.8055201380034501	0.9088872251099613	1.2560871056241425	0.6009561490822496	1.07910711813745	1.243405613442223	1.0772179855572284	1.0	0.7886731048144612	1.1628677071882467	1.0545326449754573	1.3510443037801843	1.1558976744425684	0.8706919899696721	0.526922637474069	0.5234253620117292	0.5712073882263599	1.0316621499548329	1.4513164904326772	1.4427696545381972	1.1658291457286432	1.2609247964585915	0.5455907593907254	0.5307545033337145	1.2206632653061225	0.7915193565097846	1.0	0.8286443729051601	0.8971037801649411	1.0	0.8606233414262323	0.5565997252729221	1.1623391310738433	1.0858464539431674	1.6236995319440897	1.0	0.9909014675052412	1.3641068986455724	0.9721279706041668	1.0252177815103911	0.5460982646011003
DQ866106	0.7952773446201827	0.8853812370780918	1.2351804123711339	0.5930189865629055	1.0662842207482612	1.263777267508611	1.194979876845389	1.0	0.8033405172413792	1.0426965754898077	1.0361126105584488	1.3748831749155423	1.1458361583370287	0.90524380376209	0.5262204315128193	0.5454817928904407	0.5151995770552473	1.0718547230993798	1.4613642121349564	1.4016455226257956	1.240410708694291	1.2455962626682193	0.5424634176954245	0.5384051096916067	1.186477159204432	0.7153522182478572	1.0	0.7944799738221476	1.019847181876903	1.0	0.8917491195706858	0.560357310019089	1.1678506801005633	1.1156999351318069	1.6481048205712294	1.0	0.9496153846153847	1.3445176282968963	0.9357245679139287	0.9946277749855964	0.5427508831958192
DQ866108	0.8590119557861495	0.8962557714131101	1.2394396551724138	0.6174206169603315	1.081937617903164	1.182695118386437	1.1918049145204601	1.0	0.8010386819484239	1.039279263946697	1.0335231752475214	1.3557916275774464	1.149761697435621	0.9098528036042115	0.5275393345455875	0.5472221021560592	0.5268328020863519	1.0744805740936942	1.4372575258166713	1.3861856291616605	1.2367167571882214	1.2291430475935992	0.5009712947213162	0.5046227729829129	1.189793369448441	0.7371600822366691	1.0	0.8419166372587026	1.0217920012863793	1.0	0.8795423214778054	0.598269527630845	1.156512729798171	1.1106627234570159	1.6464483873730595	1.0	0.9963191741411407	1.3185429779194087	0.9337948877674741	0.9843404210759215	0.5462189061165023
DQ866109	0.8208955223880597	0.8827586734467129	1.2332474226804124	0.6083777098032193	1.0815580784478918	1.2313432835820894	1.1818211663370835	1.0	0.8043948126801153	1.041160121529799	1.0340002266921007	1.3496729017208344	1.1464712851838335	0.8937269998313109	0.5270838723627039	0.54582029456154	0.5290931329722174	1.0867674312481954	1.446253767459703	1.382382141157761	1.2374624092307032	1.2454233650345512	0.49830825982669374	0.6040030144325113	1.1865450111847808	0.7089423928946789	1.0	0.8450662210555692	0.9692123910339353	1.0	0.8800110283981252	0.6009632846788782	1.1582013862989704	1.1151138613921863	1.6318806533533667	1.0	0.9376686909581646	1.374382040416058	0.9200491987328465	1.0359773803047672	0.5493462719963084
DQ866110	0.8494839236652558	0.9170581016791884	1.226923076923077	0.7213502351558373	1.0476434393648337	1.1933145772733775	1.1531078364486864	1.0	0.815625	0.9492797750068555	1.093543129700837	1.2334899695638541	1.110943364606184	0.8809276010054968	0.5304155017834763	0.4884286756388738	0.5946934659412578	1.0845528455284552	1.4930639773289862	1.4632815628305764	1.1521173203748698	1.2095122250918546	0.4332926499424596	0.5393596209380133	1.2382069088130088	0.7475316109083479	1.0	0.8820909867785063	0.9458023004973305	1.0	0.8522276259153669	0.6562761063554919	1.1920239890375701	1.1489932481311793	1.6420770587246336	1.0	1.0025133120340788	1.2993884768685207	0.9266129032258065	0.9768074059561129	0.546810843766474
DQ866112	0.7966371615866079	0.880937317951063	1.2378892733564015	0.5939000582570956	1.0751788171011094	1.2610038977089078	1.2561907448793899	1.0	0.8018731988472624	0.9948677417051497	1.064684854881451	1.3546421350941578	1.1561267408172045	0.911840688610618	0.5292526478610794	0.5432490717712053	0.4923171661486131	1.075274257348694	1.4138941172335469	1.3878848390660037	1.1906358712501943	1.2363149052066942	0.499606929989774	0.5371541527631818	1.236264563829823	0.7121248364785496	1.0	0.8424129823401348	1.077076617466029	1.0	0.9271196364346056	0.5993679334104414	1.16257107266283	1.0818425182351412	1.6552781542098833	1.0	0.9451380042462845	1.3014646298071118	0.9332163973794626	0.9972268995982747	0.5496100887181431
DQ866116	0.8782149104849816	0.9271265668377492	1.171153846153846	0.6754740653608623	1.0483729977509073	1.1555280920239563	1.161725468126143	1.0	0.8609375	0.9518157282242403	1.096368630376531	1.2766040326896382	1.1776032792784292	0.8806225329325061	0.5298531443812463	0.4869203231383351	0.5780987177007895	1.0845528455284552	1.439127129846722	1.443008659604192	1.0915831319232887	1.2163295722001428	0.5064884656509014	0.6050462589041586	1.3115108614023863	0.7167879501566737	1.0	0.8221914839554422	0.9430937413321475	1.0	0.8541007032979352	0.613752453401063	1.1923331311150047	1.1079696165903063	1.6417603210713139	1.0	0.9998301486199576	1.3204555865168859	0.9266129032258065	1.0097227664576802	0.5632114360484625
DQ866119	0.7983771913499832	0.8933195643465355	1.2417820069204153	0.5960338164464731	1.0801317373553787	1.257486453084894	1.1874689861211523	1.0	0.799785100286533	1.0453204310498603	1.0394696541805548	1.342643589699534	1.1548386988165447	0.9128174706430243	0.527512258724212	0.542571648407801	0.5584309848506875	1.0765111783594354	1.438427163686038	1.3690814653306422	1.243433917992088	1.2366434022290855	0.4782146884070727	0.5363857262671534	1.1792311371818436	0.7113147345497454	1.0	0.859051231307124	1.0137961721582662	1.0	0.8931043178570429	0.6016254114287126	1.1593014403075872	1.1233841045138762	1.6474461563189131	1.0	0.9440339702760085	1.3174237776878341	0.9323192105057344	0.9924329967257774	0.5626698950791608
EU086182	0.8229375510507165	0.9133036612361797	1.265	0.5939886766456708	1.0533871913638484	1.2274092794811882	1.173868498394468	1.0	0.7791666666666666	1.160883866904953	1.093198031812254	1.2759779979454333	1.119535003630318	0.842249036493639	0.5272973269462831	0.4882624663522801	0.5861848233949762	1.027177700348432	1.4894991739711467	1.4755009750017885	1.2170364775533389	1.2426951675238938	0.4998751901878846	0.537583184818504	1.161753745617252	0.7000669620331083	1.0	0.8312322072733179	0.8971008799731867	1.0	0.8914975683380846	0.6077764089781688	1.1909377628259041	1.1381985731272295	1.6497208118249986	1.0	0.9470926517571885	1.321470856777207	0.9758064516129031	0.978918945699564	0.552747056892041
EU086183	0.8208955223880597	0.9164789510196968	1.221105746226456	0.5919577684147141	1.0365064253400118	1.2313432835820894	1.1818211663370835	1.0	0.8145770254988509	1.1712873245937656	1.0807425117306542	1.27045866692763	1.2112037280379122	1.0572977844166946	0.5270838723627039	0.48544484305340874	0.5706909798208196	1.1178179292838581	1.446253767459703	1.1744338368033949	1.2141140618867277	1.216191216012227	0.4931175487868325	0.538791397785112	1.1653567074136237	0.7089423928946789	1.0	0.8251089906378238	0.9006954422455064	1.0	0.9276214905065938	0.6052558795694415	1.2010977339396731	1.0538506785506174	1.6520273280861242	1.0	0.9501709401709402	1.3190224634912102	0.8944537009889802	1.0147959607052885	0.5897870148934191
EU159386	0.8229375510507165	0.9133036612361797	1.265	0.5939886766456708	1.0533871913638484	1.2274092794811882	1.173868498394468	1.0	0.7791666666666666	1.160883866904953	1.093198031812254	1.2759779979454333	1.119535003630318	0.842249036493639	0.5272973269462831	0.4882624663522801	0.5861848233949762	1.027177700348432	1.4894991739711467	1.4755009750017885	1.2170364775533389	1.2426951675238938	0.4998751901878846	0.537583184818504	1.161753745617252	0.7000669620331083	1.0	0.8312322072733179	0.8971008799731867	1.0	0.8914975683380846	0.6077764089781688	1.1909377628259041	1.1381985731272295	1.6497208118249986	1.0	0.9470926517571885	1.321470856777207	0.9758064516129031	0.978918945699564	0.552747056892041
EU828653	0.8971439100792334	0.9598313265025684	1.201474622770919	0.7248474766422514	1.046692811138262	1.1339444257810622	1.1351272907872392	1.0	0.8337401393752875	0.9574857726159617	1.1030310708875573	1.2322844055488984	1.1033824352501034	0.9001051395469569	0.530837269835149	0.5301408242435104	0.6038709374139868	1.1254496181325448	1.451561147125011	1.4357434699303007	1.2301605801605802	1.1719150783602454	0.45781911567961203	0.5507607861400026	1.189556482687146	0.7455248923595168	1.0	0.8378888983526462	0.9357204801665084	1.0	0.8474961853239007	0.6464066599779615	1.1924868784903333	1.1399352949393355	1.657936359840636	1.0	1.0096034297963559	1.306178670839237	0.8895673398908707	0.9835222968744854	0.5045458618426033
FJ561726	0.8947368421052629	0.9342940275492732	1.2245644599303136	0.7351893164294804	1.0804632737243194	1.1333333333333333	1.1242288078114029	1.0	0.8169034090909092	1.0120053308889958	1.0619287672442863	1.249540434436199	1.096916649249808	0.8765260865911134	0.5276338900475673	0.5185452371227404	0.6014388279375522	1.0824679187558426	1.4793626615727673	1.4604609056078157	1.183859373708998	1.21433720318533	0.45602686341748383	0.5154671989618984	1.2534499514091348	0.7691022229126406	1.0	0.8741797680882877	0.8593217843545615	1.0	0.8669989580693307	0.640097259586868	1.1584993345258474	1.144572928968506	1.6255739058091008	1.0	0.9716320716320715	1.3006803596604528	0.9280716318785578	0.9837442178301091	0.5464349299725317
FJ561727	0.8813825608798115	0.936328962935957	1.2203125	0.6898204927700945	1.0726133218042717	1.1502487562189054	1.1243894128791274	1.0	0.8192307692307693	1.0343177108210848	1.0618402450119901	1.2277590268087935	1.0930159307523617	1.002578988872363	0.47212003628300747	0.5561807162136109	0.6043483185829001	1.0797869813113714	1.483451585214406	1.2894963917994335	1.1842244172742906	1.264516429523019	0.4545189807224828	0.5348156102133808	1.2536373088338153	0.7713502715423398	1.0	0.814204637131032	0.8908127368673585	1.0	0.8584945509842019	0.6111219596950047	1.19040087199386	1.1401030441810345	1.6413357644543554	1.0	0.9843809523809525	1.2998414110060588	0.9299685134599747	0.9857334954317714	0.5529299590731037
FJ561728	0.8915548838088041	0.9470751928942541	1.24609375	0.7307955389146371	1.0558639355746682	1.1338619402985073	1.0289689820612595	1.0	0.7975	1.0243849475708156	1.0830795108828042	1.189002950339934	1.1037116050943483	0.8704910624334844	0.5249364223714701	0.5153787399915718	0.667972856509556	1.0791731191121434	1.5022583428651697	1.488509191421689	1.063449895986357	1.2062195467831864	0.4532135983418462	0.5190933957359262	1.3439829370163145	0.8614702272480625	1.0	0.8651060205894483	0.8594318926309737	1.0	0.8074798619102417	0.6561150028136414	1.193476577622919	1.1482418729871173	1.654916291943606	1.0	1.0143028846153848	1.3020327474103888	0.9304062389223681	1.0036159420289854	0.5228201176545988
FJ866829	0.9083969465648856	0.9691178165956889	1.2394396551724138	0.7316217217496278	1.0620602599343494	1.1121495327102802	1.0338371090599245	1.0	0.8010386819484241	1.0419437666298552	1.0784081530052587	1.1924050928933239	1.0858403373625591	0.9905392855536864	0.5220010837153486	0.5459485373723315	0.6579110048693935	1.1060829439199793	1.4924546973477355	1.3155891252787704	1.0696687458575571	1.193634383247414	0.4510872447211171	0.516328244901	1.3404664002955626	0.8587303349848725	1.0	0.8677932889301276	0.8679921547299772	1.0	0.8304524582492468	0.6502345198637585	1.1915079040286591	1.1496608048063084	1.6546632290006604	1.0	0.9724358216017982	1.3103168386947714	0.9068963298598597	1.0139891523096844	0.5287510688920751
FJ866830	0.9015151515151517	0.9752266669978911	1.248046875	0.6947081523637004	1.1024999486185156	1.1226415094339623	1.0871135443503863	1.0	0.7964743589743589	1.042633119526234	1.0608509847640282	1.1989742234937681	1.0837897157190637	0.8450969778639458	0.4706208425720621	0.5462690099072379	0.6629684545071204	1.0632173601147776	1.4709325481900735	1.5027594409847997	1.1687306501547987	1.2350098045536595	0.454288728897716	0.5299930601215636	1.3229890764647465	0.7860506782531772	1.0	0.8245401845203235	0.8527877718722399	1.0	0.8632880529432254	0.6112793112686243	1.1590563358856043	1.1593738578216373	1.6376483954127057	1.0	0.9251253881060425	1.3037351467742437	0.9452138989265316	1.0103744939271255	0.5261582413418839
FJ866831	0.8858227752923042	0.9337114907422989	1.243728373702422	0.7259729064076916	1.084823774087142	1.1429916662743067	1.0943324051901886	1.0	0.7987500000000001	1.0178732002721995	1.0672866214589494	1.2331009462058218	1.089333862547558	1.0229521241683222	0.524977174905439	0.5152774563546937	0.6021382937462243	1.0927350984739792	1.4878276288843708	1.3066988257504641	1.1434603860643546	1.2294205598353578	0.45286412978442875	0.5229826455747252	1.3029192979170447	0.7958498675125522	1.0	0.8780962861887351	0.8762435823361888	1.0	0.8423287012141624	0.6391182748016236	1.1585240099021852	1.1351902412319181	1.6286548798728726	1.0	0.9953490253174795	1.3182500941556985	0.9170845481049562	0.9873456968994493	0.5228754950003559
GQ472468	0.782602140811096	0.884344090655704	1.2355603448275863	0.5859651839440958	1.1001163997804124	1.2783246477513994	1.2337138087826727	1.0	0.8031340057636888	1.044446431530458	1.0667990950023494	1.386948559581047	1.1513995440341098	0.8969149613000352	0.5056254300787523	0.542858243151951	0.5260504201680675	1.073251267935877	1.413098381154287	1.3851257396871082	1.2635531308448487	1.2373458954308587	0.4936734263970069	0.5363329370777077	1.1584227253362227	0.7118137336176761	1.0	0.8345620654981989	1.0163481814976056	1.0	0.8916093688859075	0.6001067054742762	1.1606847103554434	1.1184361802451925	1.6331645865325033	1.0	0.9451380042462844	1.2911461167708183	0.9346952458656257	0.9968793154848592	0.5493997928692499
GQ472470	0.7983771913499833	0.8893803454711848	1.2248293515358362	0.5930789901613244	1.1041973785785604	1.257486453084894	1.1678950364121872	1.0	0.8090579710144927	1.0480450859019768	1.0301628778474574	1.3840744731652441	1.1288013388317406	0.9112994015900259	0.524465645309369	0.5156501299038909	0.5254237288135593	1.066045117789062	1.476153209136446	1.3570478112929942	1.1799828736737186	1.2401148173294392	0.54925587098927	0.534658955322997	1.2583175502153456	0.7531254923744387	1.0	0.816128911337206	0.9692276187720185	1.0	0.904726819315348	0.5806879392241512	1.1464323517120185	1.1157644337099468	1.6352788926986117	1.0	0.9590290927870545	1.3430106483319113	0.9400819937425827	0.9753085113475315	0.5572665304721275
GQ472473	0.8188636027781884	0.9760547140148838	1.2375	0.59141055126237	1.0794546088296684	1.2353025867447327	1.1896017079017516	1.0	0.8020833333333334	1.0377500123487178	1.0607978992091587	1.3538060039497277	1.1503964926187844	0.9093688049929723	0.5284065284430954	0.509398222984745	0.5309468147282294	1.0738675958188153	1.4420677138744602	1.3856422793571455	1.2337867446132775	1.117426010248184	0.5000463626640557	0.540882022888446	1.1898624110953957	0.7178116674825752	1.0	0.8432099387922799	1.023403070824953	1.0	0.8875848258983202	0.5992715076522039	1.158129702452663	1.1196492271105827	1.650355274647596	1.0	0.9521543408360128	1.3326733862055642	0.93424317617866	0.9952189853349188	0.5479152514317588
GQ472477	0.7706852272304314	0.8870952406635605	1.2394396551724138	0.5699787573901052	1.0615277101864138	1.2937866577654857	1.1978352341699507	1.0	0.8010386819484241	1.0465394485154953	1.0388519241368963	1.334706292150183	1.1500023248637046	0.9206224096476501	0.5503603973058824	0.5438528727568773	0.5312390414962013	1.0744805740936945	1.4375146021929706	1.3861999537560787	1.2197591914484667	1.2411914469883099	0.5061283377830297	0.5728408607437795	1.204713012323874	0.7131241124091936	1.0	0.8500885642088789	1.0283979187108148	1.0	0.9122471598780825	0.5981558550174434	1.1571256644603296	1.1102501092512984	1.6663895284780434	1.0	0.9465388711395101	1.329376485434202	0.9337948877674741	0.9838506211591873	0.5460706397195396
GU358653	0.8229375510507165	0.9149265592209649	1.2290239726027399	0.5925139132902508	1.0562282157080083	1.2274092794811882	1.1741977357838649	1.0	0.8067196531791907	1.1621732539878817	1.093042736484248	1.2679098228476728	1.152684853591095	1.051469391391538	0.5257702755705341	0.48818767155772125	0.6025807003121578	1.1150971314018423	1.4633006615677306	1.2137996639112958	1.2177383161945696	1.2444639317392963	0.4965816322654104	0.5367171034957937	1.162119365704868	0.7002534196994245	1.0	0.8356372650833722	0.8991569025768561	1.0	0.8922242718989323	0.6113386661230434	1.190448957007584	1.129448455426068	1.653731399285172	1.0	0.9482002129925452	1.3114028474797834	0.8962377544141482	0.98296681693202	0.5557970412153019
HM486355	0.8358583964599116	0.8844416497205836	1.1138339564845263	0.5670509341199983	1.063778240417252	1.2035151346073372	1.1424265192265661	1.0	0.909384300928748	1.1103735317042995	1.0087631991813713	1.3826857654194245	1.1156365716622525	0.8584960054074944	0.5334230131858659	0.680830243663677	0.5301379546171444	1.0005444603135776	1.3999634790946929	1.481439141413122	1.3103679399582173	1.2118877057497313	0.5209055582677192	0.5654434449610763	1.0378637725443778	0.8357124701461814	1.0	0.8437804777511119	1.0047949211359588	1.0	0.8683586471684264	0.5599782847140278	1.1701431867570162	1.155561519021394	1.6081204574074799	1.0	1.0640498442367603	1.2828550220998052	0.9995395917421125	0.896091110433613	0.5485073536600117
HM486356	0.837020925523138	0.8838251693256173	1.1160488245931286	0.5678287703796674	1.0606231353668314	1.2014461852229534	1.143107364599624	1.0	0.9079499408326458	1.1113869494341158	1.018432544784138	1.3855743957034923	1.0872943310543903	0.8622063433504474	0.5345608792056301	0.6851809111900432	0.5317115132718933	1.002534051314539	1.41350321504782	1.4841715808916693	1.286125399201843	1.207287621610268	0.565905438056647	0.564779730575407	1.0166672934741625	0.8336213549702266	1.0	0.8340373604951228	1.0023498386552867	1.0	0.8681045677827338	0.5591808465970979	1.1723936853695716	1.1593947923997185	1.609677065426594	1.0	1.0612422360248448	1.2819819490398472	0.9978677388893966	0.8961260972103993	0.5485193225666609
HM486357	0.8358583964599116	0.8844416497205836	1.1138339564845263	0.5670509341199983	1.063778240417252	1.2035151346073372	1.1424265192265661	1.0	0.909384300928748	1.1103735317042995	1.0087631991813713	1.3826857654194245	1.1156365716622525	0.8584960054074944	0.5334230131858659	0.680830243663677	0.5301379546171444	1.0005444603135776	1.3999634790946929	1.481439141413122	1.3103679399582173	1.2118877057497313	0.5209055582677192	0.5654434449610763	1.0378637725443778	0.8357124701461814	1.0	0.8437804777511119	1.0047949211359588	1.0	0.8683586471684264	0.5599782847140278	1.1701431867570162	1.155561519021394	1.6081204574074799	1.0	1.0640498442367603	1.2828550220998052	0.9995395917421125	0.896091110433613	0.5485073536600117
HM486358	0.8358583964599116	0.8844416497205836	1.1138339564845263	0.5670509341199983	1.063778240417252	1.2035151346073372	1.1424265192265661	1.0	0.909384300928748	1.1103735317042995	1.0087631991813713	1.3826857654194245	1.1156365716622525	0.8584960054074944	0.5334230131858659	0.680830243663677	0.5301379546171444	1.0005444603135776	1.3999634790946929	1.481439141413122	1.3103679399582173	1.2118877057497313	0.5209055582677192	0.5654434449610763	1.0378637725443778	0.8357124701461814	1.0	0.8437804777511119	1.0047949211359588	1.0	0.8683586471684264	0.5599782847140278	1.1701431867570162	1.155561519021394	1.6081204574074799	1.0	1.0640498442367603	1.2828550220998052	0.9995395917421125	0.896091110433613	0.5485073536600117
HM486359	0.8358583964599116	0.8844416497205836	1.1138339564845263	0.5670509341199983	1.063778240417252	1.2035151346073372	1.1424265192265661	1.0	0.909384300928748	1.1103735317042995	1.0087631991813713	1.3826857654194245	1.1156365716622525	0.8584960054074944	0.5334230131858659	0.680830243663677	0.5301379546171444	1.0005444603135776	1.3999634790946929	1.481439141413122	1.3103679399582173	1.2118877057497313	0.5209055582677192	0.5654434449610763	1.0378637725443778	0.8357124701461814	1.0	0.8437804777511119	1.0047949211359588	1.0	0.8683586471684264	0.5599782847140278	1.1701431867570162	1.155561519021394	1.6081204574074799	1.0	1.0640498442367603	1.2828550220998052	0.9995395917421125	0.896091110433613	0.5485073536600117
HM486361	0.8358583964599116	0.8844416497205836	1.1138339564845263	0.5670509341199983	1.063778240417252	1.2035151346073372	1.1424265192265661	1.0	0.909384300928748	1.1103735317042995	1.0087631991813713	1.3826857654194245	1.1156365716622525	0.8584960054074944	0.5334230131858659	0.680830243663677	0.5301379546171444	1.0005444603135776	1.3999634790946929	1.481439141413122	1.3103679399582173	1.2118877057497313	0.5209055582677192	0.5654434449610763	1.0378637725443778	0.8357124701461814	1.0	0.8437804777511119	1.0047949211359588	1.0	0.8683586471684264	0.5599782847140278	1.1701431867570162	1.155561519021394	1.6081204574074799	1.0	1.0640498442367603	1.2828550220998052	0.9995395917421125	0.896091110433613	0.5485073536600117
HM486362	0.8358583964599116	0.8844416497205836	1.1138339564845263	0.5670509341199983	1.063778240417252	1.2035151346073372	1.1424265192265661	1.0	0.909384300928748	1.1103735317042995	1.0087631991813713	1.3826857654194245	1.1156365716622525	0.8584960054074944	0.5334230131858659	0.680830243663677	0.5301379546171444	1.0005444603135776	1.3999634790946929	1.481439141413122	1.3103679399582173	1.2118877057497313	0.5209055582677192	0.5654434449610763	1.0378637725443778	0.8357124701461814	1.0	0.8437804777511119	1.0047949211359588	1.0	0.8683586471684264	0.5599782847140278	1.1701431867570162	1.155561519021394	1.6081204574074799	1.0	1.0640498442367603	1.2828550220998052	0.9995395917421125	0.896091110433613	0.5485073536600117
HM486364	0.8358583964599116	0.8844416497205836	1.1138339564845263	0.5670509341199983	1.063778240417252	1.2035151346073372	1.1424265192265661	1.0	0.909384300928748	1.1103735317042995	1.0087631991813713	1.3826857654194245	1.1156365716622525	0.8584960054074944	0.5334230131858659	0.680830243663677	0.5301379546171444	1.0005444603135776	1.3999634790946929	1.481439141413122	1.3103679399582173	1.2118877057497313	0.5209055582677192	0.5654434449610763	1.0378637725443778	0.8357124701461814	1.0	0.8437804777511119	1.0047949211359588	1.0	0.8683586471684264	0.5599782847140278	1.1701431867570162	1.155561519021394	1.6081204574074799	1.0	1.0640498442367603	1.2828550220998052	0.9995395917421125	0.896091110433613	0.5485073536600117
HM486365	0.8358583964599116	0.8844416497205836	1.1138339564845263	0.5670509341199983	1.063778240417252	1.2035151346073372	1.1424265192265661	1.0	0.909384300928748	1.1103735317042995	1.0087631991813713	1.3826857654194245	1.1156365716622525	0.8584960054074944	0.5334230131858659	0.680830243663677	0.5301379546171444	1.0005444603135776	1.3999634790946929	1.481439141413122	1.3103679399582173	1.2118877057497313	0.5209055582677192	0.5654434449610763	1.0378637725443778	0.8357124701461814	1.0	0.8437804777511119	1.0047949211359588	1.0	0.8683586471684264	0.5599782847140278	1.1701431867570162	1.155561519021394	1.6081204574074799	1.0	1.0640498442367603	1.2828550220998052	0.9995395917421125	0.896091110433613	0.5485073536600117
HM486366	0.8358583964599116	0.8844416497205836	1.1138339564845263	0.5670509341199983	1.063778240417252	1.2035151346073372	1.1424265192265661	1.0	0.909384300928748	1.1103735317042995	1.0087631991813713	1.3826857654194245	1.1156365716622525	0.8584960054074944	0.5334230131858659	0.680830243663677	0.5301379546171444	1.0005444603135776	1.3999634790946929	1.481439141413122	1.3103679399582173	1.2118877057497313	0.5209055582677192	0.5654434449610763	1.0378637725443778	0.8357124701461814	1.0	0.8437804777511119	1.0047949211359588	1.0	0.8683586471684264	0.5599782847140278	1.1701431867570162	1.155561519021394	1.6081204574074799	1.0	1.0640498442367603	1.2828550220998052	0.9995395917421125	0.896091110433613	0.5485073536600117
HM486367	0.8358583964599116	0.8844416497205836	1.1138339564845263	0.5670509341199983	1.063778240417252	1.2035151346073372	1.1424265192265661	1.0	0.909384300928748	1.1103735317042995	1.0087631991813713	1.3826857654194245	1.1156365716622525	0.8584960054074944	0.5334230131858659	0.680830243663677	0.5301379546171444	1.0005444603135776	1.3999634790946929	1.481439141413122	1.3103679399582173	1.2118877057497313	0.5209055582677192	0.5654434449610763	1.0378637725443778	0.8357124701461814	1.0	0.8437804777511119	1.0047949211359588	1.0	0.8683586471684264	0.5599782847140278	1.1701431867570162	1.155561519021394	1.6081204574074799	1.0	1.0640498442367603	1.2828550220998052	0.9995395917421125	0.896091110433613	0.5485073536600117
HM486368	0.7963911784361775	0.8828636212509446	1.218402777777778	0.5954856655255425	1.077998469614116	1.261503981688999	1.195275544222183	1.0	0.8202857142857143	1.0419025422355894	1.0368724542492218	1.3627991422591221	1.1588325668047432	0.8501985263200261	0.5288455873689172	0.5442966975479168	0.5158015536723164	1.032252548715963	1.434300456498389	1.468778267173327	1.2397215427877333	1.239268539762495	0.5032050595628996	0.5384639364892028	1.1825021151927666	0.7133415563605955	1.0	0.8379651178695392	1.0157293207946394	1.0	0.8907708647772373	0.5956828343470144	1.1592609944439214	1.1279864353847382	1.6458361424627619	1.0	0.9459850905218319	1.3406542693473702	0.9716497695852534	0.990653735632184	0.5447991957084273
HM486369	0.8358583964599113	0.892263373036429	1.1098841906813897	0.5583539849290778	1.0832915884923682	1.2035151346073372	1.1425704946447397	1.0	0.9119677790563868	1.1246493142200278	1.0086602163145293	1.3882000160561543	1.1116077412999692	0.8439438240584972	0.5326106898273592	0.6807664007026127	0.5282617734239022	0.9979934267427779	1.383445827558775	1.491688590258419	1.310704744588648	1.2231435880733665	0.5246344156374733	0.621916379232023	1.038076585774497	0.8358289233597723	1.0	0.8548956515591073	0.9355887161776294	1.0	0.868697419682683	0.5656586346264166	1.1577929054267098	1.1509362170431308	1.590224421106463	1.0	1.0646728971962618	1.2959603986891393	1.001707680918839	0.8979324031770382	0.5550082260140657
HM486370	0.8358583964599116	0.8844416497205836	1.1138339564845263	0.5670509341199983	1.063778240417252	1.2035151346073372	1.1424265192265661	1.0	0.909384300928748	1.1103735317042995	1.0087631991813713	1.3826857654194245	1.1156365716622525	0.8584960054074944	0.5334230131858659	0.680830243663677	0.5301379546171444	1.0005444603135776	1.3999634790946929	1.481439141413122	1.3103679399582173	1.2118877057497313	0.5209055582677192	0.5654434449610763	1.0378637725443778	0.8357124701461814	1.0	0.8437804777511119	1.0047949211359588	1.0	0.8683586471684264	0.5599782847140278	1.1701431867570162	1.155561519021394	1.6081204574074799	1.0	1.0640498442367603	1.2828550220998052	0.9995395917421125	0.896091110433613	0.5485073536600117
HM486371	0.8358583964599116	0.8844416497205836	1.1138339564845263	0.5670509341199983	1.063778240417252	1.2035151346073372	1.1424265192265661	1.0	0.909384300928748	1.1103735317042995	1.0087631991813713	1.3826857654194245	1.1156365716622525	0.8584960054074944	0.5334230131858659	0.680830243663677	0.5301379546171444	1.0005444603135776	1.3999634790946929	1.481439141413122	1.3103679399582173	1.2118877057497313	0.5209055582677192	0.5654434449610763	1.0378637725443778	0.8357124701461814	1.0	0.8437804777511119	1.0047949211359588	1.0	0.8683586471684264	0.5599782847140278	1.1701431867570162	1.155561519021394	1.6081204574074799	1.0	1.0640498442367603	1.2828550220998052	0.9995395917421125	0.896091110433613	0.5485073536600117
HM486372	0.8358583964599116	0.8844416497205836	1.1138339564845263	0.5670509341199983	1.063778240417252	1.2035151346073372	1.1424265192265661	1.0	0.909384300928748	1.1103735317042995	1.0087631991813713	1.3826857654194245	1.1156365716622525	0.8584960054074944	0.5334230131858659	0.680830243663677	0.5301379546171444	1.0005444603135776	1.3999634790946929	1.481439141413122	1.3103679399582173	1.2118877057497313	0.5209055582677192	0.5654434449610763	1.0378637725443778	0.8357124701461814	1.0	0.8437804777511119	1.0047949211359588	1.0	0.8683586471684264	0.5599782847140278	1.1701431867570162	1.155561519021394	1.6081204574074799	1.0	1.0640498442367603	1.2828550220998052	0.9995395917421125	0.896091110433613	0.5485073536600117
HM486373	0.8358583964599116	0.8844416497205836	1.1138339564845263	0.5670509341199983	1.063778240417252	1.2035151346073372	1.1424265192265661	1.0	0.909384300928748	1.1103735317042995	1.0087631991813713	1.3826857654194245	1.1156365716622525	0.8584960054074944	0.5334230131858659	0.680830243663677	0.5301379546171444	1.0005444603135776	1.3999634790946929	1.481439141413122	1.3103679399582173	1.2118877057497313	0.5209055582677192	0.5654434449610763	1.0378637725443778	0.8357124701461814	1.0	0.8437804777511119	1.0047949211359588	1.0	0.8683586471684264	0.5599782847140278	1.1701431867570162	1.155561519021394	1.6081204574074799	1.0	1.0640498442367603	1.2828550220998052	0.9995395917421125	0.896091110433613	0.5485073536600117
HM486374	0.837020925523138	0.8844504408596435	1.1120771205910178	0.5671029675677515	1.062082349659391	1.2014461852229534	1.143250169547129	1.0	0.9105293440736479	1.111942609434353	1.0093935854415534	1.3810731928890456	1.11608300178957	0.8580376197098498	0.5337416156713999	0.6791054505646477	0.5298231239345716	0.9999652807915979	1.40492070170827	1.4808262881227932	1.286456418896972	1.208262521295452	0.5143644657135825	0.5642172399704621	1.090592909885651	0.8337370766723463	1.0	0.8362203547779304	1.0032736622438865	1.0	0.8783120146185471	0.56078819089694	1.1720714615260939	1.1647768876544997	1.611397996033838	1.0	1.0194309216048345	1.285505117012964	1.0000294018817206	0.905770961979379	0.5499699512627583
HM486375	0.837020925523138	0.8844504408596435	1.1120771205910178	0.5671029675677515	1.062082349659391	1.2014461852229534	1.143250169547129	1.0	0.9105293440736479	1.111942609434353	1.0093935854415534	1.3810731928890456	1.11608300178957	0.8580376197098498	0.5337416156713999	0.6791054505646477	0.5298231239345716	0.9999652807915979	1.40492070170827	1.4808262881227932	1.286456418896972	1.208262521295452	0.5143644657135825	0.5642172399704621	1.090592909885651	0.8337370766723463	1.0	0.8362203547779304	1.0032736622438865	1.0	0.8783120146185471	0.56078819089694	1.1720714615260939	1.1647768876544997	1.611397996033838	1.0	1.0194309216048345	1.285505117012964	1.0000294018817206	0.905770961979379	0.5499699512627583
HM486379	0.8379638332268131	0.879796993261728	1.0991878821060317	0.5683144318360549	1.0645064837157565	1.1997775099656993	1.1453523474321579	1.0	0.9210430740175781	1.113346008127967	1.0113900294738654	1.4013642155126471	1.1156972272262005	0.8582000971493458	0.5328474473891349	0.6787687963649368	0.5301051788296708	1.0005444603135776	1.400096259794525	1.4814266051577678	1.2895760870133561	1.198479266158956	0.565082371252131	0.5636936219288567	1.0168000480873853	0.8332598516360141	1.0	0.8347480930326238	1.0019889420691257	1.0	0.8702912291625393	0.559930112054477	1.1704051775735138	1.1553467687452863	1.6077912565595875	1.0	1.0612422360248448	1.2826984782536854	0.9995395917421125	0.8958468982620784	0.5484090992798311
HM486380	0.8379638332268131	0.879796993261728	1.0991878821060317	0.5683144318360549	1.0645064837157565	1.1997775099656993	1.1453523474321579	1.0	0.9210430740175781	1.113346008127967	1.0113900294738654	1.4013642155126471	1.1156972272262005	0.8582000971493458	0.5328474473891349	0.6787687963649368	0.5301051788296708	1.0005444603135776	1.400096259794525	1.4814266051577678	1.2895760870133561	1.198479266158956	0.565082371252131	0.5636936219288567	1.0168000480873853	0.8332598516360141	1.0	0.8347480930326238	1.0019889420691257	1.0	0.8702912291625393	0.559930112054477	1.1704051775735138	1.1553467687452863	1.6077912565595875	1.0	1.0612422360248448	1.2826984782536854	0.9995395917421125	0.8958468982620784	0.5484090992798311
HM486381	0.8611111111111113	0.9717403209386526	1.205784106891702	0.7291108556016643	1.1219634618975232	1.1724137931034486	1.1200170491841077	1.0	0.8306690777576854	1.017459555759748	1.0530713937621832	1.2840575553487397	1.0939420164995821	0.8764957108917916	0.5035992547425475	0.512419626652839	0.5938446168352897	1.0791731191121434	1.4889600787683495	1.4115953094160314	1.2365231259968101	1.172629556689312	0.5054229416453909	0.5287843651822706	1.1751048250829212	0.7847492828640739	1.0	0.8476028850282317	0.8514542940451573	1.0	0.8643457042333446	0.6609304859299644	1.1490169699316042	1.1385826997525543	1.6043297616127643	1.0	0.9747566408183469	1.2808224454823287	0.9304062389223681	0.9872793513957305	0.5443257465037014
JF819605	0.854219543147208	0.9337177009633981	1.1361094959073224	0.5626072650084651	1.0713864933333974	1.1772762345679013	1.1330740311449097	1.0	0.8905710586881473	1.1497492427622935	1.009642968526841	1.3420961797749427	1.13934433713245	0.8635559463030213	0.5292049430222091	0.6683564533541488	0.5363409567938713	0.9870622151928711	1.3909620551613848	1.4418933380803882	1.3392136921555302	1.2310094498831181	0.5076887197912574	0.5498742759582624	1.0660441634863953	0.8209071643363122	1.0	0.8284645627235334	1.0604415567026226	1.0	0.8952139231327049	0.5492342929337658	1.1686140868307706	1.063883886073295	1.5496289234182132	1.0	1.068983485650152	1.3197738307315097	1.011697339158954	0.9539665072499086	0.5446153767330996
JF819615	0.8358583964599113	0.885067700673232	1.1098841906813897	0.5663304704280647	1.0652367286841622	1.2035151346073372	1.1425704946447397	1.0	0.9119677790563868	1.110934078680759	0.9998892579117944	1.38640215890712	1.143662216074974	0.854362883614775	0.5326106898273592	0.6748466928704162	0.5282617734239022	0.9979934267427779	1.3915737545727862	1.4781277848924332	1.310704744588648	1.202757861605477	0.5191694738079162	0.5648840476162132	1.038076585774497	0.8358289233597723	1.0	0.8459904885220332	1.0057259919699513	1.0	0.8785689812699862	0.5615891480463705	1.1698281747138897	1.129121971381896	1.6098568213670366	1.0	1.0646728971962618	1.286381289140485	1.001707680918839	0.9057405110307515	0.5499626966866652
JF819622	0.8358583964599116	0.8844416497205836	1.1138339564845263	0.5670509341199983	1.063778240417252	1.2035151346073372	1.1424265192265661	1.0	0.909384300928748	1.1103735317042995	1.0087631991813713	1.3826857654194245	1.1156365716622525	0.8584960054074944	0.5334230131858659	0.680830243663677	0.5301379546171444	1.0005444603135776	1.3999634790946929	1.481439141413122	1.3103679399582173	1.2118877057497313	0.5209055582677192	0.5654434449610763	1.0378637725443778	0.8357124701461814	1.0	0.8437804777511119	1.0047949211359588	1.0	0.8683586471684264	0.5599782847140278	1.1701431867570162	1.155561519021394	1.6081204574074799	1.0	1.0640498442367603	1.2828550220998052	0.9995395917421125	0.896091110433613	0.5485073536600117
JN974823	0.780630850783864	0.9106871139815663	1.2330623306233062	0.7289038395997754	1.0511820348948924	1.273008000748608	1.1107887239055823	1.0	0.8088888888888889	0.9409350863532986	1.0877972204425177	1.321712763181098	1.1180192790977188	0.8745339940589885	0.5271369777228092	0.5218681665264927	0.5153806078046287	1.0812359165720258	1.481939273270284	1.459269710421079	1.1686663826208425	1.2565252304621388	0.5034841501221026	0.5296017696619276	1.2169545140280167	0.7890927187255455	1.0	0.8240380742099939	0.9593514170710654	1.0	0.8337814507684037	0.5606586268783554	1.1951784651992863	1.0899168627634852	1.645912420031042	1.0	1.0296760710553814	1.3754594855465359	0.9289403496125428	1.0228577436020665	0.5494936416779594
JN974824	0.8261435962332974	0.9278673743601131	1.1929878048780487	0.6971091562151972	1.0481539730359257	1.2213219616204691	1.1771308484641023	1.0	0.84175	0.9529549302745146	1.1267666146526627	1.2370458126402524	1.1741590964983066	0.8757391254904288	0.5293817046914323	0.485631854295787	0.633430094619999	1.0812359165720258	1.413835589405199	1.43909049140131	1.1559852288979175	1.2135989416406183	0.45416671049316004	0.5715411572131902	1.2311990784685969	0.736560264807343	1.0	0.8661330305788281	0.9426244912158384	1.0	0.8545770405447056	0.6443006335245006	1.194025471851171	1.1434432354656356	1.6471788343312257	1.0	0.9982645502645505	1.2471985437988786	0.9289403496125427	0.9806409948335936	0.5663620716422756
JN974828	0.7963911784361773	0.8852605884718835	1.2332474226804124	0.5932485433761896	1.0822614533454709	1.261503981688999	1.1957739634344984	1.0	0.8043948126801153	1.043908929499021	1.036659224166487	1.3828130670078056	1.1465912740429782	0.9044644038247218	0.526531177458794	0.544140205547443	0.5290640107169898	1.0712421822303644	1.4463831420262319	1.3823888667417503	1.2407992090827913	1.2418909313646227	0.5471658615732674	0.5371483264435837	1.1830629434463302	0.7136245842188108	1.0	0.8036340495598044	1.0185691452770864	1.0	0.8918609201185086	0.573252965528919	1.158508080078725	1.1149064908506527	1.6517103426139514	1.0	0.947646432374867	1.3359263801334016	0.9361782309909112	0.996784433327767	0.549271764502963
JN974829	0.7698448058216381	0.8852605884718835	1.2332474226804124	0.5524119492337439	1.0822614533454709	1.2955986838968099	1.2197282659957662	1.0	0.8043948126801153	1.043908929499021	1.036659224166487	1.3828130670078056	1.1465912740429782	0.9044644038247218	0.526531177458794	0.5062219274240194	0.5290640107169898	1.0712421822303644	1.4805860845410204	1.3823888667417503	1.2407992090827913	1.2418909313646227	0.5471658615732674	0.5953331342517751	1.1830629434463302	0.6720603178142888	1.0	0.8036340495598044	1.0185691452770864	1.0	0.9209290625524066	0.573252965528919	1.158508080078725	1.1149064908506527	1.6517103426139514	1.0	0.947646432374867	1.3435705944644718	0.9361782309909112	0.9709472078482877	0.549271764502963
JN974838	0.8816417910447761	0.9327174975485639	1.2056609454983438	0.723908336504333	1.0488976236215495	1.1498205176648402	1.1228833146705124	1.0	0.8313580246913581	1.0118431555209166	1.069811677099072	1.2372568324073918	1.107840210097084	0.8754368816086978	0.5288205229492766	0.5220309994071152	0.6056633968682329	1.0812359165720258	1.5026450001541738	1.4592712909772114	1.1591306198676226	1.1990546511639508	0.45408709814827275	0.5344051005640901	1.227603553858667	0.7837163929068091	1.0	0.865777373985619	0.8694922352646883	1.0	0.8661931818181817	0.6507411162162556	1.1943242658590667	1.153143832604816	1.6468615773754502	1.0	0.9825116588940707	1.292468409057339	0.9289403496125428	0.9710316618694138	0.5497377127387129
JN974842	0.8302846668911084	0.9272897684426445	1.2245290272971936	0.7233749178148845	1.0525313700177281	1.2136164602853245	1.0778568925213363	1.0	0.8135376756066411	0.9580733535649189	1.0819887819545453	1.336874878175422	1.1099136806719152	0.9114343576766359	0.5267097805488499	0.524992761604165	0.5161858001956512	1.1226724157773194	1.489946206896062	1.4010560122590043	1.1630055557938284	1.2546278564113764	0.5495714122824374	0.5319176094498981	1.2243951222004466	0.810205539158234	1.0	0.7881592287689028	0.9392628152212692	1.0	0.8024837374334713	0.5322333211034836	1.1940766829257712	1.0818076312833156	1.6504004540683173	1.0	1.0786119873817037	1.394821959877855	0.8913257514556833	1.0275970586178096	0.5526442379917451
JN974845	0.8323708092702317	0.9080759286598094	1.2604637157482685	0.6017187396681775	1.0504116359813558	1.209800056322163	1.101404067613384	1.0	0.7864197530864198	1.1310992415104437	1.0849741521194824	1.3214898815779301	1.0758339302407458	0.9199194336292809	0.5276981594649649	0.523467063309447	0.5154128439606589	1.0342256593297638	1.5163267794922848	1.4592722093781043	1.165471068328836	1.26000799874594	0.5531819156542063	0.531193433264945	1.2204814862179547	0.7999433376855537	1.0	0.7836923140603131	0.9346182196461168	1.0	0.8036248659025463	0.5607083977838233	1.1949007625331243	1.090127123486782	1.609258576262499	1.0	1.0744654088050314	1.3756207115583399	0.9700617228329429	1.0231040490207857	0.5495762236139822
JN974854	0.8358583964599116	0.8844416497205836	1.1138339564845263	0.5670509341199983	1.063778240417252	1.2035151346073372	1.1424265192265661	1.0	0.909384300928748	1.1103735317042995	1.0087631991813713	1.3826857654194245	1.1156365716622525	0.8584960054074944	0.5334230131858659	0.680830243663677	0.5301379546171444	1.0005444603135776	1.3999634790946929	1.481439141413122	1.3103679399582173	1.2118877057497313	0.5209055582677192	0.5654434449610763	1.0378637725443778	0.8357124701461814	1.0	0.8437804777511119	1.0047949211359588	1.0	0.8683586471684264	0.5599782847140278	1.1701431867570162	1.155561519021394	1.6081204574074799	1.0	1.0640498442367603	1.2828550220998052	0.9995395917421125	0.896091110433613	0.5485073536600117
JN974870	0.8458823529411764	0.9279166588294149	1.1138339564845263	0.5645430942150179	1.106664916980054	1.1932509680988383	1.1241073816811067	1.0	0.909384300928748	1.0911542012082798	0.9948157590450588	1.3921736419377921	1.1058103808768793	0.8294508856625765	0.4790339738931639	0.6790312786707471	0.5346592529585075	1.0005444603135776	1.387516239921172	1.4681123768376023	1.3063861535803747	1.2186387308520465	0.5390499803011025	0.568974094838317	1.0823897148268002	0.8486691170501783	1.0	0.853352905991277	0.9984236903924856	1.0	0.8645224719101123	0.5641379254482093	1.1388196131743376	1.155991019573609	1.572985909602167	1.0	1.069717868338558	1.2939522535787913	0.9995395917421124	0.8965795347766823	0.5437578694275786
JN974871	0.8693417970225951	0.8985285884247156	1.1201413427561837	0.5700140157360541	1.0645407010938805	1.1647608157042117	1.1214969396689856	1.0	0.9031339031339032	1.1302077737749916	1.0007468670210644	1.3535076248432372	1.1074196001332983	0.8407643126932685	0.533518601851754	0.6869571648322981	0.5710970123505061	0.9954604216777792	1.4072029947924802	1.5261515039186797	1.300525443535594	1.185099073812752	0.5675352813074764	0.5788166478734152	1.0471243294294434	0.8514287406520575	1.0	0.8090895935082171	0.9699944402276287	1.0	0.8632912101768052	0.5745421581726785	1.168696294353452	1.146987015738095	1.5929494525797456	1.0	1.0738364779874214	1.268854120530809	1.0038881238800481	0.900525991119387	0.5271453949333136
JN974872	0.8367983758787926	0.8669533330153959	1.1155907923780353	0.5682615969021048	1.066208005040187	1.2018412609847957	1.1445283105561954	1.0	0.9082457269541585	1.1117812898181425	1.010761232213486	1.3845713973686273	1.115253041261128	0.8586571628291757	0.5325296454123587	0.6804945052128484	0.5304199060377522	1.0011204835438843	1.3951715678049652	1.4820433388464302	1.2669141957568724	1.2121779070266376	0.5219997817566516	0.5649187406664079	1.03778645207704	0.8352343045617011	1.0	0.9119672044212268	1.00351234263903	1.0	0.8702063227011576	0.6072383684157282	1.1684865960602677	1.1561719251188605	1.604530299833517	1.0	1.0634267912772586	1.2800631374752696	0.9990538538038505	0.8939858136556909	0.5469563897170475
JN974873	0.8344674611827511	0.8875043164212585	1.1151360086183677	0.5674323267870726	1.0098658205700806	1.206007579656576	1.1382023754367068	1.0	0.9085398466749868	1.1175862697048378	1.0094046573074715	1.280668478707463	1.110343349204018	0.9707781953066033	0.6345456737493347	0.6839167901394371	0.5291699002077005	0.999710650878269	1.3891555342989772	1.4799554665500572	1.2909165090278596	1.2205035506884292	0.5281497129022429	0.5668301482946224	1.0626900488581643	0.8554794489565835	1.0	0.8511239039224656	0.995533880181015	1.0	0.889644556395186	0.5591332606737993	1.1643474248201733	1.1433303798627474	1.6197422075450256	1.0	1.0684639498432598	1.278309954363897	1.0002451907335161	0.8844766483364026	0.5455080624939842
JQ970480	0.8344674611827513	0.9106871139815663	1.2604637157482685	0.6030457575811844	1.0511820348948924	1.2060075796565761	1.1042167065023305	1.0	0.7864197530864198	1.0920697111104118	1.0877972204425177	1.321712763181098	1.0759274423630247	0.9196191097821454	0.5271369777228092	0.5218681665264927	0.5153806078046287	1.0342256593297638	1.5164545793927329	1.459269710421079	1.1686663826208425	1.2565252304621388	0.5531082102724785	0.5296017696619276	1.2169545140280167	0.7975803274083396	1.0	0.7833463448866856	0.9837034317510869	1.0	0.7671015764299665	0.5606586268783554	1.1951784651992863	1.0899168627634852	1.6089426251380532	1.0	1.1281504702194358	1.3754594855465359	0.9700617228329429	1.0228577436020665	0.5494936416779594
KT221107	0.83144428234766	0.9120322984509736	1.2354312354312351	0.5930428468641283	1.0645965244022828	1.2114897212052942	1.0912534720311757	1.0	0.8076190476190477	1.1577886124682133	1.1108507803244643	1.3678564792815286	1.1326145070201015	0.8102082203874489	0.5293560676285057	0.5284857518819783	0.5562412576629564	1.0074288854776658	1.4197504981504983	1.462101553840345	1.1623200681776056	1.4265458063996894	0.5600072295597237	0.4678972611729683	1.2203644224526333	0.7704908319236614	1.0	0.7913173054206037	0.934868523121403	1.0	0.8206349206349207	0.483187498346968	1.1854766608114724	1.084494132369334	1.675260261843674	1.0	1.0603277060575969	1.375054639186756	0.9934542073454208	1.0147175901022056	0.5498023036775842
KT894558	0.8356329185307718	0.8842603954900705	1.2226066897347172	0.7270682662621226	1.0524164978723978	1.2039179104477609	1.1052642646140096	1.0	0.8146013448607108	0.9643655603510725	1.1267526039668454	1.2808580682603692	1.1009328998694847	0.882884273566144	0.5259041889761048	0.5381298988023188	0.5113985825320446	1.1220253120160284	1.441089344351934	1.4005058612277876	1.169768644114649	1.3234125118399205	0.4759824689657038	0.5275296970615891	1.2138736138588087	0.8357791906023371	1.0	0.8488102921565722	0.9325652660330926	1.0	0.7765056102587589	0.6321841042386859	1.1966154574129493	1.1210678074714875	1.6759980982808325	1.0	1.14222972972973	1.353384060591315	0.8917386868451525	0.9785083864836425	0.5541236653072534
KT894572	0.8438023450586264	0.8811429089461182	1.2157012195121952	0.7257635352261642	1.053522118479257	1.1961093585699265	1.1108800242799755	1.0	0.8225087108013938	0.9594866216269887	1.102161613231976	1.2555458189352655	1.155236360603269	0.8889493347390439	0.5266117787989475	0.5472679894775997	0.5669348415753213	1.1260936895083238	1.4055205458373827	1.4049763773220447	1.165444086044392	1.3344765183928655	0.47956606621388903	0.5319726715239894	1.2241488496512363	0.788174825630303	1.0	0.8446353677160102	0.9370263833674771	1.0	0.8038789452882391	0.6543666124625593	1.1926555845915603	1.0985623453464242	1.6670766084630493	1.0	1.0773501577287066	1.3330263220009404	0.8891627082594825	1.0131906814449918	0.5494382991522497
KT894573	0.8296050917482413	0.8976000924716737	1.1850982437836899	0.7266983907055374	1.0389023036315572	1.2148690509715572	1.1641940371500716	1.0	0.8498059964726631	0.9563924169283105	1.2173828301121297	1.3129953322079517	1.1317613528252009	0.8587183760104462	0.5327116625004698	0.5092199219576218	0.501054971223499	1.087511469407725	1.3395090173695234	1.467847918173	1.1560709849120483	1.4118624600200753	0.48235661807061153	0.533673109830021	1.220133246109351	0.7503322552380214	1.0	0.8413710180609568	0.9353828521816804	1.0	0.7695088122390651	0.5195097641552885	1.2008559784427186	1.1013621493409218	1.6746147946163683	1.0	1.1165199161425576	1.3568061198492718	0.9245671471513817	1.0242007215708042	0.5502748272024566
KT894577	0.7957736072114674	0.8799215996732326	1.254725085910653	0.5751578928447068	1.0755167114650641	1.2627626200209146	1.2231556938379986	1.0	0.7845203488372092	1.1459040429530534	1.1092276729786572	1.3440688158339213	1.0428104021230111	0.9369751017485239	0.5285734431037314	0.6037683977732328	0.4927600082239259	1.0396794051768488	1.4062012879106747	1.412157245523537	1.2353050156980283	1.3914228940813156	0.5443305721408875	0.5690931919705405	1.1798069592964886	0.7127197578141798	1.0	0.8068587274267239	1.0205527782179238	1.0	0.8784103410341035	0.5513045220933073	1.1637375453972048	1.1129372342205983	1.5758101340119854	1.0	0.9766174991619178	1.340489317089879	0.963273134613737	0.987911451400888	0.5278625818157602
KT894578	0.7957736072114674	0.8807091812434326	1.2776113013698631	0.5744452445166784	1.0769061083273475	1.2627626200209143	1.2233238655852854	1.0	0.7636661807580174	1.1472354248636294	1.1091551019214958	1.3398133873567026	1.0391638287242342	0.95882169572105	0.5278055471550438	0.6037100404740826	0.49107247394918646	1.0371457362352783	1.4102155228401718	1.4088279695544623	1.2356584464812528	1.3922989418351734	0.5425264061336953	0.5687249790440082	1.179991214583791	0.7128150712805935	1.0	0.8090159366324657	1.0215310756398608	1.0	0.8787678767876788	0.5529089114264725	1.1635122128518283	1.10865057654603	1.555390879255258	1.0	0.9772041568890378	1.344148367755764	0.9653995405589421	0.9899825238145732	0.5293370984643735
KX148264	0.8229375510507165	0.9149265592209649	1.2563356164383563	0.5925139132902508	1.0562282157080083	1.2274092794811882	1.1741977357838649	1.0	0.7836705202312139	1.1621732539878817	1.093042736484248	1.2679098228476728	1.152684853591095	0.9001937758595141	0.5257702755705341	0.48818767155772125	0.6207884628692354	1.0686347509267655	1.4633006615677306	1.3916930369673217	1.2177383161945696	1.2444639317392963	0.4965816322654104	0.5367171034957937	1.162119365704868	0.7002534196994245	1.0	0.8356372650833722	0.8991569025768561	1.0	0.8922242718989323	0.6113386661230434	1.190448957007584	1.129448455426068	1.653731399285172	1.0	0.9482002129925452	1.2960367588477988	0.9381244710910942	0.98296681693202	0.5557970412153019
KY451767	0.7836951605608323	0.9065810577091382	1.2268518518518519	0.6817199031565015	1.0517611746509061	1.2668433533268235	1.1145620065945716	1.0	0.8122605363984675	0.9445893038887971	1.0815278201607161	1.3067414716808705	1.1049319435967857	0.8694016408936539	0.5261134676564156	0.5516211117417059	0.5131392682765903	1.0779352761060077	1.478168767691223	1.455291062825661	1.108159549817941	1.2778469306336786	0.5007419249057223	0.5922481981017762	1.2854771273979342	0.7849715022557214	1.0	0.8269879954882371	0.9943758504121466	1.0	0.8360572012257406	0.5590410093434506	1.1971457106812446	1.0846241918103448	1.651093044918233	1.0	1.0680727456428392	1.3819780120084455	0.9312927892916816	0.9719796621086008	0.49455187488416924
MG201879	0.7709215118437661	0.912066741428642	1.2313144329896908	0.5683920122271683	1.080475715508515	1.2932788287860064	1.1965689276033966	1.0	0.8054552023121389	1.0325342373215558	1.0281885796208934	1.3480216795045896	1.137372121197487	0.9036835677426572	0.5268419234047684	0.5755573531016165	0.5286854213990333	1.0706263032639698	1.4387621524534706	1.3695237198594623	1.3059121641211193	1.238211705154151	0.4972207969762353	0.5715285453058617	1.1796704742854134	0.7119083431409141	1.0	0.8044387297983254	1.057173072482028	1.0	0.8919727206663312	0.5741307629771512	1.1604450198432068	1.1141124357578889	1.6553338973641816	1.0	0.9449561025994148	1.338744832244796	0.9366357214808272	0.9989525304685718	0.545994685984282
MG201880	0.8188636027781884	0.9839121524276466	1.2375	0.599859273423261	1.0617586316357395	1.2353025867447327	1.1896017079017516	1.0	0.8020833333333334	1.0130416787213674	1.078044319858483	1.3442721588514903	1.1503964926187844	0.9207359150553845	0.5284065284430954	0.509398222984745	0.5309468147282294	1.089430894308943	1.4420677138744602	1.3732704732914567	1.2337867446132775	1.1081910845436536	0.4948375463863051	0.5664155594738118	1.1898624110953957	0.7178116674825752	1.0	0.8344265019298601	0.9875582926878954	1.0	0.8777227722772276	0.5950512857673292	1.169417516316724	1.119649227110583	1.58660723837102	1.0	0.9396259942460653	1.3326733862055642	0.9181141439205954	1.0341854934601664	0.6790332332043331
MG201884	0.7963911784361773	0.8852605884718835	1.2606529209621993	0.5932485433761896	1.0822614533454709	1.261503981688999	1.1957739634344984	1.0	0.7814121037463977	1.043908929499021	1.036659224166487	1.3828130670078056	1.1058063219720793	0.9044644038247218	0.526531177458794	0.544140205547443	0.489661599394257	1.0712421822303644	1.4805860845410204	1.4021405772151103	1.2407992090827913	1.2418909313646227	0.5471658615732674	0.5371483264435837	1.1830629434463302	0.7136245842188108	1.0	0.8036340495598044	1.0185691452770864	1.0	0.8918609201185086	0.573252965528919	1.158508080078725	1.1149064908506527	1.6517103426139514	1.0	0.947646432374867	1.3689699008680276	0.9361782309909112	0.996784433327767	0.5327076499561395
MG201919	0.7983771913499833	0.8615865213897095	1.2563356164383561	0.5938094526328099	1.0843869222234643	1.257486453084894	1.1989667742950634	1.0	0.7836705202312138	1.047353323349594	1.0392632315035586	1.378606451694404	1.1426904399469382	0.8998999804496194	0.525219473457391	0.5424210105670815	0.5272231251451128	1.0686347509267657	1.450591486970979	1.3988437555915225	1.179625722019737	1.2751590913772013	0.5452738527580635	0.53508522702781	1.258132737750572	0.7115982061608956	1.0	0.8053887323085318	1.016657320077676	1.0	0.8941970915408108	0.5748789704949255	1.1585743759862948	1.110406178619266	1.6534148738549834	1.0	0.9456900212314224	1.3393721510850243	0.9381244710910943	0.9986136178090382	0.5341021955929895
MG201921	0.7924486478498597	0.8802715117367452	1.2058419243986254	0.6655179641252913	1.080864003120996	1.2696165474876422	1.1905931374659728	1.0	0.8273775216138329	1.038422144098728	1.1073437169281688	1.3727517859423266	1.2110635505770704	0.8779904068003089	0.527636567266614	0.4487944473138828	0.5617407472822824	1.0712421822303642	1.3918505037373916	1.382373497716774	1.2341428684927154	1.2489826379473796	0.5473365421745072	0.4325840319399067	1.1900498613094328	0.7140444726158995	1.0	0.8044152423468269	1.0243657650286062	1.0	0.8513182778952053	0.5822786428380621	1.1578878771018877	1.1153212319337196	1.675043726726035	1.0	1.0092986877552796	1.3084139895681055	0.9361782309909112	0.9972813030485264	0.5494195604854624
FJ598135	0.9281137735639421	1.010670338071268	1.1901245551601423	0.6687184253982495	1.0207003323499584	1.092556387392113	1.0893833026815836	1.0	0.8499297752808989	1.1060258519917188	1.1761386687871729	1.2526452612068792	1.2314264189609228	1.001328689868619	0.5353330270815543	0.48463227443602064	0.5688676690844484	1.0123869304338173	1.3251707613132326	1.2790491428416348	1.1194015752429436	1.0821912291323144	0.411478244577051	0.42411210321493376	1.2717099591363927	0.8425248909984187	1.0	0.8817491187182319	0.9532912367568338	1.0	0.8011465731154275	0.6554817385144731	1.2060097804673662	1.1453632310502215	1.4802488999499261	1.0	1.0722303773421984	1.2733264366535637	0.9900048595840051	0.9745582025253517	0.7863381246326396
FJ712195	0.6811227297743534	1.0465413738269203	1.0961538461538463	0.6420926357118708	1.0171590660435736	1.3948480305301894	1.044202513814912	1.0	0.9230769230769231	1.0829806719985415	1.248084367514941	1.335705544503882	1.487331059227379	0.9577700636708325	0.5277304432009973	0.36036172054817667	0.6067389739850827	1.056137875428341	1.177899312593257	1.2987140212098378	1.231997768641381	1.0338668282794818	0.35899777758651424	0.5030656284852077	1.116779898786907	0.7851765675859171	1.0	0.9231696290223743	0.9685840791379455	1.0	0.7674959988360253	0.6031188695299835	1.2136202968775427	1.1609525574499628	1.48540745912136	1.0	1.0133864271795308	1.3760964941068738	0.9531932773109245	1.0488139362490734	0.7561527710245777
FJ712196	0.8738565238324506	0.9991066610563513	1.1232394366197185	0.6311257291354132	1.0266256941199186	1.1629353233830844	1.1563162715726414	1.0	0.9011299435028249	1.0841573806005744	1.2633361270828791	1.307342048861427	1.2419184173570947	1.004923556652053	0.5325738453342892	0.4096591460057493	0.5752565443824696	1.0244963323701173	1.2783088473909487	1.3284814292749594	1.119992778884411	1.106853060521422	0.4579480455696578	0.44531581695044076	1.198657881722838	0.7345779497990711	1.0	0.8874698752380503	0.9570188694656255	1.0	0.7548217911121138	0.6075979842650073	1.2030468304915318	1.2247988235598526	1.4968826175025984	1.0	1.0619230769230767	1.3096561579685273	0.9792720200055571	0.9772822886718492	0.7657700105599334
GU647092	0.9018767548396631	0.989031627400001	1.1593635889410536	0.6559470987992734	1.0210621649757272	1.1262477421808157	1.0885273316894508	1.0	0.8710562414266119	1.1494300179254517	1.2143146328202783	1.3465154920291111	1.3145838256343616	1.0441214479932734	0.5341001308471025	0.48777598459087423	0.5619860506732457	1.022741050450348	1.2204753370649994	1.301410708559588	1.054804087253833	1.1097271793299353	0.40561106091125176	0.47575516155423786	1.3458812980087604	0.8819689773110473	1.0	0.8915390780638401	0.8744399712344934	1.0	0.8197007200720072	0.5749180156535008	1.2087352735469077	1.1711741976660945	1.4444646239190362	1.0	1.0152866242038217	1.2782545991895033	0.9806739019031817	0.9918478042789127	0.7724980426379212
KF726852	0.9314400565749805	0.9920395682113715	1.2058419243986254	0.6539829499338824	1.0379626150949421	1.0875558513166652	1.0918192815637395	1.0	0.8273775216138329	1.1098616080598331	1.1700658595662414	1.3311319609959484	1.3626615775023987	1.0110186363164737	0.5259784825548838	0.440783055501777	0.5726123800972539	1.0548036832703076	1.2584365613263515	1.4545015268480603	1.0818807219055642	1.105453681613647	0.3988446334355085	0.4717273927369136	1.3262981783229102	0.8041234499272553	1.0	0.903310281627545	0.9369239219097371	1.0	0.8079800498753116	0.594585476680071	1.20172677171675	1.150189244796312	1.5017718077553115	1.0	1.0600424628450105	1.3420804400839719	0.9515254151055164	0.9823290487029441	0.5743885975495377
KP319184	0.9314400565749805	0.9920395682113715	1.2058419243986254	0.6539829499338824	1.0379626150949421	1.0875558513166652	1.0918192815637395	1.0	0.8273775216138329	1.1098616080598331	1.1700658595662414	1.3311319609959484	1.3626615775023987	1.0110186363164737	0.5259784825548838	0.440783055501777	0.5726123800972539	1.0548036832703076	1.2584365613263515	1.4545015268480603	1.0818807219055642	1.105453681613647	0.3988446334355085	0.4717273927369136	1.3262981783229102	0.8041234499272553	1.0	0.903310281627545	0.9369239219097371	1.0	0.8079800498753116	0.594585476680071	1.20172677171675	1.150189244796312	1.5017718077553115	1.0	1.0600424628450105	1.3420804400839719	0.9515254151055164	0.9823290487029441	0.5743885975495377
KP319185	0.9041146624199103	0.9736208919789355	1.151256151256151	0.6558222940136998	1.0245837608199957	1.1226723525230988	1.0915244287065875	1.0	0.8760479677385122	1.1536943929219363	1.2172210394119247	1.3379675825946495	1.3052856067716359	1.1299853010122287	0.5319287544294775	0.48618650580513806	0.5580623365424955	1.0176161389152127	1.2273708226037403	1.363942127121311	1.0582433104510758	1.134680217989209	0.4028445680663422	0.4734048003563641	1.3424421340863388	0.879585433014648	1.0	0.8958984819675505	0.8733955243126519	1.0	0.7939036769681931	0.5781929750263044	1.2084632939530369	1.2437106523759003	1.368639250448501	1.0	1.0560846560846557	1.2849101240996734	0.984837396900671	0.9284615471733945	0.7213654132531777
KP319186	0.9106347959450865	0.9842474480180792	1.2292982456140353	0.6618079418417214	1.0124288583698526	1.1124817552615474	1.0072635402210761	1.0	0.8143465909090908	1.1479765741054078	1.1879098413897582	1.2752595147072898	1.238843140546742	1.0520467882479214	0.5298306500851571	0.47850960522542385	0.5796669726739122	1.0522918530620713	1.3402116635856167	1.2802274481097555	1.0047760911713244	1.1275580273883208	0.4015335910428776	0.4704535663544845	1.4104514045365781	0.9345610632549739	1.0	0.8804472893849782	0.8656252310593194	1.0	0.7728127136021873	0.604142137157348	1.2161604705297815	1.167056940597107	1.456402669467464	1.0	1.0908937960042062	1.3172474634440008	0.9559968575418994	0.9963343388114554	0.7866900752997068
KP319187	0.9025766688943343	0.933945466537955	1.1648408972352635	0.657916095199717	1.0273283665148127	1.125125172857756	1.0917795928866134	1.0	0.8677547604101278	1.216662387353515	1.2182428507332252	1.4080044836792627	1.3124900229398369	1.0457894908560668	0.5320075276686631	0.4502663326987546	0.5633245814613171	1.0244963323701173	1.242035892953502	1.2340008988994557	1.059492131728179	1.139964774849194	0.4082370194235367	0.476327340974413	1.3495564946980292	0.842421930598315	1.0	0.8871110107548491	0.7898674669802678	1.0	0.7752996381727726	0.5932088484233848	1.2033662784351289	1.2004948552305874	1.4347233766156557	1.0	1.001405750798722	1.302089385508531	0.9792720200055571	1.0438261353925566	0.8209564346111888
KP319188	0.9106347959450866	0.9851617608645041	1.2249999999999999	0.6610240923975108	1.0138346129017868	1.1124817552615474	1.0073537288991485	1.0	0.8166666666666667	1.1485666020110517	1.1877937561224725	1.3046998533542322	1.2758799359829909	1.0469821412846883	0.5290422486026458	0.47846577113553695	0.5776469913267698	1.04966007586447	1.3101111969008206	1.277023602233254	1.0050839120939656	1.1282707894564268	0.4002059746285917	0.4699986725057779	1.410695864843439	0.9347114022041172	1.0	0.8827712753246422	0.8663322732351291	1.0	0.7730975165185691	0.5785478731768877	1.2158626384615416	1.1622958069598386	1.458083806991197	1.0	1.0914826498422714	1.320749063992444	0.9579453755431409	0.9984797810884768	0.7893215411606104
KP319189	0.9025766688943343	0.933945466537955	1.1648408972352635	0.657916095199717	1.0273283665148127	1.125125172857756	1.0917795928866134	1.0	0.8677547604101278	1.216662387353515	1.2182428507332252	1.4080044836792627	1.3124900229398369	1.0457894908560668	0.5320075276686631	0.4502663326987546	0.5633245814613171	1.0244963323701173	1.242035892953502	1.2340008988994557	1.059492131728179	1.139964774849194	0.4082370194235367	0.476327340974413	1.3495564946980292	0.842421930598315	1.0	0.8871110107548491	0.7898674669802678	1.0	0.7752996381727726	0.5932088484233848	1.2033662784351289	1.2004948552305874	1.4347233766156557	1.0	1.001405750798722	1.302089385508531	0.9792720200055571	1.0438261353925566	0.8209564346111888
KP319190	0.9018767548396631	0.9881200240798564	1.163460280068054	0.6567364801459832	1.0196470138202753	1.1262477421808157	1.0883936250389363	1.0	0.8685816498316499	1.148850243406598	1.214435464075505	1.3509329127600798	1.3193497440252184	1.0215150151823789	0.5349119764469618	0.48782262391614	0.5639646977274251	1.0253306700599745	1.2171190226463182	1.3045340317020648	1.0544999049628951	1.1090359201538744	0.3835911430658269	0.47622198678488475	1.3456343632493744	0.8818464959699518	1.0	0.9079893627931056	0.8737337526467106	1.0	0.8193350585058508	0.5732664262571538	1.20904380369409	1.1760098412255497	1.465102570404015	1.0	1.0147770700636942	1.274876755095546	0.9786098965706196	0.9897307399544687	0.7699254807795893
KP319191	0.8996498986548737	1.0131402029478835	1.1593635889410536	0.6545149905617249	1.0203702390705505	1.1298459777788374	1.085814250638619	1.0	0.8710562414266119	1.146366154092855	1.2111896602112233	1.3463249652103966	1.3144573837622038	1.0168277213648766	0.5346688246707664	0.48928520568492156	0.5619935641454473	1.0227410504503478	1.2203584156431262	1.321740088688803	1.1150197929122814	1.0766273323919002	0.38240425647602344	0.4771950364659192	1.2726456661669754	0.8846143361164687	1.0	0.9107450335125024	0.8769260742525882	1.0	0.8179292929292931	0.574976502677394	1.2084110472980276	1.1908006520445389	1.4671205957840643	1.0	1.0180191693290737	1.2784164842219337	0.9806739019031817	0.9763640931430275	0.7561169830734535
KP319192	0.9018767548396631	0.989031627400001	1.1593635889410536	0.6559470987992734	1.0210621649757272	1.1262477421808157	1.0885273316894508	1.0	0.8710562414266119	1.1494300179254517	1.2143146328202783	1.3465154920291111	1.3145838256343616	1.0441214479932734	0.5341001308471025	0.48777598459087423	0.5619860506732457	1.022741050450348	1.2204753370649994	1.301410708559588	1.054804087253833	1.1097271793299353	0.40561106091125176	0.47575516155423786	1.3458812980087604	0.8819689773110473	1.0	0.8915390780638401	0.8744399712344934	1.0	0.8197007200720072	0.5749180156535008	1.2087352735469077	1.1711741976660945	1.4444646239190362	1.0	1.0152866242038217	1.2782545991895033	0.9806739019031817	0.9918478042789127	0.7724980426379212
KP319193	0.9015962371764007	0.9999361224488562	1.2292982456140353	0.6559922469930294	1.0264192558541663	1.1266987744981165	1.0800067852320006	1.0	0.8143465909090908	1.1497499720773652	1.2050939041126467	1.2792138004713303	1.2552969190495618	1.040284280874106	0.5320911295237354	0.44652281942780586	0.5609130928957725	1.0213420926778929	1.3060590937548486	1.2992835508029903	1.120627489963928	1.1043223820198451	0.40603713089138793	0.4761521316189603	1.2727058633097343	0.8351366950467051	1.0	0.8910303968630976	0.8754765873446498	1.0	0.7933961200090232	0.6283855125622976	1.2047379716681854	1.1265077415124385	1.4396927141414808	1.0	1.0601490947816827	1.3255287493008847	0.9817999301675978	1.0229153664794397	0.7705414489462058
KP319194	0.933768656716418	0.973519044627595	1.214186851211073	0.675373634992323	1.0358880431350257	1.0841032930585168	1.1147245794889262	1.0	0.8226361031518625	1.1115913057631923	1.1836003679373228	1.349574510206834	1.3434147217371921	0.9625546863618791	0.5269557389420744	0.44335987283159495	0.5717822573464052	1.0599918252388305	1.2624572398471658	1.4607148166049047	1.08423063230824	1.1101941959900172	0.4013900328513759	0.4638269618679312	1.3219089087013616	0.7941413153038649	1.0	0.8981670330212821	0.9215363873354118	1.0	0.8088068181818181	0.5953837964556097	1.2025427973519782	1.1492032985195602	1.5457120021071247	1.0	1.0286538857967429	1.3236948244506432	0.9476031319894348	1.0030450861560227	0.5713510025967289
KP319195	0.9337686567164181	0.9940234136912827	1.2100000000000002	0.6561852174957817	1.0372985347985346	1.0841032930585168	1.0944324346835588	1.0	0.825	1.081858871455055	1.1834981851179673	1.3355890492519304	1.379595093560298	1.0155175241941117	0.5261881254494705	0.4433209460432691	0.5745679169933808	1.0573888091822095	1.2318981162776144	1.4575926770921817	1.0381343997812413	1.1015719455696487	0.40007419950738915	0.47074660409595726	1.377916625587433	0.801616299434057	1.0	0.900555319630825	0.9715910438426931	1.0	0.8001988636363637	0.5928226180946065	1.202282181256109	1.1445877061469265	1.4996352927034167	1.0	1.042731829573935	1.338312719962071	0.9495586380832282	1.0052473763118441	0.5728269065937976
KP319196	0.9281137735639421	1.009877214212921	1.1929878048780487	0.6544414284904736	1.0292484079168882	1.092556387392113	1.0865507038079132	1.0	0.84175	1.150940966287561	1.2048682803662307	1.3124236328532541	1.3534826954357932	1.0303082409818232	0.5305040681757439	0.4464356695525927	0.5800882041827315	1.0162511492077229	1.2254471422458588	1.4345622995446912	1.1212351172604156	1.1057585559756604	0.40335943465028196	0.4752347295429251	1.2731994853782602	0.806465834547682	1.0	0.8957410557035157	0.8769143541316091	1.0	0.7940728626212497	0.588703060878063	1.2041582050386332	1.1582997402463038	1.4430407114417028	1.0	1.0472927526483942	1.3309858186548438	0.9859643740269255	1.0015367368580517	0.6598164596310444
KP319197	0.9281137735639421	1.009877214212921	1.1929878048780487	0.6544414284904736	1.0292484079168882	1.092556387392113	1.0865507038079132	1.0	0.84175	1.150940966287561	1.2048682803662307	1.3124236328532541	1.3534826954357932	1.0303082409818232	0.5305040681757439	0.4464356695525927	0.5800882041827315	1.0162511492077229	1.2254471422458588	1.4345622995446912	1.1212351172604156	1.1057585559756604	0.40335943465028196	0.4752347295429251	1.2731994853782602	0.806465834547682	1.0	0.8957410557035157	0.8769143541316091	1.0	0.7940728626212497	0.588703060878063	1.2041582050386332	1.1582997402463038	1.4430407114417028	1.0	1.0472927526483942	1.3309858186548438	0.9859643740269255	1.0015367368580517	0.6598164596310444
KP319198	0.9281137735639421	1.009877214212921	1.1929878048780487	0.6544414284904736	1.0292484079168882	1.092556387392113	1.0865507038079132	1.0	0.84175	1.150940966287561	1.2048682803662307	1.3124236328532541	1.3534826954357932	1.0303082409818232	0.5305040681757439	0.4464356695525927	0.5800882041827315	1.0162511492077229	1.2254471422458588	1.4345622995446912	1.1212351172604156	1.1057585559756604	0.40335943465028196	0.4752347295429251	1.2731994853782602	0.806465834547682	1.0	0.8957410557035157	0.8769143541316091	1.0	0.7940728626212497	0.588703060878063	1.2041582050386332	1.1582997402463038	1.4430407114417028	1.0	1.0472927526483942	1.3309858186548438	0.9859643740269255	1.0015367368580517	0.6598164596310444
KP319199	0.8982412060301508	0.9862906181449369	1.2074823943661972	0.6544150010841813	1.034901075572739	1.1277602523659307	1.0151050174773848	1.0	0.8335451977401129	1.1488349014569679	1.1903481461731336	1.281212478024574	1.2425926881187899	1.057614488278653	0.5076696629642352	0.47830380282390356	0.5586022601882732	1.0555416757752725	1.3321484009944975	1.2839205287464848	1.0338640634474643	1.1166166290209476	0.3995916279777534	0.46327171094984443	1.3104997152492506	0.9339213970600919	1.0	0.9066323505855594	0.8638602863395541	1.0	0.7741834170854272	0.6285209317572643	1.2147621398001618	1.1724718180485239	1.4513767868520422	1.0	1.0897160883280756	1.3149001852726323	0.9536245110821383	0.9918487342626132	0.7816996432572477
KP319200	0.9281137735639421	1.009877214212921	1.1929878048780487	0.6544414284904736	1.0292484079168882	1.092556387392113	1.0865507038079132	1.0	0.84175	1.150940966287561	1.2048682803662307	1.3124236328532541	1.3534826954357932	1.0303082409818232	0.5305040681757439	0.4464356695525927	0.5800882041827315	1.0162511492077229	1.2254471422458588	1.4345622995446912	1.1212351172604156	1.1057585559756604	0.40335943465028196	0.4752347295429251	1.2731994853782602	0.806465834547682	1.0	0.8957410557035157	0.8769143541316091	1.0	0.7940728626212497	0.588703060878063	1.2041582050386332	1.1582997402463038	1.4430407114417028	1.0	1.0472927526483942	1.3309858186548438	0.9859643740269255	1.0015367368580517	0.6598164596310444
KP319201	0.8982412060301508	0.9853707722843339	1.2117491166077738	0.6552007370244731	1.033424172531597	1.1277602523659307	1.0150046069636756	1.0	0.8311971830985916	1.1482649795675526	1.1904728549580252	1.2853834191539382	1.2051858998240785	1.0627702762303266	0.5084329244352515	0.47835077515486907	0.5207277887038546	1.0582111731814394	1.3619398937515301	1.2872000506141204	1.0335333599525336	1.1158049760395168	0.4009212513499847	0.46372719855608	1.3102576524042404	0.9337717948052752	1.0	0.904252459885645	0.863168829742494	1.0	0.7738978985838281	0.6267259087799618	1.2150812947436695	1.1773124138526325	1.4497657493718912	1.0	1.0891272344900107	1.3432057128536534	0.951703141928494	0.9897499237242475	0.7791295382894831
KP319202	0.9281137735639421	1.009877214212921	1.1929878048780487	0.6544414284904736	1.0292484079168882	1.092556387392113	1.0865507038079132	1.0	0.84175	1.150940966287561	1.2048682803662307	1.3124236328532541	1.3534826954357932	1.0303082409818232	0.5305040681757439	0.4464356695525927	0.5800882041827315	1.0162511492077229	1.2254471422458588	1.4345622995446912	1.1212351172604156	1.1057585559756604	0.40335943465028196	0.4752347295429251	1.2731994853782602	0.806465834547682	1.0	0.8957410557035157	0.8769143541316091	1.0	0.7940728626212497	0.588703060878063	1.2041582050386332	1.1582997402463038	1.4430407114417028	1.0	1.0472927526483942	1.3309858186548438	0.9859643740269255	1.0015367368580517	0.6598164596310444
KP319203	0.9245234224915029	1.0007179474621692	1.1865916955017302	0.6511787407119044	1.0603668082151207	1.098046743773096	1.0932124404094552	1.0	0.8454871060171921	1.1334197570277407	1.1903284086477757	1.3599290197062115	1.3311908016434646	1.0531966628859883	0.5291818180706253	0.4449684708439173	0.5396096538533887	1.029706344517721	1.2173753707747097	1.4696546847846512	1.1400305552533276	1.1044246956990003	0.40172185925791987	0.4769305190650166	1.3043851468288767	0.8187022947611877	1.0	0.9106797096980498	0.8716823921882044	1.0	0.7929511701170117	0.6046859749620489	1.1696705571278616	1.1906355235834987	1.4261184237187516	1.0	1.0535623624978847	1.3483607173103198	0.9737221554672336	0.9917442989771115	0.5951970139557157
KP319204	0.9258164622432391	0.9997477572804636	1.188845486111111	0.6522419073539832	1.0572221960568404	1.0960581706850363	1.0938257648495358	1.0	0.8441618911174785	1.1344673345385472	1.1912044169410088	1.3624467629105006	1.3367960679004651	1.0256875440288256	0.5302780366407089	0.44388258537691705	0.555097406194116	1.0137321928032115	1.218085213597994	1.485901640750716	1.1400570220428001	1.1004469622903705	0.40211549700643134	0.476223314771695	1.3004008515569208	0.8165637790820967	1.0	0.9093075934081175	0.8695431199212679	1.0	0.7926980198019802	0.5862300937261997	1.171887038375189	1.194644055287171	1.4450747855302686	1.0	1.0506916329284748	1.3363319079918567	0.9880644947124317	0.9702320640062012	0.600339596200812
KP319205	0.9188150158299412	1.0173162212470737	1.1911149825783973	0.6561867144881497	1.011471862899671	1.1036075036075035	1.0802925471340115	1.0	0.8428366762177651	1.15570672115486	1.1982600450817407	1.2924743635448823	1.3427192700288773	1.0292514314573993	0.5302579633335137	0.4996335335721614	0.5611204393648748	1.0156673994025711	1.2189957224091246	1.4341909337702725	1.166071352638517	1.0993396949464134	0.3941415902780062	0.4726627830606811	1.2436861384229805	0.8575762809842729	1.0	0.8783448830776633	0.8730338286447765	1.0	0.7958785617367709	0.581228565227672	1.216684744699376	1.1480398540329748	1.4457994657699433	1.0	1.0421888053467	1.3337415757323123	0.9862228403128285	1.012302315646549	0.6776619632052467
KP319206	0.8828731343283581	0.979487140145874	1.165292500981547	0.6622324987261977	1.024091144182803	1.1477941522670558	1.0986310924349254	1.0	0.8674850487881649	1.0398668641437727	1.2262750743294974	1.3532809380316317	1.3190482301443232	1.0487407634944503	0.5323112224962946	0.44531950553887345	0.5242129032888316	1.0259194445839888	1.2473139634424184	1.3050016301562715	1.0655805408989196	1.1260818410377378	0.4075703395834959	0.47166186342858346	1.33383308799223	0.8332789775231711	1.0	0.8865387351605641	1.014455664338143	1.0	0.7311363636363637	0.5721847103589218	1.2082733746257808	1.1345029741369246	1.4385186570837625	1.0	1.1472134595162986	1.3360024157596835	0.9781442786949367	1.019971649626993	0.7674321724267459
KP319207	0.8850858489507349	0.9823502482840232	1.165292500981547	0.6636998433397914	1.0248209482776662	1.144184736693889	1.0702965710876182	1.0	0.8674850487881649	1.0426665109684843	1.1994555821494153	1.3534899011657642	1.3191625029756868	1.0484316311583168	0.5317413140052712	0.4816150762428677	0.5242061185290268	1.0259194445839888	1.2474186634384554	1.304991458593641	1.0684704346491194	1.1228708429011203	0.40749426893706026	0.47025462323050715	1.3299806933784413	0.8709659859267328	1.0	0.8861924744972466	1.0115798485890362	1.0	0.7327124629756209	0.5721334858595475	1.2085653648676205	1.1343186140201633	1.4382005905215252	1.0	1.1441090146750523	1.335843264402342	0.9781442786949368	1.019725313871358	0.7673604389166829
KP319208	0.9281137735639421	1.009877214212921	1.1929878048780487	0.6544414284904736	1.0292484079168882	1.092556387392113	1.0865507038079132	1.0	0.84175	1.150940966287561	1.2048682803662307	1.3124236328532541	1.3534826954357932	1.0303082409818232	0.5305040681757439	0.4464356695525927	0.5800882041827315	1.0162511492077229	1.2254471422458588	1.4345622995446912	1.1212351172604156	1.1057585559756604	0.40335943465028196	0.4752347295429251	1.2731994853782602	0.806465834547682	1.0	0.8957410557035157	0.8769143541316091	1.0	0.7940728626212497	0.588703060878063	1.2041582050386332	1.1582997402463038	1.4430407114417028	1.0	1.0472927526483942	1.3309858186548438	0.9859643740269255	1.0015367368580517	0.6598164596310444
KP319209	0.9281137735639421	1.009877214212921	1.1929878048780487	0.6544414284904736	1.0292484079168882	1.092556387392113	1.0865507038079132	1.0	0.84175	1.150940966287561	1.2048682803662307	1.3124236328532541	1.3534826954357932	1.0303082409818232	0.5305040681757439	0.4464356695525927	0.5800882041827315	1.0162511492077229	1.2254471422458588	1.4345622995446912	1.1212351172604156	1.1057585559756604	0.40335943465028196	0.4752347295429251	1.2731994853782602	0.806465834547682	1.0	0.8957410557035157	0.8769143541316091	1.0	0.7940728626212497	0.588703060878063	1.2041582050386332	1.1582997402463038	1.4430407114417028	1.0	1.0472927526483942	1.3309858186548438	0.9859643740269255	1.0015367368580517	0.6598164596310444
KP319210	0.9281137735639421	1.009877214212921	1.1929878048780487	0.6544414284904736	1.0292484079168882	1.092556387392113	1.0865507038079132	1.0	0.84175	1.150940966287561	1.2048682803662307	1.3124236328532541	1.3534826954357932	1.0303082409818232	0.5305040681757439	0.4464356695525927	0.5800882041827315	1.0162511492077229	1.2254471422458588	1.4345622995446912	1.1212351172604156	1.1057585559756604	0.40335943465028196	0.4752347295429251	1.2731994853782602	0.806465834547682	1.0	0.8957410557035157	0.8769143541316091	1.0	0.7940728626212497	0.588703060878063	1.2041582050386332	1.1582997402463038	1.4430407114417028	1.0	1.0472927526483942	1.3309858186548438	0.9859643740269255	1.0015367368580517	0.6598164596310444
KP319211	0.9281137735639421	1.009877214212921	1.1929878048780487	0.6544414284904736	1.0292484079168882	1.092556387392113	1.0865507038079132	1.0	0.84175	1.150940966287561	1.2048682803662307	1.3124236328532541	1.3534826954357932	1.0303082409818232	0.5305040681757439	0.4464356695525927	0.5800882041827315	1.0162511492077229	1.2254471422458588	1.4345622995446912	1.1212351172604156	1.1057585559756604	0.40335943465028196	0.4752347295429251	1.2731994853782602	0.806465834547682	1.0	0.8957410557035157	0.8769143541316091	1.0	0.7940728626212497	0.588703060878063	1.2041582050386332	1.1582997402463038	1.4430407114417028	1.0	1.0472927526483942	1.3309858186548438	0.9859643740269255	1.0015367368580517	0.6598164596310444
KP319212	0.9258164622432391	0.9997477572804636	1.188845486111111	0.6522419073539832	1.0572221960568404	1.0960581706850363	1.0938257648495358	1.0	0.8441618911174785	1.1344673345385472	1.1912044169410088	1.3624467629105006	1.3367960679004651	1.0256875440288256	0.5302780366407089	0.44388258537691705	0.555097406194116	1.0137321928032115	1.218085213597994	1.485901640750716	1.1400570220428001	1.1004469622903705	0.40211549700643134	0.476223314771695	1.3004008515569208	0.8165637790820967	1.0	0.9093075934081175	0.8695431199212679	1.0	0.7926980198019802	0.5862300937261997	1.171887038375189	1.194644055287171	1.4450747855302686	1.0	1.0506916329284748	1.3363319079918567	0.9880644947124317	0.9702320640062012	0.600339596200812
KP319213	0.9281137735639421	1.009877214212921	1.1929878048780487	0.6544414284904736	1.0292484079168882	1.092556387392113	1.0865507038079132	1.0	0.84175	1.150940966287561	1.2048682803662307	1.3124236328532541	1.3534826954357932	1.0303082409818232	0.5305040681757439	0.4464356695525927	0.5800882041827315	1.0162511492077229	1.2254471422458588	1.4345622995446912	1.1212351172604156	1.1057585559756604	0.40335943465028196	0.4752347295429251	1.2731994853782602	0.806465834547682	1.0	0.8957410557035157	0.8769143541316091	1.0	0.7940728626212497	0.588703060878063	1.2041582050386332	1.1582997402463038	1.4430407114417028	1.0	1.0472927526483942	1.3309858186548438	0.9859643740269255	1.0015367368580517	0.6598164596310444
AB519642	0.8535540121176298	1.0758729732038614	0.9552464755416784	0.6340342393199936	1.0791869309609126	1.1860508776870364	1.1153342713310541	1.0	1.0336894586894585	1.2635970326454795	1.2524596759041975	1.171502995740207	1.0271443352147591	1.1105482740501724	0.4488801706198881	0.43065095043790297	0.5206025246432388	0.927677614438482	1.4303275827630073	1.1537172957437671	1.4136163176066032	1.2496492459088158	0.788701422519935	0.39779874213836475	1.0235668530165385	0.9886833612631988	1.0	0.5470485045010414	0.7113523863336099	1.0	0.7117616934107204	0.6281224451579105	1.1893672238157786	1.051542149719419	1.1501213500470662	1.0	1.385112432153011	1.255564531597439	1.0575938998600067	0.9081982837372233	0.9697939823038884
AF070449	0.7871724500921087	0.9743768623580595	1.0015873015873014	0.6541523347582588	1.107280219585964	1.2599770378874857	1.0267656004941688	1.0	0.998812821527503	1.243385490086009	1.1891688388911625	1.2193578838550598	0.8692756236873245	0.9952685271313887	0.4461580575401714	0.5239854244591556	0.4393270256644742	0.9791324002706118	1.5179370808339578	1.2888703269714488	1.3290778687458706	1.4032351195777437	0.7081601679849117	0.3485443786982248	1.057299207539088	1.040443751238645	1.0	0.678558516066777	0.6865310161243354	1.0	0.7222270476852254	0.5895591464241166	1.1611774327656887	1.1397128967824226	1.2958180013670277	1.0	1.3162065331928348	1.3359287592245994	1.016510720055763	0.897151260216819	0.9166515524207278
AF351847	0.8897058823529411	1.0167340073648095	0.9670329670329669	0.5686223823336065	1.0963876984454135	1.1415094339622642	1.1001722156704343	1.0	1.0254237288135593	1.359621299901618	1.1871158962856558	1.1925031907683912	0.9365914023245013	0.9789069973337192	0.47006863761900874	0.5180234894380866	0.5994648070555356	0.9249774615628272	1.4524192237167115	1.3783941205823664	1.3357784998106323	1.3071235292088017	0.7296335255344177	0.4336728071525258	1.0216221730227215	0.8430635905787073	1.0	0.6958605737025388	0.7411829129985525	1.0	0.7625929682217715	0.6114291354993913	1.1525762047182382	1.195080325684235	1.3279341655720667	1.0	1.3497027655724996	1.2712050937101027	1.060307905251887	0.8243142787915549	0.8371595951707248
AF351852	0.8061934715450181	1.0085293971052092	1.0263107539226943	0.6501625834566046	1.0765974071325166	1.2421072209048218	1.0161035266257112	1.0	0.9805749805749806	1.2767575086878773	1.1872893715691741	1.1574895028659853	0.8832000949854691	1.0067921267895328	0.4496130765242523	0.5572495720734983	0.45072499157484663	0.9352280409797702	1.5027208082199837	1.3421911856699555	1.3601893677966295	1.3360396120695868	0.7215722844840051	0.3526959022286125	1.0142533509219736	1.119035865593345	1.0	0.6359816135296179	0.60964974040813	1.0	0.7439160718892425	0.6314189586058955	1.191530619063886	1.0964824346453121	1.2585601570122533	1.0	1.2867750608116761	1.3018666361440063	1.0505885411166442	0.934481932803721	0.9632271290326996
AY854587	0.8091455144351871	1.0250523800185187	0.947376044030319	0.4376545879745349	1.1628002181504264	1.2345796618242437	1.0657983472931503	1.0	1.0388896817468245	1.269947815568884	1.131655551274748	1.2606118791548122	1.01708446070401	1.0171621536953595	0.3570735004409861	0.48710706878678445	0.6147015888267346	0.9829057514251094	1.491175535079678	0.9619284260595594	1.429706784870513	1.39919023393289	0.7171024422254647	0.33429422146830734	1.0030081409419849	1.0003039371551479	1.0	0.5935611560723626	0.7170518392577958	1.0	0.7008888502851849	0.6050793557351295	1.1578332624734768	1.1711137893655517	1.3897260310494357	1.0	1.3519233215997284	1.1800240854189448	1.013401165366891	0.8735257682381532	1.0305637317542453
AY854592	0.8623218074217442	1.120406957305975	0.9123619689313119	0.6909320142292735	1.1435084351140634	1.1709255579686706	0.94012411458736	1.0	1.0676417479234381	1.115420406040627	1.2063834481505722	1.2240131264565444	1.0342196956499217	1.1145910839482511	0.38763723807573613	0.5629085270471909	0.386305492919717	0.9675975914181363	1.3227147672396997	1.6125682291527164	1.2773320971076578	1.2308573071277156	0.865400365020126	0.3511788521076447	1.1048476926123985	1.190422352176738	1.0	0.5831622064779057	0.9543313422409189	1.0	0.6783042394014963	0.6285724104674121	1.150372668901266	1.1521038797644119	1.117319318000348	1.0	1.3853004792400017	1.3592430097655002	1.0263836628754883	0.8840157348238489	0.6349704106589765
AY854594	0.8342204191014998	1.121230665561334	0.9692307692307693	0.6897083140828385	1.1469122636126952	1.2064522109947158	0.9543501604705952	1.0	1.0238353196099677	1.115020051120669	1.2054732848211076	1.2587269282216889	1.0296625865854885	1.1099158730688283	0.38678387071330284	0.5067774760036067	0.40447849838913	0.9656117718201975	1.3740827501085855	1.5256692763296265	1.3421946953281336	1.236060963833437	0.8631579700650841	0.3519350215002389	1.0316937243358648	1.1744481172968289	1.0	0.5847119888686401	0.7632821582145192	1.0	0.6785622151517756	0.6006456480055224	1.1481110049042278	1.1151932724372917	1.1163944516817348	1.0	1.3890921466859525	1.344990392505473	1.028141678339344	0.9095208572006198	0.757408871881344
AY877433	0.7629513343799058	1.0157490701933396	1.0424901185770752	0.5076614452887496	1.1799443131862133	1.2833020637898684	1.0382090996174071	1.0	0.9671504965622613	1.1550324655293887	1.0967249095658897	1.4174336774187988	1.082321901131305	0.9288056152973444	0.4213940036633568	0.55343209501929	0.48824517312185256	0.891060659618454	1.396954551034511	1.3444581392195498	1.5151864638070796	1.4712003969825456	0.7629240083966469	0.3931674836481871	0.8671046866472447	1.0387259913458593	1.0	0.6468033986342184	0.773737086195408	1.0	0.664308905380334	0.43536336595254677	1.1317055255674182	1.071588449631517	1.3031768213492354	1.0	1.458223467369809	1.2853842999876333	1.0904383975812546	0.8938062937840542	0.9813067746986652
AY877434	0.8414918414918414	1.0581376704665715	0.9431547480031761	0.5981973923296455	1.0799188603020733	1.2002469839460435	1.052585625996049	1.0	1.042791842475387	1.191010331979221	1.19173179071932	1.231224663657176	0.8729911819571091	0.9036696055485114	0.44838789296983883	0.5241253759428252	0.44410616997902425	0.9765027520405074	1.5341716848851774	1.456993077489907	1.308325679568846	1.277583115708916	0.8691915037805813	0.4200626959247648	1.0753132636830067	1.0364933728251633	1.0	0.5247796402151969	0.7663227940605954	1.0	0.769915290493711	0.5726163529193288	1.1896666247364227	1.1362548574019435	1.3653416383213852	1.0	1.2960020612358827	1.2816429064457595	1.0187120230542401	0.8440142098789409	0.8083525343559973
AY877435	0.7889367490364997	1.0730684496969956	1.0015822784810127	0.6369132000997526	1.1041125575731117	1.2653177543459677	0.9970022412519223	1.0	0.9988078123356359	1.1877916634933827	1.1787858049857036	1.1399214830820115	0.8689211540427706	0.9760471846479081	0.4461327768357897	0.46504595302341306	0.43309410005278287	0.9750135087294342	1.579696484569723	1.456446329015587	1.3785819870967957	1.325781370450122	0.7605956351737885	0.3488648237864539	1.0753751807448584	1.0576761682328775	1.0	0.579221838537026	0.639722399239761	1.0	0.7450053028348668	0.6249044442509702	1.174490939898037	1.132590071632368	1.3239239521837425	1.0	1.23717095375102	1.3413040515604902	1.0199714055937805	0.930975189317599	0.8449483675759827
GU592648	0.8511895965715975	1.0579697264236976	0.9618233618233619	0.6344998101474278	1.0808926212562755	1.1902512752692236	1.0903421296867701	1.0	1.0283958465776648	1.3216807748798625	1.2509675041578232	1.2059335171938137	1.029933695739906	1.1181607864793666	0.4490638088199064	0.37395981227332714	0.4847923149375916	0.9312427409988385	1.4684187068081103	1.0822056120102401	1.3493594096546435	1.2577058910121006	0.7822537318472955	0.39950134253931724	1.0289107900794696	0.9388364255291569	1.0	0.5921162285163065	0.6327166806524157	1.0	0.7115056333219529	0.6196430497899067	1.1858752579292084	1.0137102014294996	1.1445945302812581	1.0	1.3903676088087393	1.3127237537539707	1.0542521994134897	0.9353583683727227	1.0166029685728009
KF656696	0.8300803673938004	1.1400304394993774	0.9467455621301775	0.688471720369562	1.1421677185938635	1.2139925373134328	0.9496067216479882	1.0	1.0407239819004526	1.146304024150045	1.2849210256504504	1.2548111934907127	1.0372720144120229	1.1221264512914682	0.3888758819829869	0.40246893248824955	0.38844792756135643	0.9707365804926781	1.3664606420833538	1.4272588799464958	1.269902506350302	1.205540277277325	0.8704086006559365	0.3540384615384616	1.1138286713286714	1.1810001885369534	1.0	0.5817272343245093	0.7171676020355114	1.0	0.675194660734149	0.606281446954671	1.148297409756294	1.0922449120829687	1.114382890161036	1.0	1.3952054794520548	1.3531165461486052	1.0236404292676782	0.9314424825260739	0.8333836832223985
KF656697	0.8300803673938004	1.1400304394993774	0.9467455621301775	0.688471720369562	1.1421677185938635	1.2139925373134328	0.9496067216479882	1.0	1.0407239819004526	1.146304024150045	1.2849210256504504	1.2548111934907127	1.0372720144120229	1.1221264512914682	0.3888758819829869	0.40246893248824955	0.38844792756135643	0.9707365804926781	1.3664606420833538	1.4272588799464958	1.269902506350302	1.205540277277325	0.8704086006559365	0.3540384615384616	1.1138286713286714	1.1810001885369534	1.0	0.5817272343245093	0.7171676020355114	1.0	0.675194660734149	0.606281446954671	1.148297409756294	1.0922449120829687	1.114382890161036	1.0	1.3952054794520548	1.3531165461486052	1.0236404292676782	0.9314424825260739	0.8333836832223985
KF864234	0.7922539202720574	1.0390488644241473	0.9926470588235292	0.6303729587433717	1.1103321094064904	1.2501820167455404	0.9919487749075113	1.0	1.005586592178771	1.136737971551322	1.1958212767115526	1.1848425480332905	0.8632506194856115	0.9837520240024363	0.4440031139950437	0.554378589093056	0.435162003149676	1.0219936089735229	1.4993952437808449	1.404823985709061	1.337231360436333	1.3759823187143183	0.7634885172656182	0.4877859093918993	1.0493360136134022	1.0831998309393727	1.0	0.6351384838285785	0.6983860401583203	1.0	0.6679761385130221	0.5945955453805924	1.1627388932679763	1.1283018044679172	1.2813705652500234	1.0	1.3910374206481788	1.3453854838075825	0.9823470117975727	0.9023665184980196	0.8086308810463774
KF864322	0.7911581333837142	1.0389355195285273	1.0243506493506493	0.5501790453720281	1.0756883809619076	1.2522707563101922	0.9913944947398846	1.0	0.9815504829432407	1.2607657843290474	1.1950573717829622	1.1513876656610826	0.8628068805932685	0.9845388716909796	0.5176905804820081	0.5557971085274752	0.4553460854552983	0.9738924394591537	1.4942940963288858	1.4048617280184574	1.336891907521281	1.324644189204431	0.7138330447605105	0.5707441093608128	1.0520901082879266	1.0857349449440241	1.0	0.6732137750484055	0.6645035759063217	1.0	0.6969591153790194	0.6201794246289787	1.1608495361997238	1.129216179505858	1.279020736186794	1.0	1.352310334715764	1.3276367435282042	1.020925589579171	0.9004968795904229	0.8064030403834769
KF864397	0.8515406162464985	0.9466621528284723	1.0128410914927768	0.6725771299714127	1.082336963231557	1.1833910034602075	0.9899025432553676	1.0	0.9905808477237048	1.2782959491120136	1.1646516045597155	1.2162295334464708	0.800120757459089	0.9738806637469656	0.46889883740956706	0.5676544483262776	0.37024232529850515	1.036496507968144	1.5504408270223375	1.410307506296461	1.299433832328569	1.4000984272566634	0.754103292588501	0.38066206239580846	1.0816051908931168	1.0459568047412584	1.0	0.6583718909192076	0.6341180493389029	1.0	0.6998177261335156	0.6061014210041222	1.1619536148701148	1.0928806017392767	1.3617353086231465	1.0	1.3184252363818925	1.412549846580873	0.971679680787446	0.9551719571748883	0.7892459388362268
KM594040	0.8332962055394669	1.0137030180064264	0.9592984462872938	0.5910961954388935	1.0918272327744045	1.2081208862519701	1.0004744826977114	1.0	1.0304131054131054	1.313145628923684	1.138940769415718	1.2013417087962348	1.03634402942732	0.8850304733520055	0.4499192212266834	0.5697381054015934	0.5397567238991584	0.931612643408817	1.4202685488208002	1.2706050817175998	1.3753379015000076	1.3576547173970925	0.6835425610275333	0.3522216913521261	1.0660194097725917	1.0696292856608134	1.0	0.637042420619269	0.6666081208997306	1.0	0.7426659804426147	0.5972246529573325	1.1831929135673807	1.1001006891130896	1.3871133086315715	1.0	1.2854590317365777	1.2644561371160326	1.053908988296798	0.9330333268114525	0.9351815029774716
KM594041	0.7585868127715852	0.9653833415472599	1.0688562373955632	0.6589584522113138	1.0510146312474418	1.296143506072124	1.0287652274417696	1.0	0.9501771940796331	1.2099622197852058	1.231603459500589	1.3018287051798063	0.9017627377395534	0.9645848890849521	0.5203286634500667	0.35268795891718185	0.3691219309196837	0.890938275207938	1.6071309535353957	1.3652904288606886	1.380065762462867	1.375426558759239	0.7030728455705498	0.35021500238891545	1.0107092258944823	0.9648590000351613	1.0	0.6486971852498441	0.696624239523736	1.0	0.6386730685290266	0.4963967121696173	1.1839878411774063	0.9934861139719644	1.3226408846525963	1.0	1.446396664681358	1.431207183354176	1.0840644261483783	1.0020574944562772	0.9689912831893573
KM594042	0.8084266944578851	1.0698549713017789	0.9487179487179487	0.5897843735899142	1.0974307957064264	1.2378355898525946	0.9629063316800427	1.0	1.0390720390720392	1.3208321298520356	1.1414406977062839	1.2586289142818419	1.1096651935346789	1.0761047080923354	0.4472224033737664	0.5678333749154183	0.5007687873234151	0.9241210009502693	1.3669939485765816	1.2592310627916328	1.3799276934524547	1.2916783773486553	0.7275876763870947	0.3511788521076447	1.063907145715876	1.1188023047929754	1.0	0.6024404158572343	0.6666326028099498	1.0	0.7451199587238799	0.5498533326433109	1.1822360648580161	1.0957172342621257	1.2348365804095562	1.0	1.2841511514483226	1.2988291634150244	1.0609898923033836	0.9308811243795764	0.946461192575946
KP202393	0.7887121212121211	1.0254694568290574	0.9577677224736048	0.6466043289739868	1.0887133389807853	1.265770916714313	0.9892343099284977	1.0	1.0316451225542134	1.2182892243655683	1.180608595207526	1.1618373223675413	0.9106096382559109	0.9609608543027198	0.46445239620961665	0.46597809078890706	0.43370554696205504	0.976122156179545	1.5372777514908598	1.5005059500022384	1.2962145146520148	1.3418714921692958	0.8223478221652586	0.35471698113207545	1.0977824062729724	1.0595957460552354	1.0	0.5848781420994539	0.6397564049433486	1.0	0.7879213483146067	0.6354258567844228	1.1709440005798661	1.11459980163465	1.355564886897438	1.0	1.2390798655983457	1.3452125005653413	1.0190329932445126	0.9109160478098336	0.7816982960637334
KT023101	0.7750074649149	0.893480633221101	1.043859649122807	0.6543139070200792	1.0317079722059983	1.2753014249177932	1.062925884514894	1.0	0.9685534591194969	1.1700902988872208	1.2342638796850178	1.2219479433541196	0.8614719136853668	1.1030752409224918	0.5429091382655038	0.35251709130211784	0.44632837153612764	0.9435328898743532	1.6290440618071726	1.2068614864719405	1.2961618330907674	1.3306946293426956	0.7137723109032347	0.46228531194206257	1.1051294423626439	0.964021295996813	1.0	0.6530836961402319	0.6951291003454003	1.0	0.6098663866036526	0.6447499611987654	1.1828192654143983	1.0549903151229876	1.272814558927599	1.0	1.4446098868374033	1.3394648158259612	1.0431881318068528	0.9817119760672783	1.035055298958303
KU523255	0.7750074649149	0.893480633221101	1.043859649122807	0.6543139070200792	1.0317079722059983	1.2753014249177932	1.062925884514894	1.0	0.9685534591194969	1.1700902988872208	1.2342638796850178	1.2219479433541196	0.8614719136853668	1.1030752409224918	0.5429091382655038	0.35251709130211784	0.44632837153612764	0.9435328898743532	1.6290440618071726	1.2068614864719405	1.2961618330907674	1.3306946293426956	0.7137723109032347	0.46228531194206257	1.1051294423626439	0.964021295996813	1.0	0.6530836961402319	0.6951291003454003	1.0	0.6098663866036526	0.6447499611987654	1.1828192654143983	1.0549903151229876	1.272814558927599	1.0	1.4446098868374033	1.3394648158259612	1.0431881318068528	0.9817119760672783	1.035055298958303
MN968374	0.7801865671641791	1.0578766819891239	0.922711926270645	0.7098277036546817	1.1609575031293156	1.2739108197331104	0.9858388744950114	1.0	1.0618744977719337	1.122051620151161	1.160164474752583	1.2395449507233973	1.1778156626072322	1.1006798420059687	0.3822961084181616	0.4720814967839551	0.47418628424122417	0.9042036168848075	1.3349271268706988	1.6120854760007692	1.281941079295154	1.2851084405426445	0.9695115984678013	0.3178528636472562	1.1125035192802495	1.0976898909114652	1.0	0.4953376578973034	0.7666519952218672	1.0	0.7780172413793104	0.6273183982098735	1.1425932552410976	1.170176505079012	1.065457030168225	1.0	1.252720522340289	1.3303483452053126	1.081243233920966	0.8520376409182052	0.7229822172270738
MN968375	0.7801865671641792	1.0586664789883802	0.9194398981633023	0.708909976779196	1.1625493076971365	1.2739108197331106	0.9858810423010897	1.0	1.064908424908425	1.1232906735207635	1.1600548014012673	1.2352963238254995	1.1735007312882109	1.1401534062555008	0.3817113396094015	0.47205112687012585	0.4723394102101375	0.9493646525301946	1.3386297901778814	1.557443609123686	1.2822551037672005	1.286362519728905	0.9659658831515584	0.3178528636472562	1.1127501617429536	1.0978758483413644	1.0	0.49675278671404266	0.7672393203840421	1.0	0.7783333333333333	0.6294251786337991	1.1422912023654928	1.1653114540286635	1.0666606373557523	1.0	1.2534033201041266	1.333885870638431	1.0432189035965156	0.8538955544890596	0.7262046385525566
MN968376	0.7801865671641792	1.0586664789883802	0.9194398981633023	0.708909976779196	1.1625493076971365	1.2739108197331106	0.9858810423010897	1.0	1.064908424908425	1.1232906735207635	1.1600548014012673	1.2352963238254995	1.1735007312882109	1.1401534062555008	0.3817113396094015	0.47205112687012585	0.4723394102101375	0.9493646525301946	1.3386297901778814	1.557443609123686	1.2822551037672005	1.286362519728905	0.9659658831515584	0.3178528636472562	1.1127501617429536	1.0978758483413644	1.0	0.49675278671404266	0.7672393203840421	1.0	0.7783333333333333	0.6294251786337991	1.1422912023654928	1.1653114540286635	1.0666606373557523	1.0	1.2534033201041266	1.333885870638431	1.0432189035965156	0.8538955544890596	0.7262046385525566
MN968377	0.7543283582089552	1.1006032154841836	0.9212519390455335	0.6853894448170262	1.1591227006106337	1.3051821637155836	0.9864195544467819	1.0	1.063223443223443	1.1236557562369145	1.207026057060136	1.2138542291477101	1.1129603994591626	1.144637202517674	0.38252482520605374	0.47080550528075815	0.4737469820822308	0.951235669402495	1.3394407727503812	1.562243042454171	1.282279947475432	1.2810244934337134	0.9679090646233078	0.35164835164835173	1.109483263974741	1.0950169635625435	1.0	0.4956376121424704	0.765630119279271	1.0	0.7780747126436781	0.6284009061266638	1.1444898415167808	1.169231223853126	1.0676020401801718	1.0	1.2500212711648093	1.3331625169877157	1.0414168911242452	0.85386348433361	0.72471240155747
MN968378	0.7543283582089552	1.1006032154841836	0.9212519390455335	0.6853894448170262	1.1591227006106337	1.3051821637155836	0.9864195544467819	1.0	1.063223443223443	1.1236557562369145	1.207026057060136	1.2138542291477101	1.1129603994591626	1.144637202517674	0.38252482520605374	0.47080550528075815	0.4737469820822308	0.951235669402495	1.3394407727503812	1.562243042454171	1.282279947475432	1.2810244934337134	0.9679090646233078	0.35164835164835173	1.109483263974741	1.0950169635625435	1.0	0.4956376121424704	0.765630119279271	1.0	0.7780747126436781	0.6284009061266638	1.1444898415167808	1.169231223853126	1.0676020401801718	1.0	1.2500212711648093	1.3331625169877157	1.0414168911242452	0.85386348433361	0.72471240155747
MN968379	0.7543283582089552	1.1006032154841836	0.9212519390455335	0.6853894448170262	1.1591227006106337	1.3051821637155836	0.9864195544467819	1.0	1.063223443223443	1.1236557562369145	1.207026057060136	1.2138542291477101	1.1129603994591626	1.144637202517674	0.38252482520605374	0.47080550528075815	0.4737469820822308	0.951235669402495	1.3394407727503812	1.562243042454171	1.282279947475432	1.2810244934337134	0.9679090646233078	0.35164835164835173	1.109483263974741	1.0950169635625435	1.0	0.4956376121424704	0.765630119279271	1.0	0.7780747126436781	0.6284009061266638	1.1444898415167808	1.169231223853126	1.0676020401801718	1.0	1.2500212711648093	1.3331625169877157	1.0414168911242452	0.85386348433361	0.72471240155747
MN968380	0.7543283582089552	1.1006032154841836	0.9212519390455335	0.6853894448170262	1.1591227006106337	1.3051821637155836	0.9864195544467819	1.0	1.063223443223443	1.1236557562369145	1.207026057060136	1.2138542291477101	1.1129603994591626	1.144637202517674	0.38252482520605374	0.47080550528075815	0.4737469820822308	0.951235669402495	1.3394407727503812	1.562243042454171	1.282279947475432	1.2810244934337134	0.9679090646233078	0.35164835164835173	1.109483263974741	1.0950169635625435	1.0	0.4956376121424704	0.765630119279271	1.0	0.7780747126436781	0.6284009061266638	1.1444898415167808	1.169231223853126	1.0676020401801718	1.0	1.2500212711648093	1.3331625169877157	1.0414168911242452	0.85386348433361	0.72471240155747
MN968381	0.7543283582089552	1.1006032154841836	0.9212519390455335	0.6853894448170262	1.1591227006106337	1.3051821637155836	0.9864195544467819	1.0	1.063223443223443	1.1236557562369145	1.207026057060136	1.2138542291477101	1.1129603994591626	1.144637202517674	0.38252482520605374	0.47080550528075815	0.4737469820822308	0.951235669402495	1.3394407727503812	1.562243042454171	1.282279947475432	1.2810244934337134	0.9679090646233078	0.35164835164835173	1.109483263974741	1.0950169635625435	1.0	0.4956376121424704	0.765630119279271	1.0	0.7780747126436781	0.6284009061266638	1.1444898415167808	1.169231223853126	1.0676020401801718	1.0	1.2500212711648093	1.3331625169877157	1.0414168911242452	0.85386348433361	0.72471240155747
MN968382	0.7543283582089552	1.1006032154841836	0.9212519390455335	0.6853894448170262	1.1591227006106337	1.3051821637155836	0.9864195544467819	1.0	1.063223443223443	1.1236557562369145	1.207026057060136	1.2138542291477101	1.1129603994591626	1.144637202517674	0.38252482520605374	0.47080550528075815	0.4737469820822308	0.951235669402495	1.3394407727503812	1.562243042454171	1.282279947475432	1.2810244934337134	0.9679090646233078	0.35164835164835173	1.109483263974741	1.0950169635625435	1.0	0.4956376121424704	0.765630119279271	1.0	0.7780747126436781	0.6284009061266638	1.1444898415167808	1.169231223853126	1.0676020401801718	1.0	1.2500212711648093	1.3331625169877157	1.0414168911242452	0.85386348433361	0.72471240155747
MN968383	0.7543283582089552	1.1006032154841836	0.9212519390455335	0.6853894448170262	1.1591227006106337	1.3051821637155836	0.9864195544467819	1.0	1.063223443223443	1.1236557562369145	1.207026057060136	1.2138542291477101	1.1129603994591626	1.144637202517674	0.38252482520605374	0.47080550528075815	0.4737469820822308	0.951235669402495	1.3394407727503812	1.562243042454171	1.282279947475432	1.2810244934337134	0.9679090646233078	0.35164835164835173	1.109483263974741	1.0950169635625435	1.0	0.4956376121424704	0.765630119279271	1.0	0.7780747126436781	0.6284009061266638	1.1444898415167808	1.169231223853126	1.0676020401801718	1.0	1.2500212711648093	1.3331625169877157	1.0414168911242452	0.85386348433361	0.72471240155747
MN968384	0.7543283582089552	1.1006032154841836	0.9212519390455335	0.6853894448170262	1.1591227006106337	1.3051821637155836	0.9864195544467819	1.0	1.063223443223443	1.1236557562369145	1.207026057060136	1.2138542291477101	1.1129603994591626	1.144637202517674	0.38252482520605374	0.47080550528075815	0.4737469820822308	0.951235669402495	1.3394407727503812	1.562243042454171	1.282279947475432	1.2810244934337134	0.9679090646233078	0.35164835164835173	1.109483263974741	1.0950169635625435	1.0	0.4956376121424704	0.765630119279271	1.0	0.7780747126436781	0.6284009061266638	1.1444898415167808	1.169231223853126	1.0676020401801718	1.0	1.2500212711648093	1.3331625169877157	1.0414168911242452	0.85386348433361	0.72471240155747
MN968385	0.7543283582089552	1.1006032154841836	0.9212519390455335	0.6853894448170262	1.1591227006106337	1.3051821637155836	0.9864195544467819	1.0	1.063223443223443	1.1236557562369145	1.207026057060136	1.2138542291477101	1.1129603994591626	1.144637202517674	0.38252482520605374	0.47080550528075815	0.4737469820822308	0.951235669402495	1.3394407727503812	1.562243042454171	1.282279947475432	1.2810244934337134	0.9679090646233078	0.35164835164835173	1.109483263974741	1.0950169635625435	1.0	0.4956376121424704	0.765630119279271	1.0	0.7780747126436781	0.6284009061266638	1.1444898415167808	1.169231223853126	1.0676020401801718	1.0	1.2500212711648093	1.3331625169877157	1.0414168911242452	0.85386348433361	0.72471240155747
MN968386	0.7543283582089552	1.101380338992787	0.9466721222040371	0.6844711813662532	1.160709269244364	1.3051821637155836	0.9864620794003238	1.0	1.043090147674675	1.124900421763925	1.2069050910833108	1.2256737643278375	1.1088936233138775	1.138980997350576	0.38193924534485435	0.4707754516219196	0.4719016174561624	0.948807520680899	1.3431677975646112	1.557854738958666	1.2825934750733137	1.2822706529912646	0.9643658305267141	0.35164835164835173	1.1097287514219811	1.0952022910400934	1.0	0.4970555999253164	0.7662184464289201	1.0	0.7783908045977012	0.6176009053105812	1.1441900028719245	1.1643696661804404	1.0688163450663528	1.0	1.2507019484386965	1.3367181305578173	1.0437589405526697	0.8557320672691094	0.7279507062472756
MN968387	0.7801865671641792	1.0586664789883802	0.9194398981633023	0.708909976779196	1.1625493076971365	1.2739108197331106	0.9858810423010897	1.0	1.064908424908425	1.1232906735207635	1.1600548014012673	1.2352963238254995	1.1735007312882109	1.1401534062555008	0.3817113396094015	0.47205112687012585	0.4723394102101375	0.9493646525301946	1.3386297901778814	1.557443609123686	1.2822551037672005	1.286362519728905	0.9659658831515584	0.3178528636472562	1.1127501617429536	1.0978758483413644	1.0	0.49675278671404266	0.7672393203840421	1.0	0.7783333333333333	0.6294251786337991	1.1422912023654928	1.1653114540286635	1.0666606373557523	1.0	1.2534033201041266	1.333885870638431	1.0432189035965156	0.8538955544890596	0.7262046385525566
MT891038	0.7821771496385802	0.9587879508511176	1.081515499425947	0.6325752256315681	1.0252378289007302	1.2726167971914664	1.0628143096905223	1.0	0.9393162393162395	1.2417211040324825	1.2515535645692701	1.0350549963927136	0.8485476844632558	1.0426526598254777	0.47107012896569883	0.5387392324626599	0.4535473686636299	0.9336021823098631	1.5184695555587329	1.3319524505535254	1.2869861599166403	1.3557976937918597	0.6813448463328285	0.34716732542819495	1.085230417868272	1.1327685807686647	1.0	0.6428678238382348	0.715180399331829	1.0	0.7125010695644732	0.7048718027596346	1.2291914444808512	1.0943480750215926	1.3138691441233121	1.0	1.327703565047222	1.224156335617237	1.0520741564701521	0.9406803700794274	0.9767504943168054
MW249020	0.8041880151481399	1.042161338707125	1.0924106307317984	0.642722739098187	1.0854133192449593	1.2459888059701496	1.05711527925175	1.0	0.9290741937800763	1.211218946744145	1.1656126774235245	1.191452118444091	0.9476355587433615	0.9487788324042364	0.4457288750060693	0.5223103830714393	0.46340007642829956	0.9687289744259656	1.5142348880996768	1.4367440008034271	1.3127346409628755	1.305520837312169	0.7681381416864249	0.35374999999999995	1.0731497318786982	1.0825723768379325	1.0	0.5987901940679524	0.6504695905606758	1.0	0.7827243094870476	0.6007398368525543	1.1887638618929242	1.047728009885655	1.3651349419931917	1.0	1.2946489726027397	1.2605640746855844	1.025389925427771	0.929034156882115	0.8475747771145208
MW249021	0.7821771496385802	0.9587879508511176	1.081515499425947	0.6325752256315681	1.0252378289007302	1.2726167971914664	1.0628143096905223	1.0	0.9393162393162395	1.2417211040324825	1.2515535645692701	1.0350549963927136	0.8485476844632558	1.0426526598254777	0.47107012896569883	0.5387392324626599	0.4535473686636299	0.9336021823098631	1.5184695555587329	1.3319524505535254	1.2869861599166403	1.3557976937918597	0.6813448463328285	0.34716732542819495	1.085230417868272	1.1327685807686647	1.0	0.6428678238382348	0.715180399331829	1.0	0.7125010695644732	0.7048718027596346	1.2291914444808512	1.0943480750215926	1.3138691441233121	1.0	1.327703565047222	1.224156335617237	1.0520741564701521	0.9406803700794274	0.9767504943168054
AB284509	0.7092391304347826	1.0837631084822905	0.9103923167527407	0.5461186852623374	1.0187738989552646	1.3578595317725752	1.154807995042957	1.0	1.0735042735042735	1.1482149736961396	1.3295377571150633	1.3487610867947046	1.16231596382627	1.104086984869077	0.4792854227639902	0.47356097087543136	0.6737326260245057	1.118368336420463	1.2821701786430826	1.32169187724242	1.2485553694109695	1.2451477948462577	0.4909046334582074	0.7021591696193843	1.08705198169327	0.9150024682833487	1.0	0.8173419733405346	0.6658926430378865	1.0	0.780561797752809	0.42088794524485806	1.2481837165790717	1.3903477424468726	1.4276786355445326	1.0	1.2684823284823288	1.1075313985256294	0.8990022365866248	0.5740838061534604	0.765866660292303
AB284510	0.7092391304347826	1.0837631084822905	0.9103923167527407	0.5461186852623374	1.0187738989552646	1.3578595317725752	1.154807995042957	1.0	1.0735042735042735	1.1482149736961396	1.3295377571150633	1.3487610867947046	1.16231596382627	1.104086984869077	0.4792854227639902	0.47356097087543136	0.6737326260245057	1.118368336420463	1.2821701786430826	1.32169187724242	1.2485553694109695	1.2451477948462577	0.4909046334582074	0.7021591696193843	1.08705198169327	0.9150024682833487	1.0	0.8173419733405346	0.6658926430378865	1.0	0.780561797752809	0.42088794524485806	1.2481837165790717	1.3903477424468726	1.4276786355445326	1.0	1.2684823284823288	1.1075313985256294	0.8990022365866248	0.5740838061534604	0.765866660292303
AB284511	0.707470454299035	1.0719744943993488	0.9103923167527407	0.5449371269795898	1.017982497518242	1.3620504562533549	1.1623391766711166	1.0	1.0735042735042735	1.1451657563744317	1.3260927444331427	1.3733670043527988	1.1622548185632133	1.1044240802480985	0.479801818139082	0.47498252300133154	0.639340316358188	1.1183683364204628	1.2820698649651403	1.321599579878272	1.245186348119804	1.237930603337774	0.4910456248194769	0.7043206402069299	1.0901319891573302	0.9263577454389915	1.0	0.8176099387775266	0.6676945262446431	1.0	0.7788954579842529	0.4177975405861144	1.2479049981865222	1.3906218986549879	1.4279564165384286	1.0	1.2718968968968971	1.1169241059547803	0.8990022365866248	0.5742837062034354	0.7659626284636368
AB284512	0.7110166721150701	1.0851749061214275	0.9168719773701982	0.5492412247153771	1.016650217209175	1.3536943184849295	1.1270410817121521	1.0	1.0673169289883988	1.149828407610174	1.3032802776205001	1.3577216276573936	1.059183367532796	0.9432745416273033	0.48023551674592063	0.5089649131133306	0.6783993474762102	1.124093475125095	1.365477758991268	1.3292394802514649	1.2512128738134929	1.240153645468096	0.494432476215661	0.7011099214223753	1.0836898395721926	0.9507342401440827	1.0	0.8125688234013396	0.6631221177807691	1.0	0.7815606431809862	0.4182462373336859	1.2490813055309862	1.4013725239304085	1.5629913385789709	1.0	1.2636793234952746	1.1010357825285548	0.89547151307419	0.5708606950588515	0.7601366254741847
AB284513	0.7076573653471772	1.0764773433983128	0.9107110383706128	0.5451467787585885	1.0532001583609851	1.3616053511705686	1.1810708113129502	1.0	1.0731961836613	1.1443004171653781	1.3545355657029012	1.3495926363226103	1.1673061424676248	1.1085476254633735	0.4013575391600584	0.47412615798243696	0.675495982402121	1.1198697497271937	1.2525147939840156	1.3251595047706994	1.242261197386885	1.2445611344266723	0.49198636144040364	0.7041422667008085	1.0870175438596492	0.9157465914967148	1.0	0.8175520072074156	0.6668896518554739	1.0	0.777013807367656	0.4871513853535631	1.2521285686230597	1.3944224601898536	1.3445698088701625	1.0	1.2691891891891893	1.076427330969935	0.8980674868020228	0.5754770669464871	0.7673179174447454
AB284514	0.7110166721150701	1.0851749061214275	0.9168719773701982	0.5492412247153771	1.016650217209175	1.3536943184849295	1.1270410817121521	1.0	1.0673169289883988	1.149828407610174	1.3032802776205001	1.3577216276573936	1.1281768428922778	0.9432745416273033	0.48023551674592063	0.5089649131133306	0.6783993474762102	1.07521984577183	1.3096069619422355	1.4061967946937584	1.2512128738134929	1.240153645468096	0.494432476215661	0.7011099214223753	1.0836898395721926	0.9507342401440827	1.0	0.8125688234013396	0.6631221177807691	1.0	0.7815606431809862	0.4182462373336859	1.2490813055309862	1.4013725239304085	1.5060943186064555	1.0	1.2636793234952746	1.1010357825285548	0.9366395641882371	0.5708606950588515	0.7601366254741847
AB285215	0.7092391304347826	1.0837631084822905	0.9103923167527407	0.5461186852623374	1.0187738989552646	1.3578595317725752	1.154807995042957	1.0	1.0735042735042735	1.1482149736961396	1.3295377571150633	1.3487610867947046	1.16231596382627	1.104086984869077	0.4792854227639902	0.47356097087543136	0.6737326260245057	1.118368336420463	1.2821701786430826	1.32169187724242	1.2485553694109695	1.2451477948462577	0.4909046334582074	0.7021591696193843	1.08705198169327	0.9150024682833487	1.0	0.8173419733405346	0.6658926430378865	1.0	0.780561797752809	0.42088794524485806	1.2481837165790717	1.3903477424468726	1.4276786355445326	1.0	1.2684823284823288	1.1075313985256294	0.8990022365866248	0.5740838061534604	0.765866660292303
EU853582	0.7976382572979317	1.0122903003897514	0.9741764759558356	0.6475082540152884	1.0373592875532585	1.2504538852578069	1.1290962660442578	1.0	1.0209118451193377	1.1403362624049447	1.3676344785080927	1.3114802363683196	1.170665290032864	0.9551192267778219	0.4603506296973425	0.4240176705564714	0.6125064223812228	1.1729671044783603	1.2749042337310208	1.3368785252725013	1.0473702315339852	1.3811607020372827	0.42722730713191914	0.6244789026188333	1.327946160271429	0.953804703653965	1.0	0.8549772338672997	0.5789891173426807	1.0	0.7782229818711646	0.4551798094634018	1.248530481306965	1.2283057458745457	1.5254077562341248	1.0	1.2704788121454789	1.1411187828832676	0.8543034619601428	0.7118545512028667	0.7539948547613884
EU853584	0.8011708431498537	1.0695193398069585	1.0186234817813766	0.5939641859550103	1.0367258388032268	1.2538510618904384	1.0765500290285952	1.0	0.9845706618962433	1.2218443815385176	1.3012172456960116	1.3046963770479933	1.153184223543445	1.0301050064297748	0.48062536910710557	0.46872872263640697	0.7558037344227846	1.161800287859338	1.2842816381568556	1.173482462762834	1.2289218030335352	1.269073668576264	0.38022409617484365	0.5450845875175779	1.031912053941926	0.9739148993325356	1.0	0.9679190540061183	0.5894904560876565	1.0	0.79921957159462	0.4632276403119081	1.2328689290663055	1.2832317636195754	1.6153068378994242	1.0	1.250679925208227	1.0739689580013603	0.86037151694635	0.6588252156051717	0.7752651249165567
EU853585	0.8011708431498537	1.0695193398069585	1.0186234817813766	0.5939641859550103	1.0367258388032268	1.2538510618904384	1.0765500290285952	1.0	0.9845706618962433	1.2218443815385176	1.3012172456960116	1.3046963770479933	1.153184223543445	1.0301050064297748	0.48062536910710557	0.46872872263640697	0.7558037344227846	1.161800287859338	1.2842816381568556	1.173482462762834	1.2289218030335352	1.269073668576264	0.38022409617484365	0.5450845875175779	1.031912053941926	0.9739148993325356	1.0	0.9679190540061183	0.5894904560876565	1.0	0.79921957159462	0.4632276403119081	1.2328689290663055	1.2832317636195754	1.6153068378994242	1.0	1.250679925208227	1.0739689580013603	0.86037151694635	0.6588252156051717	0.7752651249165567
EU853586	0.7992023644197557	1.1104649732457836	1.0186234817813764	0.5926531296295374	1.0359658987005553	1.2578064280162762	1.0738346460687787	1.0	0.9845706618962433	1.2186670886289868	1.3453129581851648	1.304386947879902	1.1531133026762521	1.0304362614946472	0.4811374333839032	0.4092644101090568	0.7558950351647532	1.161800287859338	1.2841641239292394	1.1733830228169067	1.225654344873998	1.2134840200790418	0.3802775755676732	0.5467934998078202	1.0348877167215638	0.9768582053777556	1.0	0.9682901926205352	0.5910838581997032	1.0	0.7975319548353256	0.4632432561143684	1.2325462030450096	1.283473747890598	1.6155905580009151	1.0	1.2541137351862905	1.0740806931485656	0.86037151694635	0.6590507569042895	0.7753457576982441
EU853587	0.7755581668625147	1.0468253432836336	0.9795974634684311	0.5994834910015985	1.0061446717200935	1.2863568215892054	1.135104506125626	1.0	1.0163572060123784	1.2178796651126582	1.377286435736336	1.2074030918069352	1.0505198195595675	1.0445546262862733	0.486207472045395	0.4683812342567892	0.6903711452357232	1.1783218401443978	1.305983030782956	1.1828374819928316	1.2242988671560098	1.3761082405465523	0.3829256035844917	0.5456395918992117	1.028157416123637	0.931151799524737	1.0	0.9454954281386725	0.5865670153455578	1.0	0.7955442674543798	0.46661526274904225	1.2494717320445095	1.3122804709334543	1.6319902992782316	1.0	1.2445564686943997	1.0924121099727029	0.8514954519759494	0.6522517036809737	0.7828309483040624
EU853588	0.7755581668625147	1.0468253432836336	0.9795974634684311	0.5994834910015985	1.0061446717200935	1.2863568215892054	1.135104506125626	1.0	1.0163572060123784	1.2178796651126582	1.377286435736336	1.2074030918069352	1.0505198195595675	1.0445546262862733	0.486207472045395	0.4683812342567892	0.6903711452357232	1.1783218401443978	1.305983030782956	1.1828374819928316	1.2242988671560098	1.3761082405465523	0.3829256035844917	0.5456395918992117	1.028157416123637	0.931151799524737	1.0	0.9454954281386725	0.5865670153455578	1.0	0.7955442674543798	0.46661526274904225	1.2494717320445095	1.3122804709334543	1.6319902992782316	1.0	1.2445564686943997	1.0924121099727029	0.8514954519759494	0.6522517036809737	0.7828309483040624
EU853589	0.7755581668625147	1.0468253432836336	0.9795974634684311	0.5994834910015985	1.0061446717200935	1.2863568215892054	1.135104506125626	1.0	1.0163572060123784	1.2178796651126582	1.377286435736336	1.2074030918069352	1.0505198195595675	1.0445546262862733	0.486207472045395	0.4683812342567892	0.6903711452357232	1.1783218401443978	1.305983030782956	1.1828374819928316	1.2242988671560098	1.3761082405465523	0.3829256035844917	0.5456395918992117	1.028157416123637	0.931151799524737	1.0	0.9454954281386725	0.5865670153455578	1.0	0.7955442674543798	0.46661526274904225	1.2494717320445095	1.3122804709334543	1.6319902992782316	1.0	1.2445564686943997	1.0924121099727029	0.8514954519759494	0.6522517036809737	0.7828309483040624
EU853590	0.7880252100840336	1.0057936817194904	0.979597463468431	0.6068333864261156	0.9827607921497569	1.2719676549865226	1.1322519307802135	1.0	1.0163572060123784	1.2147194130356358	1.3737736050448017	1.2159389795579358	1.0504468987561661	1.0720444105080873	0.5099097073920048	0.4697901535338579	0.6904643912128644	1.1783218401443978	1.3058661060464678	1.1827362506157877	1.1978677163133427	1.3801913760689943	0.3870965817069175	0.5473465314342866	1.0502076600783037	0.9339514837998273	1.0	0.9560319266689126	0.5881467096933708	1.0	0.7938697951090548	0.47006568296153495	1.2491440353780625	1.3125276591672945	1.6746758404095252	1.0	1.2479602243753187	1.0925224877642121	0.8514954519759494	0.6524746525513663	0.7829051801370963
HM179504	0.8940600122473974	1.0287108407833048	1.0246710526315792	0.6319875670105232	0.9794984984911915	1.1387947940809413	1.2228086690763766	1.0	0.979860365198711	1.1014151233544984	1.3445002998475188	1.2416216056257812	1.166026271948092	1.065232057014112	0.4902957353068217	0.5309293318545654	0.6496141741307565	1.2079553853389775	1.211680149382798	1.3004377249304828	1.30120092912976	1.320158934533762	0.37584654398792794	0.6665786569042779	0.9947342501732753	0.8793280864310119	1.0	0.9045151339207634	0.6039824522796086	1.0	0.7935880544576196	0.4962082197115328	1.2656218732873785	1.2226009316770188	1.5248551492866342	1.0	1.2317062597537713	1.070339680611446	0.8269499580654178	0.7433007985803016	0.7793848623088396
HM179505	0.8758725771588534	0.9900359702397148	1.041925326135852	0.567824838554365	0.9942993577758666	1.1596481633397138	1.208324043146135	1.0	0.9649597714113843	1.111951823430543	1.3113866478945035	1.3409691016757526	1.1025880436408635	0.9657969245170513	0.48302938357787234	0.5260911652423195	0.7000119058453491	1.1450543085973126	1.3077106153278855	1.3065837654076202	1.2376798036204897	1.314389338019625	0.3707840748100916	0.6480058880750791	1.0883618963821236	0.9117483646596067	1.0	0.9109696802666821	0.6985106409668289	1.0	0.7666272904590532	0.4639950425790428	1.2593742047557188	1.3487276084949216	1.5774337717967772	1.0	1.2527197008329085	1.0296055079950643	0.8738037562336286	0.6409460218185398	0.7668073420300272
HM179506	0.8397683397683396	0.967689311987172	0.9922354640664499	0.6992502631081171	1.014836349478201	1.2050763701707097	1.2105274039351577	1.0	1.0064102564102562	1.0810495632304118	1.322905693115323	1.398168799691786	1.178991270570202	1.1027406457214264	0.4209334598376164	0.4837248734216161	0.6234112988146884	1.1993114367181388	1.2626822495865921	1.258873135689554	1.2445840341064653	1.3700755271826937	0.5340335639138273	0.6263758211332463	1.2093652869961602	0.8733646943858291	1.0	0.7138812716651378	0.627965841155532	1.0	0.749972079517534	0.4539864063756081	1.2560356466650158	1.1774190766152335	1.3899066252185768	1.0	1.3112776772637202	1.1188780358048187	0.8311058540497193	0.7647456528859711	0.8150126361152827
KF155002	0.8006768792304951	0.9526864534848658	0.99223546406645	0.6367992045207109	0.9961759656449873	1.2466931216931216	1.1451264919891655	1.0	1.0064102564102564	1.110909434628656	1.3672415006126657	1.2112147121199122	1.2684414994003281	1.1055323372919117	0.501885667292744	0.4238408084508975	0.6927574754976276	1.1640375709323112	1.1945913366499654	1.3044892860562787	1.0412896483565668	1.41020285310934	0.3807272971703823	0.6790338711205348	1.3987887116638131	0.9360034580365659	1.0	0.880324670260902	0.6178801969479167	1.0	0.7221272661044018	0.5050249577454382	1.2476074930478038	1.2693512336769524	1.4541968573836406	1.0	1.3146896896896896	1.0854378349029967	0.859132080928655	0.6971065063193919	0.7799104092627247
KR534217	0.8033840222745771	1.027092496907006	0.9906554712892742	0.6209839728444227	1.073309175592362	1.2494565217391302	1.1615981210680701	1.0	1.0077371607983854	1.0977346350689623	1.3914164303013377	1.3453490567542346	1.3107690855877596	0.9880118201317932	0.4016114424908653	0.391840741032796	0.7326611431945123	1.163335825570352	1.1284522844385905	1.2625032487060153	1.0545615928299588	1.3161987992659907	0.4316567018909901	0.6772550957882131	1.3125237154150196	0.9081211905729378	1.0	0.8832681322092961	0.6253214011924679	1.0	0.7704378148004649	0.4771223959879838	1.2373428931861303	1.2195080084684895	1.459726676649505	1.0	1.2445523648648649	1.055380437326163	0.8595195370036454	0.7413704606244077	0.8066734492126082
KR534218	0.8025139764270198	1.023317377066338	0.9925704448672648	0.6209106469193376	1.0693929467118566	1.2511775362318842	1.1824163681285607	1.0	1.0061299244972715	1.095802034244548	1.3887979102312997	1.3473953082089705	1.3159761826424798	0.9922248679615875	0.4028999814572511	0.39224783948504105	0.7045481380629838	1.1655845966445153	1.1291169349728682	1.265988369636877	1.05177468438338	1.3154517667604324	0.43264581619691045	0.6784874110983499	1.312415019762846	0.908374729107409	1.0	0.8824429674376432	0.6255720309574089	1.0	0.7970626397592688	0.47664681343681037	1.239422898842747	1.1922262345209922	1.461406240178065	1.0	1.244552364864865	1.054574194438645	0.8582820969085507	0.7413357934863964	0.8058386042809521
KR534219	0.8787035053901621	1.0069847749988334	0.9383682983682985	0.6759105606117415	0.9751123389540436	1.154862820162246	1.167935382360983	1.0	1.0478777343184122	0.9842153960370644	1.3141263856374068	1.2566556601715062	1.233635633241951	0.9801113466796769	0.4881852998845541	0.49699510062477764	0.6631282991267093	1.1424430558355172	1.2392899643208461	1.2652070074255393	1.0508250800290904	1.2383014961518617	0.39348495887459517	0.6206395654229376	1.318353848517592	0.898065784633582	1.0	0.8514855226361171	0.7831141329376342	1.0	0.7867816091954022	0.5085928150820029	1.2837328490239823	1.2106280144098327	1.5099222814970423	1.0	1.243880673125956	1.1071783306197185	0.884739890915064	0.7505666837870227	0.8668119075693853
KR534220	0.8025139764270198	1.023317377066338	0.9925704448672648	0.6209106469193376	1.0693929467118566	1.2511775362318842	1.1824163681285607	1.0	1.0061299244972715	1.095802034244548	1.3887979102312997	1.3473953082089705	1.3159761826424798	0.9922248679615875	0.4028999814572511	0.39224783948504105	0.7045481380629838	1.1655845966445153	1.1291169349728682	1.265988369636877	1.05177468438338	1.3154517667604324	0.43264581619691045	0.6784874110983499	1.312415019762846	0.908374729107409	1.0	0.8824429674376432	0.6255720309574089	1.0	0.7970626397592688	0.47664681343681037	1.239422898842747	1.1922262345209922	1.461406240178065	1.0	1.244552364864865	1.054574194438645	0.8582820969085507	0.7413357934863964	0.8058386042809521
KR534228	0.8818338355574687	0.9852332419947389	0.9398601398601399	0.6785035801271669	0.9780208312884617	1.1496524465040205	1.142702149537139	1.0	1.0465872156013	0.9884264990356563	1.2602702850767975	1.2588493851963225	1.2332258094018655	0.9806336181582257	0.4868278023125836	0.5329532839671256	0.6633522059505257	1.143113935757734	1.2693837248845183	1.2654507954549976	1.0561219682634404	1.2345875436905354	0.3939325523208605	0.6182882297327098	1.314444447708837	0.9349723380604261	1.0	0.8495538617547541	0.77979003821925	1.0	0.79004400440044	0.5353433070275913	1.2822511329880941	1.211095006004097	1.5059060367929027	1.0	1.2398119122257052	1.104635943320877	0.8843635241829866	0.7484688707223919	0.8644223217470767
KR534229	0.8062491031711867	0.986782495511449	0.9922354640664499	0.6235041231763173	1.0170966276413105	1.2438484807440517	1.166537288505455	1.0	1.0064102564102564	1.1021743885023267	1.415991499255436	1.2473613084470463	1.3103611764473897	1.0466816335835698	0.4806164136603535	0.3903313401053041	0.7328199298851132	1.1640375709323112	1.1247004328146086	1.304232814851851	1.0130326874369011	1.3735586730759086	0.37681806351497665	0.6744792271400517	1.3644082643430613	0.9049766372067292	1.0	0.9138613049014873	0.6228807560824938	1.0	0.7736400044498832	0.5013808308801868	1.2467278792644485	1.2389359835555345	1.4744899423225744	1.0	1.2405068620021893	1.0529921524327337	0.859132080928655	0.7235700187492234	0.7801637569425625
KR534230	0.857081360309944	1.0168832836002653	0.9792124542124545	0.6729146991289052	0.9840106717901753	1.1804347826086954	1.127906414929115	1.0	1.0166776871647933	0.9914453657464368	1.2788583381103173	1.2376105861291284	1.200560064023581	1.0309491973540597	0.4832954185504075	0.564068595843642	0.6913890130060832	1.17668672790624	1.2455564215327872	1.2465502888347506	1.0581830703313249	1.2346642288799936	0.38665160510866753	0.61450628595129	1.3116427432216906	0.9549081774798637	1.0	0.8618296579123138	0.7808745881359229	1.0	0.8008121036822783	0.5160380716986809	1.2825288095911684	1.2377537825475018	1.4947950000924621	1.0	1.1995719178082191	1.0905368516718628	0.8523461264071998	0.732457972814657	0.841754468381251
KR534231	0.8818338355574687	0.9852332419947389	0.9398601398601399	0.6785035801271669	0.9780208312884617	1.1496524465040205	1.142702149537139	1.0	1.0465872156013	0.9884264990356563	1.2602702850767975	1.2588493851963225	1.2332258094018655	0.9806336181582257	0.4868278023125836	0.5329532839671256	0.6633522059505257	1.143113935757734	1.2693837248845183	1.2654507954549976	1.0561219682634404	1.2345875436905354	0.3939325523208605	0.6182882297327098	1.314444447708837	0.9349723380604261	1.0	0.8495538617547541	0.77979003821925	1.0	0.79004400440044	0.5353433070275913	1.2822511329880941	1.211095006004097	1.5059060367929027	1.0	1.2398119122257052	1.104635943320877	0.8843635241829866	0.7484688707223919	0.8644223217470767
KR534233	0.8044906118369387	1.0078457577620148	0.9925704448672648	0.622288762905446	1.0111304511859938	1.2472797868978283	1.185396912146605	1.0	1.0061299244972715	1.0986721115169071	1.410659268757769	1.2475611627155412	1.316062898266603	1.0506996444181893	0.4829621578346437	0.3910870437773043	0.7044563414517854	1.1655845966445155	1.1292171003672637	1.3076516495665618	1.0720670901092302	1.3723679735119103	0.37713233514895916	0.6763823610862514	1.3643649714184012	0.9056722091361352	1.0	0.872692417776529	0.6238845847332205	1.0	0.7987491005701001	0.4731503347770626	1.2506351449225126	1.2110516274782237	1.4796229934471319	1.0	1.2411804327692177	1.054462749720922	0.8582820969085507	0.7253762076816312	0.7816203900059424
KR534238	0.8818338355574689	0.984378639576558	0.9432902863559798	0.6797199685762279	0.9765286482044357	1.1496524465040205	1.1426360972556946	1.0	1.0436473638720831	0.9880149312136626	1.2604229139229493	1.2628806300152444	1.2378391555198383	0.9856761020318026	0.4876091911066906	0.5330499329543439	0.6466081395791167	1.146136299373845	1.2659392858755498	1.2693362531742853	1.055779846194286	1.2338913959598605	0.3953035191310107	0.6187841174134369	1.3142553787101183	0.9347785464574286	1.0	0.8473903067984146	0.779417006858152	1.0	0.7896864686468648	0.5337933122343228	1.282656476344531	1.1964288723039855	1.504327293397562	1.0	1.239134118444463	1.1162664446967567	0.882681297381742	0.7617820158827294	0.8611630706392965
KR534244	0.8053676865271068	0.9840073075985418	0.9906554712892742	0.6223656290092394	1.0148197355587314	1.24556413382094	1.1875122387401815	1.0	1.0077371607983854	1.1006148234435438	1.4132560141886645	1.2802994017034925	1.3530143662162226	1.0461206593819181	0.48141844414602913	0.3906803857549364	0.7419593745763431	1.1633358255703519	1.0936430727535646	1.260332063928007	1.0106519213195555	1.3733883560091318	0.42701491841148503	0.6751539408940321	1.3644921468938398	0.905419516170723	1.0	0.8735103743553242	0.6236341964538301	1.0	0.8007213205715079	0.4736237376884332	1.2485325735254877	1.1658715344519766	1.4779233052434833	1.0	1.2411804327692177	1.0223974107825275	0.8595195370036454	0.7593909693204972	0.8186097221414889
KR534247	0.8053676865271068	0.9840073075985418	0.9906554712892742	0.6223656290092394	1.0148197355587314	1.24556413382094	1.1875122387401815	1.0	1.0077371607983854	1.1006148234435438	1.4132560141886645	1.2802994017034925	1.3530143662162226	1.0461206593819181	0.48141844414602913	0.3906803857549364	0.7419593745763431	1.1633358255703519	1.0936430727535646	1.260332063928007	1.0106519213195555	1.3733883560091318	0.42701491841148503	0.6751539408940321	1.3644921468938398	0.905419516170723	1.0	0.8735103743553242	0.6236341964538301	1.0	0.8007213205715079	0.4736237376884332	1.2485325735254877	1.1658715344519766	1.4779233052434833	1.0	1.2411804327692177	1.0223974107825275	0.8595195370036454	0.7593909693204972	0.8186097221414889
KR534249	0.8053676865271068	0.9840073075985418	0.9906554712892742	0.6223656290092394	1.0148197355587314	1.24556413382094	1.1875122387401815	1.0	1.0077371607983854	1.1006148234435438	1.4132560141886645	1.2802994017034925	1.3530143662162226	1.0461206593819181	0.48141844414602913	0.3906803857549364	0.7419593745763431	1.1633358255703519	1.0936430727535646	1.260332063928007	1.0106519213195555	1.3733883560091318	0.42701491841148503	0.6751539408940321	1.3644921468938398	0.905419516170723	1.0	0.8735103743553242	0.6236341964538301	1.0	0.8007213205715079	0.4736237376884332	1.2485325735254877	1.1658715344519766	1.4779233052434833	1.0	1.2411804327692177	1.0223974107825275	0.8595195370036454	0.7593909693204972	0.8186097221414889
KR534250	0.8053676865271068	0.9854524244233474	1.0118343195266273	0.6202759086250816	1.0176686506446249	1.2455641338209402	1.18769608132383	1.0	0.9900744416873448	1.1014245575727528	1.413020910851342	1.2724004458795122	1.3434013972668153	1.0227789902826019	0.4799590653249189	0.39057252186185726	0.7429594070836363	1.1574881359673326	1.099879710887201	1.2965354501492103	1.011259745774941	1.3750963908612297	0.4241170631042706	0.6740618224658314	1.3649150935624557	0.9057999491610629	1.0	0.8781780789516568	0.6246541347294667	1.0	0.8014426411430156	0.476502551536127	1.2479748775650357	1.1974875257368625	1.4925476683592103	1.0	1.242527574303275	1.0232339614423462	0.8627950579299074	0.729073484913307	0.7886139949503865
KR534251	0.880873143675076	1.009798062633739	0.9383682983682985	0.6773763946811313	0.9758687957798713	1.1512425605379129	1.1407918087579108	1.0	1.0478777343184122	0.9867565358618696	1.2876670253788898	1.25698767949969	1.2337268875192606	0.9798646384320138	0.48765461508860014	0.5333852478614315	0.6630337681255379	1.1424430558355172	1.2393892097919317	1.2652997338738117	1.053650284900285	1.234755097533045	0.39343123485503906	0.6187717161781043	1.3145198062125962	0.9353928846040102	1.0	0.8511412798404622	0.7810056364819409	1.0	0.7884499314128943	0.5085528139987961	1.2840627784053604	1.2104104541922724	1.509556853519692	1.0	1.2404897060069473	1.1070493736480933	0.8847398909150639	0.7503010987756751	0.8667352766437743
KR534252	0.8519388954171563	1.0925601543673424	0.9557277255118981	0.40095547124739545	1.0179959946499009	1.1894995898277276	1.1303737467414694	1.0	1.035164835164835	1.091192812594441	1.2334623442999597	1.2700708243591807	1.1936793065914322	1.0028280706615738	0.4055668990306645	0.5965885651124846	0.6744944684496574	1.231343085177091	1.2749693311240222	1.2536549584249495	1.1133185122236218	1.1861004024722057	0.3889270219264045	0.9118120274276245	1.2416353870616368	0.9481541525392236	1.0	0.8596946436909744	0.6497739765145316	1.0	0.8136500136500135	0.49254896924013614	1.2844102975459355	1.2270586408570985	1.5830708917600023	1.0	1.2039775624681284	1.1042033778552927	0.8088641524670921	0.7327115889705818	0.7762747171030414
KR534253	0.8033840222745771	0.980604851406223	0.9657515629247078	0.6220398180112294	1.0126363177370914	1.2494565217391305	1.2144544081778015	1.0	1.0281753130590339	1.097341007973052	1.4392587426998567	1.2839787359246913	1.3154813613135896	1.051602807930073	0.48267297642459234	0.3544807179966213	0.7048286873952624	1.166290665193079	1.1252647107127545	1.2874293293089667	1.00764538124405	1.376408591724626	0.42852669416685213	0.6778099571226011	1.3682237927167173	0.8684151316414144	1.0	0.8715556427142196	0.6248160651383616	1.0	0.7986660762716555	0.4722139215491018	1.2485144894650055	1.2119673113661051	1.4764682550582393	1.0	1.2438766891891893	1.0522992034814818	0.8578960593352511	0.723786469151405	0.7961677896886418
KR906734	0.8787035053901621	1.0069847749988334	0.9383682983682985	0.6759105606117415	0.9751123389540436	1.154862820162246	1.167935382360983	1.0	1.0478777343184122	0.9842153960370644	1.3141263856374068	1.2566556601715062	1.233635633241951	0.9801113466796769	0.4881852998845541	0.49699510062477764	0.6631282991267093	1.1424430558355172	1.2392899643208461	1.2652070074255393	1.0508250800290904	1.2383014961518617	0.39348495887459517	0.6206395654229376	1.318353848517592	0.898065784633582	1.0	0.8514855226361171	0.7831141329376342	1.0	0.7867816091954022	0.5085928150820029	1.2837328490239823	1.2106280144098327	1.5099222814970423	1.0	1.243880673125956	1.1071783306197185	0.884739890915064	0.7505666837870227	0.8668119075693853
KR906735	0.7598756731360006	0.9353214633498856	0.967291836549787	0.6287690177237405	1.0361607564024964	1.2971909107174806	1.221198829120059	1.0	1.0268301746562616	1.0693662636200327	1.3489256307700332	1.2614107817555136	1.2468728491457832	1.0195572102405144	0.479801818139082	0.46085291278359564	0.7018864497642727	1.1669930466996135	1.1779528969005002	1.2564535539015327	1.0032992193380694	1.4379170569546695	0.4058854398594072	0.6688023176515703	1.2972492960797053	0.8677117344339657	1.0	0.9427578972835647	0.6173821656913187	1.0	0.8071394547339515	0.5035089029644692	1.2370300090955721	1.1895790717309753	1.4911516686600135	1.0	1.229854854854855	1.051940076569408	0.8575132106078109	0.7391970975642921	0.8455789950752167
KR906736	0.7841228639411638	0.9474246671091098	0.967291836549787	0.6273614375108575	1.035363626032176	1.268676807107282	1.2180989696123896	1.0	1.0268301746562616	1.06654668825386	1.345459649843079	1.261079970387922	1.246810094796857	1.01989053235364	0.48031821351417386	0.462224719074733	0.7019779297220227	1.1669930466996135	1.177849943388928	1.25637319337042	1.000567558054757	1.4227075343412892	0.40593185296011974	0.6708665759305892	1.3009685656821313	0.8702714358638498	1.0	0.9431116498645354	0.619038363038919	1.0	0.8054111465146179	0.5035229736780122	1.2367464488458417	1.1898227661381884	1.4914264150863368	1.0	1.2331604049870302	1.0520495764927393	0.8575132106078108	0.7394219851205139	0.8456684794711324
KR906739	0.8507638072855462	1.0138209407746097	0.9249149894311183	0.6697129831135828	0.9802363598108028	1.1916060896996297	1.1133123074551043	1.0	1.0598534798534798	1.1313562828041115	1.328440976361483	1.3029965869521885	1.2754492327242686	0.9372177464049383	0.4856193723227555	0.47471376814353167	0.7345550291958042	1.179728043614747	1.2050631440902015	1.2499702900514993	1.1132881872677791	1.2340033362601952	0.38814034050003415	0.6205653629616984	1.2453631606274365	0.9725347088555371	1.0	0.8606349202969442	0.5991267822464802	1.0	0.7865410865410866	0.46480780571947167	1.2818921777995227	1.2230411170172992	1.5736557058136682	1.0	1.2500213146900843	1.055585940711955	0.8507685639240753	0.7329545166104308	0.8388441548363824
KR906741	0.804258364644838	1.007648098775638	0.9455242266630167	0.6253167921279407	1.0120136916415954	1.2477355072463767	1.186289977570753	1.0	1.0441143870538683	1.098128515577613	1.3831894888505212	1.2261131234746472	1.3934173771510914	1.1329076180085604	0.48335594146800553	0.39167002169392684	0.7101208277351052	1.1729671044783603	1.0938813592277319	1.24426455998997	1.009397141029794	1.3405724200051372	0.3807416539068788	0.6782558466393399	1.3677098794063078	0.8675888429470588	1.0	0.9069690543797048	0.6230671165012345	1.0	0.8370925232348454	0.523334055999925	1.2473407009830786	1.1808152562439163	1.4127597230528877	1.0	1.184712837837838	1.0764498452482882	0.854303461960143	0.7520016246402114	0.8290449919986977
KR906742	0.8131884057971014	0.9555618588065824	0.9938154568436258	0.6288639777543855	1.0217396641634193	1.2306315977813562	1.1470781238259564	1.0	1.0050910442214789	1.11251038793218	1.3698869960819169	1.2501896700580828	1.2679468718188425	1.0920986358689375	0.4782742007375841	0.4234939584925224	0.693037079361661	1.1647356422347834	1.1905587126990997	1.30468221952836	1.0237002361673413	1.4171308564215663	0.3771645981087471	0.6675870246070497	1.3526456901700565	0.8965375488257199	1.0	0.9112091662938883	0.6171342006089883	1.0	0.7236235955056181	0.5003128447265583	1.2457973911142552	1.270019461108565	1.4324871475408127	1.0	1.3139389389389389	1.1157613121552417	0.8587478292372697	0.6953776632810356	0.7776683574066808
KR906743	0.8818338355574687	0.9852332419947389	0.9398601398601399	0.6785035801271669	0.9780208312884617	1.1496524465040205	1.142702149537139	1.0	1.0465872156013	0.9884264990356563	1.2602702850767975	1.2588493851963225	1.2332258094018655	0.9806336181582257	0.4868278023125836	0.5329532839671256	0.6633522059505257	1.143113935757734	1.2693837248845183	1.2654507954549976	1.0561219682634404	1.2345875436905354	0.3939325523208605	0.6182882297327098	1.314444447708837	0.9349723380604261	1.0	0.8495538617547541	0.77979003821925	1.0	0.79004400440044	0.5353433070275913	1.2822511329880941	1.211095006004097	1.5059060367929027	1.0	1.2398119122257052	1.104635943320877	0.8843635241829866	0.7484688707223919	0.8644223217470767
KR906744	0.8507638072855463	1.0129883317843997	0.9282420217672017	0.6708825428346831	0.9787744217622497	1.19160608969963	1.1132361338098589	1.0	1.0568339542698515	1.1309873608088847	1.3285889529144923	1.3071373101075159	1.2366614363922992	0.9419917067965138	0.4863851712421637	0.47478285498846967	0.6966358344014512	1.1827912392923798	1.2361716770202802	1.2536993419066218	1.112953548719972	1.2333199944284137	0.389478119896004	0.6210473825326162	1.2451756785892962	0.9723380799970173	1.0	0.8584164685560561	0.5986469299449216	1.0	0.7861861861861861	0.46343700555051703	1.2822520925980767	1.2279820858310584	1.5718814596399586	1.0	1.2493392446073834	1.0846886453592042	0.8491999904009687	0.7311522686299787	0.8357313607715883
KR906745	0.7802410675850194	1.0173938211210793	0.9957415964483101	0.6245641563452393	1.0156577434849958	1.2765813355004738	1.1669844253295816	1.0	1.0034931252322556	1.1017811693367718	1.4161169942602643	1.286128589184408	1.3150728606268542	1.0518262444703368	0.48135100426435734	0.35308830281446085	0.7050174396507006	1.1183683364204628	1.156239605334889	1.3080446194413817	1.0595508912664864	1.331213410242867	0.4289625663924663	0.5644233560820706	1.308477749786977	0.8947417759556344	1.0	0.8697111800796669	0.750900545510592	1.0	0.7739459339192346	0.47125137651260923	1.247024834841629	1.2123949606063253	1.4727696417260536	1.0	1.2822682495579691	1.0826077597267865	0.8990022365866248	0.7217558182039722	0.7771237904454305
KR906746	0.8457051961823967	0.9386509172187202	0.9335555655660165	0.6351472357600935	0.9622933237258898	1.2008281573498965	1.2697371598020981	1.0	1.0538065881151277	1.0867898641626517	1.2780225808158454	1.2873789625255299	1.1700373183830661	0.9875856033191079	0.4859562954030764	0.5729735556474749	0.6220789042958736	1.2588662106144015	1.2738871730186678	1.3020515980859904	1.2783925192029386	1.3337371303840635	0.318562198257057	0.6647980478093448	1.0403407237560638	0.8362198444987948	1.0	0.9088079886276109	0.6003725374037759	1.0	0.809363610877488	0.49186409945731424	1.2918248293595704	1.2842247016459603	1.6017069349958721	1.0	1.1873450750163077	1.0876415091723313	0.7848334823942494	0.7003784163764041	0.7782484258954017
KR906747	0.8220828461075085	0.9086610680794676	0.930245084837059	0.6353795959764211	0.9644397220940734	1.2302788479178133	1.2730014276295443	1.0	1.0568522718958075	1.0900420331822092	1.281159441740294	1.283624973790747	1.165894637418179	0.9822392088290388	0.48468193755262673	0.5711674735342114	0.6386549295869596	1.2556490666600588	1.2775793399134328	1.2847599620734858	1.2821164236603395	1.3760195363660457	0.3796543999484562	0.662288265357889	1.0374825764098328	0.8339291090160192	1.0	0.8601253954365988	0.5992143102401901	1.0	0.8114268049349408	0.49331301228381114	1.291854917364035	1.2563337383749098	1.6033295987214353	1.0	1.1848014565632043	1.075304343777375	0.7861350076406883	0.7202636145975154	0.7919128867524625
KR906748	0.8258138206739005	1.0070099781885002	1.032692833075312	0.6626879018463818	0.9493466830657814	1.2307546812937395	1.2313800745089392	1.0	0.9741800920598388	1.180146334675058	1.3573781300588879	1.188614619354584	1.13871749391437	0.841237054081836	0.5701630995143414	0.4018914535988968	0.6843319395718093	1.1341773066482252	1.3091628254753762	1.2409090085594057	1.287422476215216	1.3045032493940782	0.38211305614371815	0.7567856306084242	1.1661960016776178	0.7411365181830151	1.0	0.7776259044265007	0.6327927393750015	1.0	0.8235518708410603	0.45761403691052044	1.2519852894141046	1.1792470761669007	1.5264609446625776	1.0	1.1673329277830884	1.1642921263105819	0.8894675532276717	0.815717077591845	0.8916735660877748
KR906749	0.8292996358963375	1.0392373331765035	1.001231864221188	0.6241784185720027	1.0097656180543753	1.2165760869565216	1.15423950504009	1.0	0.9989995553579368	1.0602301981040343	1.3510449654128307	1.2569001118656433	1.3250149724322378	1.062032757792871	0.48416725189574766	0.4294347437973637	0.7098384344519757	1.12341912722037	1.15355978790468	1.2439542912553991	1.0535695670088083	1.2945141402101523	0.3802545152108096	0.6789336407039681	1.3119744938467646	0.9075484379463739	1.0	0.9085595100325726	0.7518599583843385	1.0	0.8353904909503513	0.49793126981272007	1.2491327687902127	1.180138907509556	1.416110349392717	1.0	1.2425253378378378	1.0787755310357205	0.8958826873874727	0.720173208244992	0.835911577019762
KR906750	0.8131884057971014	0.9555618588065824	0.9938154568436258	0.6288639777543855	1.0217396641634193	1.2306315977813562	1.1470781238259564	1.0	1.0050910442214789	1.11251038793218	1.3698869960819169	1.2501896700580828	1.2679468718188425	1.0920986358689375	0.4782742007375841	0.4234939584925224	0.693037079361661	1.1647356422347834	1.1905587126990997	1.30468221952836	1.0237002361673413	1.4171308564215663	0.3771645981087471	0.6675870246070497	1.3526456901700565	0.8965375488257199	1.0	0.9112091662938883	0.6171342006089883	1.0	0.7236235955056181	0.5003128447265583	1.2457973911142552	1.270019461108565	1.4324871475408127	1.0	1.3139389389389389	1.1157613121552417	0.8587478292372697	0.6953776632810356	0.7776683574066808
KR906751	0.833623693379791	0.9204147655363063	0.9269579997316276	0.6419851143431039	0.9414854216999782	1.2165532879818592	1.2699073948893116	1.0	1.0599156118143458	1.0876147585313718	1.2777636682768718	1.2439654874888804	1.1616321023315583	0.9903304623060022	0.5075183944441894	0.5728203750688615	0.6364953426142818	1.2524546587053935	1.2810482493503093	1.3251548595929918	1.2572418866536514	1.3552223785077306	0.3824873936808281	0.6746733281248767	1.0599223951957637	0.8366114402053306	1.0	0.8720048108582099	0.6013173827698037	1.0	0.8100925147182505	0.4983933110857472	1.2911800444140284	1.2935497417018302	1.626405836596827	1.0	1.1886497064579256	1.0785434017451558	0.7874440779610195	0.6878888340839809	0.7584227887063202
KR906752	0.8258138206739005	1.0070099781885002	1.032692833075312	0.6626879018463818	0.9493466830657814	1.2307546812937395	1.2313800745089392	1.0	0.9741800920598388	1.180146334675058	1.3573781300588879	1.188614619354584	1.13871749391437	0.841237054081836	0.5701630995143414	0.4018914535988968	0.6843319395718093	1.1341773066482252	1.3091628254753762	1.2409090085594057	1.287422476215216	1.3045032493940782	0.38211305614371815	0.7567856306084242	1.1661960016776178	0.7411365181830151	1.0	0.7776259044265007	0.6327927393750015	1.0	0.8235518708410603	0.45761403691052044	1.2519852894141046	1.1792470761669007	1.5264609446625776	1.0	1.1673329277830884	1.1642921263105819	0.8894675532276717	0.815717077591845	0.8916735660877748
KR906754	0.8131884057971014	0.9555618588065824	0.9938154568436258	0.6288639777543855	1.0217396641634193	1.2306315977813562	1.1470781238259564	1.0	1.0050910442214789	1.11251038793218	1.3698869960819169	1.2501896700580828	1.2679468718188425	1.0920986358689375	0.4782742007375841	0.4234939584925224	0.693037079361661	1.1647356422347834	1.1905587126990997	1.30468221952836	1.0237002361673413	1.4171308564215663	0.3771645981087471	0.6675870246070497	1.3526456901700565	0.8965375488257199	1.0	0.9112091662938883	0.6171342006089883	1.0	0.7236235955056181	0.5003128447265583	1.2457973911142552	1.270019461108565	1.4324871475408127	1.0	1.3139389389389389	1.1157613121552417	0.8587478292372697	0.6953776632810356	0.7776683574066808
KR906755	0.8053676865271068	0.9840073075985418	0.9906554712892742	0.6223656290092394	1.0148197355587314	1.24556413382094	1.1875122387401815	1.0	1.0077371607983854	1.1006148234435438	1.4132560141886645	1.2802994017034925	1.3530143662162226	1.0461206593819181	0.48141844414602913	0.3906803857549364	0.7419593745763431	1.1633358255703519	1.0936430727535646	1.260332063928007	1.0106519213195555	1.3733883560091318	0.42701491841148503	0.6751539408940321	1.3644921468938398	0.905419516170723	1.0	0.8735103743553242	0.6236341964538301	1.0	0.8007213205715079	0.4736237376884332	1.2485325735254877	1.1658715344519766	1.4779233052434833	1.0	1.2411804327692177	1.0223974107825275	0.8595195370036454	0.7593909693204972	0.8186097221414889
KR906756	0.8062491031711866	0.9875096901433303	0.9887539361223572	0.6224529657051688	1.0185308484597544	1.2438484807440517	1.1896407504639674	1.0	1.009344397099499	1.061732868843389	1.4158702678425132	1.2781703662275388	1.3056853039130911	1.0415826939796842	0.4798869780781322	0.39027585724965896	0.7000763297010502	1.161102835345832	1.1278885754929058	1.344011996258026	1.0133384116853128	1.3744180814972258	0.4260457679659815	0.6739312576116712	1.3646204732785583	0.9051669077180079	1.0	0.8743395653545926	0.6233870682785347	1.0	0.7650739793080432	0.47410085908634203	1.2464410125142844	1.2437880090425701	1.4762395009556237	1.0	1.2411804327692177	1.0560751306822058	0.8607603907265886	0.7253967960012627	0.7832303560037868
KR906757	0.833623693379791	0.9273120066398648	0.9550476360871315	0.6419851143431039	0.9586033384581596	1.2165532879818592	1.2699073948893116	1.0	1.0368739680792516	1.0876147585313718	1.3186365581722013	1.253045527543544	1.1720038175309473	1.0060836778159872	0.5075183944441894	0.47768801021714574	0.6364953426142818	1.2156177569787643	1.2924861801480798	1.3251548595929918	1.2572418866536514	1.3136047471416874	0.3866448653512719	0.6746733281248767	1.0599223951957637	0.8366114402053306	1.0	0.8814831240197122	0.6013173827698037	1.0	0.7729490022172949	0.5020312184659351	1.2816860734992193	1.2823014830783361	1.5822174302933745	1.0	1.2590733590733592	1.0785434017451558	0.8160241846289968	0.6819071920484681	0.773875962950319
KR906759	0.8840220088466931	0.9419538928903602	0.9432902863559798	0.6812007366361141	0.9772961193231655	1.1460597826086956	1.1455386501857827	1.0	1.0436473638720831	0.9905754550575626	1.2636707119190458	1.2006882443687736	1.237927549093751	0.9854286301287911	0.48707730517010783	0.5314598389115242	0.6656739695030601	1.146136299373845	1.266034532434406	1.26942612991155	1.011964789135455	1.2902414910872277	0.39525116547018163	0.6169269311536253	1.3660139149993287	0.9319863751010287	1.0	0.8470504720648976	0.7773218832943937	1.0	0.7913702784670525	0.5818830208673402	1.282974900734332	1.1836395529453232	1.5039636437989212	1.0	1.235768581081081	1.1013913967472488	0.882681297381742	0.7711933286648286	0.8610847010246269
KR906760	0.8044906118369387	1.0078457577620148	0.9925704448672648	0.622288762905446	1.0111304511859938	1.2472797868978283	1.185396912146605	1.0	1.0061299244972715	1.0986721115169071	1.410659268757769	1.2475611627155412	1.316062898266603	1.0506996444181893	0.4829621578346437	0.3910870437773043	0.7044563414517854	1.1655845966445155	1.1292171003672637	1.3076516495665618	1.0720670901092302	1.3723679735119103	0.37713233514895916	0.6763823610862514	1.3643649714184012	0.9056722091361352	1.0	0.872692417776529	0.6238845847332205	1.0	0.7987491005701001	0.4731503347770626	1.2506351449225126	1.2110516274782237	1.4796229934471319	1.0	1.2411804327692177	1.054462749720922	0.8582820969085507	0.7253762076816312	0.7816203900059424
KR906762	0.811160504535762	1.001088805212657	1.0222101841820153	0.5848937021930438	1.02094655954242	1.2344416027280476	1.1137368355012878	1.0	0.9817168338907469	1.165467874269145	1.3663508210904745	1.249856765071959	1.2678698564931596	1.0924782145521548	0.47878806805760993	0.42475091228972817	0.7089970166054047	1.1162049904750009	1.1904699553266611	1.3045999972764923	1.0209279580386483	1.3581805500066124	0.43911085790775645	0.6696474606888936	1.3565143468765986	0.938334610739036	1.0	0.8606015599160401	0.6187901494934605	1.0	0.7503152231780099	0.5003254924832357	1.245515551614905	1.2390578292484384	1.432727552720811	1.0	1.2753326081499454	1.1028318031841637	0.9003603170790295	0.7213146947652933	0.7777543175384936
KR906763	0.7821771496385802	0.937865887130545	0.9638858793788373	0.624897504383468	1.0360426391822541	1.2726167971914664	1.2261699858470407	1.0	1.029815146094216	1.0641319744696918	1.3418936031527513	1.2638221567702683	1.2422908238062216	1.015325767151695	0.48010183657883604	0.4635463397347677	0.7054796695954291	1.1640375709323112	1.1810607695816657	1.2526727624379845	0.9981832733059884	1.4637722162314744	0.40459816976117424	0.672392418294996	1.3048932461121563	0.8416034776194691	1.0	0.9459895040322335	0.6212046287505106	1.0	0.8040538656703934	0.4812083485516244	1.2361610639609182	1.2044228703938054	1.4934140915915601	1.0	1.2541053348081344	1.0640989488038783	0.859132080928655	0.7177059449721584	0.8490066528390882
KR906765	0.7617753623188406	0.9528737058879083	0.967291836549787	0.5873755066557781	1.0369662900080372	1.2931995540691192	1.1857942375079695	1.0	1.0268301746562616	1.1281372438619888	1.3524060955309891	1.2617460276913675	1.24693399440884	1.1825645956927056	0.4792854227639902	0.4594881472348615	0.7017950524084868	1.1669930466996137	1.1780532105784423	1.0713123943211853	0.9586793276269849	1.4145749260559617	0.4058402704100869	0.6667501342103488	1.348669977167781	0.9143471364229154	1.0	0.9424072051664547	0.6157350897478032	1.0	0.8088764044943821	0.5034953903309968	1.237306298569668	1.189335377323762	1.4908773599285408	1.0	1.2265696465696467	1.0518309154338417	0.8575132106078109	0.7389722100080702	0.8454882278807543
KR906766	0.7841228639411638	0.9482569745264523	0.99223546406645	0.626296806141732	1.0368345901299694	1.2686768071072825	1.2182098032910003	1.0	1.0064102564102564	1.0669417805481902	1.3453448526565612	1.2571826143720033	1.2423549205630928	1.0605754666428375	0.47958725949731845	0.46216756926794644	0.6995094317417045	1.1640375709323112	1.1811666037616162	1.2527548319592154	1.0009016645857949	1.4234380298174234	0.4045506467686885	0.6703178990812473	1.3011500157137357	0.8704316523883111	1.0	0.9456324153057761	0.6195378046208455	1.0	0.8057744982950418	0.5050385661522059	1.2364517133955055	1.1851173822927854	1.4555077828840872	1.0	1.2338298050372354	1.0551212976934692	0.859132080928655	0.7412875408021504	0.8489184745072934
KR906767	0.8062491031711867	1.0121451646783715	1.0241913563468334	0.6245641563452393	1.0156577434849958	1.2438484807440517	1.1592910884283238	1.0	0.9801560758082497	1.1017811693367718	1.38647973849929	1.2512313721923265	1.2727638453355696	1.0518262444703368	0.48135100426435734	0.3903887742394877	0.6651764502514071	1.1669930466996135	1.1909452613564357	1.3409544838616196	1.0127260731615655	1.3381608744911264	0.3781017288614536	0.675031768397824	1.364195437623181	0.9047863213307764	1.0	0.9114318091268454	0.6223784653728656	1.0	0.8019801980198018	0.4998772095814763	1.247024834841629	1.2123949606063253	1.4727696417260536	1.0	1.2398332912351604	1.1152889191470763	0.8575132106078109	0.7217558182039722	0.7501281625296993
KR906768	0.8131884057971014	0.9555618588065824	0.9938154568436258	0.6288639777543855	1.0217396641634193	1.2306315977813562	1.1470781238259564	1.0	1.0050910442214789	1.11251038793218	1.3698869960819169	1.2501896700580828	1.2679468718188425	1.0920986358689375	0.4782742007375841	0.4234939584925224	0.693037079361661	1.1647356422347834	1.1905587126990997	1.30468221952836	1.0237002361673413	1.4171308564215663	0.3771645981087471	0.6675870246070497	1.3526456901700565	0.8965375488257199	1.0	0.9112091662938883	0.6171342006089883	1.0	0.7236235955056181	0.5003128447265583	1.2457973911142552	1.270019461108565	1.4324871475408127	1.0	1.3139389389389389	1.1157613121552417	0.8587478292372697	0.6953776632810356	0.7776683574066808
KR906770	0.8830535227435786	1.01433228362466	0.9315930759974083	0.6764449144087857	0.9795965412116324	1.147644927536232	1.1438235366151923	1.0	1.0538315850815851	0.9488030595005535	1.249624885813715	1.249353967486144	1.2138569899870244	0.9696813355314544	0.4855759399853152	0.601740532178757	0.6988651659102947	1.136465028910217	1.2352653032234862	1.2577414376766038	1.0571703053056918	1.2326114326852264	0.39066366343167447	0.6159390108955904	1.3110848017621146	0.9329849278253404	1.0	0.8551760538538568	0.8312370374156001	1.0	0.7997274446545778	0.5114963324633091	1.28361078377794	1.2528036425556852	1.5124684648953286	1.0	1.1975171232876713	1.0812053139070252	0.8881420670682004	0.7270782171270781	0.8732932384966181
KR906771	0.8053676865271068	0.9840073075985418	0.9906554712892742	0.6223656290092394	1.0148197355587314	1.24556413382094	1.1875122387401815	1.0	1.0077371607983854	1.1006148234435438	1.4132560141886645	1.2802994017034925	1.3530143662162226	1.0461206593819181	0.48141844414602913	0.3906803857549364	0.7419593745763431	1.1633358255703519	1.0936430727535646	1.260332063928007	1.0106519213195555	1.3733883560091318	0.42701491841148503	0.6751539408940321	1.3644921468938398	0.905419516170723	1.0	0.8735103743553242	0.6236341964538301	1.0	0.8007213205715079	0.4736237376884332	1.2485325735254877	1.1658715344519766	1.4779233052434833	1.0	1.2411804327692177	1.0223974107825275	0.8595195370036454	0.7593909693204972	0.8186097221414889
KR906772	0.8044906118369387	1.0078457577620148	0.9925704448672648	0.622288762905446	1.0111304511859938	1.2472797868978283	1.185396912146605	1.0	1.0061299244972715	1.0986721115169071	1.410659268757769	1.2475611627155412	1.316062898266603	1.0506996444181893	0.4829621578346437	0.3910870437773043	0.7044563414517854	1.1655845966445155	1.1292171003672637	1.3076516495665618	1.0720670901092302	1.3723679735119103	0.37713233514895916	0.6763823610862514	1.3643649714184012	0.9056722091361352	1.0	0.872692417776529	0.6238845847332205	1.0	0.7987491005701001	0.4731503347770626	1.2506351449225126	1.2110516274782237	1.4796229934471319	1.0	1.2411804327692177	1.054462749720922	0.8582820969085507	0.7253762076816312	0.7816203900059424
KR906773	0.8033840222745771	0.9813255256378501	0.9623510292524378	0.6209839728444227	1.0140646741420456	1.2494565217391302	1.2145426912540194	1.0	1.0311729087239292	1.0977346350689623	1.4391351691072243	1.2799873568219593	1.3107690855877596	1.0464575435538759	0.4819337309890384	0.3544237056345659	0.7207479976546061	1.163335825570352	1.1284522844385902	1.2836938117489656	1.0079497339242467	1.3772691015532705	0.45055127398654593	0.6772550957882131	1.3684367588932804	0.86860600365705	1.0	0.8544249782688524	0.6253214011924679	1.0	0.7990258482315824	0.4736397507617941	1.248220632906448	1.2071840648065175	1.478204229518486	1.0	1.2445523648648649	1.0401472011745596	0.8595195370036454	0.7256119404675766	0.799272775366621
KR906774	0.880873143675076	1.009798062633739	0.9383682983682985	0.6773763946811313	0.9758687957798713	1.1512425605379129	1.1407918087579108	1.0	1.0478777343184122	0.9867565358618696	1.2876670253788898	1.25698767949969	1.2337268875192606	0.9798646384320138	0.48765461508860014	0.5333852478614315	0.6630337681255379	1.1424430558355172	1.2393892097919317	1.2652997338738117	1.053650284900285	1.234755097533045	0.39343123485503906	0.6187717161781043	1.3145198062125962	0.9353928846040102	1.0	0.8511412798404622	0.7810056364819409	1.0	0.7884499314128943	0.5085528139987961	1.2840627784053604	1.2104104541922724	1.509556853519692	1.0	1.2404897060069473	1.1070493736480933	0.8847398909150639	0.7503010987756751	0.8667352766437743
KR906776	0.8830535227435786	1.01433228362466	0.9315930759974083	0.6764449144087857	0.9795965412116324	1.147644927536232	1.1438235366151923	1.0	1.0538315850815851	0.9488030595005535	1.249624885813715	1.249353967486144	1.2138569899870244	0.9696813355314544	0.4855759399853152	0.601740532178757	0.6988651659102947	1.136465028910217	1.2352653032234862	1.2577414376766038	1.0571703053056918	1.2326114326852264	0.39066366343167447	0.6159390108955904	1.3110848017621146	0.9329849278253404	1.0	0.8551760538538568	0.8312370374156001	1.0	0.7997274446545778	0.5114963324633091	1.28361078377794	1.2528036425556852	1.5124684648953286	1.0	1.1975171232876713	1.0812053139070252	0.8881420670682004	0.7270782171270781	0.8732932384966181
KR906780	0.8033840222745771	0.9813255256378501	0.9906554712892742	0.6209839728444227	1.0140646741420456	1.2494565217391302	1.2145426912540194	1.0	1.0077371607983854	1.0977346350689623	1.4391351691072243	1.2799873568219593	1.3107690855877596	1.0464575435538759	0.4819337309890384	0.3544237056345659	0.7023501103306624	1.163335825570352	1.1284522844385902	1.3039483666010137	1.0079497339242467	1.3772691015532705	0.42706460931768164	0.6772550957882131	1.3684367588932804	0.86860600365705	1.0	0.8738716627177079	0.6253214011924679	1.0	0.7990258482315824	0.4736397507617941	1.248220632906448	1.2071840648065175	1.478204229518486	1.0	1.2445523648648649	1.055380437326163	0.8595195370036454	0.7256119404675766	0.7825022401538466
KR906782	0.8053676865271068	0.9840073075985418	0.9906554712892742	0.6223656290092394	1.0148197355587314	1.24556413382094	1.1875122387401815	1.0	1.0077371607983854	1.1006148234435438	1.4132560141886645	1.2802994017034925	1.3530143662162226	1.0461206593819181	0.48141844414602913	0.3906803857549364	0.7419593745763431	1.1633358255703519	1.0936430727535646	1.260332063928007	1.0106519213195555	1.3733883560091318	0.42701491841148503	0.6751539408940321	1.3644921468938398	0.905419516170723	1.0	0.8735103743553242	0.6236341964538301	1.0	0.8007213205715079	0.4736237376884332	1.2485325735254877	1.1658715344519766	1.4779233052434833	1.0	1.2411804327692177	1.0223974107825275	0.8595195370036454	0.7593909693204972	0.8186097221414889
KR906784	0.8852447225518755	1.0171863417528408	0.931593075997408	0.6779183468482257	0.9803748450536341	1.14406970969344	1.146728092883619	1.0	1.0538315850815851	0.8488625616920664	1.2231324717627716	1.2496958604402215	1.2139425199131795	0.9694392892946819	0.48504908684853765	0.637240228704613	0.6987714871476647	1.136465028910217	1.2353595319319033	1.2578291211022827	1.0600269612521473	1.2291109474549573	0.3906128329555656	0.6140961229342244	1.307298215802889	0.9302070475518721	1.0	0.8548365265758675	0.955979733469518	1.0	0.8014330721833439	0.5114581413337725	1.2839250468530303	1.2525857911925582	1.512103592979122	1.0	1.1942986386719583	1.0810761584079895	0.8881420670682004	0.7268088205753539	0.8732138321024024
KR906789	0.8830535227435786	1.01433228362466	0.9315930759974083	0.6764449144087857	0.9795965412116324	1.147644927536232	1.1438235366151923	1.0	1.0538315850815851	0.9488030595005535	1.249624885813715	1.249353967486144	1.2138569899870244	0.9696813355314544	0.4855759399853152	0.601740532178757	0.6988651659102947	1.136465028910217	1.2352653032234862	1.2577414376766038	1.0571703053056918	1.2326114326852264	0.39066366343167447	0.6159390108955904	1.3110848017621146	0.9329849278253404	1.0	0.8551760538538568	0.8312370374156001	1.0	0.7997274446545778	0.5114963324633091	1.28361078377794	1.2528036425556852	1.5124684648953286	1.0	1.1975171232876713	1.0812053139070252	0.8881420670682004	0.7270782171270781	0.8732932384966181
KR906790	0.8582651743435213	1.0357823572358344	0.9489010989010987	0.4669145070371437	0.9826082652023673	1.1783827712312067	1.146962779892197	1.0	1.0411140583554375	0.9923381561666368	1.194340048668836	1.2630054387786478	1.185212030009048	1.0937532485299941	0.4835862585308261	0.6519716902229792	0.6694058673424461	1.2739849820194153	1.2823916903265469	1.134585710200285	1.1229526039648499	1.2040669958189956	0.38610573351146216	0.9016985685750253	1.23129176665822	0.9698880291764369	1.0	0.8631256191234233	0.7800065711354209	1.0	0.8015676567656768	0.4954205381907894	1.2846818075804372	1.216490057561486	1.585587474778097	1.0	1.2801212427380653	1.0777813355082555	0.7706945283717668	0.7023809523809523	0.781498198645545
KR906792	0.8053676865271068	0.9868945033800689	1.0048076923076923	0.6182209605892455	1.0204989287599897	1.24556413382094	1.187889084828613	1.0	0.9959155888359428	1.1022618304885239	1.4128027985891758	1.2646096072509307	1.401161840933119	1.2437769421351303	0.47851995565410194	0.39047245336434694	0.7378111450467191	1.199710066953611	1.0490879199970613	1.1075158267973013	1.0118640618640617	1.376791804095297	0.4212533049056214	0.6729876961321157	1.3653355989804588	0.9061802028873389	1.0	0.8828946498215953	0.6256903924387377	1.0	0.8021639617145235	0.4794168623792881	1.2474574866639943	1.1881791038074714	1.4346404946463018	1.0	1.2438747158373324	1.029289733176726	0.8237606003455415	0.7328126589360187	0.7949167859038458
KT336432	0.803384022274577	0.9909595259678957	1.0189599133261105	0.5804732799579143	0.9965808004499412	1.2494565217391305	1.2164272702000676	1.0	0.9843014128728416	1.075033281506781	1.320745894679906	1.278545317392039	1.1062812328807112	0.9704912173697523	0.4819337309890384	0.5225932427270389	0.6900555093916955	1.148647241914161	1.2997330747897362	1.3064174915564697	1.2468219187109744	1.3372046806387277	0.3724209344086297	0.6539172536950034	1.0818987154150195	0.9056407456318569	1.0	0.906195186415355	0.7479995051406183	1.0	0.7798365427675772	0.48354031537829983	1.2584940537534146	1.319334716196752	1.571163190822397	1.0	1.2616010273972602	1.0326885034097393	0.8738448626203729	0.6477537808929886	0.7649449979811965
KT336433	0.8003062350888438	0.9749651708525189	0.9957415964483104	0.6734776933641222	0.9959342094384657	1.2555829003737125	1.2104398946318449	1.0	1.0034931252322556	1.0931484048969284	1.3346333606289458	1.3821809240106644	1.193600336635409	1.1082751334430392	0.4829001903896328	0.48803976541058336	0.6256108973098138	1.2023564723571776	1.2357708650155896	1.2393388200625157	1.2892645153514715	1.3361675147755612	0.5247034703804254	0.6059095685484541	1.0316669566874652	0.8731726037292882	1.0	0.7795162151071616	0.6274592042396572	1.0	0.7778088005360733	0.4459844349640333	1.256334450679991	1.1821017596185115	1.4772573959129007	1.0	1.2671232876712328	1.1156215063576416	0.829624587706147	0.7628145644492241	0.7972265852838637
KT336434	0.825234441602728	0.9567456699804422	0.9701591511936339	0.6279627018718733	1.003410582048756	1.2242275088870658	1.2389008938761892	1.0	1.0256790687057749	1.1248691542061968	1.3313401164641703	1.2678767095608776	1.378836685315649	1.0325891069427586	0.47861457297958565	0.562671043816786	0.724049209261657	1.1807630552794555	1.0104466868794666	1.4236141351823892	1.2886981550389605	1.3915245389828	0.42480770005499036	0.6556416191637414	0.9763868342286462	0.8749633054918226	1.0	0.9444129672673811	0.5933665095902994	1.0	0.778576203208556	0.5795396693683484	1.2562807713414288	1.2463863930103916	1.4812852025877414	1.0	1.2726372016886363	1.0100040161109878	0.8405584030213109	0.6951702783623025	0.6919196407359707
KT336435	0.8205994090333475	1.0287991598980373	0.9964412811387903	0.6333404082911157	0.9836993450239864	1.2331641750102864	1.2126816862315632	1.0	1.0029154518950436	1.153444429391822	1.4259204387965658	1.2200472600308396	1.1878867137181994	0.9441723813184302	0.488178611676414	0.5054294756156685	0.6845358028953857	1.155355784609874	1.1202206583332899	1.3639949787969312	1.3364125760970422	1.3287537468837225	0.39835066420605636	0.6633769466501318	0.9569892873592329	0.9385896295592926	1.0	0.8857595587086724	0.5928172448575455	1.0	0.7598466460723742	0.5150245428773665	1.2638472679763737	1.195653440361037	1.526562809201446	1.0	1.2868069659910981	1.0078167242021876	0.8700810247673438	0.7615082760851294	0.7799568631924362
KT336436	0.7757885763000852	1.0377879648335238	0.9980381421662562	0.5816236764765588	0.9879710019392373	1.2858695652173917	1.1799343250513668	1.0	1.001602564102564	1.1669399538968834	1.345063901410497	1.2707991884227012	1.034608380875383	0.8818615543899379	0.4857941767853313	0.5236788950439286	0.7273635980009632	1.156061566497845	1.3322738413954642	1.11278280365761	1.3037650473832492	1.3569243554919155	0.4259774495113648	0.6565042107799279	1.0046244557329462	0.9483585516053339	1.0	0.8607857642966258	0.6389493136585281	1.0	0.8037823083778967	0.44610371493514495	1.263047427747682	1.2766960904750446	1.6562446312859873	1.0	1.2609160958904109	1.0031371759438557	0.8696914398585911	0.6359310961501786	0.8024261189821377
KT336437	0.7977377165076	1.0342952428631638	0.9821139714378148	0.6358894922884952	0.9865537437708681	1.2607784158235347	1.1910780843141515	1.0	1.0146103896103895	1.1580731288506512	1.4197660385234017	1.206100848344065	1.2190310061939553	0.972805870466544	0.48683862239345904	0.4991793703069764	0.6757101439652806	1.156061566497845	1.106799336481818	1.3641316426893955	1.3430229322052765	1.3251585000703867	0.42222266200652375	0.6606144073869923	0.9541911483014068	0.9478267131597461	1.0	0.864667108441686	0.590498140900735	1.0	0.7629157427937915	0.5270129156246393	1.2623783978993777	1.1448135926211236	1.4994619075560258	1.0	1.2826311708451794	1.030565171331063	0.8696914398585911	0.8012495996891067	0.7776631360675081
KX148203	0.801648195510088	0.9848141471504611	0.9909848690767419	0.6363615465075353	0.9907632250406793	1.2528985507246375	1.2669283166468497	1.0	1.0074598890388364	1.0179498985561068	1.3629615704255944	1.2975019413251956	1.0429697919052128	0.9743338513015255	0.48428840361177605	0.5837330825902398	0.6642815076560659	1.2001740786616173	1.248788784682191	1.2896827981691168	1.240648799038707	1.3950561395585561	0.37273559974947756	0.6556844331570667	1.0818646395211153	0.8980414491391322	1.0	0.9070068977761828	0.7224733364515091	1.0	0.8045064616755794	0.44880503273400774	1.2624357391016348	1.3454085590649967	1.5765262380751641	1.0	1.2190068493150685	1.0342013883262047	0.8306842828224407	0.6309318002334149	0.783268689307169
KX148204	0.8081044153602762	1.0462635555437536	1.0008195974865677	0.640135131609748	0.9874355894091823	1.2483711839166047	1.2098046396759452	1.0	0.9993490054249548	1.1155116122914228	1.3396334762254354	1.2230487732407611	1.0445128166412616	1.0359365243150744	0.4877316449601859	0.5145194947116447	0.5530091554625499	1.2179102515206137	1.3201854729320734	1.2882435856076746	1.2170750680509277	1.2924936352939735	0.3808475551370295	0.6639792103647044	1.1147080500432995	0.8941870157308773	1.0	0.8918033643744152	0.5901655213306748	1.0	0.8007612802845077	0.535680451888735	1.257306834502834	1.2488992603227396	1.530808139655807	1.0	1.2271544997398995	1.149307788836984	0.8223452216748768	0.7201873184682068	0.7793952622226766
KX148205	0.7976382572979317	1.0122903003897514	0.9741764759558356	0.6475082540152884	1.0373592875532585	1.2504538852578069	1.1290962660442578	1.0	1.0209118451193377	1.1403362624049447	1.3676344785080927	1.3114802363683196	1.170665290032864	0.9551192267778219	0.4603506296973425	0.4240176705564714	0.6125064223812228	1.1729671044783603	1.2749042337310208	1.3368785252725013	1.0473702315339852	1.3811607020372827	0.42722730713191914	0.6244789026188333	1.327946160271429	0.953804703653965	1.0	0.8549772338672997	0.5789891173426807	1.0	0.7782229818711646	0.4551798094634018	1.248530481306965	1.2283057458745457	1.5254077562341248	1.0	1.2704788121454789	1.1411187828832676	0.8543034619601428	0.7118545512028667	0.7539948547613884
KX148206	0.9042762569332617	1.0123217137813159	0.9053503656391744	0.6742904592767378	0.9816272451085115	1.1222968957161796	1.1331198950333488	1.0	1.0740620020281035	1.0103310712184064	1.2741553286247498	1.3013885720598888	1.2404142916500847	1.0094722621925343	0.4855133579828801	0.4890001052871276	0.6997789435809437	1.1872703070357795	1.2795444717096076	1.2366672634522606	1.0535952995630415	1.15408669443458	0.3918244977596304	0.6205614767794294	1.3224385169212503	0.9495354040484801	1.0	0.8530123480901465	0.7526439296666312	1.0	0.7615912208504801	0.5373178340520849	1.2790126003875395	1.2850690068821415	1.5147941601760062	1.0	1.24729303435928	1.0768975597580572	0.8469423254689862	0.7410401449133628	0.8446451326992936
KX148208	0.8347826086956521	0.8581788330413554	0.9598842018196857	0.683933103527473	0.9799111556290016	1.2065217391304348	1.1974857120759044	1.0	1.0316166883963496	1.0115178870768349	1.2591069209980363	1.2437096818935434	1.0911426120989784	0.9992147912803852	0.5609355120477358	0.5250225778361619	0.6449649195223975	1.1824955717212857	1.3478802625690962	1.3072157995178562	1.1800664155432197	1.3989529014527167	0.3858375264527568	0.723987692611035	1.178607577989021	0.8183957938845643	1.0	0.8945395810733978	0.6833406620390505	1.0	0.6541477272727273	0.5859084300025479	1.2391681689071974	1.381555042804647	1.5104714535058288	1.0	1.2928209459459459	1.1887946720494689	0.8493505140316755	0.7502983336106688	0.8034809842239796
KY210222	0.8033840222745771	1.027092496907006	0.9906554712892742	0.6209839728444227	1.073309175592362	1.2494565217391302	1.1615981210680701	1.0	1.0077371607983854	1.0977346350689623	1.3914164303013377	1.3453490567542346	1.3107690855877596	0.9880118201317932	0.4016114424908653	0.391840741032796	0.7326611431945123	1.163335825570352	1.1284522844385905	1.2625032487060153	1.0545615928299588	1.3161987992659907	0.4316567018909901	0.6772550957882131	1.3125237154150196	0.9081211905729378	1.0	0.8832681322092961	0.6253214011924679	1.0	0.7704378148004649	0.4771223959879838	1.2373428931861303	1.2195080084684895	1.459726676649505	1.0	1.2445523648648649	1.055380437326163	0.8595195370036454	0.7413704606244077	0.8066734492126082
KY210223	0.880873143675076	1.009798062633739	0.9383682983682985	0.6773763946811313	0.9758687957798713	1.1512425605379129	1.1407918087579108	1.0	1.0478777343184122	0.9867565358618696	1.2876670253788898	1.25698767949969	1.2337268875192606	0.9798646384320138	0.48765461508860014	0.5333852478614315	0.6630337681255379	1.1424430558355172	1.2393892097919317	1.2652997338738117	1.053650284900285	1.234755097533045	0.39343123485503906	0.6187717161781043	1.3145198062125962	0.9353928846040102	1.0	0.8511412798404622	0.7810056364819409	1.0	0.7884499314128943	0.5085528139987961	1.2840627784053604	1.2104104541922724	1.509556853519692	1.0	1.2404897060069473	1.1070493736480933	0.8847398909150639	0.7503010987756751	0.8667352766437743
KY210224	0.8053676865271068	0.9861738439594382	1.008308764406325	0.6192441313802023	1.0190861193236236	1.24556413382094	1.1877914417048554	1.0	0.9929864253393665	1.1018397482338669	1.4129097378453026	1.2684916634633643	1.4061262510194834	1.0906378364387397	0.4792370033298052	0.39052151640454097	0.7403764140962301	1.1545948540034694	1.046071849214286	1.2928383995558785	1.0115623404640746	1.3759456806447254	0.4226809664183465	0.6735225306706788	1.3651256501048517	0.9059900983350644	1.0	0.880530214538797	0.6251702148434848	1.0	0.8018033014287697	0.4779552333896443	1.2477111606093954	1.1928153628269087	1.4329352876007282	1.0	1.243201145070304	1.0262531226212832	0.8644472692206541	0.7309365966739934	0.7917515738152676
KY210226	0.8053676865271068	0.9854524244233474	1.0118343195266273	0.6202759086250816	1.0176686506446249	1.2455641338209402	1.18769608132383	1.0	0.9900744416873448	1.1014245575727528	1.413020910851342	1.2724004458795122	1.3434013972668153	1.0227789902826019	0.4799590653249189	0.39057252186185726	0.7429594070836363	1.1574881359673326	1.099879710887201	1.2965354501492103	1.011259745774941	1.3750963908612297	0.4241170631042706	0.6740618224658314	1.3649150935624557	0.9057999491610629	1.0	0.8781780789516568	0.6246541347294667	1.0	0.8014426411430156	0.476502551536127	1.2479748775650357	1.1974875257368625	1.4925476683592103	1.0	1.242527574303275	1.0232339614423462	0.8627950579299074	0.729073484913307	0.7886139949503865
KY210227	0.8830535227435786	1.01433228362466	0.9315930759974083	0.6764449144087857	0.9795965412116324	1.147644927536232	1.1438235366151923	1.0	1.0538315850815851	0.9488030595005535	1.249624885813715	1.249353967486144	1.2138569899870244	0.9696813355314544	0.4855759399853152	0.601740532178757	0.6988651659102947	1.136465028910217	1.2352653032234862	1.2577414376766038	1.0571703053056918	1.2326114326852264	0.39066366343167447	0.6159390108955904	1.3110848017621146	0.9329849278253404	1.0	0.8551760538538568	0.8312370374156001	1.0	0.7997274446545778	0.5114963324633091	1.28361078377794	1.2528036425556852	1.5124684648953286	1.0	1.1975171232876713	1.0812053139070252	0.8881420670682004	0.7270782171270781	0.8732932384966181
KY210229	0.8053676865271068	0.9840073075985418	0.9906554712892742	0.6223656290092394	1.0148197355587314	1.24556413382094	1.1875122387401815	1.0	1.0077371607983854	1.1006148234435438	1.4132560141886645	1.2802994017034925	1.3530143662162226	1.0461206593819181	0.48141844414602913	0.3906803857549364	0.7419593745763431	1.1633358255703519	1.0936430727535646	1.260332063928007	1.0106519213195555	1.3733883560091318	0.42701491841148503	0.6751539408940321	1.3644921468938398	0.905419516170723	1.0	0.8735103743553242	0.6236341964538301	1.0	0.8007213205715079	0.4736237376884332	1.2485325735254877	1.1658715344519766	1.4779233052434833	1.0	1.2411804327692177	1.0223974107825275	0.8595195370036454	0.7593909693204972	0.8186097221414889
KY210231	0.8053676865271068	0.9840073075985418	0.9906554712892742	0.6223656290092394	1.0148197355587314	1.24556413382094	1.1875122387401815	1.0	1.0077371607983854	1.1006148234435438	1.4132560141886645	1.2802994017034925	1.3530143662162226	1.0461206593819181	0.48141844414602913	0.3906803857549364	0.7419593745763431	1.1633358255703519	1.0936430727535646	1.260332063928007	1.0106519213195555	1.3733883560091318	0.42701491841148503	0.6751539408940321	1.3644921468938398	0.905419516170723	1.0	0.8735103743553242	0.6236341964538301	1.0	0.8007213205715079	0.4736237376884332	1.2485325735254877	1.1658715344519766	1.4779233052434833	1.0	1.2411804327692177	1.0223974107825275	0.8595195370036454	0.7593909693204972	0.8186097221414889
KY210232	0.8053676865271068	0.9840073075985418	0.9906554712892742	0.6223656290092394	1.0148197355587314	1.24556413382094	1.1875122387401815	1.0	1.0077371607983854	1.1006148234435438	1.4132560141886645	1.2802994017034925	1.3530143662162226	1.0461206593819181	0.48141844414602913	0.3906803857549364	0.7419593745763431	1.1633358255703519	1.0936430727535646	1.260332063928007	1.0106519213195555	1.3733883560091318	0.42701491841148503	0.6751539408940321	1.3644921468938398	0.905419516170723	1.0	0.8735103743553242	0.6236341964538301	1.0	0.8007213205715079	0.4736237376884332	1.2485325735254877	1.1658715344519766	1.4779233052434833	1.0	1.2411804327692177	1.0223974107825275	0.8595195370036454	0.7593909693204972	0.8186097221414889
KY210234	0.8053676865271068	0.9840073075985418	0.9906554712892742	0.6223656290092394	1.0148197355587314	1.24556413382094	1.1875122387401815	1.0	1.0077371607983854	1.1006148234435438	1.4132560141886645	1.2802994017034925	1.3530143662162226	1.0461206593819181	0.48141844414602913	0.3906803857549364	0.7419593745763431	1.1633358255703519	1.0936430727535646	1.260332063928007	1.0106519213195555	1.3733883560091318	0.42701491841148503	0.6751539408940321	1.3644921468938398	0.905419516170723	1.0	0.8735103743553242	0.6236341964538301	1.0	0.8007213205715079	0.4736237376884332	1.2485325735254877	1.1658715344519766	1.4779233052434833	1.0	1.2411804327692177	1.0223974107825275	0.8595195370036454	0.7593909693204972	0.8186097221414889
KY210235	0.8053676865271068	0.9840073075985418	0.9906554712892742	0.6223656290092394	1.0148197355587314	1.24556413382094	1.1875122387401815	1.0	1.0077371607983854	1.1006148234435438	1.4132560141886645	1.2802994017034925	1.3530143662162226	1.0461206593819181	0.48141844414602913	0.3906803857549364	0.7419593745763431	1.1633358255703519	1.0936430727535646	1.260332063928007	1.0106519213195555	1.3733883560091318	0.42701491841148503	0.6751539408940321	1.3644921468938398	0.905419516170723	1.0	0.8735103743553242	0.6236341964538301	1.0	0.8007213205715079	0.4736237376884332	1.2485325735254877	1.1658715344519766	1.4779233052434833	1.0	1.2411804327692177	1.0223974107825275	0.8595195370036454	0.7593909693204972	0.8186097221414889
KY210238	0.8053676865271068	0.9840073075985418	0.9906554712892742	0.6223656290092394	1.0148197355587314	1.24556413382094	1.1875122387401815	1.0	1.0077371607983854	1.1006148234435438	1.4132560141886645	1.2802994017034925	1.3530143662162226	1.0461206593819181	0.48141844414602913	0.3906803857549364	0.7419593745763431	1.1633358255703519	1.0936430727535646	1.260332063928007	1.0106519213195555	1.3733883560091318	0.42701491841148503	0.6751539408940321	1.3644921468938398	0.905419516170723	1.0	0.8735103743553242	0.6236341964538301	1.0	0.8007213205715079	0.4736237376884332	1.2485325735254877	1.1658715344519766	1.4779233052434833	1.0	1.2411804327692177	1.0223974107825275	0.8595195370036454	0.7593909693204972	0.8186097221414889
KY210239	0.8053676865271068	0.9840073075985418	0.9906554712892742	0.6223656290092394	1.0148197355587314	1.24556413382094	1.1875122387401815	1.0	1.0077371607983854	1.1006148234435438	1.4132560141886645	1.2802994017034925	1.3530143662162226	1.0461206593819181	0.48141844414602913	0.3906803857549364	0.7419593745763431	1.1633358255703519	1.0936430727535646	1.260332063928007	1.0106519213195555	1.3733883560091318	0.42701491841148503	0.6751539408940321	1.3644921468938398	0.905419516170723	1.0	0.8735103743553242	0.6236341964538301	1.0	0.8007213205715079	0.4736237376884332	1.2485325735254877	1.1658715344519766	1.4779233052434833	1.0	1.2411804327692177	1.0223974107825275	0.8595195370036454	0.7593909693204972	0.8186097221414889
KY210243	0.8073611708996986	0.96621290293491	0.990655471289274	0.623753116723006	1.0155829505629115	1.2416959222252228	1.1905175586430163	1.0	1.0077371607983852	1.1035059882042215	1.4168828985730484	1.2806157756819598	1.3530976012948115	1.0457842235281354	0.48090315730301986	0.38952582247574535	0.741868017334778	1.1633358255703519	1.0937395574977251	1.2604208279953795	1.013368107830461	1.396575824539732	0.4269664593656406	0.6730652020680437	1.3605724659566925	0.9027346539572143	1.0	0.8731521458909577	0.62195639078831	1.0	0.7743352986984091	0.4736082698618279	1.2488371743652558	1.1656286981236619	1.477642828022673	1.0	1.2802165519556825	1.0222864468864468	0.8595195370036453	0.7591647704665713	0.8185267991333568
KY210244	0.8053676865271068	0.9861738439594382	1.008308764406325	0.6192441313802023	1.0190861193236236	1.24556413382094	1.1877914417048554	1.0	0.9929864253393665	1.1018397482338669	1.4129097378453026	1.2684916634633643	1.4061262510194834	1.0906378364387397	0.4792370033298052	0.39052151640454097	0.7403764140962301	1.1545948540034694	1.046071849214286	1.2928383995558785	1.0115623404640746	1.3759456806447254	0.4226809664183465	0.6735225306706788	1.3651256501048517	0.9059900983350644	1.0	0.880530214538797	0.6251702148434848	1.0	0.8018033014287697	0.4779552333896443	1.2477111606093954	1.1928153628269087	1.4329352876007282	1.0	1.243201145070304	1.0262531226212832	0.8644472692206541	0.7309365966739934	0.7917515738152676
KY210245	0.8582651743435213	1.0357823572358344	0.9489010989010987	0.4669145070371437	0.9826082652023673	1.1783827712312067	1.146962779892197	1.0	1.0411140583554375	0.9923381561666368	1.194340048668836	1.2630054387786478	1.185212030009048	1.0937532485299941	0.4835862585308261	0.6519716902229792	0.6694058673424461	1.2739849820194153	1.2823916903265469	1.134585710200285	1.1229526039648499	1.2040669958189956	0.38610573351146216	0.9016985685750253	1.23129176665822	0.9698880291764369	1.0	0.8631256191234233	0.7800065711354209	1.0	0.8015676567656768	0.4954205381907894	1.2846818075804372	1.216490057561486	1.585587474778097	1.0	1.2801212427380653	1.0777813355082555	0.7706945283717668	0.7023809523809523	0.781498198645545
KY210247	0.8073611708996986	0.9867047062135986	0.990655471289274	0.623753116723006	1.0155829505629115	1.2416959222252228	1.1905175586430163	1.0	1.0077371607983852	0.996471736931801	1.3689042416872466	1.2806157756819598	1.3530976012948115	1.0457842235281354	0.48090315730301986	0.44972264664302447	0.741868017334778	1.1633358255703519	1.0937395574977251	1.2604208279953795	1.013368107830461	1.369535773136862	0.4269664593656406	0.6730652020680437	1.3605724659566925	0.9027346539572143	1.0	0.8731521458909577	0.7546298427135044	1.0	0.8024251863388586	0.4736082698618279	1.2488371743652558	1.1656286981236619	1.477642828022673	1.0	1.2378294443511835	1.0222864468864468	0.8595195370036453	0.7591647704665713	0.8185267991333568
KY210248	0.8053676865271068	0.9861738439594382	1.008308764406325	0.6192441313802023	1.0190861193236236	1.24556413382094	1.1877914417048554	1.0	0.9929864253393665	1.1018397482338669	1.4129097378453026	1.2684916634633643	1.4061262510194834	1.0906378364387397	0.4792370033298052	0.39052151640454097	0.7403764140962301	1.1545948540034694	1.046071849214286	1.2928383995558785	1.0115623404640746	1.3759456806447254	0.4226809664183465	0.6735225306706788	1.3651256501048517	0.9059900983350644	1.0	0.880530214538797	0.6251702148434848	1.0	0.8018033014287697	0.4779552333896443	1.2477111606093954	1.1928153628269087	1.4329352876007282	1.0	1.243201145070304	1.0262531226212832	0.8644472692206541	0.7309365966739934	0.7917515738152676
KY210249	0.8053676865271068	0.9847302454192958	1.0153846153846153	0.6213163786100104	1.0162465227229942	1.24556413382094	1.1876030110965277	1.0	0.9871794871794872	1.1010162513836483	1.4131363314875194	1.2763362564591825	1.348189640379477	1.0410233287716018	0.4806861944217528	0.39062547610445353	0.757692435837368	1.1604017216642755	1.0967506680067662	1.2567151141443234	1.0109562739997524	1.3742439456425732	0.42556168375469067	0.674605612123158	1.364703926711241	0.9056097551713269	1.0	0.8758381596038147	0.6241421343578106	1.0	0.8010819808572619	0.4750587437008118	1.2482486704566296	1.1612704174228674	1.4796885895349938	1.0	1.2418540035362464	1.0101219914276292	0.8611525086934924	0.7613278886872352	0.8217986477593945
KY210250	0.8053676865271068	0.9840073075985418	0.9906554712892742	0.6223656290092394	1.0148197355587314	1.24556413382094	1.1875122387401815	1.0	1.0077371607983854	1.1006148234435438	1.4132560141886645	1.2802994017034925	1.3530143662162226	1.0461206593819181	0.48141844414602913	0.3906803857549364	0.7419593745763431	1.1633358255703519	1.0936430727535646	1.260332063928007	1.0106519213195555	1.3733883560091318	0.42701491841148503	0.6751539408940321	1.3644921468938398	0.905419516170723	1.0	0.8735103743553242	0.6236341964538301	1.0	0.8007213205715079	0.4736237376884332	1.2485325735254877	1.1658715344519766	1.4779233052434833	1.0	1.2411804327692177	1.0223974107825275	0.8595195370036454	0.7593909693204972	0.8186097221414889
KY210251	0.8053676865271068	0.9840073075985418	0.9906554712892742	0.6223656290092394	1.0148197355587314	1.24556413382094	1.1875122387401815	1.0	1.0077371607983854	1.1006148234435438	1.4132560141886645	1.2802994017034925	1.3530143662162226	1.0461206593819181	0.48141844414602913	0.3906803857549364	0.7419593745763431	1.1633358255703519	1.0936430727535646	1.260332063928007	1.0106519213195555	1.3733883560091318	0.42701491841148503	0.6751539408940321	1.3644921468938398	0.905419516170723	1.0	0.8735103743553242	0.6236341964538301	1.0	0.8007213205715079	0.4736237376884332	1.2485325735254877	1.1658715344519766	1.4779233052434833	1.0	1.2411804327692177	1.0223974107825275	0.8595195370036454	0.7593909693204972	0.8186097221414889
KY210252	0.8582651743435213	1.0357823572358344	0.9489010989010987	0.4669145070371437	0.9826082652023673	1.1783827712312067	1.146962779892197	1.0	1.0411140583554375	0.9923381561666368	1.194340048668836	1.2630054387786478	1.185212030009048	1.0937532485299941	0.4835862585308261	0.6519716902229792	0.6694058673424461	1.2739849820194153	1.2823916903265469	1.134585710200285	1.1229526039648499	1.2040669958189956	0.38610573351146216	0.9016985685750253	1.23129176665822	0.9698880291764369	1.0	0.8631256191234233	0.7800065711354209	1.0	0.8015676567656768	0.4954205381907894	1.2846818075804372	1.216490057561486	1.585587474778097	1.0	1.2801212427380653	1.0777813355082555	0.7706945283717668	0.7023809523809523	0.781498198645545
KY210253	0.8777552255813125	1.0522268718568377	0.9661538461538464	0.6747951155075873	0.9729778252982035	1.1564579345547352	1.1360242372669913	1.0	1.0263674003050771	0.9825661173278922	1.2705498667894315	1.227332578418735	1.2232157509817019	0.9793405486730309	0.48901431163071957	0.5683316486268262	0.662809828654178	1.14176853970776	1.2323447879480287	1.2650574125711571	1.112310313923217	1.2017955059484091	0.39298592345457833	0.6211241029196279	1.2410723178221654	0.9386266110849536	1.0	0.8530883511796613	0.7843363205681809	1.0	0.8225989012505867	0.509629715101697	1.2855466956541979	1.1682416642918212	1.513593571125135	1.0	1.2033255793917463	1.1096056983557958	0.8851193917275328	0.7742325077481861	0.8691399300874317
KY210254	0.8777552255813125	1.0522268718568377	0.9661538461538464	0.6747951155075873	0.9729778252982035	1.1564579345547352	1.1360242372669913	1.0	1.0263674003050771	0.9825661173278922	1.2705498667894315	1.227332578418735	1.2232157509817019	0.9793405486730309	0.48901431163071957	0.5683316486268262	0.662809828654178	1.14176853970776	1.2323447879480287	1.2650574125711571	1.112310313923217	1.2017955059484091	0.39298592345457833	0.6211241029196279	1.2410723178221654	0.9386266110849536	1.0	0.8530883511796613	0.7843363205681809	1.0	0.8225989012505867	0.509629715101697	1.2855466956541979	1.1682416642918212	1.513593571125135	1.0	1.2033255793917463	1.1096056983557958	0.8851193917275328	0.7742325077481861	0.8691399300874317
KY210255	0.8777552255813125	1.0522268718568377	0.9661538461538464	0.6747951155075873	0.9729778252982035	1.1564579345547352	1.1360242372669913	1.0	1.0263674003050771	0.9825661173278922	1.2705498667894315	1.227332578418735	1.2232157509817019	0.9793405486730309	0.48901431163071957	0.5683316486268262	0.662809828654178	1.14176853970776	1.2323447879480287	1.2650574125711571	1.112310313923217	1.2017955059484091	0.39298592345457833	0.6211241029196279	1.2410723178221654	0.9386266110849536	1.0	0.8530883511796613	0.7843363205681809	1.0	0.8225989012505867	0.509629715101697	1.2855466956541979	1.1682416642918212	1.513593571125135	1.0	1.2033255793917463	1.1096056983557958	0.8851193917275328	0.7742325077481861	0.8691399300874317
KY210256	0.8777552255813125	1.0522268718568377	0.9661538461538464	0.6747951155075873	0.9729778252982035	1.1564579345547352	1.1360242372669913	1.0	1.0263674003050771	0.9825661173278922	1.2705498667894315	1.227332578418735	1.2232157509817019	0.9793405486730309	0.48901431163071957	0.5683316486268262	0.662809828654178	1.14176853970776	1.2323447879480287	1.2650574125711571	1.112310313923217	1.2017955059484091	0.39298592345457833	0.6211241029196279	1.2410723178221654	0.9386266110849536	1.0	0.8530883511796613	0.7843363205681809	1.0	0.8225989012505867	0.509629715101697	1.2855466956541979	1.1682416642918212	1.513593571125135	1.0	1.2033255793917463	1.1096056983557958	0.8851193917275328	0.7742325077481861	0.8691399300874317
KY210257	0.8830535227435786	1.01433228362466	0.9315930759974083	0.6764449144087857	0.9795965412116324	1.147644927536232	1.1438235366151923	1.0	1.0538315850815851	0.9488030595005535	1.249624885813715	1.249353967486144	1.2138569899870244	0.9696813355314544	0.4855759399853152	0.601740532178757	0.6988651659102947	1.136465028910217	1.2352653032234862	1.2577414376766038	1.0571703053056918	1.2326114326852264	0.39066366343167447	0.6159390108955904	1.3110848017621146	0.9329849278253404	1.0	0.8551760538538568	0.8312370374156001	1.0	0.7997274446545778	0.5114963324633091	1.28361078377794	1.2528036425556852	1.5124684648953286	1.0	1.1975171232876713	1.0812053139070252	0.8881420670682004	0.7270782171270781	0.8732932384966181
KY210258	0.8053676865271068	0.9840073075985418	0.9906554712892742	0.6223656290092394	1.0148197355587314	1.24556413382094	1.1875122387401815	1.0	1.0077371607983854	1.1006148234435438	1.4132560141886645	1.2802994017034925	1.3530143662162226	1.0461206593819181	0.48141844414602913	0.3906803857549364	0.7419593745763431	1.1633358255703519	1.0936430727535646	1.260332063928007	1.0106519213195555	1.3733883560091318	0.42701491841148503	0.6751539408940321	1.3644921468938398	0.905419516170723	1.0	0.8735103743553242	0.6236341964538301	1.0	0.8007213205715079	0.4736237376884332	1.2485325735254877	1.1658715344519766	1.4779233052434833	1.0	1.2411804327692177	1.0223974107825275	0.8595195370036454	0.7593909693204972	0.8186097221414889
KY210260	0.8053676865271068	0.9840073075985418	0.9906554712892742	0.6223656290092394	1.0148197355587314	1.24556413382094	1.1875122387401815	1.0	1.0077371607983854	1.1006148234435438	1.4132560141886645	1.2802994017034925	1.3530143662162226	1.0461206593819181	0.48141844414602913	0.3906803857549364	0.7419593745763431	1.1633358255703519	1.0936430727535646	1.260332063928007	1.0106519213195555	1.3733883560091318	0.42701491841148503	0.6751539408940321	1.3644921468938398	0.905419516170723	1.0	0.8735103743553242	0.6236341964538301	1.0	0.8007213205715079	0.4736237376884332	1.2485325735254877	1.1658715344519766	1.4779233052434833	1.0	1.2411804327692177	1.0223974107825275	0.8595195370036454	0.7593909693204972	0.8186097221414889
KY210263	0.8582651743435215	1.0349410024260752	0.9523021781086297	0.4676926809886337	0.9811451700022936	1.178382771231207	1.1469057935847264	1.0	1.038130923517743	0.9918995025604135	1.194444766062804	1.266985807038816	1.1895359186957524	0.9967905649255118	0.48434202550503236	0.6520870098453084	0.6718014140700913	1.2281529289906206	1.278838435704302	1.2501997594570895	1.1226165393034404	1.2033946788790089	0.38743413648485875	0.9027149192624836	1.2311072023445966	0.9696642320990645	1.0	0.8608881355030649	0.779599148665635	1.0	0.8012376237623763	0.49395280506386	1.2850294360024106	1.2213858690908062	1.5838836008466561	1.0	1.2794055737980972	1.0746811215918488	0.8102797462182996	0.7006538653332872	0.7787699439813658
KY210264	0.8592081130650555	1.001605238210217	0.9641861761426979	0.6791174862820649	0.9788919708505895	1.176757415684681	1.1164106062913435	1.0	1.0280017432991937	0.9922899558958732	1.2826970165869798	1.2809590082215232	1.1482844611819223	0.8975856534599018	0.48581836878375967	0.562729019358124	0.6604476415238725	1.1394432126139444	1.2868307440819164	1.2616348915037545	1.059686386878068	1.2478680592478044	0.3919661613962215	0.6145804744416855	1.3071116377600625	0.9697782870190144	1.0	0.8526425830638832	0.7771983986852574	1.0	0.7633479242757966	0.4886223103077578	1.2843071275935194	1.2280096364861048	1.5704961042564003	1.0	1.2513549268126147	1.1099410658423663	0.8864361600452395	0.7482409645035838	0.8698815796195994
KY210265	0.8053676865271068	0.9861738439594382	1.008308764406325	0.6192441313802023	1.0190861193236236	1.24556413382094	1.1877914417048554	1.0	0.9929864253393665	1.1018397482338669	1.4129097378453026	1.2684916634633643	1.4061262510194834	1.0906378364387397	0.4792370033298052	0.39052151640454097	0.7403764140962301	1.1545948540034694	1.046071849214286	1.2928383995558785	1.0115623404640746	1.3759456806447254	0.4226809664183465	0.6735225306706788	1.3651256501048517	0.9059900983350644	1.0	0.880530214538797	0.6251702148434848	1.0	0.8018033014287697	0.4779552333896443	1.2477111606093954	1.1928153628269087	1.4329352876007282	1.0	1.243201145070304	1.0262531226212832	0.8644472692206541	0.7309365966739934	0.7917515738152676
KY210266	0.8777552255813125	1.0522268718568377	0.9661538461538464	0.6747951155075873	0.9729778252982035	1.1564579345547352	1.1360242372669913	1.0	1.0263674003050771	0.9825661173278922	1.2705498667894315	1.227332578418735	1.2232157509817019	0.9793405486730309	0.48901431163071957	0.5683316486268262	0.662809828654178	1.14176853970776	1.2323447879480287	1.2650574125711571	1.112310313923217	1.2017955059484091	0.39298592345457833	0.6211241029196279	1.2410723178221654	0.9386266110849536	1.0	0.8530883511796613	0.7843363205681809	1.0	0.8225989012505867	0.509629715101697	1.2855466956541979	1.1682416642918212	1.513593571125135	1.0	1.2033255793917463	1.1096056983557958	0.8851193917275328	0.7742325077481861	0.8691399300874317
KY210267	0.8062491031711866	0.9875096901433303	0.9887539361223572	0.6224529657051688	1.0185308484597544	1.2438484807440517	1.1896407504639674	1.0	1.009344397099499	1.061732868843389	1.4158702678425132	1.2781703662275388	1.3056853039130911	1.0415826939796842	0.4798869780781322	0.39027585724965896	0.7000763297010502	1.161102835345832	1.1278885754929058	1.344011996258026	1.0133384116853128	1.3744180814972258	0.4260457679659815	0.6739312576116712	1.3646204732785583	0.9051669077180079	1.0	0.8743395653545926	0.6233870682785347	1.0	0.7650739793080432	0.47410085908634203	1.2464410125142844	1.2437880090425701	1.4762395009556237	1.0	1.2411804327692177	1.0560751306822058	0.8607603907265886	0.7253967960012627	0.7832303560037868
KY210269	0.8830535227435786	1.01433228362466	0.9315930759974083	0.6764449144087857	0.9795965412116324	1.147644927536232	1.1438235366151923	1.0	1.0538315850815851	0.9488030595005535	1.249624885813715	1.249353967486144	1.2138569899870244	0.9696813355314544	0.4855759399853152	0.601740532178757	0.6988651659102947	1.136465028910217	1.2352653032234862	1.2577414376766038	1.0571703053056918	1.2326114326852264	0.39066366343167447	0.6159390108955904	1.3110848017621146	0.9329849278253404	1.0	0.8551760538538568	0.8312370374156001	1.0	0.7997274446545778	0.5114963324633091	1.28361078377794	1.2528036425556852	1.5124684648953286	1.0	1.1975171232876713	1.0812053139070252	0.8881420670682004	0.7270782171270781	0.8732932384966181
KY210270	0.8830535227435786	1.01433228362466	0.9315930759974083	0.6764449144087857	0.9795965412116324	1.147644927536232	1.1438235366151923	1.0	1.0538315850815851	0.9488030595005535	1.249624885813715	1.249353967486144	1.2138569899870244	0.9696813355314544	0.4855759399853152	0.601740532178757	0.6988651659102947	1.136465028910217	1.2352653032234862	1.2577414376766038	1.0571703053056918	1.2326114326852264	0.39066366343167447	0.6159390108955904	1.3110848017621146	0.9329849278253404	1.0	0.8551760538538568	0.8312370374156001	1.0	0.7997274446545778	0.5114963324633091	1.28361078377794	1.2528036425556852	1.5124684648953286	1.0	1.1975171232876713	1.0812053139070252	0.8881420670682004	0.7270782171270781	0.8732932384966181
KY210271	0.8053676865271068	0.9840073075985418	0.9906554712892742	0.6223656290092394	1.0148197355587314	1.24556413382094	1.1875122387401815	1.0	1.0077371607983854	1.1006148234435438	1.4132560141886645	1.2802994017034925	1.3530143662162226	1.0461206593819181	0.48141844414602913	0.3906803857549364	0.7419593745763431	1.1633358255703519	1.0936430727535646	1.260332063928007	1.0106519213195555	1.3733883560091318	0.42701491841148503	0.6751539408940321	1.3644921468938398	0.905419516170723	1.0	0.8735103743553242	0.6236341964538301	1.0	0.8007213205715079	0.4736237376884332	1.2485325735254877	1.1658715344519766	1.4779233052434833	1.0	1.2411804327692177	1.0223974107825275	0.8595195370036454	0.7593909693204972	0.8186097221414889
KY210272	0.8053676865271068	0.9840073075985418	0.9906554712892742	0.6223656290092394	1.0148197355587314	1.24556413382094	1.1875122387401815	1.0	1.0077371607983854	1.1006148234435438	1.4132560141886645	1.2802994017034925	1.3530143662162226	1.0461206593819181	0.48141844414602913	0.3906803857549364	0.7419593745763431	1.1633358255703519	1.0936430727535646	1.260332063928007	1.0106519213195555	1.3733883560091318	0.42701491841148503	0.6751539408940321	1.3644921468938398	0.905419516170723	1.0	0.8735103743553242	0.6236341964538301	1.0	0.8007213205715079	0.4736237376884332	1.2485325735254877	1.1658715344519766	1.4779233052434833	1.0	1.2411804327692177	1.0223974107825275	0.8595195370036454	0.7593909693204972	0.8186097221414889
KY210273	0.8053676865271068	0.9861738439594382	1.008308764406325	0.6192441313802023	1.0190861193236236	1.24556413382094	1.1877914417048554	1.0	0.9929864253393665	1.1018397482338669	1.4129097378453026	1.2684916634633643	1.4061262510194834	1.0906378364387397	0.4792370033298052	0.39052151640454097	0.7403764140962301	1.1545948540034694	1.046071849214286	1.2928383995558785	1.0115623404640746	1.3759456806447254	0.4226809664183465	0.6735225306706788	1.3651256501048517	0.9059900983350644	1.0	0.880530214538797	0.6251702148434848	1.0	0.8018033014287697	0.4779552333896443	1.2477111606093954	1.1928153628269087	1.4329352876007282	1.0	1.243201145070304	1.0262531226212832	0.8644472692206541	0.7309365966739934	0.7917515738152676
KY210278	0.8033840222745771	0.9813255256378501	0.9906554712892742	0.6209839728444227	1.0140646741420456	1.2494565217391302	1.2145426912540194	1.0	1.0077371607983854	1.0977346350689623	1.4391351691072243	1.2799873568219593	1.3107690855877596	1.0464575435538759	0.4819337309890384	0.3544237056345659	0.7023501103306624	1.163335825570352	1.1284522844385902	1.3039483666010137	1.0079497339242467	1.3772691015532705	0.42706460931768164	0.6772550957882131	1.3684367588932804	0.86860600365705	1.0	0.8738716627177079	0.6253214011924679	1.0	0.7990258482315824	0.4736397507617941	1.248220632906448	1.2071840648065175	1.478204229518486	1.0	1.2445523648648649	1.055380437326163	0.8595195370036454	0.7256119404675766	0.7825022401538466
KY210279	0.8852447225518755	1.0456315934212426	0.931593075997408	0.6877432504257363	0.956663486950295	1.14406970969344	1.136489449197158	1.0	1.0538315850815851	0.9512652185928632	1.2528432691013167	1.1768363858894781	1.2139425199131795	0.9818679981317933	0.5081466624127537	0.5999397572795863	0.7333640908431057	1.136465028910217	1.2353595319319033	1.2578291211022827	1.0778154227906087	1.2397988687371742	0.3906128329555656	0.624000899110583	1.3072982158028885	0.9215135237429761	1.0	0.8548365265758675	0.8289859666883953	1.0	0.8014330721833439	0.5152188629612268	1.2839250468530303	1.2525857911925582	1.5314895364788543	1.0	1.1942986386719583	1.0721416447021384	0.8881420670682004	0.7268088205753539	0.8732138321024024
KY210280	0.880873143675076	1.009798062633739	0.9383682983682985	0.6773763946811313	0.9758687957798713	1.1512425605379129	1.1407918087579108	1.0	1.0478777343184122	0.9867565358618696	1.2876670253788898	1.25698767949969	1.2337268875192606	0.9798646384320138	0.48765461508860014	0.5333852478614315	0.6630337681255379	1.1424430558355172	1.2393892097919317	1.2652997338738117	1.053650284900285	1.234755097533045	0.39343123485503906	0.6187717161781043	1.3145198062125962	0.9353928846040102	1.0	0.8511412798404622	0.7810056364819409	1.0	0.7884499314128943	0.5085528139987961	1.2840627784053604	1.2104104541922724	1.509556853519692	1.0	1.2404897060069473	1.1070493736480933	0.8847398909150639	0.7503010987756751	0.8667352766437743
KY210281	0.880873143675076	1.009798062633739	0.9383682983682985	0.6773763946811313	0.9758687957798713	1.1512425605379129	1.1407918087579108	1.0	1.0478777343184122	0.9867565358618696	1.2876670253788898	1.25698767949969	1.2337268875192606	0.9798646384320138	0.48765461508860014	0.5333852478614315	0.6630337681255379	1.1424430558355172	1.2393892097919317	1.2652997338738117	1.053650284900285	1.234755097533045	0.39343123485503906	0.6187717161781043	1.3145198062125962	0.9353928846040102	1.0	0.8511412798404622	0.7810056364819409	1.0	0.7884499314128943	0.5085528139987961	1.2840627784053604	1.2104104541922724	1.509556853519692	1.0	1.2404897060069473	1.1070493736480933	0.8847398909150639	0.7503010987756751	0.8667352766437743
KY210282	0.880873143675076	1.009798062633739	0.9383682983682985	0.6773763946811313	0.9758687957798713	1.1512425605379129	1.1407918087579108	1.0	1.0478777343184122	0.9867565358618696	1.2876670253788898	1.25698767949969	1.2337268875192606	0.9798646384320138	0.48765461508860014	0.5333852478614315	0.6630337681255379	1.1424430558355172	1.2393892097919317	1.2652997338738117	1.053650284900285	1.234755097533045	0.39343123485503906	0.6187717161781043	1.3145198062125962	0.9353928846040102	1.0	0.8511412798404622	0.7810056364819409	1.0	0.7884499314128943	0.5085528139987961	1.2840627784053604	1.2104104541922724	1.509556853519692	1.0	1.2404897060069473	1.1070493736480933	0.8847398909150639	0.7503010987756751	0.8667352766437743
KY210286	0.8033840222745771	0.9813255256378501	0.9906554712892742	0.6209839728444227	1.0140646741420456	1.2494565217391302	1.2145426912540194	1.0	1.0077371607983854	1.0977346350689623	1.4391351691072243	1.2799873568219593	1.3107690855877596	1.0464575435538759	0.4819337309890384	0.3544237056345659	0.7023501103306624	1.163335825570352	1.1284522844385902	1.3039483666010137	1.0079497339242467	1.3772691015532705	0.42706460931768164	0.6772550957882131	1.3684367588932804	0.86860600365705	1.0	0.8738716627177079	0.6253214011924679	1.0	0.7990258482315824	0.4736397507617941	1.248220632906448	1.2071840648065175	1.478204229518486	1.0	1.2445523648648649	1.055380437326163	0.8595195370036454	0.7256119404675766	0.7825022401538466
KY210287	0.827262044653349	0.9932804120821663	0.9906554712892742	0.619608104970713	1.0133177474331878	1.2203898050974513	1.211489786501968	1.0	1.0077371607983854	1.094865341932387	1.4354652754349289	1.2796796302481357	1.310681839180082	1.046794877705838	0.4824490178320477	0.3554726125994882	0.7024416332313668	1.1633358255703519	1.1283511498272418	1.3038553419939307	1.005261439776635	1.3615587736019097	0.42711553680005626	0.6793687835161182	1.3724065345303933	0.8712007761585385	1.0	0.8742360226920559	0.627018094020775	1.0	0.7973387074510667	0.4736563062128267	1.2479013525081368	1.2074269011348324	1.4784856018360764	1.0	1.2479454376006098	1.0554920870414217	0.8595195370036454	0.7258381393215024	0.7825824514956692
KY210288	0.827262044653349	0.9932804120821663	0.9906554712892742	0.619608104970713	1.0133177474331878	1.2203898050974513	1.211489786501968	1.0	1.0077371607983854	1.094865341932387	1.4354652754349289	1.2796796302481357	1.310681839180082	1.046794877705838	0.4824490178320477	0.3554726125994882	0.7024416332313668	1.1633358255703519	1.1283511498272418	1.3038553419939307	1.005261439776635	1.3615587736019097	0.42711553680005626	0.6793687835161182	1.3724065345303933	0.8712007761585385	1.0	0.8742360226920559	0.627018094020775	1.0	0.7973387074510667	0.4736563062128267	1.2479013525081368	1.2074269011348324	1.4784856018360764	1.0	1.2479454376006098	1.0554920870414217	0.8595195370036454	0.7258381393215024	0.7825824514956692
KY210289	0.8053676865271068	0.9840073075985418	0.9906554712892742	0.6223656290092394	1.0148197355587314	1.24556413382094	1.1875122387401815	1.0	1.0077371607983854	1.1006148234435438	1.4132560141886645	1.2802994017034925	1.3530143662162226	1.0461206593819181	0.48141844414602913	0.3906803857549364	0.7419593745763431	1.1633358255703519	1.0936430727535646	1.260332063928007	1.0106519213195555	1.3733883560091318	0.42701491841148503	0.6751539408940321	1.3644921468938398	0.905419516170723	1.0	0.8735103743553242	0.6236341964538301	1.0	0.8007213205715079	0.4736237376884332	1.2485325735254877	1.1658715344519766	1.4779233052434833	1.0	1.2411804327692177	1.0223974107825275	0.8595195370036454	0.7593909693204972	0.8186097221414889
KY210290	0.8053676865271068	0.9840073075985418	0.9906554712892742	0.6223656290092394	1.0148197355587314	1.24556413382094	1.1875122387401815	1.0	1.0077371607983854	1.1006148234435438	1.4132560141886645	1.2802994017034925	1.3530143662162226	1.0461206593819181	0.48141844414602913	0.3906803857549364	0.7419593745763431	1.1633358255703519	1.0936430727535646	1.260332063928007	1.0106519213195555	1.3733883560091318	0.42701491841148503	0.6751539408940321	1.3644921468938398	0.905419516170723	1.0	0.8735103743553242	0.6236341964538301	1.0	0.8007213205715079	0.4736237376884332	1.2485325735254877	1.1658715344519766	1.4779233052434833	1.0	1.2411804327692177	1.0223974107825275	0.8595195370036454	0.7593909693204972	0.8186097221414889
KY210292	0.8053676865271068	0.9840073075985418	0.9906554712892742	0.6223656290092394	1.0148197355587314	1.24556413382094	1.1875122387401815	1.0	1.0077371607983854	1.1006148234435438	1.4132560141886645	1.2802994017034925	1.3530143662162226	1.0461206593819181	0.48141844414602913	0.3906803857549364	0.7419593745763431	1.1633358255703519	1.0936430727535646	1.260332063928007	1.0106519213195555	1.3733883560091318	0.42701491841148503	0.6751539408940321	1.3644921468938398	0.905419516170723	1.0	0.8735103743553242	0.6236341964538301	1.0	0.8007213205715079	0.4736237376884332	1.2485325735254877	1.1658715344519766	1.4779233052434833	1.0	1.2411804327692177	1.0223974107825275	0.8595195370036454	0.7593909693204972	0.8186097221414889
KY210293	0.8053676865271068	0.9840073075985418	0.9906554712892742	0.6223656290092394	1.0148197355587314	1.24556413382094	1.1875122387401815	1.0	1.0077371607983854	1.1006148234435438	1.4132560141886645	1.2802994017034925	1.3530143662162226	1.0461206593819181	0.48141844414602913	0.3906803857549364	0.7419593745763431	1.1633358255703519	1.0936430727535646	1.260332063928007	1.0106519213195555	1.3733883560091318	0.42701491841148503	0.6751539408940321	1.3644921468938398	0.905419516170723	1.0	0.8735103743553242	0.6236341964538301	1.0	0.8007213205715079	0.4736237376884332	1.2485325735254877	1.1658715344519766	1.4779233052434833	1.0	1.2411804327692177	1.0223974107825275	0.8595195370036454	0.7593909693204972	0.8186097221414889
KY210294	0.8830535227435786	1.01433228362466	0.9315930759974083	0.6764449144087857	0.9795965412116324	1.147644927536232	1.1438235366151923	1.0	1.0538315850815851	0.9488030595005535	1.249624885813715	1.249353967486144	1.2138569899870244	0.9696813355314544	0.4855759399853152	0.601740532178757	0.6988651659102947	1.136465028910217	1.2352653032234862	1.2577414376766038	1.0571703053056918	1.2326114326852264	0.39066366343167447	0.6159390108955904	1.3110848017621146	0.9329849278253404	1.0	0.8551760538538568	0.8312370374156001	1.0	0.7997274446545778	0.5114963324633091	1.28361078377794	1.2528036425556852	1.5124684648953286	1.0	1.1975171232876713	1.0812053139070252	0.8881420670682004	0.7270782171270781	0.8732932384966181
KY210295	0.827262044653349	0.9932804120821663	0.9906554712892742	0.619608104970713	1.0133177474331878	1.2203898050974513	1.211489786501968	1.0	1.0077371607983854	1.094865341932387	1.4354652754349289	1.2796796302481357	1.310681839180082	1.046794877705838	0.4824490178320477	0.3554726125994882	0.7024416332313668	1.1633358255703519	1.1283511498272418	1.3038553419939307	1.005261439776635	1.3615587736019097	0.42711553680005626	0.6793687835161182	1.3724065345303933	0.8712007761585385	1.0	0.8742360226920559	0.627018094020775	1.0	0.7973387074510667	0.4736563062128267	1.2479013525081368	1.2074269011348324	1.4784856018360764	1.0	1.2479454376006098	1.0554920870414217	0.8595195370036454	0.7258381393215024	0.7825824514956692
KY210296	0.827262044653349	0.9932804120821663	0.9906554712892742	0.619608104970713	1.0133177474331878	1.2203898050974513	1.211489786501968	1.0	1.0077371607983854	1.094865341932387	1.4354652754349289	1.2796796302481357	1.310681839180082	1.046794877705838	0.4824490178320477	0.3554726125994882	0.7024416332313668	1.1633358255703519	1.1283511498272418	1.3038553419939307	1.005261439776635	1.3615587736019097	0.42711553680005626	0.6793687835161182	1.3724065345303933	0.8712007761585385	1.0	0.8742360226920559	0.627018094020775	1.0	0.7973387074510667	0.4736563062128267	1.2479013525081368	1.2074269011348324	1.4784856018360764	1.0	1.2479454376006098	1.0554920870414217	0.8595195370036454	0.7258381393215024	0.7825824514956692
KY210299	0.8053676865271068	0.9840073075985418	0.9906554712892742	0.6223656290092394	1.0148197355587314	1.24556413382094	1.1875122387401815	1.0	1.0077371607983854	1.1006148234435438	1.4132560141886645	1.2802994017034925	1.3530143662162226	1.0461206593819181	0.48141844414602913	0.3906803857549364	0.7419593745763431	1.1633358255703519	1.0936430727535646	1.260332063928007	1.0106519213195555	1.3733883560091318	0.42701491841148503	0.6751539408940321	1.3644921468938398	0.905419516170723	1.0	0.8735103743553242	0.6236341964538301	1.0	0.8007213205715079	0.4736237376884332	1.2485325735254877	1.1658715344519766	1.4779233052434833	1.0	1.2411804327692177	1.0223974107825275	0.8595195370036454	0.7593909693204972	0.8186097221414889
KY210300	0.8053676865271068	0.9840073075985418	0.9906554712892742	0.6223656290092394	1.0148197355587314	1.24556413382094	1.1875122387401815	1.0	1.0077371607983854	1.1006148234435438	1.4132560141886645	1.2802994017034925	1.3530143662162226	1.0461206593819181	0.48141844414602913	0.3906803857549364	0.7419593745763431	1.1633358255703519	1.0936430727535646	1.260332063928007	1.0106519213195555	1.3733883560091318	0.42701491841148503	0.6751539408940321	1.3644921468938398	0.905419516170723	1.0	0.8735103743553242	0.6236341964538301	1.0	0.8007213205715079	0.4736237376884332	1.2485325735254877	1.1658715344519766	1.4779233052434833	1.0	1.2411804327692177	1.0223974107825275	0.8595195370036454	0.7593909693204972	0.8186097221414889
KY210303	0.8053676865271068	0.9861738439594382	1.008308764406325	0.6192441313802023	1.0190861193236236	1.24556413382094	1.1877914417048554	1.0	0.9929864253393665	1.1018397482338669	1.4129097378453026	1.2684916634633643	1.4061262510194834	1.0906378364387397	0.4792370033298052	0.39052151640454097	0.7403764140962301	1.1545948540034694	1.046071849214286	1.2928383995558785	1.0115623404640746	1.3759456806447254	0.4226809664183465	0.6735225306706788	1.3651256501048517	0.9059900983350644	1.0	0.880530214538797	0.6251702148434848	1.0	0.8018033014287697	0.4779552333896443	1.2477111606093954	1.1928153628269087	1.4329352876007282	1.0	1.243201145070304	1.0262531226212832	0.8644472692206541	0.7309365966739934	0.7917515738152676
KY210304	0.8830535227435787	1.015183346026034	0.9572495849474267	0.6752582676279434	0.9810720777118223	1.147644927536232	1.143897113239429	1.0	1.0338593030900722	0.9492304432077635	1.2494863444191076	1.261926844212806	1.2093899311679683	0.9647805332421452	0.48481029729733643	0.6016530779234113	0.6963552980447543	1.1335082709885307	1.238672955066303	1.2539738122850164	1.0575088836427067	1.233297608791494	0.3893183086076651	0.6154573271440144	1.311271327645961	0.9331779450008303	1.0	0.8573819971060471	0.8316304794754977	1.0	0.8000889976638114	0.4999207514536858	1.28323956801089	1.2477470021006265	1.5141518768446585	1.0	1.1982020547945205	1.0842984561037996	0.8898576943590982	0.7288591761427284	0.8766540718040139
KY210307	0.8053676865271068	0.9840073075985418	0.9906554712892742	0.6223656290092394	1.0148197355587314	1.24556413382094	1.1875122387401815	1.0	1.0077371607983854	1.1006148234435438	1.4132560141886645	1.2802994017034925	1.3530143662162226	1.0461206593819181	0.48141844414602913	0.3906803857549364	0.7419593745763431	1.1633358255703519	1.0936430727535646	1.260332063928007	1.0106519213195555	1.3733883560091318	0.42701491841148503	0.6751539408940321	1.3644921468938398	0.905419516170723	1.0	0.8735103743553242	0.6236341964538301	1.0	0.8007213205715079	0.4736237376884332	1.2485325735254877	1.1658715344519766	1.4779233052434833	1.0	1.2411804327692177	1.0223974107825275	0.8595195370036454	0.7593909693204972	0.8186097221414889
KY210311	0.8582651743435215	1.0349410024260752	0.9523021781086297	0.4676926809886337	0.9811451700022936	1.178382771231207	1.1469057935847264	1.0	1.038130923517743	0.9918995025604135	1.194444766062804	1.266985807038816	1.1895359186957524	0.9967905649255118	0.48434202550503236	0.6520870098453084	0.6718014140700913	1.2281529289906206	1.278838435704302	1.2501997594570895	1.1226165393034404	1.2033946788790089	0.38743413648485875	0.9027149192624836	1.2311072023445966	0.9696642320990645	1.0	0.8608881355030649	0.779599148665635	1.0	0.8012376237623763	0.49395280506386	1.2850294360024106	1.2213858690908062	1.5838836008466561	1.0	1.2794055737980972	1.0746811215918488	0.8102797462182996	0.7006538653332872	0.7787699439813658
KY563717	0.8261225652529999	0.9522781839253781	0.952916499308252	0.6280200420637306	1.0070453242486381	1.22254124510072	1.2411521577835494	1.0	1.0406566727041504	1.1269052897940075	1.3221659927287535	1.2839677633444033	1.3615089733860772	1.1249587213814325	0.47712224076317605	0.5572896225131045	0.6831480763208561	1.2276897640465427	1.0360185213357007	1.3085951569110743	1.2920729854827273	1.3803771869563009	0.42411044117756913	0.654575774520957	0.9764589179899771	0.874708064977111	1.0	0.9448040706843971	0.5931331419519981	1.0	0.7804891668528032	0.5800706477687616	1.254226335996216	1.242367083011794	1.4796949344631016	1.0	1.2726372016886363	1.0442298250648232	0.7981963232033834	0.6951157172492098	0.6923440559743588
LC029890	0.8544611069155248	0.8603110844698078	0.9819326580892417	0.6770128923868701	0.9636849134286931	1.1850226306405158	1.2335393361539628	1.0	1.0144230769230769	1.0816035397609203	1.2967818260309358	1.2396367179233836	1.0146655941653855	0.9903961857337509	0.5610154220715172	0.5295997976761064	0.631249114658491	1.1764297421077625	1.375528706622095	1.299391433466448	1.1712481121681853	1.422641608012557	0.44228154316788076	0.7298351211403997	1.1892309279076674	0.7397644251512675	1.0	0.8405692758896635	0.6815774526838252	1.0	0.6888393864200316	0.5338359736024696	1.247754955537335	1.3460525091363207	1.471381572810047	1.0	1.2471651462187738	1.233441967457531	0.852480362021858	0.7743024981362441	0.8392455605793231
MN726804	0.7995724973281083	0.9528283089124241	0.9938154568436258	0.6365461977042014	0.9976861731755994	1.248827952233525	1.1441338160229566	1.0	1.0050910442214789	1.1095779067171871	1.3663508210904745	1.212683651773965	1.2678698564931596	1.1064843455079516	0.501587499869877	0.42475091228972817	0.6931575458613879	1.1647356422347837	1.1904699553266611	1.3045999972764923	1.0409461532943083	1.3781233683648961	0.38126617857300893	0.6804482261838758	1.3251745723260488	0.9383346107390359	1.0	0.9213591940879643	0.6187901494934605	1.0	0.7220712264283112	0.5328406735341034	1.245515551614905	1.2703230065189581	1.4510958546787702	1.0	1.3175048113128607	1.0831895124343107	0.8587478292372697	0.6955775633310104	0.7777543175384936
MN726826	0.8091426923354241	0.9982516306126873	0.9938154568436258	0.6260473947783087	1.020161767887144	1.2382752723017374	1.1412024799222178	1.0	1.0050910442214789	1.106656732752979	1.3628291299330346	1.2495282777150238	1.2677908407694076	0.9933526651167336	0.4793019353776357	0.426014261792378	0.7329787991704273	1.1162049904750009	1.1903788925679253	1.4154603247991004	1.0828945650754973	1.3620771380438015	0.3772569523204645	0.6717200615933417	1.2840099563258394	0.9018518120497336	1.0	0.9119088961352672	0.6204553069702876	1.0	0.7487003186315614	0.5003386974780158	1.245226391609078	1.311696245955578	1.4329684019448825	1.0	1.2787896592244419	1.0832992120444631	0.9003603170790295	0.6619693674289615	0.7778389370148868
MN726827	0.8100401170985578	1.0020383723301656	0.9919028340080971	0.6261455593427604	1.0239213594966414	1.2365649473399947	1.1128356424814525	1.0	1.0066889632107023	1.1086499096964522	1.3354796520575598	1.2475348096608994	1.3047859518381422	0.9891899466134632	0.4777814320117972	0.4256116435760428	0.770250053370187	1.1140568259045946	1.189721282814578	1.4118143210782046	1.0857863191315276	1.3628546738743763	0.3764684433533028	0.6705028087840901	1.2841413245139954	0.9016002407232124	1.0	0.9127533100504635	0.6202100978532827	1.0	0.7505674017204181	0.5008189894944328	1.243138222496374	1.30724838411819	1.4312900203881942	1.0	1.2787896592244419	1.08410046198797	0.9017221543639445	0.6619795365475155	0.7786465282716907
MT454631	0.803384022274577	0.9916607248198914	1.0153846153846153	0.5794331457222495	0.9979799481137174	1.2494565217391302	1.2164838151506252	1.0	0.9871794871794873	1.0758475448635916	1.320638382607052	1.2745828243581239	1.1439818639653405	0.9656398792684715	0.4811996732407515	0.5225250397558223	0.6876373564340216	1.1457501847745752	1.2687156102012496	1.3461819089309521	1.247150679800762	1.3380600837658625	0.3711588124121556	0.6535166775905437	1.082080729509275	0.90587637109972	1.0	0.9086201685139873	0.7484106237527416	1.0	0.7801724137931033	0.48500570546627586	1.2582080011833257	1.3141906941266208	1.5731676283453275	1.0	1.2622859589041096	1.0357209539526724	0.8755050505050506	0.6493618103229087	0.731517172944061
MT454634	0.803384022274577	0.9909595259678957	1.0189599133261105	0.5804732799579143	0.9965808004499412	1.2494565217391305	1.2164272702000676	1.0	0.9843014128728416	1.075033281506781	1.320745894679906	1.278545317392039	1.1062812328807112	0.9704912173697523	0.4819337309890384	0.5225932427270389	0.6900555093916955	1.148647241914161	1.2997330747897362	1.3064174915564697	1.2468219187109744	1.3372046806387277	0.3724209344086297	0.6539172536950034	1.0818987154150195	0.9056407456318569	1.0	0.906195186415355	0.7479995051406183	1.0	0.7798365427675772	0.48354031537829983	1.2584940537534146	1.319334716196752	1.571163190822397	1.0	1.2616010273972602	1.0326885034097393	0.8738448626203729	0.6477537808929886	0.7649449979811965
MT454635	0.8053676865271068	0.9929611937127778	0.9941560206577875	0.5827843153140014	0.9959160772699078	1.2455641338209402	1.2194355967667705	1.0	1.004807692307692	1.0110702971114398	1.3242371966795763	1.2667643535293125	1.1103221296968075	0.975043101263493	0.4821558687800177	0.5211104466674322	0.692369433442348	1.1515647729557927	1.296198700367871	1.3103478718458061	1.249801025309746	1.332590613570167	0.37364111537547834	0.6522914351120429	1.078643476714548	0.9027227082558918	1.0	0.9034256412381336	0.8278022215046023	1.0	0.7431818181818183	0.49529381443669757	1.2591050307536522	1.3242114886319403	1.5689054151433084	1.0	1.3152391925916442	1.0295864776771004	0.8721943269908387	0.6459801634230956	0.7620177808139819
MT454636	0.803384022274577	0.9909595259678957	1.0189599133261105	0.5804732799579143	0.9965808004499412	1.2494565217391305	1.2164272702000676	1.0	0.9843014128728416	1.075033281506781	1.320745894679906	1.278545317392039	1.1062812328807112	0.9704912173697523	0.4819337309890384	0.5225932427270389	0.6900555093916955	1.148647241914161	1.2997330747897362	1.3064174915564697	1.2468219187109744	1.3372046806387277	0.3724209344086297	0.6539172536950034	1.0818987154150195	0.9056407456318569	1.0	0.906195186415355	0.7479995051406183	1.0	0.7798365427675772	0.48354031537829983	1.2584940537534146	1.319334716196752	1.571163190822397	1.0	1.2616010273972602	1.0326885034097393	0.8738448626203729	0.6477537808929886	0.7649449979811965
MT454637	0.803384022274577	0.992361162486965	1.0399408284023668	0.57840175193144	0.9993745138708842	1.2494565217391302	1.21654268513817	1.0	0.9665012406947893	1.0766688634090633	1.3205346991864177	1.2706476626805743	1.139923052596542	1.0883923376870466	0.4804707487634316	0.5224592655858572	0.6852360058127581	1.1428733867758256	1.27232508142794	1.2988759681062552	1.24747849071399	1.3389123360362691	0.36990398326718643	0.65311960910407	1.0822622175512349	0.9061119064340123	1.0	0.9110578740532345	0.7488279871500287	1.0	0.7805082848186295	0.48647999547028775	1.257932135337185	1.3090862314942584	1.4682171158970279	1.0	1.262970890410959	1.0387707379635704	0.8771749755620725	0.6509812767877285	0.7707038321068225
MT454639	0.803384022274577	0.9909595259678957	1.0189599133261105	0.5804732799579143	0.9965808004499412	1.2494565217391305	1.2164272702000676	1.0	0.9843014128728416	1.075033281506781	1.320745894679906	1.278545317392039	1.1062812328807112	0.9704912173697523	0.4819337309890384	0.5225932427270389	0.6900555093916955	1.148647241914161	1.2997330747897362	1.3064174915564697	1.2468219187109744	1.3372046806387277	0.3724209344086297	0.6539172536950034	1.0818987154150195	0.9056407456318569	1.0	0.906195186415355	0.7479995051406183	1.0	0.7798365427675772	0.48354031537829983	1.2584940537534146	1.319334716196752	1.571163190822397	1.0	1.2616010273972602	1.0326885034097393	0.8738448626203729	0.6477537808929886	0.7649449979811965
MT454641	0.803384022274577	0.9902575665675936	1.022560478390867	0.581522243438332	0.9951770708795554	1.2494565217391305	1.2163730584373758	1.0	0.9814400715563505	1.0742260437965148	1.3208572488742238	1.2825354527202386	1.1102542546264282	0.9753866076330817	0.48267297642459234	0.5226638830440593	0.6924906426367229	1.1515647729557927	1.2960730624287309	1.2899184727695174	1.246492203307428	1.3363461378622068	0.3736904265659885	0.6543213683750275	1.0817161729779652	0.9054050296379691	1.0	0.9037828415791619	0.7475946235211962	1.0	0.779500671742051	0.4820837529219158	1.2587903288844706	1.3052531232916422	1.5691898218344777	1.0	1.2609160958904109	1.0296732344892339	0.8721943269908387	0.6620064526040866	0.7788242641340115
MT454643	0.7494824016563149	1.0515807734710787	1.0483805576827785	0.6915598021064034	1.0127802143776166	1.3198432230425667	1.1713134988463714	1.0	0.9609340899170667	1.0221573297365396	1.3370013010779818	1.256352226299342	0.9820466129949679	1.0140661844408432	0.42217718244104835	0.5432254429422635	0.5427496448588754	1.2596174239734221	1.3492921688621882	1.246336365286338	1.186220028341608	1.2796696563062222	0.3699469590270781	0.5903385138074977	1.072042060278216	0.9511613226946506	1.0	0.9566717107179991	0.5876298373438438	1.0	0.8161202649906574	0.5319946880494033	1.2551706925459205	1.2449547044876919	1.6179876263333377	1.0	1.1634789351253554	1.1618731208851794	0.7845319743443196	0.7376550884512791	0.8103475836489313
MT454644	0.8704115095736803	0.9630893082808497	0.9038244965989458	0.6173220955750301	0.9773291843115123	1.1690821256038646	1.2560417166628277	1.0	1.0781078510280238	1.1807735895802887	1.3458238663840463	1.2647666147317649	1.2238695777763833	1.035514024931966	0.4867711925259014	0.47816392720460127	0.6794298852824115	1.1722634370995169	1.219788571004249	1.2676735770194696	1.2754293879193672	1.264455353327422	0.38461560874735923	0.6289053512476205	1.040405625203313	0.86773301860825	1.0	0.8691346546351494	0.6011019392499138	1.0	0.7896060581207796	0.5189730857840462	1.284149767934084	1.2434922041391887	1.5355266641998384	1.0	1.2596739596739597	1.0317317660619385	0.8546772567904	0.704549726658897	0.7871070586051067
MT454645	0.7494824016563149	1.0507484348373213	1.0236889692585895	0.6928539779378136	1.0113291596842837	1.3198432230425667	1.1712317793704383	1.0	0.9809945232309312	1.022151731352091	1.337125072338984	1.2439373263512266	0.985625709658474	1.019047805680678	0.4228346179565691	0.543320256398805	0.5446843911438629	1.2628582307074547	1.3455411910304156	1.2500339990485712	1.1858536518055498	1.2790511649514664	0.3712411232159914	0.590756052448205	1.071915838312963	0.9509653996369437	1.0	0.9541201164821757	0.5871746751689086	1.0	0.8157522224109621	0.5435427969729015	1.2555028939192752	1.2499449516648764	1.6161427550275	1.0	1.1628327733264407	1.158529348546506	0.7832415161445224	0.735832417720519	0.8074372155953404
AF351828	0.6962025316455697	1.1172762309561703	0.9473901098901099	0.3905327377335284	1.0163365915483582	1.362537764350453	0.9448950161063806	1.0	1.0405720338983049	1.4520726516729843	1.3143960033155153	1.2021941807122245	1.2075709053707153	0.9387157321266132	0.5406368110503847	0.4849527904649086	0.5980843000342636	0.9249774615628272	1.2296658493650956	1.360270213322029	1.2385199984554418	1.2788258832568253	0.5620862280311133	0.4542647753653759	1.1014492917488288	1.1753510694857023	1.0	0.7707824159373727	1.0065193453626866	1.0	0.6463644392110687	0.5256876452624026	1.2202081885318758	1.1332306709142261	1.482342714809965	1.0	1.5658651657492864	1.1985985272195872	1.0593027734976888	0.8227893550377426	0.7257472579408035
AF351831	0.7304785894206549	1.1057153570016953	0.947599451303155	0.47236576484915904	1.050337941791676	1.3262195121951217	0.9710715862201106	1.0	1.0395199668942685	1.255056360694623	1.1862697228219905	1.3112800429195166	1.360825456584534	0.5792002231360637	0.4664067325785247	0.5734615912869139	0.5765192711643236	0.9329958864326935	1.1689257025531186	1.4312821057934433	1.29456682238226	1.156159696919304	0.3589737848679913	0.6673257784368424	1.08969350255186	1.1590723704187063	1.0	0.8518791112484847	0.8865386939917269	1.0	0.7433592855507214	0.5312347586796135	1.2189652577920733	1.0151977097870817	1.4789113852986433	1.0	1.458717864205669	1.1801348402848253	1.0518686187632442	0.8732374346656592	0.787494202563283
AF351832	0.7088427210680267	1.1274851288234367	0.992723880597015	0.3957982333715744	0.9779352928962626	1.352220659619834	0.955369039224713	1.0	1.0054469273743016	1.4144944750409447	1.2131742916110393	1.1713550302657532	1.3355180231695336	0.8600691664822778	0.5472073259461874	0.5240067539887079	0.558653477613566	0.808361998537377	1.2492684494505555	1.533671864030923	1.1805608585735636	1.131499514771495	0.5785473659898825	0.4171282984749568	1.1598636195900631	1.2091380068144417	1.0	0.7221311806511445	0.9701878088944168	1.0	0.7514275925079944	0.5201061521728744	1.2585457053516673	1.0227587726519898	1.4357016949874009	1.0	1.4744883485309017	1.2161050214287745	1.1488147120102725	0.8403829770264538	0.7902805105540706
AF351833	0.6581818181818182	1.2276167348689795	0.9175568208554891	0.3818377438055106	1.0479759096050656	1.4219977553310885	0.9876401529855281	1.0	1.0616033755274261	1.3875437442813343	1.3659402640687095	1.1871033829563045	1.2352627081934497	0.7875483453738995	0.4684430590283539	0.36878907974761066	0.5716259187829249	0.9360701201715386	1.2383583301286163	1.4302704987966073	1.2195201934737852	1.0358881216121818	0.5916029633538784	0.5205354735442081	1.1223268164598508	1.1621108755951162	1.0	0.753967298938111	0.9147415454221877	1.0	0.7486363636363635	0.5918934032030057	1.2166210568830933	1.0419488518617102	1.4916641045926793	1.0	1.436453576864536	1.2149136931447533	1.049099332412523	0.9028668534382128	0.7632233923871042
AF351855	0.6559731012658228	1.27898560969976	0.9025244149622259	0.3145836523478934	1.054931258661527	1.4168424079754605	0.9785251999391802	1.0	1.0717677384344053	1.4156304173808274	1.345563777921311	1.1853185865954583	1.260637445783006	0.8669719671073673	0.4657607076926176	0.40895752937738683	0.6691153903253046	0.912587187967817	1.2118153101240123	1.341167927936214	1.2346580902390905	1.0320609005260237	0.5771655708538593	0.4941929808011756	1.0415104338101453	1.093687610832842	1.0	0.7950627781341386	1.0017238703745144	1.0	0.7978856586451524	0.6254825348483366	1.2124439084759433	1.0837994759317502	1.44670047502001	1.0	1.3547384565708753	1.1835220209498818	1.0673162811813592	0.8648741531678541	0.770413324953307
AF351861	0.7528610051479575	1.1755710052681192	0.9593823897621365	0.44511619983062556	1.0488261497179612	1.3083498914098237	0.9823452347769024	1.0	1.0313237502681827	1.3672687577781795	1.2985305081914311	1.2106301918173659	1.26023349290862	0.7927494327110386	0.4675049234964398	0.40618760346736127	0.6459225261293166	0.9249774615628272	1.2600132873946879	1.4556425525694126	1.2119463241940889	1.0792568160579397	0.5634184414814708	0.3996780670152923	1.126397016296397	1.1716376067348444	1.0	0.7728371858353817	0.9187190390832599	1.0	0.743161917800405	0.5806317015055563	1.2181366759188172	1.095354616465085	1.5201801715681142	1.0	1.4584587980830401	1.1296529533360251	1.0593027734976888	0.8169595544707051	0.7500211234828695
AF351862	0.7279730380356284	1.141109768253161	0.9328358208955223	0.3865419925790591	1.011411179488433	1.337313432835821	0.9123610659287771	1.0	1.0504201680672272	1.5026975389095507	1.3601051515203222	1.1968299550337766	1.2085450275493115	0.8505087869795981	0.47193992440189875	0.40779073911799035	0.5773718342446987	0.9364084636282406	1.2751018130655705	1.387877803569275	1.1475623345952513	1.1061277931975642	0.5785478551518218	0.46369197898024805	1.1936134357445831	1.2390837834617974	1.0	0.7243638303120363	0.9505833490838043	1.0	0.6840934371523915	0.5724566086533277	1.2592527675265757	1.073842785288014	1.4830902754592996	1.0	1.5264449064449062	1.2039807654191943	1.0487972111921693	0.8443482132313516	0.759638853515179
AY039227	0.715	1.1079576657388173	0.9393258426966291	0.4290751033170074	1.024386553825305	1.3496932515337423	1.05611680429868	1.0	1.045	1.2287925155563844	1.2547175405742819	1.2329276068171269	1.2456556548276942	0.8202780452644796	0.470575619288191	0.44775880424485254	0.5352704757407472	0.8878563657955271	1.3136096940605853	1.4413822464143449	1.173483211224576	1.1379248742814134	0.5274249428436847	0.46899653099771793	1.2228255942142865	1.0538030776498855	1.0	0.7125634597458061	1.1032491811145033	1.0	0.776278409090909	0.5622206700042899	1.2325188987288194	1.01786774836291	1.3536110417997709	1.0	1.4285654256660223	1.2151178590883769	1.0852525252525254	0.8700363675839983	0.7904080203974612
AY039228	0.7079207920792079	1.1935563073168303	0.8953841901603093	0.3850672473998719	1.0135230911577366	1.3664596273291927	0.9812404790794624	1.0	1.0780975962034456	1.4265972365193202	1.3364704288146572	1.19949650382522	1.2514296044213198	0.8017023985709493	0.47188236969975145	0.37462949511565063	0.611067841649496	0.9375186153489755	1.2868269594444155	1.3877749805532464	1.2068816551466468	1.0581475963630795	0.580478741765891	0.46709225917262653	1.1286779851692228	1.1559576155042302	1.0	0.7226092991098144	0.9557809598088051	1.0	0.7420117011701172	0.5580467555987888	1.2547916324736414	1.0665171869400563	1.5155386175651497	1.0	1.4874500127626988	1.1767826889190156	1.0478095720435554	0.8337784855545454	0.7797926285789056
AY039229	0.7017895596643648	1.1654184816564035	0.9085205992509362	0.3100682098579818	1.0120520769915458	1.3688633754305395	0.9627928605148892	1.0	1.0680362116991646	1.5027593155477983	1.2674353059265198	1.1864330376633416	1.2568315804329329	0.8255637260209092	0.4719144451292628	0.4666959266326396	0.5854808106473234	0.9395290758553421	1.2881563326385614	1.4683111646643394	1.2134018544219423	1.077458140332695	0.5169684786898917	0.5694946677516424	1.1190127137436554	1.1756210728513552	1.0	0.7691590222489714	0.8644804244133437	1.0	0.752444673185795	0.5797018920325075	1.2579208599103395	1.0899535938838525	1.5005859133675938	1.0	1.4273596673596671	1.1953705321584285	1.0460351427049768	0.8326370917748503	0.7221085094631676
GU644652	0.6838963198065443	1.1728211875010406	0.9456061227278941	0.3856942918213763	1.0234438502960062	1.3924383150389341	0.9032703929478051	1.0	1.0411752534657563	1.5078888049683807	1.285824391356086	1.1274759834855976	1.2095592217254056	0.8548665244113517	0.46742625529022097	0.36982175396775746	0.682456685681568	0.9827573482346396	1.3751061305220502	1.3415593138981234	1.2169683887764866	1.0872437866316602	0.5220092061973628	0.4645796973379247	1.1258820962595564	1.1519682195442014	1.0	0.7658348079006776	0.8693111745543014	1.0	0.7246418836629356	0.6188289992244107	1.2502164491281424	1.084716851152445	1.5450226358905135	1.0	1.4555748759489378	1.175605608169147	1.0134156661213825	0.8404783748732331	0.7248611599353926
GU644654	0.7323232323232325	1.20340263519002	0.9001710824432423	0.3843037835853425	1.0126546669788685	1.3387784090909092	0.9781102336383035	1.0	1.0738346841763278	1.4191583375616257	1.3323748000775257	1.205319723960932	1.211613226316244	0.8063374113972095	0.47290448300850196	0.3767878276364167	0.5715062259458507	0.9406343260201103	1.3114768224762303	1.3908780865474146	1.2029000698812018	1.0448592103432532	0.5837718699812838	0.46964159139005834	1.1348832110969387	1.1203439931046677	1.0	0.7199784981147217	0.958855094739399	1.0	0.7402918069584736	0.5550550796400812	1.2528707162870205	1.0724954822592911	1.5118534413499332	1.0	1.4363441780821915	1.2345866116019675	1.0450673416754226	0.8630068731080007	0.7754790660205793
GU644655	0.7351485148514852	1.1935563073168303	0.8953841901603093	0.3850672473998719	1.0135230911577366	1.332298136645963	0.9983550476791795	1.0	1.0780975962034456	1.4265972365193202	1.3364704288146572	1.19949650382522	1.2514296044213198	0.8017023985709493	0.47188236969975145	0.37462949511565063	0.611067841649496	0.9375186153489755	1.2868269594444155	1.3877749805532464	1.2068816551466468	1.0581475963630795	0.580478741765891	0.46709225917262653	1.1286779851692228	1.1336342651567732	1.0	0.7226092991098144	0.9557809598088051	1.0	0.7420117011701172	0.5580467555987888	1.2547916324736414	1.0665171869400563	1.5155386175651497	1.0	1.4874500127626988	1.1767826889190156	1.0478095720435554	0.8337784855545454	0.7797926285789056
GU644656	0.6567164179104478	1.1994081968880315	0.8987376889998613	0.387025423525228	1.0134864026126855	1.4259259259259263	0.9517458873101332	1.0	1.0751028806584364	1.4322300024169097	1.3435609446660202	1.2203355869597952	1.212293792505338	0.7723995149039842	0.4716241495585449	0.37241654453672035	0.5707723320195682	0.9400832108423227	1.3163816967920534	1.3691274144824608	1.2130070099624561	1.0512999005722496	0.5823382904167432	0.46442181489347667	1.122102403492538	1.1932904800196011	1.0	0.720200066155265	0.9495517055427177	1.0	0.7449118046132971	0.5442757596847644	1.255849352072975	1.0576618015950996	1.5377030156315505	1.0	1.47843734145104	1.2052081538936872	1.0455492424242425	0.8412953916300276	0.7936805428984326
GU644657	0.689832837188001	1.1558238909428988	0.9333333333333332	0.4381752012347985	1.0445556317900109	1.377718906860011	0.9470421650822126	1.0	1.05	1.373960093041961	1.3168007743259635	1.2200976745286731	1.3434939808902135	0.8575796061313078	0.4058452223640694	0.4021496877668868	0.587180221593785	0.9296378418329638	1.2175674489144317	1.3565304451521731	1.1875758013262308	1.1244511093746856	0.46238299069512395	0.44623214446919096	1.21188705702921	1.2041250831791177	1.0	0.7483238863843038	0.9701835440324679	1.0	0.6846233111976185	0.5592419010763574	1.2497064723893994	1.0575201288244764	1.3608081225972053	1.0	1.4800209880529547	1.1900210690719326	1.0557488957301568	0.8872222222222224	0.9050518429767886
GU644658	0.6880995888533575	1.1768227632953545	0.9143258426966291	0.439436046941678	1.0388707755897448	1.381958041958042	0.9445325238869599	1.0	1.0630165289256197	1.3649382521230065	1.3432620686823216	1.2337065908064473	1.2007029597046652	0.7327272244498286	0.40830651365293485	0.3676017515646271	0.539346147085737	0.9372430802959715	1.324283513107538	1.3657720178161383	1.1831882082477163	1.0906313500879985	0.49266556852813614	0.4478908996365834	1.2147515642252482	1.2071880386419211	1.0	0.7239973111672211	0.9702607292519746	1.0	0.6823606669712196	0.5535024121337536	1.2508164176711432	1.0592027430294448	1.4582908592189288	1.0	1.4819028340080973	1.2216209572015713	1.0487643129190447	0.891407838656584	0.896934213072194
GU644659	0.7081182192293304	1.176739482718626	0.92824654228163	0.385694889358472	1.0067835488289039	1.3659817994183319	1.026525225051504	1.0	1.0531655146325527	1.4231005753845802	1.4223059991426226	1.2676121290539186	1.0850177052520746	0.7959891564674677	0.4745822910694262	0.33749753134555066	0.45449912493717526	0.8892460607946662	1.3544078723302022	1.4463219978246715	1.2037131808860855	1.0537713852176027	0.5833651246003598	0.46670189675301366	1.12525360367694	1.1755437737348315	1.0	0.7210408041463536	0.954054691642044	1.0	0.6807719596991629	0.5206449766735832	1.2595854360619048	1.1120599282138866	1.4906015843544593	1.0	1.5333863275039743	1.2312445297731398	1.0838832940504253	0.8202751050033822	0.7796567472796174
GU644660	0.6840796019900497	1.1591515810427437	0.9140358070247369	0.38557390793891266	1.0197351345508772	1.3919753086419753	0.9690919517968172	1.0	1.0654390345401583	1.4396552533045186	1.3720816794748967	1.24766563699203	1.1505836797354199	0.825913843092955	0.4685133807859817	0.33593586123127145	0.5615876768038006	0.9299383902929937	1.3634550793206126	1.4002304685275706	1.2144784362691299	1.0968878366578467	0.5735450522732162	0.4639635415451376	1.1228429129617836	1.171784530277363	1.0	0.7278804880616587	0.9532416347191	1.0	0.6862812374907075	0.5275523290904459	1.2540618215170916	1.1421262610373237	1.491482398562006	1.0	1.5314064064064064	1.217639231773758	1.054666751787538	0.7846475589238447	0.7700552290428812
GU644661	0.6840796019900499	1.13020737407235	0.9242675511332226	0.412093985701318	1.0150554411494117	1.3919753086419753	0.9517799383504285	1.0	1.056535644279377	1.4649695288796682	1.343367635601814	1.2078968581455451	1.2515649317901227	0.8512677827712043	0.47083775185577953	0.3723729360946268	0.610872868710756	0.885434247829588	1.287079520271987	1.3878972343819507	1.2133765136581245	1.1278576998702867	0.5801172917916327	0.42929385016538807	1.1222883597883597	1.1934604571568266	1.0	0.722106067623561	0.9125849555964363	1.0	0.7140161262652256	0.5622492006856907	1.255386138421671	1.0752834413947543	1.3964543637632896	1.0	1.487696029362696	1.1766167193768349	1.0876635435131259	0.8407502510902459	0.8638783081498979
GU644662	0.6875	1.1382418557324492	0.9174211248285323	0.3875351470104435	1.0197574341333455	1.383435582822086	0.9417364572141734	1.0	1.0624546114742193	1.4453151764821606	1.3205330383361074	1.2358986196792747	1.3131125715628889	0.9164162505275429	0.46824555202073764	0.4061471896188604	0.5862588527367121	0.9324464153732446	1.2405324960333666	1.3817792912969973	1.2206793860884257	1.12372086196609	0.5506665114929284	0.46132506608808416	1.1163469462503435	1.2057848399985138	1.0	0.7441358827900766	0.9470275409590982	1.0	0.6889655172413793	0.5383889530108459	1.2550561688089872	1.0854689192116094	1.4235342635690262	1.0	1.5222599900514013	1.19724795076037	1.0523682200152789	0.8287827411666422	0.7840625754660716
GU644663	0.7027548823048934	1.131675769709932	0.9259259259259259	0.38661232558214653	1.0152907446774293	1.3665415255013276	0.9782338678991356	1.0	1.0563380281690142	1.441677608098018	1.3739978748158912	1.249311659189237	1.1558825560268033	0.8287296979997277	0.4698565720835074	0.33430452606871475	0.5677562318093674	0.9313385144870733	1.3692684240436153	1.381728775290257	1.1300730145568454	1.1232537955439572	0.5679383755867969	0.46208907547300354	1.2425302135707368	1.1543701452973831	1.0	0.7203163605645447	0.9498047968698001	1.0	0.6939720004628022	0.5278345958074744	1.2586534729440948	1.1348325382084807	1.4956059362636847	1.0	1.4877720816875368	1.2147770869342727	1.053379894753134	0.8087636932707354	0.7885792478454133
GU644664	0.6882737145895041	1.1432108139539223	0.940631808278867	0.3872865979058841	1.025143160561967	1.381530024168061	0.9435748050557996	1.0	1.0453599667082811	1.284017923534695	1.3043455682224037	1.260982631729779	1.30271573526031	0.723475020192901	0.46592326798645806	0.36981006347231254	0.6012818331648521	0.9279972017026928	1.2966511088882509	1.4538559117556942	1.224333011478729	1.1259361333608757	0.47722438029547176	0.4607200415674445	1.1166419696164243	1.2055691338016434	1.0	0.8002825328878695	0.9475078540894588	1.0	0.6519459568461384	0.5161817771789811	1.2524109444470382	1.0967359467006614	1.5641843971915985	1.0	1.57909136129995	1.1861665731028483	1.0564664858581945	0.8151658578866201	0.7864327982871189
GU644665	0.6599999999999999	1.1158897493471973	0.9242675511332227	0.3882623950875802	1.0166199542888605	1.4171779141104293	0.9738772891050843	1.0	1.056535644279377	1.4415839904381278	1.3324952188916142	1.2613850462733882	1.1741029539081818	0.8377278449868033	0.46979313401180733	0.3733881370116614	0.5360513809433632	0.9375186153489757	1.3647310663027643	1.3880133954129625	1.219939272398599	1.14918742744886	0.579763493814624	0.4615527835999562	1.115978603704073	1.164354944366264	1.0	0.7216123567281284	0.9451937359046406	1.0	0.7098579545454545	0.5225704826857074	1.2559509190722984	1.0930583939484924	1.4864268621821317	1.0	1.5207677002155529	1.2321623657945577	1.0478095720435554	0.8124147941411991	0.7795061647612874
GU644666	0.685785536159601	1.1615972039573248	0.9174211248285323	0.3867318331144772	1.0189645693363711	1.3876923076923076	0.9714962611632406	1.0	1.0624546114742193	1.4110418277681895	1.3758029552973141	1.2522160929243775	1.1550069188527083	0.8297012602380525	0.46876399198774604	0.33496942916891764	0.5637596954533438	0.9324464153732446	1.3599418359747044	1.3817225172347725	1.1713563292511064	1.0929269596739954	0.5755449807384982	0.46269645090681677	1.1732453611961808	1.168143033723297	1.0	0.7256978216834522	0.9868218592072062	1.0	0.6875053744947975	0.5259170202842589	1.2547780087644815	1.1265020576131686	1.4896699911470124	1.0	1.5264449064449062	1.2144197696626813	1.0523682200152789	0.7981424148606812	0.7841366697778707
GU644667	0.6865530303030303	1.1366800004513646	0.92574166206007	0.3879210993272812	1.0180623178468038	1.3857808857808858	0.9732523628412447	1.0	1.055281207133059	1.3874375178180112	1.3200444156031435	1.1845740349104963	1.2512246253052282	0.8511222223814376	0.4695053605010712	0.4072875311291924	0.6111165515005459	0.9380691783974703	1.2828709512021217	1.3880013355736196	1.283364591571574	1.125016399731425	0.5158525666851029	0.4625408789881396	1.0447094821346317	1.1672491118296542	1.0	0.7688529558970016	0.9464464242772945	1.0	0.6589942528735632	0.5798398759742102	1.2538911398030437	1.0755604342779426	1.4741759513479091	1.0	1.5241995841995841	1.1741597458270836	1.0473218390804597	0.8637583282418319	0.8207474363798096
GU644668	0.6599999999999999	1.1374202028476226	0.9496076001652208	0.38789718603293666	1.0181909767314512	1.4171779141104295	0.9566274528652973	1.0	1.037864680322781	1.4434412785808781	1.3501314330010752	1.2198151389323677	1.2469376659923237	0.8464525960300607	0.46901646646982065	0.37009891567714764	0.6278030149107807	0.8830301381756637	1.2907224130114485	1.3630925903511293	1.2203098823927572	1.1227315686431545	0.577559725026762	0.4614383234008834	1.116163050270591	1.1865732888180567	1.0	0.7235273776544163	0.9461060206146525	1.0	0.688735632183908	0.5520821655675717	1.2554981038525945	1.069875529054252	1.397194454204429	1.0	1.5215138451334769	1.1647436580691461	1.0900880311494836	0.8422915375498204	0.8829247879465845
GU644669	0.6823821339950372	1.1542856199439193	0.9208316122814263	0.3854967076626274	1.0158464775556477	1.3962848297213624	0.9985574989738059	1.0	1.0594868611628387	1.4321656137796288	1.368917942734536	1.2567042460629254	1.159269460082367	0.8345639188580248	0.47057756822921387	0.3370305659933776	0.5340638180417736	0.9349730874801142	1.3560845729686681	1.384700599655783	1.273833629851585	1.097895355004521	0.5780903064247863	0.4655790044231826	1.0508580076767549	1.1334637098716507	1.0	0.7242720392934203	0.9540343984275635	1.0	0.6843786543452839	0.5239866654100069	1.254640588039788	1.0985065862511476	1.4887671273459255	1.0	1.5341394025604551	1.2356457951784616	1.050082529202641	0.8219543818113122	0.7819921214872997
GU644670	0.6599999999999999	1.139063365505536	0.9711630449637829	0.38717624682972573	0.9823087465572405	1.4171779141104295	0.9889185788368684	1.0	1.0219517270079068	1.4472057555095383	1.3791783133268556	1.2108706412427768	1.2375386422768593	0.8383303975431042	0.5453937148067133	0.37001722841502155	0.6227924591883269	0.8782751463878276	1.2645512815436195	1.37872205787481	1.2210477884317972	1.1584490021993774	0.5731971488519623	0.4612129983454742	1.11653029410497	1.1458187908703377	1.0	0.7273857236148458	0.947958338041235	1.0	0.6891954022988505	0.46850195539044504	1.2546250566839536	1.0603628118238844	1.4850627133260963	1.0	1.5230061349693251	1.1707353779259853	1.094977868573374	0.846100348200407	0.87227854018802
GU644671	0.7351485148514851	1.1372317008160462	0.9277292273546954	0.3854341167503092	1.0119605207835094	1.3322981366459627	0.9640919737668402	1.0	1.0536008230452676	1.6095083262409209	1.3840490390025812	1.2396332357150215	1.096392430809802	0.7134331862508121	0.472672679828899	0.31521945798915285	0.6135513596726784	0.9400832108423227	1.4019889329159807	1.3435924084824435	1.206514349238821	1.1147337281271013	0.5827017621378601	0.4672093727499579	1.1284910614281347	1.1781099502883798	1.0	0.7207029253803454	0.725950770148695	1.0	0.6824854899283032	0.5399360619616181	1.2552542771013586	1.1146102115111876	1.5391012627815783	1.0	1.5368893738458955	1.1737910256983406	1.0455492424242425	0.8140991523753203	0.8575658540293148
GU644676	0.6983153539234521	1.17888776846815	0.9051305970149253	0.3085556801525812	1.012081439817048	1.377339309643732	0.9895996929278771	1.0	1.0710195530726256	1.4967313418265176	1.2607647957505992	1.2066110125630298	1.251903081253379	0.8222155682717297	0.4721730209455949	0.46943706348557945	0.5832336686495974	0.9369650437592322	1.2913075640168288	1.464667228272259	1.316076098849777	1.059602493695125	0.5796005702021687	0.5727182412706905	0.9967533065857922	1.1417366224095418	1.0	0.7236064542553142	0.8702409671550829	1.0	0.7494878798224649	0.5629971064232024	1.2568716610399464	1.0855776107678419	1.5025519661866764	1.0	1.435904945192871	1.1986431756874352	1.0483013532309253	0.8348874197082803	0.7244007384851161
GU644677	0.6503145122268954	1.155096993947135	0.9036847014925373	0.3723987520517361	1.0129651088114182	1.4288192067187002	0.9487943011163568	1.0	1.0723039215686274	1.5105741046030632	1.2713178730900296	1.2052219340056503	1.2525739612919757	0.7911251004200477	0.47089242882281923	0.4641070898886854	0.5826228585869797	0.9364084636282406	1.2961837466215251	1.4650474029804943	1.217439029270606	1.090580269789338	0.5781957640109947	0.5665317055879124	1.1129992438000418	1.1912026651099636	1.0	0.7238693408120711	0.8619119439009786	1.0	0.7837303293490412	0.5644334343907657	1.259818900588663	1.0708315257960004	1.464882022651841	1.0	1.4210265311182744	1.200684679715227	1.0487972111921693	0.8206124031178326	0.7260527702268961
GU644684	0.706945694569457	1.1936989866262373	0.9257416620600701	0.3847274289024907	1.0149711556263215	1.3688284716322099	0.9805957700552265	1.0	1.055281207133059	1.4246777931405206	1.3356095009241353	1.1655179801513689	1.2070576061935614	0.8314367044839119	0.471591718453908	0.3755995587550531	0.6115063523305379	0.9380691783974703	1.3150552791597567	1.387759946133969	1.2064885733856403	1.0865950245048364	0.581361273701328	0.4681099242091757	1.1318265624006612	1.0976358650551301	1.0	0.7216230938059541	0.957077799786425	1.0	0.7420679567956796	0.5570396671746853	1.252718384636841	1.0673758075295166	1.4910434561324135	1.0	1.4484701062604022	1.2603884628524205	1.04732183908046	0.8882976422236643	0.7776502916401502
GU644689	0.734135913591359	1.2030981912453416	0.9257416620600701	0.3847274289024907	1.0149711556263215	1.3346077598414046	0.9882746255777767	1.0	1.055281207133059	1.4246777931405206	1.3356095009241353	1.1737258532510264	1.2070576061935614	0.8314367044839119	0.471591718453908	0.3755995587550531	0.6064104660611167	0.9380691783974703	1.3150552791597567	1.387759946133969	1.2064885733856403	1.0700093805426842	0.581361273701328	0.4681099242091757	1.1318265624006612	1.0950599346696102	1.0	0.7216230938059541	0.957077799786425	1.0	0.7420679567956796	0.5609624817322535	1.252718384636841	1.0673758075295166	1.4910434561324135	1.0	1.4484701062604022	1.2498852256619837	1.04732183908046	0.8882976422236643	0.7776502916401502
GU644690	0.7086999022482894	1.2065068267273784	0.9257416620600698	0.38552058541803247	1.0157318399515458	1.3645774515339733	0.9737845244333241	1.0	1.055281207133059	1.428400110536122	1.3390503536548208	1.1736997972599525	1.2071268791237408	0.8310868231090698	0.47107012896569883	0.374461928363404	0.606313696949811	0.9380691783974702	1.3151842037798127	1.3878225770881796	1.2097269941178026	1.0669538734329989	0.5811781433643147	0.46670469152529626	1.1286021406553937	1.1138663266771105	1.0	0.7213692293346107	0.9543994164415882	1.0	0.7436273404015338	0.5610983094009037	1.2530227071799696	1.067083789359497	1.4907494069812324	1.0	1.4444397175189314	1.249802807303235	1.0473218390804597	0.8881285600980603	0.77758276249184
GU644695	0.7086999022482894	1.2065068267273784	0.8968122351206925	0.38552058541803247	1.0157318399515458	1.3645774515339733	0.9737845244333241	1.0	1.07681755829904	1.428400110536122	1.3390503536548208	1.1736997972599525	1.2510269440166677	0.8017957783329503	0.47107012896569883	0.374461928363404	0.648384592472199	0.9380691783974702	1.2825030443595227	1.3878225770881796	1.2097269941178026	1.0669538734329989	0.5811781433643147	0.46670469152529626	1.1286021406553937	1.1138663266771105	1.0	0.7213692293346107	0.9543994164415882	1.0	0.7436273404015338	0.5610983094009037	1.2530227071799696	1.067083789359497	1.5125549625367878	1.0	1.4444397175189314	1.2184833628587906	1.0473218390804597	0.8881285600980603	0.77758276249184
JQ685925	0.734135913591359	1.2030981912453416	0.9257416620600701	0.3847274289024907	1.0149711556263215	1.3346077598414046	0.9882746255777767	1.0	1.055281207133059	1.4246777931405206	1.3356095009241353	1.1737258532510264	1.2070576061935614	0.8314367044839119	0.471591718453908	0.3755995587550531	0.6064104660611167	0.9380691783974703	1.3150552791597567	1.387759946133969	1.2064885733856403	1.0700093805426842	0.581361273701328	0.4681099242091757	1.1318265624006612	1.0950599346696102	1.0	0.7216230938059541	0.957077799786425	1.0	0.7420679567956796	0.5609624817322535	1.252718384636841	1.0673758075295166	1.4910434561324135	1.0	1.4484701062604022	1.2498852256619837	1.04732183908046	0.8882976422236643	0.7776502916401502
AF351845	0.715623572407492	1.3808150124774268	1.179996253980146	0.44060079041116257	1.163832427523354	1.3482517482517484	1.192396408895201	1.0	0.8550746493741517	1.0702710906663608	1.4344673771911727	1.3951305734365624	1.1552073877163893	0.9499170763272227	0.4919216292777616	0.30650757809836543	0.40326348151555336	0.8318406703963513	1.1568487560924439	1.5886617130196683	0.9899339193101818	1.2597977959641005	0.7393870112033396	0.5530600713119592	1.3140197837973207	0.8768157857909225	1.0	0.7793543953287856	0.9172954160385891	1.0	0.7646377957201739	0.369388757228337	1.1044213071721511	1.020612423680132	1.2494147825205186	1.0	1.2239085239085241	1.3649778870586515	1.1412246286970713	1.0096286006931785	0.7311436773215707
AF351846	0.6960467620366098	1.2795396628739923	1.1865685719675532	0.4456128255838515	1.161999835547559	1.3629017447199263	1.1697286527200337	1.0	0.8512781954887217	1.0815215527477542	1.4032187820791062	1.354153198780922	1.0973877670143135	0.9566935074105617	0.49158789574210504	0.3587675327460274	0.44369485132360653	0.8356406975604458	1.2083166050539322	1.566035881398532	1.0005692536805595	1.395741046379529	0.7429610938632214	0.5463060926066274	1.2954594826026748	0.9447048712430496	1.0	0.7744631036972712	0.9026151249172942	1.0	0.7338409475465312	0.4070960457837833	1.1077369531881107	0.999164635076301	1.2481847439350433	1.0	1.331203931203931	1.2603942030275843	1.1364704930971576	0.9581190454308732	0.7505657362443946
AF351858	0.6960467620366098	1.2829194710040162	1.2150294464075382	0.43814131739921874	1.1909475109432843	1.3629017447199268	1.181235917765418	1.0	0.8241233140655106	1.0994630159588563	1.390784752941513	1.4043240742595862	1.15346648808721	1.0216849634649772	0.4885972541061742	0.35560939783236123	0.43743822812165345	0.8507468399910009	1.1451438910102052	1.5628467208972106	1.0653891750623374	1.390555737413109	0.7249436538793627	0.5205377785307878	1.2966161655425437	0.9434601905754916	1.0	0.7839211874904695	0.8788091374794434	1.0	0.7426567045000856	0.36455048258612616	1.0782039792047666	1.0014779893575294	1.2386188705665786	1.0	1.2582535885167463	1.263683842640409	1.1287862379121112	0.9752514595252466	0.7215285087922861
AF394883	0.7182430364248545	1.2899045960456164	1.211415995504776	0.5180682165240228	1.1302909713048206	1.342256925079011	1.1735416599893154	1.0	0.8302631578947368	1.0745617962199758	1.4231391463419931	1.337849062601677	1.1296057528840804	0.9496507781585459	0.5606457772762782	0.3272121065697906	0.444999394358906	0.8323312107271832	1.1732444141521925	1.5581937402255386	0.9950375658770538	1.383334802458309	0.7172103161725603	0.44639071746647996	1.3102502111682865	0.9040903971125294	1.0	0.7966202732804645	0.9135615070854435	1.0	0.7394733855408013	0.3686336785128412	1.1030616990353672	0.9894117305400438	1.307662845330264	1.0	1.2615652462278226	1.3285681295886154	1.1406048122895678	1.0323015093876549	0.7534811325518853
AF394884	0.7174261506755211	1.2846285609173327	1.2138157894736843	0.5177663662218286	1.163045880157409	1.3441160066926938	1.1712394598877023	1.0	0.8289473684210525	1.0722637135857345	1.420439283638276	1.3408584715247744	1.1340962846677132	0.8963235061433424	0.4921441241685145	0.3274080316411605	0.4657189954435956	0.833980044345898	1.1740656200941912	1.562312231049748	0.992337699329577	1.3818263427472701	0.6696117564468757	0.4470579621250251	1.3100642018363415	0.9043703416247015	1.0	0.8347024254753511	0.9131081650812546	1.0	0.7376107321767187	0.4155451470485458	1.1049512361835854	1.0123229679802956	1.2938879230724603	1.0	1.2615652462278226	1.3125126812817716	1.1385347935514591	1.0170135467980292	0.752211762621769
GU644712	0.6950853714813106	1.2822793855524799	1.179996253980146	0.4444884808192599	1.167004535769163	1.3651561204752694	1.1475810517645573	1.0	0.8550746493741517	1.0818195643144373	1.3727268133098525	1.3956696645106337	1.1301485773691762	0.9485440682230659	0.4897917636568796	0.3947587194836255	0.4446373335483425	0.8318406703963512	1.1775895293236935	1.558038725970715	1.0008554239518705	1.3901030179946514	0.7386960254054113	0.546520149656513	1.2995076343340624	0.937080080259054	1.0	0.7782416904049013	0.9071661693344367	1.0	0.7426281868476586	0.36924374451545844	1.105317930098447	1.019630708132212	1.2483132188252835	1.0	1.252238560749199	1.3310165789938353	1.141224628697071	1.0087393604995216	0.7550715431930995
GU644713	0.7237258076952733	1.2741439311548741	1.1676868327402135	0.4451687715870368	1.1925207685600347	1.330017500230266	1.149748021107111	1.0	0.8653714285714286	1.058647701158878	1.334628636705406	1.3716204761571107	1.160993024018079	0.9052400314132402	0.4889698653052529	0.3912498929780982	0.48640706229489805	0.8323312107271834	1.1635826889438448	1.592364011945828	1.0032924513976453	1.4271306853621628	0.7918178902745788	0.5461836111834089	1.2994042021525816	0.9366811311935598	1.0	0.7695480496414075	0.8856353565350241	1.0	0.7442605140520913	0.41606966384053806	1.075413487360367	0.9887674797117213	1.2804692846913794	1.0	1.2515402940934857	1.2948396005296987	1.140604812289568	1.0315625931314973	0.7155613920204232
GU644714	0.6923667050249328	1.2824372525113523	1.2278539659006673	0.44200490638761464	1.1727593872670539	1.3716059679362433	1.1768054467334714	1.0	0.813514333383892	1.0801462787063854	1.3971748878427526	1.383241408332323	1.1582448257400964	0.9367063543762351	0.4878146632938801	0.326147560962021	0.500499696000564	0.8260022068850649	1.183116773979823	1.5665339157919582	0.9986910924272271	1.4011319437724876	0.7320473211000533	0.5478558798455088	1.3074861402378863	0.8613013981405168	1.0	0.7845286738138378	0.915959830587553	1.0	0.7418290428104111	0.37185282794361046	1.1024435747655799	1.0083318939865515	1.2501128477343322	1.0	1.2603107694850813	1.323009933436993	1.1487449692702292	1.0133610717269932	0.7465346639421786
GU644715	0.6933256616800922	1.2776450610018197	1.1546052631578947	0.4439178486225106	1.164625326293481	1.3693181818181819	1.1771961307729844	1.0	0.8763157894736842	1.0780330207694429	1.3985663281865812	1.4002163860102768	1.1342046049188905	0.9531579550039566	0.4910753880266077	0.3607142857142857	0.44625505036510693	0.833980044345898	1.1742605965463109	1.511480067145915	0.9977965307079232	1.3925625889472013	0.741531243245167	0.5486718917720824	1.302809870203965	0.8992009405388172	1.0	0.7763333711164652	0.9080533884398143	1.0	0.740776560944389	0.3682005209555219	1.1053998632946003	1.024053263546798	1.2473169317915644	1.0	1.254861568885959	1.3277603492436794	1.1385347935514591	1.0067918719211821	0.7925148401377654
GU644716	0.6950853714813106	1.2922971932521086	1.179996253980146	0.4444884808192599	1.167004535769163	1.3651561204752694	1.1691511376185166	1.0	0.8550746493741517	1.0818195643144373	1.4020773274319402	1.3717586368553436	1.1301485773691757	0.9485440682230659	0.4897917636568796	0.35960947156842016	0.4819904043660241	0.8318406703963512	1.1775895293236935	1.558038725970715	1.0008554239518705	1.4014973050273944	0.7386960254054113	0.546520149656513	1.2995076343340624	0.8880553998091697	1.0	0.7782416904049013	0.9071661693344367	1.0	0.7426281868476586	0.37182586860297917	1.105317930098447	1.019630708132212	1.2483132188252835	1.0	1.252238560749199	1.319640368916965	1.141224628697071	1.0087393604995216	0.7550715431930995
GU644717	0.693325661680092	1.2766138827821176	1.1884550084889642	0.4443293188715532	1.1630475397260118	1.3693181818181819	1.177107437641724	1.0	0.8502024291497975	1.0771602212886875	1.398710056447211	1.4049363808292121	1.1383438493978422	0.860922693885806	0.491831930636022	0.3607457561482927	0.4478505612111671	0.786950356997101	1.171047461970949	1.566090828582274	0.9974888045841732	1.3914103482838118	0.6947299836818364	0.44469072904506174	1.3025173032458108	0.8990785718644408	1.0	0.8134953900708631	1.0243819416045328	1.0	0.7405205518418432	0.3671282041888979	1.1057052319078353	1.028264180431463	1.322810096695362	1.0	1.25416117336849	1.3243913879230507	1.1766389518243132	1.0046395330043827	0.7488991343828754
GU644718	0.6933256616800922	1.2776450610018197	1.2138157894736843	0.4439178486225106	1.164625326293481	1.3693181818181819	1.1771961307729844	1.0	0.8289473684210527	1.0780330207694429	1.3985663281865812	1.3666598383912292	1.0929042386185241	0.8816947383425693	0.4910753880266077	0.3607142857142857	0.4850481538133828	0.7849223946784922	1.2073008895866038	1.612713665889887	0.9977965307079232	1.3925625889472013	0.741531243245167	0.5486718917720824	1.302809870203965	0.8992009405388172	1.0	0.7763333711164652	0.9080533884398143	1.0	0.740776560944389	0.39504575905076	1.1053998632946003	1.024053263546798	1.2687455032201358	1.0	1.254861568885959	1.2967258664850585	1.1794707843003875	1.0067918719211821	0.7520214006401764
GU644719	0.693325661680092	1.2938897856265867	1.1758118701007836	0.44310514073645435	1.1677619551418443	1.3693181818181819	1.1773784400901972	1.0	0.8575317604355718	1.0585250123716603	1.3982915984327613	1.295670239077667	1.2080355791584152	0.9446522851169438	0.489578399459043	0.3606541314721799	0.5258195738848289	0.8297164693116951	1.1142937241426882	1.6366544332606923	0.9984092556928785	1.376938411497176	0.7362159742615294	0.5476123837721112	1.303392411207794	0.8994453880914687	1.0	0.780704003324632	0.9366479250926417	1.0	0.7412885791494809	0.4475113674953556	1.1048161656726356	0.9964734133612234	1.2498834866806272	1.0	1.2562623599208964	1.2675309106835853	1.1439299226653594	1.0267554456447494	0.6915617842542975
GU644720	0.7192378328741966	1.2902669360779164	1.2052071668533033	0.442131545159628	1.1669607316154305	1.3400055601890466	1.1743927500483515	1.0	0.833711433756806	1.0769134194456345	1.3946569177677028	1.3318021931426596	1.1669752000530476	0.901680099944591	0.49010897768552153	0.36173422920816356	0.5037510084705141	0.8297164693116948	1.1474274103236586	1.636843272170679	0.9956708183109363	1.3805213253008803	0.7363866399949573	0.5492407044712567	1.3070097098718216	0.9020228697145822	1.0	0.7809805995132914	0.9138414904108125	1.0	0.7397003745318353	0.41815642340202136	1.1045954093938746	0.9846123226299931	1.285257238006705	1.0	1.2596082320852964	1.2855765270340285	1.1439299226653594	1.0367881448124068	0.6915928517084673
GU644721	0.6923667050249328	1.2682587439952957	1.1818692639070987	0.44320744841925885	1.168066845820603	1.3716059679362431	1.1765258076624623	1.0	0.8539849624060148	1.0774524664617324	1.3682949814424208	1.3971155656220788	1.129659613571925	0.949307799534766	0.49003332517957987	0.36159882792812365	0.44496581100308513	0.8323312107271832	1.2063820026778849	1.5580868157170105	1.043920624616827	1.3332534452848934	0.739950822599119	0.5494315139114327	1.2538038203918678	0.9014987335071193	1.0	0.7779455249407897	0.911025053364752	1.0	0.7410610155027735	0.43123087231342666	1.1032855691081631	1.0206732350191212	1.2461868559855962	1.0	1.258203157285726	1.3284333164031061	1.1406048122895678	1.0067842680083445	0.7533857021372647
JQ685947	0.693325661680092	1.2766138827821176	1.1884550084889642	0.4443293188715532	1.1630475397260118	1.3693181818181819	1.177107437641724	1.0	0.8502024291497975	1.0771602212886875	1.398710056447211	1.3712595588459389	1.0968954531107362	0.9574656468283423	0.491831930636022	0.3607457561482927	0.42838448779626165	0.8361347543094199	1.2039936231222386	1.566090828582274	0.9974888045841732	1.3914103482838118	0.7211728188804319	0.5492075733337393	1.3025173032458108	0.8990785718644408	1.0	0.7924767261950563	0.9064401943166701	1.0	0.7405205518418432	0.39389696012432057	1.1057052319078353	1.028264180431463	1.2460708264077047	1.0	1.25416117336849	1.339864420637463	1.1358602851018333	1.0046395330043827	0.7488991343828754
AY854505	0.8275466284074604	0.931299858556508	0.9666216824111561	0.7693668460498846	0.9629261303360537	1.2273501040287496	1.3773382079845264	1.0	1.0274144683366584	1.0702266269654355	1.3908167999760181	1.3643782485738438	1.2441299461047366	0.9227540341013132	0.6144742620715161	0.36224767216426307	0.6441636674499195	1.018386843592613	1.1943639518069686	1.466415285542236	1.3163974480792722	1.3182276315745334	0.4707197168755363	0.6393604246797115	1.0127464863203604	0.6616167120718465	1.0	0.8246289462685196	0.6566449568307616	1.0	0.7732255412441764	0.41572305248333347	1.23603467668385	1.3354626887848782	1.418661221561896	1.0	1.1981136120042875	1.1131828616078028	0.9842044707935513	0.7047276718079608	0.8419993878113535
AY854525	0.8044982698961938	0.9165669450272828	0.9931414739107046	0.7952506838994573	0.9670680886411873	1.255656108597285	1.3848986787740976	1.0	1.0056528485923297	1.0343798845999619	1.3675889268767618	1.3719835385687489	1.2392359993821551	1.0153812305195875	0.6118790107992846	0.3377244870097641	0.6368372675184337	1.0164317878547695	1.2491282344079784	1.4649272552980037	1.306091614504537	1.364835392851208	0.40750167337822135	0.6004938427760507	1.0312104142255438	0.633817511339125	1.0	0.8762366710511913	0.6232212222398484	1.0	0.804472350738048	0.39064394909303846	1.234364494269796	1.3713909372518007	1.3369462332823834	1.0	1.1517948717948718	1.136931350979805	0.9858147903182628	0.6708767978518552	0.8663388728264021
AY854531	0.7822297044519267	0.8936784456573397	1.0780141843971631	0.8603604877799382	0.9849921440334828	1.2791043344840813	1.4409829498902522	1.0	0.9371428571428572	0.979239868579603	1.4682258544958604	1.1811240602928426	1.1308580173397071	0.9416380007184288	0.5884401880769291	0.3570333740440445	0.531820445167806	1.044301117783214	1.2190372081048577	1.4645822027258584	1.3977950293816375	1.4118113880943326	0.42035703924815376	0.5688744189166771	0.9257227350616329	0.6478427842310435	1.0	0.8480998056485366	0.7409333828585138	1.0	0.676681925371064	0.5562989813202124	1.2386685062287404	1.2264438928868144	1.3535688619606416	1.0	1.31857928047968	1.1533252862025463	0.962187565912679	0.79839202739056	0.8236476383343837
AY854544	0.7497500092589163	0.9408977905993031	1.0310965630114566	0.8465252260148621	0.9443521338945682	1.3151585820895522	1.2741584270428763	1.0	0.9748010610079577	1.0314866027277396	1.4957191885239514	1.2288667481209874	1.2173563692680633	0.8392130678924778	0.6613701231306317	0.3680209909167051	0.6090142312935378	1.0249438738556234	1.124104314492323	1.5109171015114433	1.343981372472072	1.379471578318165	0.3690607373994685	0.6514829446325353	0.9895169035728005	0.7888629105839418	1.0	0.8901253311003708	0.7228724985972157	1.0	0.6525775782752948	0.46637554760791106	1.2434537278836977	1.2681844908238502	1.4185149201339982	1.0	1.3831925675675676	1.1405513459795715	0.9789165175251976	0.7578137517814827	0.7876297116146086
AY854546	0.7239731861782897	0.940245178501676	1.0331234601697235	0.8486598755014608	0.9415896070194759	1.3465383363556052	1.2894198935207628	1.0	0.9732537577365161	1.0323061866421541	1.5265419021050248	1.2314573588412274	1.1110602630717403	0.8920635940312942	0.6627867293716612	0.36722349736691706	0.5421023588514159	1.0269586762512724	1.1803146970461744	1.514824873517143	1.3440161534860648	1.3743866542506795	0.36971818906895076	0.6505931522195875	0.9866111851014466	0.8084533001066448	1.0	0.889025298242664	0.7211754937351417	1.0	0.6523266512393007	0.46589361595792483	1.2458595983510008	1.291769092467735	1.3799804344469209	1.0	1.3793887345289213	1.1625216818744468	0.9773256966978877	0.7419553277110371	0.7865027528507772
AY854558	0.7613261326132613	0.8911207801449734	1.0599156118143462	0.8067197830927444	0.9840043790204407	1.3003870480505995	1.334087333853418	1.0	0.9502158910580507	1.0638926251486116	1.4272581798177997	1.3089976661219962	1.12149399953502	1.0534169402865192	0.5865285287621615	0.5108128430244347	0.49574283161842914	1.0643442657336792	1.1547149104084495	1.452482006072287	1.1901241708592727	1.4300721098775813	0.3641727384432984	0.5868138226066271	1.1688459559344673	0.8122035756554044	1.0	0.9001596290744281	0.8848733883903367	1.0	0.74652352875737	0.4131484065046824	1.2464410125142844	1.3178818946943887	1.3513023223239682	1.0	1.2836995874379051	1.1748869715614187	0.9443878787079718	0.6857617301522629	0.7270146616987301
AY854567	0.7699867977116034	0.8556636889047393	0.997327172238833	0.8339422327965403	0.9381301036844955	1.2855581861227463	1.2857145026373493	1.0	1.0021861568104342	1.0752093211742042	1.336619648545025	1.4653555097683406	1.0511606719283457	1.0780248052298584	0.6393549307685935	0.5360171375506748	0.48738800943724736	1.0703840960671092	1.2988951195148009	1.4419929149933064	1.3312785150661905	1.3840565205849573	0.45946017706908965	0.6410926052356856	1.0192379814344943	0.8174030069527071	1.0	0.8300845975920348	0.6864923142768276	1.0	0.749978985121466	0.3298503979326657	1.2458157353683676	1.3435083641862222	1.2673757377284134	1.0	1.2746213705966027	1.2294233416984806	0.9400356422435977	0.638084840165346	0.7983581107740382
AY854573	0.7659496634474685	0.8520737244066647	1.0076193083310518	0.7397299496680714	0.9377783613298246	1.2940257352941178	1.372113006710015	1.0	0.993882783882784	0.993407867883243	1.3432916064476086	1.416177297743783	1.0580105613437067	1.0917209221398114	0.6412408243373043	0.4654686340098348	0.49163189315931316	1.0771345079998844	1.3376071937923912	1.378186939991029	1.3435410725042707	1.3946942571317693	0.37478315367347564	0.7295080702486639	1.0069771622045598	0.7039093794027459	1.0	0.8955247895759212	0.651995658304737	1.0	0.747526412879423	0.37597772742205104	1.2420036783680815	1.3153194571392512	1.338777302453653	1.0	1.2398226351351354	1.2176529867354278	0.9353160295043045	0.7209747909471801	0.8850849842345332
AY854576	0.7541248206599713	0.9062038058518053	1.0100174616303648	0.7392014936550371	0.9098904787510859	1.3200280112044818	1.434452005962962	1.0	0.9919917713613987	1.248487254189519	1.5119267398308613	1.3016519751632398	1.1026663873625862	1.0666454712732687	0.699434740107952	0.35968091388079326	0.5199800732947307	1.0316484603521212	1.1902721605188087	1.3452348133699437	1.468236711668538	1.3746034136420366	0.37593489099091815	0.5883002752309661	0.8892401324342024	0.6811881778997682	1.0	0.8566339742507206	0.63192813924388	1.0	0.7069882159495752	0.4052791925380131	1.2463506361463659	1.3032257621526464	1.3757506632002545	1.0	1.3006864006864007	1.1346664874757557	0.9736827663954674	0.7415966624630501	0.877758207083543
EU345002	0.8301449275362319	0.9853029977755374	1.0352112676056338	0.5266181362422634	0.929609222123024	1.215006420840213	1.072378294550698	1.0	0.9716713881019831	0.8877839168907997	1.230650728022526	1.0471816158914087	1.2906594785065177	1.2858677910850687	0.6070762438961027	0.41213924702696764	0.5415203414797877	1.089389254968094	1.360283099337545	1.1708832627857826	1.0831292066644598	1.2851686024807556	0.7501607385065383	0.30611754750920317	1.1849504430908497	0.9711229550669924	1.0	0.6522209004261958	1.0788437028700784	1.0	0.6616388888888889	0.7250766909517863	1.2748819375764353	1.113814583661836	1.5822410051371	1.0	1.5022108548638806	1.2259995588183403	0.92328327029294	0.8945737084427584	0.7844612196352758
EU345003	0.7908088235294118	0.9223418716240029	1.0313978107121944	0.553146687896246	0.9745434675697974	1.2639636296158845	1.0982380209036864	1.0	0.9751470850418971	0.8588743290582478	1.13510205136513	1.2162572750198635	1.254575513197471	1.22150317001232	0.558203453126558	0.5483808754160627	0.47181330961553747	1.0016933504825183	1.3399863644803003	1.2214013975270397	1.1816455406865598	1.302020722570446	0.7588398820948389	0.3112036006035361	1.159862858413422	0.9496921037672588	1.0	0.6330983763711477	1.0987856733058112	1.0	0.7451666666666666	0.727942959683956	1.2586428566153167	1.0543016096770483	1.4977497705828455	1.0	1.2673501577287065	1.2485997776241629	0.9985721590984699	1.035389696208703	0.8309461789841303
EU345004	0.8366690240452617	1.0377020195533295	1.0251450676982594	0.4761628175153012	0.968851129434912	1.210816978548608	1.1722356561900529	1.0	0.9799691833590138	0.8678769061508711	1.2850386288353584	1.053362059876267	1.1535286107280571	1.300605681668658	0.6118940812652597	0.3743634584296208	0.565278273594522	1.046719549262362	1.3787551396561675	1.1700437056821327	0.9631524517107463	1.249312105807719	0.8282042137524126	0.31769039329967275	1.295182603143743	0.8648165648353506	1.0	0.6577646222616521	1.0829625314750218	1.0	0.747964796479648	0.7451166268845769	1.2307623366228557	1.1642497217417997	1.5837868186640656	1.0	1.3084598888353975	1.2118317531163807	0.9603539899938462	0.8936046923785833	0.7988052108942112
JQ685938	0.8553969284014709	0.9402167766280433	1.032909742587162	0.6372379025206638	0.9858545428750947	1.183376765875737	1.127670639436323	1.0	0.9741357234314981	0.9139602999778967	1.227734159199486	1.2026956777006144	1.417458591764694	0.9667334431602337	0.5373838960881003	0.5065711959193268	0.6032798628655646	0.9777652387146224	1.154183021707487	1.300901688432648	1.032825747575238	1.4085024121282288	0.8637352700711994	0.3074394220317396	1.1244597618088077	1.065178727864914	1.0	0.6575034346400932	0.8098277863504958	1.0	0.7138750690989497	0.6243509565953779	1.2466988515887207	1.0135534884446127	1.5470226859725447	1.0	1.4470543098303352	1.0263144518649543	1.01879053645004	0.9841372284807087	0.9394423512262361
JQ685968	0.831304347826087	0.9893237389648625	0.9875776397515528	0.6423218285974814	0.9859105733593915	1.2128651762446852	1.025871750344673	1.0	1.0095238095238095	0.91457555433237	1.1733738403659526	1.1232054818744135	1.4749398845957722	0.9336555583288406	0.5380929028400097	0.5061156876778755	0.6545860627693892	0.9865435907323499	1.1707103634351292	1.2913953897040962	1.1019401456531634	1.3442581931733626	0.8236111206139959	0.30787687379817963	1.0459047383094946	1.116049275626477	1.0	0.6895930872075722	0.8066964227451822	1.0	0.7163333333333333	0.6897398050253536	1.2443539118453693	1.0081403928284836	1.5732974758163996	1.0	1.443217665615142	1.047399953924575	1.0111243939695824	0.9891810149056527	0.939151690398721
MW055084	0.843857142857143	0.9923042058503098	1.0100117785630154	0.5270300042637399	0.9445305003364922	1.1976491862567813	1.0538428226757581	1.0	0.9919962335216572	0.8664795741938981	1.1808928389969895	1.076205565346732	1.263978203543107	1.2466154474401345	0.6079923221891753	0.45447359360531053	0.5583148238118552	1.0446608635697663	1.382754028478471	1.2134987107418502	1.0386220998986373	1.2510893898106963	0.7691578871958736	0.3064145265798437	1.2062439450943259	1.0036953243112363	1.0	0.6645133008920769	1.070621585652521	1.0	0.6816208791208792	0.7462254804993804	1.2658371793334826	1.1781616468627805	1.5805451632614802	1.0	1.458080457777007	1.2063348564480512	0.9619134689102633	0.8546673021203105	0.807012273791673
MW055085	0.8438571428571428	0.9939226008514846	1.0029239766081872	0.5262095468194077	0.9473016840673621	1.1976491862567813	1.0540303451486577	1.0	0.9976325757575757	0.8774541893130826	1.2003526216108453	1.0682283150903469	1.2435901356261467	1.2790032893223506	0.6061665942226304	0.4503220796525261	0.5540767906760032	1.0866524033661389	1.377998117064355	1.1553691485065898	1.0391981330713085	1.2527887820418757	0.7634473268004733	0.30582265250221624	1.2067453151117569	1.004105439186624	1.0	0.6679904291295755	1.0583559709563677	1.0	0.6608333333333334	0.7504348841824244	1.2651882828476981	1.1785362491549012	1.583967321416871	1.0	1.4596410612103345	1.2129358672281312	0.9251582492340963	0.8654966500361237	0.8135477759536066
MW055086	0.8489506355305944	0.8979048433303332	0.9561453039713909	0.6369639903847805	1.0079392149519262	1.1878676470588236	1.1205722492378185	1.0	1.033715588033137	0.8914299389270698	1.17998149032598	1.1567424832433009	1.4330231199692478	0.9683537201519673	0.5148631954040226	0.5392934188672667	0.5649188712434899	0.98598435753791	1.1747599661281494	1.3111736740784372	1.0695153163499598	1.4608637580153714	0.8644022205711703	0.30538143449423316	1.0942096757100468	1.0847138280386341	1.0	0.6437210200862852	0.838117404179174	1.0	0.6914014517029593	0.6910262220163206	1.2469809925203772	1.0265601746383095	1.5200399271552678	1.0	1.4739442567567569	1.0379858125593795	1.011602803767669	0.9756808261107645	0.9255751119547092
MW055087	0.8584782608695652	0.8608375270343496	0.9824651882413614	0.6417702625579969	1.0138200210689685	1.178014766201805	1.1194944135924938	1.0	1.0135674381484436	0.8771930590416868	1.1635217384035486	1.2234764125660018	1.4147865725324962	0.9762282291340113	0.5375738851779295	0.5377372877350897	0.5422439733124712	0.983413202198973	1.167416232265065	1.2964020394028208	1.0578416167057663	1.458167390527381	0.8707915200796397	0.30689280309616956	1.1414234157422287	1.1023298687272365	1.0	0.6625606295581616	0.8331952285769437	1.0	0.6888055555555556	0.6758692419277764	1.2123282612174606	1.0226118274183542	1.5406951180840878	1.0	1.4830018697943226	1.0494477569070055	1.0138195721169843	0.9779339175906548	0.9211849894424075
AF351849	0.8723630352644836	0.8869063040147214	0.9698728579325593	0.49330732622301	1.1278722656028386	1.1593455188679243	1.0848752148886598	1.0	1.0218218218218218	1.2574031151036087	1.1361218905863442	1.3749055313577894	1.078816266358035	0.863021144393532	0.3714216013428791	0.44367965218429867	0.4240174192281697	0.9389169136893927	1.4878262477576716	1.3364798962725164	1.2336480191019825	1.4787374822873127	0.7158416389924568	0.39747309269500114	1.1858887447729836	0.9594099872322316	1.0	0.6406411004389095	0.6825776615066638	1.0	0.6525666637713888	0.5696174848367651	1.1792047292248466	1.0509747511460763	1.3520544241466481	1.0	1.3928663737399845	1.3418469959170785	1.0472630943598686	0.9817362334840732	0.9577903384759471
AF394876	0.8733428030303031	0.8769583362421495	0.9861111111111112	0.4916314294789399	1.1373339486132696	1.1577240566037734	1.0711610510265726	1.0	1.010293672419013	1.2916465096680347	1.1376583470669062	1.331776717742023	1.197671272480289	0.9486792528308859	0.36839430894308944	0.406982672344804	0.5089049801552588	0.9783021856192589	1.4293506575065442	1.2360432921436757	1.2197021052235155	1.4970902141106661	0.7062852478409505	0.39003451918372706	1.2084409348419065	0.9502579000415011	1.0	0.6467090358873412	0.6412133511476388	1.0	0.6549982584465345	0.5881392088580429	1.1758424223295387	1.033608262383901	1.3546727234454892	1.0	1.3763386027536972	1.3251823790619766	1.0172026268536773	0.9948820450308332	0.9729718382054218
GU644760	0.8388157894736841	0.8894573447449542	0.9713930348258706	0.4792997391708157	1.1091926907377225	1.2041666666666666	1.0787904644395967	1.0	1.0206648697214735	1.2771764742129206	1.1584404313138992	1.3769723523109323	1.0780946972672976	0.9426898104727331	0.38818848013859175	0.41094817340945194	0.4280970292052938	0.9888757038374804	1.482669203596872	1.2295017809519704	1.29719712150865	1.4566280199182386	0.724867079754859	0.3785145445502198	1.1054976407899948	0.9675396587420575	1.0	0.6473515856144094	0.6518086031806684	1.0	0.6497277676950999	0.5801729278823707	1.1767403632099214	1.0314621413748228	1.420211869343531	1.0	1.3983268983268984	1.3362208753719726	1.008596256518432	0.995343364042322	0.9555932498865616
GU644761	0.8558318874108347	0.8826201741743717	0.9768122676579925	0.4902613915178816	1.1262798900901767	1.1814608104828928	1.0697132415708859	1.0	1.0169497282608695	1.2822713152203262	1.1307758349656472	1.3588693954199873	1.0750644727814525	0.9630328992944833	0.37186226669634054	0.4451670754331544	0.4294484455095595	0.985116373637545	1.4963282500481105	1.225671747615293	1.2736407593381827	1.4835666704405208	0.7124794975679624	0.39894361901540754	1.1349236520199801	0.9758888382462987	1.0	0.6433662720606684	0.6500390546706225	1.0	0.6500446518595339	0.5800888284863995	1.1800914780091738	1.0462247401369884	1.356474213582963	1.0	1.39829739423534	1.3413482705909554	1.0116057804187202	0.9860208444985099	0.9643429348559996
GU644762	0.8515633991943219	0.870044814347324	0.9804570895522386	0.4884987563359139	1.1229739607265457	1.188962148962149	1.074571468781816	1.0	1.0141937669376695	1.3851897445821582	1.1712611356310174	1.3731065104003577	1.0790345866877797	0.7869939223468733	0.3732952017444191	0.3891912006521884	0.45810189075122015	0.9383989145183175	1.4922071364139728	1.348191435128918	1.2665971644766303	1.478429964562967	0.7155478758192736	0.40175224105599566	1.141032237508855	0.9686464042517855	1.0	0.6421992582013589	0.5293099029661212	1.0	0.6857855361596011	0.5819087145204063	1.1799503559540065	1.0513389454924904	1.4113493367483405	1.0	1.3465101108936726	1.319438399805191	1.047726317054124	0.9845285766290499	0.944722632827101
GU644763	0.8378906249999999	0.8877038637831123	0.9662673826242598	0.4774852030852725	1.1084077830027517	1.2058531746031746	1.0766713908798695	1.0	1.0245909866506073	1.340345857866934	1.202211835851558	1.3703288762489554	1.0486912466714953	1.050057805728272	0.3882189379514613	0.4110630797244876	0.42613666496697405	0.985661178969729	1.4599058188648677	1.1939971839419705	1.2943695383465565	1.4573475887122744	0.7212551623194158	0.37869781642381145	1.1059056937083842	0.9683196906066862	1.0	0.6498317095928193	0.6530220743460238	1.0	0.6486206896551724	0.5828715049696264	1.1778935162687951	1.0473292170324375	1.342372232093851	1.0	1.3998712998712999	1.3422056839676029	1.011166253101737	0.9842865088795674	0.9619477477839944
GU644764	0.8809716599190283	0.8546120957611203	0.953731343283582	0.43300609582071603	1.127960612796557	1.1507692307692308	1.0723320106127217	1.0	1.0334231805929917	1.3882652868781415	1.1757432495882747	1.4835515298709323	1.0523341581199994	0.7878143047076664	0.3720139601328171	0.3890312702619095	0.4823900017707102	0.9394319186456063	1.5012778949485588	1.2405783735731593	1.2268168653650193	1.4797061506118958	0.6653477545750506	0.48287909788959044	1.1958189272710587	0.9448729920753908	1.0	0.678274767922939	0.5282343200550765	1.0	0.6305130642698701	0.5226125875784713	1.1767403632099214	1.1629890609794704	1.405421538976586	1.0	1.3449445531637314	1.3509420033006478	1.046803748888478	0.9802348380102607	1.0172506342897898
GU644765	0.8399906015037593	0.8803897103302206	0.947554070361088	0.49223812663369493	1.1227841602646236	1.2020371835443036	1.094783640242044	1.0	1.0375016593654587	1.2773131468575492	1.1305690473771968	1.3749484159535188	1.0870341693771237	0.8726191701479535	0.37347560975609756	0.44652361159098597	0.4109608897895403	0.9440517670482825	1.4799947229707897	1.3224676636286532	1.2724358064973753	1.4842659103554734	0.7216065578274277	0.40051979195143905	1.1370366184448466	0.9445379746835444	1.0	0.6377920576320512	0.6495136595854856	1.0	0.6882147898481837	0.5735980844778041	1.1795657515149005	1.0396970860074604	1.3500273067274933	1.0	1.3404282989422576	1.3467427112835249	1.042735932121988	0.9934357682548193	0.9661684716532914
GU644766	0.8636611596009974	0.9219859779501643	0.9440051787117955	0.4890611200440847	1.122949779031245	1.1741142515923566	1.0739721217704539	1.0	1.0402981597950152	1.2713402811783001	1.1533514185819187	1.3703146561736743	1.0826497087872193	0.8688130368500651	0.37368177988896	0.4124328406859812	0.40940817160149734	0.9414747245385777	1.483488086165104	1.3398903170837329	1.265990627318271	1.433076423599977	0.7193512861334596	0.40283683453278374	1.1438290389194314	0.9707967504481485	1.0	0.6400127244563628	0.6537144387743453	1.0	0.6748645627311033	0.5750398898458496	1.178500171465011	1.0567220454030335	1.3518521347395787	1.0	1.364889625687113	1.3502834961594852	1.0449934119441118	0.9806948825671697	0.9547855315125721
GU644767	0.8646093749999999	0.8533540651493237	0.9835354477611942	0.5032348907116148	1.133725415964445	1.172472133757962	1.1322003678405748	1.0	1.0118935309973047	1.2588976474964626	1.1169705912736105	1.3770238479215389	1.0688719312565522	0.8861155837089092	0.38861654323581163	0.44524998331056037	0.4281927046741036	0.9394319186456063	1.469966949128006	1.3361894611044636	1.3587989405803778	1.5148720439951362	0.7176081640588492	0.34463096163619494	1.0303003720410944	0.89610606811854	1.0	0.6884657270118929	0.6461222725543208	1.0	0.6765517241379309	0.58589453086574	1.1462776610897032	1.0526718821446577	1.3836950486746273	1.0	1.3599586847994494	1.3363091986313356	1.0468037488884783	0.9804476341515576	0.9557509473278721
GU644768	0.8679902882205512	0.8811227392523061	0.9440051787117955	0.4915270780763597	1.1245223946217686	1.1666831487341773	1.079401500201685	1.0	1.0402981597950152	1.2782654482577551	1.1303844602328252	1.3702108970378295	1.082824958498175	0.8681351995027629	0.37285709935751044	0.4464769974956668	0.4092161039936995	0.9414747245385777	1.483765557001264	1.3400736212636055	1.272734786140943	1.485637906663129	0.7189228366526565	0.40026439117572105	1.1373614233582592	0.9649540996692896	1.0	0.6394757938348412	0.6500720398004305	1.0	0.6494973064846024	0.5753995312596959	1.1790964663270143	1.056130679347445	1.3513017058799328	1.0	1.3998612796948153	1.3501069344467753	1.0449934119441118	0.9802692902845765	0.9544693935501163
GU644769	0.8552237015713088	0.9132184219357067	0.9802283486494014	0.42481099797862343	1.0911405885409433	1.1818866787221218	1.0836749989256762	1.0	1.0140621905327787	1.374399871664379	1.1641277993564103	1.320233307101968	1.0426157083784122	0.9920591258041901	0.4466258495462603	0.40961036542413665	0.3433583959899749	0.9450804712128753	1.5015226785396154	1.2158406051940307	1.2786224381429259	1.430985027998963	0.723466375812247	0.3427372765895051	1.136794895660309	0.9636248257823092	1.0	0.6363054383354534	0.6482380628092709	1.0	0.6519876082110079	0.5719124040928254	1.1763644537763354	0.9499069200504229	1.439704979794236	1.0	1.3921484775915156	1.3898228951230895	1.0418428693469879	1.053732346627898	0.9608655494971885
GU644770	0.8701711683417086	0.8851109385911627	0.9662673826242598	0.4913600043654163	1.1287898843072608	1.163002760252366	1.0821254387713983	1.0	1.0245909866506073	1.219727617413992	1.0865091869269523	1.360788083777874	1.0745928043868371	0.9634875128651835	0.37122459979246636	0.5033512793410487	0.42594602537113	0.9856611789697293	1.4915167009804102	1.2258082634329905	1.2767302468041604	1.4842162008347088	0.7134008251200523	0.39848756873075963	1.1348041616866196	0.9625113153202579	1.0	0.642600288191333	0.7287693956574585	1.0	0.6514180095881706	0.5792210921851914	1.1784745840007549	1.0467422477504966	1.3536539773899725	1.0	1.3975195540382872	1.3420290910030377	1.011166253101737	0.9838586098637352	0.9616269617280695
GU644771	0.86703125	0.8808436738606972	0.9611796982167352	0.48833653880100303	1.127193253382124	1.1683148734177218	1.1097993330148204	1.0	1.0285598950449086	1.279784956795537	1.156573144676384	1.354274053337878	1.0708708953918136	1.0660505819136823	0.3716649329792961	0.44650342513715663	0.42409717092844673	0.9824642084804686	1.4685527256792252	1.2218995183824624	1.270552661222191	1.489075179086708	0.7100581647834079	0.39996684622118733	1.138450210520634	0.9661836387681845	1.0	0.6453413122246845	0.6524236473407009	1.0	0.6489080459770115	0.5817449093665259	1.1793625253509428	1.0859872933362211	1.278872700725897	1.0	1.4029824865614706	1.3166572935850642	1.0137620839457044	0.9558331695623153	0.9682285188528917
GU644772	0.9158249158249158	0.889424540824106	0.9419568822553896	0.4944185503916338	1.1303942261105226	1.1048218029350103	1.0518586534197483	1.0	1.041928721174004	1.2185490750770085	1.091681397651547	1.3673534004223116	1.0783437250356387	0.8531398013945167	0.37078327872830963	0.5016375720402755	0.4074311279423776	0.9394319186456063	1.4830649630907105	1.5213255482051087	1.2592127770340624	1.4793903631989136	0.7094549968201433	0.4279325513070474	1.18598126368433	1.0044065548915702	1.0	0.6333598250017308	0.6463918548716442	1.0	0.6254499013119702	0.5767276312513888	1.1775908646753397	1.128130459251269	1.3331976415894493	1.0	1.392090979581287	1.3506798254518155	1.046803748888478	0.9795964495863709	0.9551107424086183
GU644773	0.8646093749999999	0.8601267164600326	0.9713930348258706	0.5032348907116148	1.1084395695607552	1.172472133757962	1.1085945986098054	1.0	1.0206648697214735	1.2737082080552447	1.1265173484639832	1.3770238479215389	1.0780075887886595	0.8861155837089092	0.38861654323581163	0.44905553872347115	0.4281927046741036	0.9394319186456063	1.4825307692060232	1.3361894611044636	1.3587989405803778	1.4960480417123116	0.7250832491011289	0.34463096163619494	1.0303003720410944	0.9273799534688584	1.0	0.647623219064642	0.653635322235185	1.0	0.6483333333333333	0.5799893398080346	1.176442862697327	1.0526718821446577	1.3836950486746273	1.0	1.4022206920296092	1.3363091986313356	1.0468037488884783	0.9804476341515576	0.9557509473278721
GU644774	0.8679902882205512	0.8811227392523061	0.9440051787117955	0.4915270780763597	1.1245223946217686	1.1666831487341773	1.079401500201685	1.0	1.0402981597950152	1.2782654482577551	1.1303844602328252	1.3702108970378295	1.082824958498175	0.8969245140643801	0.37285709935751044	0.4464769974956668	0.3760204191126213	0.9414747245385777	1.483765557001264	1.3400736212636055	1.272734786140943	1.485637906663129	0.743556992411566	0.40026439117572105	1.1373614233582592	0.9649540996692896	1.0	0.6217471696094264	0.6500720398004305	1.0	0.6494973064846024	0.5753995312596959	1.1790964663270143	1.0220614238116015	1.3305827113032433	1.0	1.3998612796948153	1.3739970904124033	1.0449934119441118	1.004788134565089	0.9544693935501163
GU644775	0.8805346700083541	0.9303253131172888	0.9750312109862672	0.41648695409172565	1.14468526861542	1.1513227513227513	1.0787961324602173	1.0	1.0179211469534049	1.3659769775863895	1.1219069043889927	1.3229759104685668	1.0479131538655009	0.9748142402872831	0.37262699618824585	0.41453712316937374	0.4936709407104559	0.9158237624255714	1.5230006869519153	1.2119022918181828	1.2724231537538386	1.4289865382671494	0.7275625501741682	0.3386424706612055	1.140462401176687	0.9673127413127414	1.0	0.6456462620721015	0.6512457523520524	1.0	0.6700273410799727	0.6356402031015532	1.1658380273710147	1.0918208614415177	1.3487901420791302	1.0	1.3789206349206349	1.287124388947547	1.0654213298222517	0.9382172179586177	0.9673041489880676
GU644776	0.8658203125	0.8778925389240697	0.947554070361088	0.49100040913033677	1.1219966201762641	1.1703869047619047	1.109211759264815	1.0	1.0375016593654587	1.2738465546170081	1.1276268991336902	1.3749985612363826	1.0869471576289556	0.8729602250226539	0.3738895001731972	0.4479117562309413	0.41105728462277724	0.9440517670482828	1.4798578431992093	1.3223766309748997	1.2690558955181594	1.488442634077389	0.7218204778670184	0.40180299441215955	1.1402589664494427	0.9246867820201153	1.0	0.6380587501343981	0.6513278486754784	1.0	0.6867241379310345	0.5734192190841538	1.1792707990523745	1.0399938806255848	1.3503023011766655	1.0	1.3441617742987604	1.3468305203062163	1.042735932121988	0.9936479923634779	0.9663269643091059
GU644777	0.8701711683417084	0.8576063072445396	0.9698728579325594	0.49206158074981826	1.127059027701231	1.163002760252366	1.0821293208612266	1.0	1.0218218218218222	1.282713843060702	1.104101242517203	1.3654617133589793	1.0787341889758908	0.863357193533832	0.37183240302552284	0.48153133521559527	0.4277371752032032	0.9389169136893927	1.4876954563400713	1.336394037759218	1.2764321636512779	1.5178402817286425	0.7160479521684874	0.3987380078048534	1.1344821612960414	0.9622859768285636	1.0	0.6409024247969485	0.6488280197856213	1.0	0.65115808929706	0.5773957582509102	1.1789244113540474	1.0512693308789907	1.3523278420372145	1.0	1.3967417138412341	1.338665316848953	1.0472630943598686	0.9819496047500763	0.9579527169085355
GU644778	0.8701711683417084	0.8406528127346244	0.9698728579325594	0.49206158074981826	1.127059027701231	1.163002760252366	1.0821293208612266	1.0	1.0218218218218222	1.282713843060702	1.1331567765978625	1.3654617133589793	1.1218838254091092	0.863357193533832	0.37183240302552284	0.4450515164013916	0.4277371752032032	0.9389169136893927	1.4564411250857399	1.347462130694334	1.2303653800761984	1.5399980966300795	0.6915057149012155	0.3987380078048534	1.1892214995527297	0.9622859768285636	1.0	0.6586789642229723	0.6488280197856213	1.0	0.65115808929706	0.5773957582509102	1.1789244113540474	1.0512693308789907	1.3523278420372145	1.0	1.3967417138412341	1.338665316848953	1.0472630943598686	0.9819496047500763	0.9499358279717484
GU644779	0.8399906015037593	0.8925619185921737	0.9735053405465391	0.4915270780763597	1.1245223946217686	1.202037183544304	1.079401500201685	1.0	1.0190675851053208	1.2782654482577551	1.1303844602328252	1.3702108970378295	1.0828249584981748	0.8681351995027629	0.37285709935751044	0.4464769974956668	0.3863280473977777	0.9414747245385777	1.483765557001264	1.3639834661004164	1.318640814172095	1.470602174802548	0.7189228366526565	0.40026439117572105	1.0825029934998291	0.9649540996692896	1.0	0.6394757938348412	0.6500720398004305	1.0	0.6494973064846024	0.5753995312596959	1.1790964663270143	1.0351700380438114	1.3513017058799328	1.0	1.3998612796948153	1.3665789320508483	1.0449934119441118	0.9953541723009381	0.937262038910147
GU644780	0.8692042606516291	0.8826201741743717	0.99398779200514	0.4902613915178816	1.1262798900901767	1.164629337539432	1.0799989458167596	1.0	1.0043947933440687	1.2822713152203262	1.1307758349656472	1.3588693954199873	1.0750644727814525	0.8585625587346097	0.37186226669634054	0.48164689424735807	0.4257779459752898	0.9358605549556677	1.4649040582978319	1.366474099220198	1.2736407593381827	1.4835666704405208	0.7124794975679624	0.39894361901540754	1.1349236520199801	1.0057423638527367	1.0	0.6433662720606684	0.6500390546706225	1.0	0.6500446518595339	0.5800888284863995	1.1800914780091738	1.0462247401369884	1.356474213582963	1.0	1.39829739423534	1.3132542496977588	1.0500139077154522	0.9860208444985099	0.9395906764432731
GU644781	0.8670312499999999	0.8989400465383197	0.9683526810392483	0.4965288874929769	1.105923678399779	1.1683148734177216	1.0772808320812286	1.0	1.0229850446652615	1.2615865909242978	1.147116359431998	1.3635858516891892	1.0699767923917012	0.8137930161054379	0.3728838255139675	0.5009270448819216	0.42766410960886336	0.9659988825923854	1.4486261857909455	1.3362452490526877	1.2699618687153995	1.5047207365497348	0.7080361579777172	0.4067268180858721	1.1378067779450143	0.9657318274842717	1.0	0.6353802565648778	0.6512797038607754	1.0	0.6559302325581395	0.5527888945200072	1.1910566694913847	1.0393114338491138	1.3913648853106797	1.0	1.3776371308016877	1.3413867636227987	1.026009707848704	1.0083022544662115	0.9608106485748361
GU644782	0.8812307692307693	0.8808436738606972	1.0026851851851852	0.48833653880100303	1.127193253382124	1.1503407984420646	1.0840631488908699	1.0	0.998024523160763	1.279784956795537	1.1276628882661277	1.370544806850011	1.0708708953918136	0.9583423828623331	0.3716649329792961	0.44650342513715663	0.42775318102265747	0.9824642084804686	1.500062541930186	1.2218995183824624	1.270552661222191	1.489075179086708	0.7100581647834079	0.39996684622118733	1.138450210520634	0.9566174641269154	1.0	0.6453413122246845	0.6524236473407009	1.0	0.6489080459770115	0.5697746002431584	1.1793625253509428	1.0420301783264745	1.3581130651505953	1.0	1.4029824865614706	1.3448263536890226	1.0137620839457044	0.9881721915040906	0.9682285188528917
GU644783	0.8812307692307693	0.8808436738606972	1.0026851851851852	0.48833653880100303	1.127193253382124	1.1503407984420646	1.0840631488908699	1.0	0.998024523160763	1.279784956795537	1.1276628882661277	1.370544806850011	1.0708708953918136	0.9583423828623331	0.3716649329792961	0.44650342513715663	0.42775318102265747	0.9824642084804686	1.500062541930186	1.2218995183824624	1.270552661222191	1.489075179086708	0.7100581647834079	0.39996684622118733	1.138450210520634	0.9566174641269154	1.0	0.6453413122246845	0.6524236473407009	1.0	0.6489080459770115	0.5697746002431584	1.1793625253509428	1.0420301783264745	1.3581130651505953	1.0	1.4029824865614706	1.3448263536890226	1.0137620839457044	0.9881721915040906	0.9682285188528917
GU644784	0.8790331862651064	0.870044814347324	0.9804570895522389	0.4884987563359139	1.1474171378817226	1.153992673992674	1.0917400857010562	1.0	1.0141937669376695	1.259536337400322	1.1155462403390684	1.3542968321756954	1.0698902257836458	0.9192743621340387	0.3732952017444191	0.44418303470736636	0.43519908568771964	0.9383989145183175	1.479561313224024	1.2682384145274201	1.290954802255027	1.5714199180122674	0.7155478758192736	0.40175224105599566	1.1617782781908341	0.9256940232994046	1.0	0.6517895008576666	0.6455919238659075	1.0	0.6470031817009202	0.5664830627066126	1.1496952186218528	1.0513389454924904	1.3556877530544562	1.0	1.4053489889106328	1.3497942995237246	1.047726317054124	0.9845285766290499	0.9524656786024766
GU644785	0.8409233668341708	0.8694807968448317	0.9750312109862672	0.49262842211776803	1.127020870095477	1.200356012658228	1.081528572780737	1.0	1.0179211469534049	1.2796954161747784	1.1325918524260723	1.337191171815669	1.0823533435780992	0.9244408589129766	0.37221523262219347	0.4463176035922995	0.42980846111763926	0.9419901556377304	1.4790322447403672	1.283791454661051	1.2758210830004753	1.4793553033512923	0.6676082710660328	0.3998053162825639	1.1372405641137202	0.9644025887503567	1.0	0.6762204085433864	0.6494313697338244	1.0	0.6508692889736035	0.6431573164823624	1.1774917757848635	1.0566515392128852	1.3485165086273947	1.0	1.3565545344199759	1.3328046223664136	1.044539564004582	1.033501204987823	0.951808268146108
GU644786	0.8323968223212557	0.8734746784133034	0.9768122676579925	0.49274356041498185	1.1279079689597844	1.2085845189293467	1.0598607462551277	1.0	1.0169497282608695	1.2552657466292858	1.1075653746082499	1.358794422117982	1.0752280380830963	0.9623650330670007	0.37104257279477154	0.47868233574567204	0.4292561624689237	0.985116373637545	1.4965912879435261	1.2258426954164272	1.280459800135671	1.4937503362628788	0.7120703922742234	0.3964204879027328	1.1285752277131587	0.9898374739617481	1.0	0.6428431353876106	0.6882685964929333	1.0	0.6528561915515794	0.5804610724095729	1.1806521849788008	1.0456377708550477	1.3559257650849736	1.0	1.3905612573538884	1.3411711630832448	1.0116057804187202	0.9855917827136128	0.9640158936205957
GU644787	0.8378906249999999	0.8800803058150588	0.9522388059701491	0.48503427328860127	1.1067331432464278	1.2058531746031746	1.0766751759807716	1.0	1.0345945945945947	1.32382193789302	1.1922158418853968	1.365553594046235	1.0010042745094718	1.0686852233531368	0.38885635449475847	0.40762387916448123	0.38477888970760427	0.9883335933572556	1.5058082395096364	1.210937175684123	1.2940675380009214	1.444144009211306	0.7239319913845838	0.37890624011483126	1.1056090416569457	0.9680929569432564	1.0	0.6481155828002844	0.6524526597747146	1.0	0.6483620689655172	0.6022487938527791	1.1783427517721388	1.0858333528742774	1.3228325468263327	1.0	1.399099099099099	1.3700957592343623	1.0090268928978605	0.9577675279364205	0.9582727500098108
GU644788	0.8799999999999999	0.8608586256878743	0.9783457249070631	0.5026612594233005	1.1084077830027517	1.1523809523809523	1.0834411871572043	1.0	1.0157859078590787	1.2767321842897872	1.1270865174408105	1.3703288762489554	1.0744232995937777	0.9879622529263995	0.3882189379514613	0.4477745164359243	0.4298102569063445	0.985661178969729	1.4912448502038993	1.2256310104769554	1.2943695383465565	1.4925544583453734	0.7212551623194158	0.34377718150317654	1.1059056937083842	0.9587323669373131	1.0	0.6498317095928193	0.6530220743460238	1.0	0.6486206896551724	0.5828715049696264	1.1778935162687951	1.0473292170324375	1.387639721805785	1.0	1.3998712998712999	1.3388712735710055	1.011166253101737	0.9842865088795674	0.9619477477839944
JQ685905	0.8679902882205514	0.882589758822831	0.9662673826242598	0.49012195219511145	1.1279825862484698	1.1666831487341773	1.0793921720065287	1.0	1.0245909866506073	1.2802059234421672	1.1300269501868794	1.360830660824688	1.0745090731035187	0.85929348146275	0.3716338743313084	0.4463867148954565	0.426041345169052	0.985661178969729	1.4913824132474345	1.3325796400568037	1.2733300599821773	1.4883691333772195	0.7136088177648876	0.39975946209451674	1.138008115775682	0.9654062760554839	1.0	0.6428648573642177	0.6512027630199918	1.0	0.6500158442082218	0.5790356510446731	1.1781875505427988	1.047035732391467	1.4075977336636514	1.0	1.4014218831281426	1.3421171539489278	1.011166253101737	0.9840725593716512	0.9069216129990455
AY352488	0.5808442548003657	0.8775919277327885	0.9817629179331306	0.7735622887615033	1.0548510077948254	1.4758650519031142	1.0705503227891349	1.0	1.0149068322981365	0.9700206010784524	1.2268519639611253	1.2914062857456186	1.1316984070341403	0.8619115829578896	0.5278836969683295	0.5709765593885866	0.555616825710712	1.0412039439543332	1.3086974436336243	1.4424609905957273	1.1371613422550408	1.4687729182603684	0.5530416821818109	0.6094833674595361	1.3878659090487757	1.0546330457708046	1.0	0.6966658543119377	0.6570525222039507	1.0	0.7657623566396926	0.4716177617668119	1.20723667128306	1.1823359766472579	1.3332826811539709	1.0	1.2900080580177276	1.2186590583952583	0.9645671299247737	0.75533669335545	0.9374260666915829
AY352501	0.6585809581564585	0.9021113111480639	0.9310064935064933	0.7842783963900091	1.041049951745509	1.3942577030812322	1.0736019409041624	1.0	1.0525664811379096	0.9598367121699957	1.220230970021357	1.2012946598084198	1.0433296976079431	0.7312600886124826	0.53666097693295	0.4857508220679576	0.4746649361369363	1.0700348432055748	1.4498298552157438	1.3961618616660483	1.1266664352575007	1.3495822468616887	0.4591371165937889	0.620799331443366	1.4010322523480419	0.9892160566342031	1.0	0.7658904019939979	0.6626487534790763	1.0	0.7308872929456736	0.6233111868642967	1.206509033768718	1.158809267241379	1.4466856294565513	1.0	1.3343933463796476	1.280662175012792	0.9437075133029508	0.7930249686081329	0.9555910306298989
KX954123	0.6327709378324975	0.8359890107689265	0.9745272271588062	0.7931794260335638	1.061599521316818	1.421714086227963	1.1498051307797332	1.0	1.021103896103896	0.9227849351181354	1.2708480123463362	1.3510935929726002	1.1596850535950862	0.8519463774719056	0.5254928026709017	0.4487990344200069	0.5505173837096033	1.0345554944271247	1.3450998150710445	1.45222439079913	1.0695245529305608	1.4997179783236343	0.6003124631820064	0.57963799855251	1.4702141574262064	0.9256833971230635	1.0	0.6585286205919003	0.7095074444403032	1.0	0.7255465551781205	0.4460311261441079	1.202262140939933	1.1894628585984017	1.3329340354980979	1.0	1.3559611397910651	1.256508207200294	0.9697977628039606	0.7418715443379902	0.92815523943244
LT598537	0.659490600363857	0.903240127355828	0.9525073466679307	0.7814002662834044	1.0425860057847987	1.3920404957235117	1.0743713830078816	1.0	1.0367598503191724	0.9615860513764799	1.220703476125176	1.191435294655399	1.078987450090532	0.8539952542280769	0.5352837928713957	0.5412286322250585	0.4708870472633441	1.0637300033062895	1.3752653493808336	1.388063532386743	1.1277232436909457	1.3482887097511718	0.4549239813665774	0.6184828730512761	1.397651749030658	1.0489617828183002	1.0	0.7709564689567137	0.6615320798515102	1.0	0.7313216726514538	0.6285832996115864	1.2076665963939164	1.148283302804882	1.3518524442559148	1.0	1.3334417300109753	1.2682849173303155	0.9480330310514509	0.7982670099442423	0.9670993184501074
LT598538	0.6567616737416617	0.8857772413006196	0.9271494928429236	0.7811382730000258	1.0472449384468536	1.398731947868968	1.0722400090829518	1.0	1.0559132744006694	0.9575226435298094	1.1880023094509375	1.2629067658550956	1.1202421937115332	0.8280434010062679	0.5343281957674602	0.5449847752949839	0.4616958833263734	1.1140383205898605	1.3618990167675211	1.388648810045399	1.1735571105412572	1.26632365680994	0.4583196076212783	0.6221757638683351	1.28637541263474	1.027857614340759	1.0	0.8073863103266745	0.6649781275275733	1.0	0.7314085485926098	0.665714466067494	1.2018398041183014	1.120662096891242	1.4199593611481038	1.0	1.300631613485358	1.3216073443855936	0.9074087145357652	0.8719895710612459	0.8996916388172677
LT598539	0.6601645839683024	0.8837295817750954	0.9393488282750672	0.7846776876320338	1.0755156515202344	1.390406162464986	1.0459837481272534	1.0	1.0465501990269792	0.9398099388285048	1.1537960477355034	1.321252810239725	1.1106904705733216	0.8273819845404761	0.5331427299443646	0.5718531592098204	0.46150908400022106	1.1140383205898605	1.3502719087072208	1.3761252696008242	1.1801692806010597	1.2490934208515017	0.453420912361484	0.6184659611132343	1.2792796384901648	1.060034691677959	1.0	0.8465816929536775	0.6458442877071016	1.0	0.7346742737381381	0.6659998617824391	1.1688134755451407	1.1200957742131652	1.4194141465139125	1.0	1.2937866927592954	1.3214073479482549	0.9074087145357651	0.8715549144399767	0.9041061655338641
LT598540	0.6044231646146832	0.9375824085950231	0.9290709290709291	0.7844703916225095	1.0449806125295453	1.4556197478991597	1.0587351130815876	1.0	1.0542398777692896	0.9612769388743037	1.222501513633376	1.182256799149742	1.081978497599194	0.830937754745675	0.5348945857959644	0.5422145948680476	0.45112157297147604	1.1163470675665796	1.362679354645655	1.4376323481120064	1.1768720799728551	1.277156239811844	0.4586611878533543	0.6196297474147583	1.279163818637503	1.0427972762531588	1.0	0.8062865589696947	0.6620266638946092	1.0	0.732775890601864	0.6647665438562472	1.204352605787326	1.111923222665928	1.420977271033949	1.0	1.2937866927592954	1.3299228291107672	0.9060091176076909	0.881093551478947	0.8637606798857708
LT598541	0.657546739626083	0.8895295890843847	0.9218897044984001	0.7798951321167299	1.0527474262254475	1.3967946460021134	1.042608209342886	1.0	1.060557420107982	0.9591806710597561	1.190048389308941	1.2566338913719335	1.1114067984592695	0.8206872752158293	0.5317578244522779	0.5445103209184528	0.5683986196878053	1.1088304649280258	1.3649455910194455	1.3811304546399408	1.1772097959968457	1.2680041417369956	0.45632929234925923	0.6204731450780334	1.2866671990622232	1.0275678103741883	1.0	0.8099747111371973	0.6643731212504129	1.0	0.6942484684841623	0.669179400561886	1.199338386064946	1.2256041363376282	1.4198470161730925	1.0	1.3014518907390697	1.2721323177551809	0.9106183319349761	0.8183832943079021	0.9048379303047758
LT598542	0.6044231646146832	0.9375824085950231	0.9290709290709291	0.7844703916225095	1.0449806125295453	1.4556197478991597	1.0587351130815876	1.0	1.0542398777692896	0.9612769388743037	1.222501513633376	1.182256799149742	1.081978497599194	0.830937754745675	0.5348945857959644	0.5422145948680476	0.45112157297147604	1.1163470675665796	1.362679354645655	1.4376323481120064	1.1768720799728551	1.277156239811844	0.4586611878533543	0.6196297474147583	1.279163818637503	1.0427972762531588	1.0	0.8062865589696947	0.6620266638946092	1.0	0.732775890601864	0.6647665438562472	1.204352605787326	1.111923222665928	1.420977271033949	1.0	1.2937866927592954	1.3299228291107672	0.9060091176076909	0.881093551478947	0.8637606798857708
LT598543	0.6718188220467771	0.9406765318304726	0.9894957983193275	0.7899270216774856	1.014925093594691	1.3841881454482339	1.0828442307809532	1.0	1.0080256821829854	0.9534399706727782	1.211422679562256	1.2210117783343457	1.016651160952901	0.8451679060062314	0.5632705939662702	0.546129870205851	0.4301779535343549	1.069406299105008	1.4213409044751704	1.4471843067681025	1.1861687187653505	1.2993226062232788	0.4630731768492182	0.6347662075865674	1.3289780329450986	1.0297866112005536	1.0	0.7761065990945795	0.6668611602891601	1.0	0.7260266099600563	0.5715960770836804	1.2078769727577618	1.118841632114306	1.4129885411388872	1.0	1.3423427118366007	1.309326941978124	0.944133181687518	0.8258110029172459	0.8933969309260548
LT909550	0.5808442548003657	0.8770619219536175	0.9852567361464161	0.7749556689462808	1.053355835855735	1.475865051903114	1.0704829801808995	1.0	1.0119735755573909	0.9697678285180644	1.2269773871878122	1.2955659856461168	1.135811948278926	0.8659351577411707	0.5286791982881921	0.5710335162891763	0.5575906461662679	1.0438726797029028	1.3050130271949456	1.4130924455146938	1.1368225645381107	1.4674890767002273	0.5548862210691753	0.6099860951230238	1.3876697100366227	1.0544673167321754	1.0	0.6948948449505146	0.6570275099440533	1.0	0.7655003784129941	0.4701700922089069	1.20754235381468	1.1559948407528988	1.33165714181712	1.0	1.2892022562449639	1.2152640245175028	0.9625146203786891	0.7788222002486916	0.959915359162943
MN384717	0.659490600363857	0.8826421892114981	0.9525073466679307	0.6973852141803675	1.0425860057847987	1.3920404957235117	1.1060724139357168	1.0	1.0367598503191722	0.9929853473282022	1.2314114013543442	1.2629998773275664	1.0613495851543775	0.7980935273275964	0.5352837928713957	0.54597625180598	0.5311364389908381	1.112081367092939	1.3747802379761194	1.335670640334953	1.1277232436909457	1.3734106732375673	0.5347549456385712	0.7254715582309553	1.397651749030658	1.011085963995166	1.0	0.7091664005653965	0.6258165173045867	1.0	0.7231958762886598	0.5731915039839764	1.2076665963939164	1.1188794215593725	1.431732662528981	1.0	1.315422247172989	1.2216512073491477	0.9086061725834731	0.8392736611219845	0.9678675233096311
AY352487	0.6085035050289546	0.8846692819886983	0.9817629179331306	0.7735622887615033	1.0548510077948254	1.444463667820069	1.0778501308319717	1.0	1.0149068322981365	0.9700206010784524	1.226851963961125	1.2914062857456186	1.1316984070341403	0.8619115829578896	0.5278836969683295	0.5709765593885866	0.555616825710712	1.0412039439543332	1.3086974436336245	1.4424609905957273	1.1371613422550408	1.4630761558724483	0.5530416821818109	0.6094833674595361	1.3878659090487757	1.04477666216547	1.0	0.6966658543119377	0.6570525222039507	1.0	0.7657623566396926	0.4716177617668119	1.20723667128306	1.1823359766472579	1.3332826811539709	1.0	1.2900080580177276	1.2186590583952583	0.9645671299247737	0.75533669335545	0.9374260666915829
EF611828	0.6092436974789915	0.8771484600146223	1.0146103896103895	0.6458937153910888	1.0519622044039751	1.4424740484429066	1.088406067270224	1.0	0.9881422924901185	1.1456543017657943	1.2279887724122127	1.2961228573453056	1.1377205419029615	0.7994096123179311	0.5290861513687601	0.6262046406464287	0.5767216117216116	0.9970238095238094	1.250952028711542	1.414347963205839	1.137376268955216	1.4641866235779302	0.4937979976679667	0.6091942852386161	1.3847835533105208	1.0324682677354002	1.0	0.7443755430193713	0.8515902758952615	1.0	0.7656500802568218	0.47007288755273013	1.2088873552641668	1.1571708963757916	1.3875045496246754	1.0	1.2868654311039487	1.2004755600679515	1.0025390530541183	0.7791082137502677	0.8977247549898405
EF611830	0.5837812931961297	0.8832788152049393	0.9801971078566822	0.7764464719372844	1.058329645772542	1.4674831809556668	1.044317295652728	1.0	1.0162337662337662	0.9753060155506438	1.2334637505720714	1.2900441395795712	1.1290149690710283	0.8590426494674871	0.5260268841150739	0.5679246297992798	0.554390348997932	1.0397862583961874	1.3093917498928924	1.440262847997158	1.0788609178879895	1.4634219702671116	0.5522843598660552	0.6057920520126493	1.4508016452614791	1.0866625764139892	1.0	0.6967219490289571	0.6537697542757523	1.0	0.7696482529996773	0.4721503756466157	1.2066152026298818	1.179155414370678	1.3326470462085167	1.0	1.2843369621982081	1.2194877651483684	0.9656682989808226	0.7553260804654575	0.9388610873283387
EF611851	0.6043127095397743	0.9657048370666821	0.9310064935064936	0.7852754930077799	1.045103573138211	1.4559262510974538	1.0588434645262483	1.0	1.0525664811379098	0.9610342105139049	1.2227117136559513	1.1845299492157622	1.013442109580405	0.8327048410626052	0.5350172871080799	0.5425170457540576	0.45190628341202826	1.1177817460317458	1.4127618651893836	1.362451328857904	1.241804366377181	1.243427689929797	0.4597164803997784	0.6200717649163289	1.2092732625466494	1.0432345511108692	1.0	0.8049356859059732	0.6622251337013723	1.0	0.7329277522268149	0.6634640617230102	1.203768248039957	1.114095382226166	1.419320726857379	1.0	1.2940094050296462	1.32741618492704	0.9051464619671858	0.8795820052158793	0.9198163297958284
L20675	0.6676130913555615	0.9162271423692222	1.0563738861611203	0.736073463675688	1.072298742162181	1.3848169864960909	1.0630250824608067	1.0	0.9540536534756188	1.0813837069074363	1.197568330931505	1.3503890154893254	1.1569373889242653	0.7399798115548575	0.5293107287308683	0.5205160393738861	0.5982031157634526	1.04182996845166	1.3381182736855886	1.2097212010128164	1.2561206343287343	1.374281303459369	0.5094744331508428	0.58343865091436	1.3324717656037761	1.064110234283092	1.0	0.7037383033026947	0.6634651804615469	1.0	0.731550215187314	0.4546539896935113	1.19247347242275	1.080539771988157	1.4656982944969275	1.0	1.343811154598826	1.1833250339515202	0.9640832781446309	0.8387885444806806	1.0383153956864737
gannoruwa_outgroup	0.6508199187603431	0.9114078916965574	1.0018115942028987	0.5315243852563732	1.0399274961305647	1.4137254901960783	1.1034633016965048	1.0	0.9985955056179776	1.1242235060104553	1.0830453385684102	1.2635214961112737	1.1306765427654792	0.7591549057195609	0.4786165423637708	0.6277186411722189	0.4245624964592976	1.0018644825776324	1.4175658974478236	1.327600747846134	1.2576428048951303	1.1500059993139435	0.4763232327490639	0.3475772738259244	1.2694550872711792	1.2760815453012564	1.0	0.6807305247077223	1.05059575633744	1.0	0.72346547314578	0.8635595214390226	1.233784168641422	1.2280074518506343	1.585730293906533	1.0	1.1084444444444443	1.014070951290152	0.9985287790107213	1.025937922587314	0.9743486603117948