"","PC1","PC2","PC3","PC4","PC5","PC6","PC7","PC8","PC9","PC10","PC11","PC12","PC13","PC14","PC15","PC16","PC17","PC18","PC19","PC20","PC21","PC22","PC23","PC24","PC25","PC26","PC27","PC28","PC29","PC30","PC31","PC32","PC33","PC34","PC35","PC36","PC37","PC38","PC39","PC40","PC41","PC42","PC43","PC44","PC45","PC46","PC47","PC48","PC49","PC50","PC51","PC52","PC53","PC54","PC55","PC56","PC57","clade","Accession"
"DQ666289",-7.94672169789501,1.13956206494393,-1.45376741386444,-0.399519166512438,2.42850931656332,2.77843247910307,-1.73313212949989,0.576555973618782,-0.250213626536649,-0.408397201226439,0.153572810804776,-0.195838648718034,0.200477481315122,-0.871088218265506,0.851180383465726,0.167235373838081,1.1303737102966,0.286909442739467,0.373211476738559,0.229025445317009,-0.461077558001095,0.822121530440446,0.152602372216895,0.0563731881723345,0.341888171931269,0.0949635253580418,-0.172733648300538,-0.347184116002076,-0.100505056292695,-0.456695201489568,0.125338424109355,-0.472067646952873,-0.197377325846265,0.45421598531299,0.291179680331977,-0.475661557512178,-0.264476428683128,0.00133213401556443,-0.334799964808997,-0.221194697850455,0.000251381959527834,-0.00168695971514986,0.000393513308468802,0.000502604073396658,0.000522041873944631,-0.000512523101741938,-0.000167912881198526,0.000274892388290263,1.94902412417341e-14,-6.02824338730042e-16,-8.55742698295893e-16,2.77403311761609e-16,6.40632254947762e-16,-8.21834539923166e-16,2.51280391299624e-16,1.17076785204546e-16,1.19780562544049e-16,"Asian SEA2a","DQ666289"
"DQ666290",-7.8855551177949,0.554602953764576,-1.53605735713617,-0.0243238906352826,1.4483799752599,2.78897211630844,-0.910948375429158,0.617857071114832,-0.640215261738935,-0.0929660944680984,0.84445555111023,0.11038316445178,0.613828636547882,-0.550288151469791,0.327158176520695,0.290834187780585,0.33643159264135,-0.0344040202960148,0.666124967174168,-0.252497107101934,-0.642367892830037,0.205951998219144,0.0766612034574244,0.0998777990342174,0.175439172676571,0.306667745687241,0.0342933163661636,-0.0813510167337572,0.206638381498045,-0.213762532314396,0.095019404055894,0.0227307762814336,-0.387052688915627,0.333185535561335,0.107946856731879,-0.0787487331497944,-0.147210995467379,0.146319809378897,-0.052685473523577,-0.134229698772309,0.000388414464956226,-0.00314958596582655,-0.0010878257876282,-4.11884996002818e-05,0.00100752031700296,-0.000321002842448014,-0.000151457674089161,-0.00121319957939096,1.95114639747247e-14,-9.93758356499384e-16,-4.45993129253253e-16,9.48002309145315e-16,-2.89783596500502e-17,-8.345659789362e-16,4.55644701153087e-16,-6.46454768478378e-16,6.52723580253344e-17,"Asian SEA2a","DQ666290"
"DQ866105",-7.07777994074962,-0.157980799611891,-1.24091244623926,-0.0570565301667143,2.49832426874208,2.8626775249943,-0.863964561108505,-0.106282360021839,0.143729293502296,-0.645942961009483,0.704480299493756,0.067291702088906,0.396998589855941,0.442163401634415,-0.435675949288857,0.220560458890333,-0.533572909281053,0.0792307283195155,0.660919970803342,0.899810359291377,-0.295777755282102,0.633631355311175,0.156938417415299,0.5890606306406,-0.0943640463431202,-0.351456399229054,0.521401636918458,-0.307743788637958,0.306837045210349,0.301160494683954,0.739274085603676,0.0339931778940054,-0.186087712758969,-0.30383080338697,0.174614161660112,0.279019824770832,-0.12383836935188,-0.431508449199194,0.243257906037576,-0.264618494669378,0.00115844722423913,0.00164937244690616,8.55419016207791e-05,5.81742450680558e-05,-0.000384137095398728,-0.00122191500740679,-0.000213057026388346,0.000240548789143462,1.83581178345596e-14,-1.76951811491734e-15,-7.67680439658225e-17,4.79900364900621e-16,1.80442836807966e-16,-7.02985163045081e-16,6.54333966799299e-16,-5.62608235827177e-17,-4.46134458505779e-16,"Asian SEA2a","DQ866105"
"DQ866106",-7.77717118681899,0.772776647775275,-1.59580074986105,-0.947770235638127,1.89600520006508,2.36957037904688,-1.01025894575798,0.87355165278581,-1.26928616168241,-0.305294459378243,1.10787059832344,-0.389675933486509,-0.0923307231268094,-0.286431855177928,0.474294295217434,0.173212464616911,0.482105511874351,-0.134928571622661,0.0788276980937456,-0.130509528816777,-0.18922791460199,0.0208266132443232,-0.155132819964939,-0.127689070798466,0.129783845234641,-0.120613389355423,0.454175154485812,0.154348100273444,-0.0757045277017915,0.0719483928467494,-0.0548680128450756,0.293392078278064,-0.301196419929937,-0.188909268690701,0.123240075296831,0.173421695547104,-0.262779315047183,-0.195481505675828,0.0142309068604816,0.0558203687791245,0.000927067176709516,-0.000646330170514452,-0.00139320641499287,-0.00203097657630664,0.00106277407759745,0.000269164702810443,0.000578737741725888,0.000230006055572509,1.94180596349474e-14,-4.11965154846692e-16,2.18770082128725e-17,4.6978129436222e-16,-5.44201790207004e-16,-2.4854554985754e-16,5.08255856831575e-16,9.62460218046897e-17,-4.74104547269111e-16,"Asian SEA2a","DQ866106"
"DQ866108",-7.82679052196269,0.917573010587834,-1.17063839021948,-0.67930294122892,0.629665381944641,2.1452471509528,-0.0693780454794609,0.244226488848878,-1.55835911450622,-0.731405235212085,0.591034999565085,-0.626624735560809,0.434766397993402,-0.0621885460933496,0.0798082629288821,0.0565096173166033,0.205084796204227,-0.593274542127707,-0.413730526048897,-0.558101940223026,-0.590707440541416,-0.181244581642303,-0.311016118054087,-0.182646519942951,-0.36559900298557,-0.117599117440387,0.177889880370164,-0.0614420320438405,0.16312237927999,0.13005494557528,0.333764191782102,-0.1071929499352,0.0931289724008638,0.323670059717448,0.209029078968205,-0.037072638434054,0.296977560148658,-0.036498944929138,0.0777600047764356,-0.10899740889416,0.000377063487792775,0.00233806341554876,0.0004798758362525,0.000980325676440915,0.00143632280571558,0.000898542110161411,-0.000570727985711693,0.000382472756689232,1.88453301599496e-14,-4.38646844186806e-16,6.08718744140645e-16,1.29212828484262e-16,-1.40000662112566e-16,-6.12521374011169e-16,2.89111247459314e-16,-7.01965919709636e-16,-7.11883759212275e-16,"Asian SEA2a","DQ866108"
"DQ866109",-8.1002046163164,1.04046332528161,-1.49264659376507,-0.765983743442056,1.20179812686717,2.32757967955924,-0.724163690593714,0.587292134953659,-1.3111923754609,-0.507995636278718,0.581427120170549,-0.303972886604606,0.163955998092441,-0.0429882750016135,0.149023891918902,0.255091243528485,0.39956430650994,-0.352448181197249,-0.0286117203796793,-0.335818880567805,-0.648533490730408,-0.0299409533660506,0.0686352003986336,-0.0772419387839498,-0.115253132049774,0.200538665380066,0.13516121076384,0.113010003053882,0.0694874488870805,-0.0629374500756131,0.127406493999028,-0.144876533582681,0.148376172871116,0.378741432226216,0.00367837255730061,0.22058754556987,0.0599075118688453,-0.285927665320101,-0.146177156535782,0.104157971101074,0.00119699845842758,0.00119786656716363,0.000385033309122548,0.000215893220335377,-0.000549277763182987,0.000528682013401936,-1.25945331697844e-05,0.000232858458723601,1.85122632525621e-14,-9.93758356499384e-16,2.75651836753098e-16,1.77785085811613e-16,-5.67339352656791e-17,-5.57010222779911e-16,4.00133549921829e-16,-3.68899012322089e-16,-4.89839154287244e-16,"Asian SEA2a","DQ866109"
"DQ866110",-7.04781733347447,0.634339635605417,-1.63191382565852,0.3191472457387,0.012894557241653,1.65645924290458,0.453797469272067,-1.06590489396502,-1.10411700624885,-0.381962212138022,-0.95012409132001,0.539624617873107,0.266801162788374,0.541013665478064,-0.0996085594710777,-0.742742514579836,-0.37102108169853,0.73071647598311,-0.560655152224799,-0.321665791001972,0.191045287115987,-0.40542000939298,-0.312551629962284,0.341627820357001,0.0112712043270664,0.526400460731676,0.0559384130183063,0.474664919462843,-0.508096650269494,0.0881714934016911,0.197336068995032,-0.0364736776653537,-0.0267997085489906,-0.019972750852371,0.135948800352182,-0.277627148581876,-0.0553614293727081,-0.191920165328492,-0.0806940943179126,-0.0909639150371126,-0.00525460678341422,-0.000414466199958796,-0.000304071381919785,0.00113236012626599,0.000353784159445535,-0.000911590798737078,0.000198456447005129,4.83405208739966e-05,1.91546484284043e-14,-5.15956223260985e-16,-8.84570578469447e-16,2.93125060777954e-16,3.05791512536641e-16,-2.45220405538271e-16,-2.79511492492207e-16,-6.17216873660853e-16,6.79537308436271e-17,"Asian SEA2a","DQ866110"
"DQ866112",-8.1628537454541,0.854196189348187,-1.59764362207456,-0.408570403497457,1.74745754661135,2.0612369754031,-1.02529329474465,0.719324944205823,-1.08443526390213,-0.293683692366631,1.27647667998051,-0.33726232451436,-0.324424588724638,-0.204719636502435,0.588825052932492,-0.0628201091440443,0.376661584000712,-0.462897203330365,0.0872860773256954,-0.361493724614316,-0.284324390595794,0.268090545953188,0.153245635231749,-0.317557386779423,-0.365960145367856,0.428663387031424,-0.368838324519011,0.208068025557464,-0.0898177355062593,-0.52405047206781,-0.378051542399246,-0.373317619063743,0.0471866640025724,-0.355633963735416,-0.037861299193602,-0.181675063630727,0.123815742428115,-0.136762499205296,-0.0831496458530311,-0.191788505454357,0.000396540947497738,0.00103942847025472,0.00063442809572556,2.47278369203889e-05,-0.000469557426336157,-8.20485130377438e-05,-0.000110748578551086,3.99454815643371e-05,1.91667240410229e-14,-3.93876463403589e-16,4.38905177946058e-17,2.5165943532702e-16,1.14965894243702e-16,-4.86984713752186e-16,8.5619027388682e-17,-1.09149133020056e-16,-3.44454999445839e-16,"Asian SEA2a","DQ866112"
"DQ866116",-6.82675115177363,0.103236802449478,-1.52228319441065,-0.081379423257171,-0.307934992771912,1.09653256008418,-0.295617529528117,-1.33339527440636,-1.69252014150278,-1.12543512161399,0.263424425339385,0.104071825890473,0.433422365819103,0.757963850175144,-0.781271921705767,-0.0713480787803801,-0.272741519439576,0.642986336169805,0.292005989464472,-0.673748736030232,-0.217448364527186,-0.0490426583779892,0.0658720539879193,-0.173569617071352,-0.280663734588176,-0.192564547794062,-0.163785711888088,-0.0748137295905727,0.114475238879781,0.100067599971697,0.213815803010885,0.398040132800788,-0.136046584813419,-0.15074871321871,0.11150059251269,0.432108619454225,0.167680608528066,8.07314860443342e-05,0.137694431110818,-0.0602668771658347,-0.00419540525916216,-0.000889550595050993,-0.00053610944914956,-0.000306951167355248,-0.000622945495096374,-0.00073893973363687,-0.000195522559704352,0.000209701483182083,1.90056680397769e-14,-5.73941573234469e-16,-3.77603250065673e-16,6.24014220060826e-16,-3.09137933235099e-16,-3.37711590984121e-16,2.73320547355621e-16,1.7630913752077e-16,-4.60488509737523e-16,"Asian SEA2a","DQ866116"
"DQ866119",-7.73160341102706,1.04718647297509,-1.7381436700875,-0.820965121619745,1.46087438915331,2.41108591906888,-1.07285561585785,0.564890393438471,-0.983630909161458,-0.411331337815331,0.682316710051348,-0.143609242599699,0.162141920041491,-0.744737839312912,0.297187152364345,0.418281962757373,0.405307237429272,-0.349831123451542,0.097975068029609,-0.229058742744176,-0.372754429164018,0.142824315490844,0.228488038180279,-0.109454458504488,0.238829339068105,0.441576853710435,0.213747564221065,0.370257929104368,-0.18714131183516,0.139825351469428,0.0995064910048449,-0.243767370115724,-0.11141426493316,0.458178912784939,-0.0979812833950282,-0.510498055795709,-0.0602050364577001,-0.249774612765707,0.00642869257307851,-0.210327824508652,3.23042337053633e-05,0.00116704243158377,0.000907127392615719,0.000699883913396017,-0.00014308376524774,0.00053946656452135,0.000193447669573278,0.000213630681169979,1.93465010666823e-14,-2.43684708649736e-16,-1.53072865192769e-16,2.71916854296484e-16,2.14927991462784e-17,-4.98013810396942e-16,-1.06094437895219e-16,-6.15181156093197e-16,-2.78374828312041e-16,"Asian SEA2a","DQ866119"
"EU086182",-7.90975235467153,0.830759598249214,-1.6575210397521,-0.0639460397951058,0.547713683561893,2.04674916772825,-1.26477773297263,0.836383627984115,-0.547516247616651,-0.457149419704959,0.167113751675453,0.270287769579459,0.733489552306813,0.740731676058617,-0.190778832043688,-0.467890775358845,-0.0547885335753978,-0.52653270937527,0.659066632184294,-0.156253347481915,0.100724142643932,-0.778988936358595,0.17483201103239,0.0379040748223657,-0.349769920822365,0.0294034934158834,0.026719117490037,-0.176595568101977,-0.0771926358329195,0.0386625022330974,-0.15296598998773,0.00344624012998161,0.171580156854025,-0.14177300281818,0.189444133409581,-0.0670894462675724,-0.30538018501485,-0.136247474762879,0.248143268806777,0.166363715945606,-0.000597111811600307,-0.00145157296225235,0.000905397363648521,-0.00062565906522382,0.00019969674020593,-0.00075921227790317,-0.000202121718467296,8.49431296091525e-05,1.88946457373144e-14,-1.01803078308453e-15,6.64859597843892e-17,1.8686390411467e-16,-3.82660146318098e-18,-6.1526734714041e-16,5.12759424305895e-17,1.48553561905141e-16,-4.60488509737523e-16,"Asian SEA2a","EU086182"
"EU086183",-7.91578333355178,0.707464269623155,-1.96860264312256,-0.730829013655862,0.618257613718841,1.64057335700857,-1.5416776510675,0.18872910783993,-1.59111412656349,-0.365630446892621,1.32314022192465,-0.121140552914276,-0.117333733430951,1.00373601792655,-0.0392464640241782,1.01177112603825,-0.604301390573838,-0.828610892234074,0.403158070734288,-0.570534528209215,-0.454815827273962,-0.621299846069608,0.189834882271213,-0.690457635279997,0.236911172088129,0.654343509910273,-0.238071706411207,0.306873226355043,0.440177428947846,-0.441495019401359,-0.132220848906002,-0.160546858331182,0.123422657890722,-0.255955205832097,-0.0573680003736876,-0.515579838689055,0.257262825536439,-0.276333702711707,0.31576665326162,-0.00882974666945194,-0.000110916778015105,0.00375537119268638,0.00118362324253596,0.0010317358122089,-0.000899403285126534,-0.00113342445205472,-0.000224294137960889,3.34844072272891e-05,1.91722014934707e-14,-1.01803078308453e-15,-1.55558645140642e-16,-3.68247608197908e-16,7.73329515774429e-16,-3.93222742215379e-16,5.12759424305895e-17,-2.95535647944922e-16,-2.38443904812492e-16,"Asian SEA2a","EU086183"
"EU159386",-7.90975235467153,0.830759598249214,-1.6575210397521,-0.0639460397951058,0.547713683561893,2.04674916772825,-1.26477773297263,0.836383627984115,-0.547516247616651,-0.457149419704959,0.167113751675453,0.270287769579459,0.733489552306813,0.740731676058617,-0.190778832043688,-0.467890775358845,-0.0547885335753978,-0.52653270937527,0.659066632184294,-0.156253347481915,0.100724142643932,-0.778988936358595,0.17483201103239,0.0379040748223657,-0.349769920822365,0.0294034934158834,0.026719117490037,-0.176595568101977,-0.0771926358329195,0.0386625022330974,-0.15296598998773,0.00344624012998161,0.171580156854025,-0.14177300281818,0.189444133409581,-0.0670894462675724,-0.30538018501485,-0.136247474762879,0.248143268806777,0.166363715945606,-0.000597111811600307,-0.00145157296225235,0.000905397363648521,-0.00062565906522382,0.00019969674020593,-0.00075921227790317,-0.000202121718467296,8.49431296091525e-05,1.88946457373144e-14,-1.01803078308453e-15,6.64859597843892e-17,1.8686390411467e-16,-3.82660146318098e-18,-6.1526734714041e-16,5.12759424305895e-17,1.48553561905141e-16,-4.60488509737523e-16,"Asian SEA2a","EU159386"
"EU828653",-7.0184409133967,0.800049074587246,-1.65816813937797,-0.113783957619332,-0.368896473514343,1.5695122494858,-0.0742635610927477,-1.33023231631495,-1.22987420735173,-0.756062521719038,-0.536630249038076,0.428746311607667,0.52813098607981,0.558192411204948,-0.368543118138703,-0.985569958621908,-0.653933090916949,0.776651925297606,0.0710254276552253,-0.224021173241428,0.188412398272219,-0.15949161961556,-0.94252116237379,-0.0707303487262547,-0.367648084384958,0.257298034961287,-0.567366038560504,-0.426075648595039,0.153236025282574,0.210459262334851,0.778622928894949,0.0423178021246068,-0.0190560517313092,-0.100491162358243,-0.223205147789116,0.491424344333635,0.286674184803426,0.153630139685637,-0.265833428905851,0.0730883014529808,-0.00416501795001135,-0.000556714043044288,-0.000313073977239921,1.20421732298655e-05,-0.000285373679922826,0.000434513300952174,8.22433144345392e-05,0.000324321605134372,1.8938734499727e-14,-2.43283928601888e-16,-8.11959982505119e-17,3.71511450534512e-16,-2.35399895099448e-16,-5.87919139545993e-16,2.36500091780825e-16,-1.40154656058145e-16,-5.05573761305377e-16,"Asian SEA2a","EU828653"
"FJ561726",-7.38837089271776,0.0833035945350952,-0.947605392367115,-0.226719958461633,0.671339886283368,1.86531691699728,0.494675675349159,-1.68431211207305,-1.27879845835261,0.071486921838933,-1.28666562264258,0.364707646532867,0.145986621169864,0.405299017323512,-0.627437741532731,-0.860655293257974,-0.377337951606296,0.457351856089866,-0.437737291508458,-0.675228936770251,-0.550723533569218,-0.0182172151124867,-0.316886223732781,-0.371241081249518,0.0166251159228741,0.31522361653034,-0.227888461984946,-0.201277977382655,0.0783547825232781,-0.164407385675739,0.1928082760823,0.18707994432458,0.0312778532648699,-0.0726256436000885,0.280324387273277,0.103811387567536,0.249625147017366,0.142916672320735,-0.171686436924939,-0.240974992791991,0.000893624383214543,0.000889345767206176,0.00140492848975149,-0.00036812330396177,6.21865270280857e-05,-0.00108561636501974,-0.000247000093328263,0.000359143865196077,1.9382823709577e-14,-1.0204400458395e-15,-3.03240603175543e-16,2.04977996840738e-16,4.58489495291276e-16,-1.99341080927189e-16,1.2547778931831e-16,-5.28732714676949e-16,-6.14845514553142e-17,"Asian SEA2a","FJ561726"
"FJ561727",-6.91181951452993,-0.147741247088133,-1.03755894342432,0.386195796072769,-0.172765181935751,1.8719210915688,0.6501268501384,-1.21678118859616,-1.59876268252357,0.114154806986093,-1.35799821142676,0.698464751673578,-0.0508804508129341,0.806035616470451,-1.04538430223401,-0.205309097179793,-0.219061917533691,0.968666678729391,-0.473056529075037,0.0189024280433598,0.426764265276954,-0.0907972745776273,-0.12226606391298,0.0246552487308383,0.0259376880733074,0.729539235381573,-0.160404871331021,-0.0831381703809376,-0.0245048393085243,0.476567348461326,0.19023482484282,0.236277079617585,-0.15405471073336,0.121802168927793,0.148168707628279,-0.608375935346074,0.623221292360274,-0.0626604454122105,0.106041204140387,0.655167029381399,-0.000232618724087367,-0.00044834309243857,0.00035807273470942,0.000766513588748768,0.000442722657023391,-0.000911379438257987,-0.000212381343672821,-0.00130984601313258,1.88851551997136e-14,-2.81806573678654e-16,-6.11691524151211e-16,6.50670848469098e-16,6.81648352619245e-16,-2.09617284517632e-16,-1.41198743830226e-16,-5.76826221693041e-16,-2.60533664741723e-16,"Asian SEA2a","FJ561727"
"FJ561728",-7.10565459333096,-0.0422955845616655,-0.303597315613215,0.667640650648511,0.478446114314511,1.54913610666357,0.363247234181701,-2.32915134225922,-1.81207220244249,-0.152816269912254,-1.98175360386913,1.21264903255717,-0.239899342119495,0.570278332429617,-0.829985399594656,-0.179544996242241,-1.05587913253499,0.744729662069052,-1.13026427764681,-0.170834720105785,0.763952826290216,-0.0181782878709456,0.0929654145189597,0.425263828961337,-0.322928520125647,0.378087765993467,0.17783278640752,0.39735608631838,0.207476037383688,0.00494209365739256,0.336301825583106,0.446036726469658,0.198217193015083,-0.263097597609177,0.29290575267082,0.200443243044373,-0.0275925060320848,0.319800730558402,-0.0609648114756339,-0.0515525678216069,-0.00381761150500979,-0.000372572426137355,-0.0013237776249836,0.00110571234004439,0.000589207059457748,-0.000606857210397417,0.000404418251389136,0.000442217228222982,1.85307821928948e-14,-8.8819258293987e-16,-3.54540288094525e-16,1.82662021057697e-16,1.49464427093405e-16,-1.23169006431e-16,-1.43309178439564e-16,-2.79181237408245e-17,-4.42215650140234e-16,"Asian SEA2a","FJ561728"
"FJ866829",-7.37057312096926,-0.267880063266291,-0.363821233131354,0.0476815303634618,0.329688526565169,1.81849986332965,0.404610596136081,-2.3700974787331,-1.7202418173145,0.393888934779182,-1.80704012540551,1.3267314212222,0.0321635213857787,0.780101496191817,-0.220951395444638,-0.649585948042053,-1.22556237819119,0.216020820704232,-1.12358865142822,-0.965875175477554,0.568970622355561,0.245205320926899,0.272476666793957,0.236572369075493,-0.030557435788177,0.599363099227177,0.02104736185792,0.127808533979727,0.244435641667255,-0.135606575822721,0.134545449387932,0.628452395871217,0.117544507925886,-0.454684691065202,-0.172113824714644,0.112568185543712,0.0189831805025894,0.209198603077405,-0.238725651745564,-0.104532449707529,0.00824305188949247,-0.00137064309962975,0.000438312503169554,-0.00128569284305536,-0.000428085124335014,0.00116863907779067,0.000792289677258348,-0.00102432338895676,1.87528267978198e-14,-3.33081070627292e-16,-2.14733807069776e-17,5.15728928445244e-16,5.3804248571221e-16,-1.21467039684843e-17,-3.22868759770485e-17,-5.83029636053403e-16,1.12895862172344e-16,"Asian SEA2a","FJ866829"
"FJ866830",-7.41899225760937,-0.616407168377632,0.00961433489984981,0.162113781342652,0.995670012672826,1.96409162983322,0.565414925730197,-1.94700909289663,-1.37475859484771,0.400839368226151,-1.9351226019514,1.13934074305049,-0.0654267304632498,0.767977281878151,-0.373408103274079,-1.14694604217701,-0.347577354019255,0.634237247780384,-0.404951583361766,-1.25252556784474,-0.0291865173599737,0.97084315123719,0.189371180078524,-0.308107684847292,-0.180263722998579,0.831953579297693,-0.148816602378807,-0.152039161187128,0.0918813449326529,0.238621889834593,0.138566184609915,0.482653301620764,-0.0634824899154762,-0.0617141446982619,0.0828449374677553,-0.692566802538471,0.454569611639647,-0.0828096771983384,-0.238201437093023,0.44964706987178,0.00702215282473215,7.78501083188735e-05,0.00196789602107041,-0.0013922397106265,-0.00160483268581096,-5.9094020451391e-05,-0.00151901091258821,-0.00109855729682921,1.87226250786044e-14,-3.52110680847687e-16,-5.32872365111369e-16,3.73526108633666e-16,9.33844060410005e-16,-3.65856981956021e-17,-1.61685507849744e-16,-6.9776642313739e-16,1.40393804598501e-16,"Asian SEA2a","FJ866830"
"FJ866831",-7.68921436693404,0.0362477662459608,-0.446008524886578,-0.575622205905527,1.23326260173933,1.59000615240151,0.628427953167757,-1.81637052074022,-1.13184041274281,0.0651214577779991,-1.60167910878497,0.844455483846591,0.192502588199292,0.479959492284547,0.0146090076669178,-1.24667267564843,-0.822458528358134,-0.211779393994139,-1.0205194163257,-1.39644762055431,-0.323090688422549,0.366105630957392,-0.44755232328777,-0.0616253127757308,0.158684232953464,0.715573723229859,-0.196328399997379,0.208631399274794,0.215568733422101,-0.225141399164998,-0.169691722944974,0.228547560456542,0.134884469333374,-0.338151418519314,0.227441014500572,0.0355344194488538,0.199954034059829,0.291013984472715,-0.161370641172159,-0.208384407975325,-0.00368243184369883,0.00127996021861405,0.000691326373864457,0.000134440482051079,-0.000142315152719463,0.000553842968031588,2.84837452745767e-06,0.00026178191269617,1.84274611123313e-14,4.67620266956423e-16,-2.57446165977747e-16,3.96813542722569e-16,-8.18891435880811e-18,-5.17893630518269e-16,-3.55570186908611e-16,-1.02449381681143e-16,-8.04278816314035e-16,"Asian SEA2a","FJ866831"
"GQ472468",-7.80002761965808,1.00224651590605,-2.11004047592801,-0.396540033233727,1.69075465849646,2.26650730405551,-1.0793130268818,0.862479110838482,-1.16139839016981,-0.280612250565723,0.848581009381976,-0.310744167621686,0.139315809723338,-0.0666541885940768,0.278735248732198,0.324871974103766,0.533793596018094,-0.223200326682247,-0.356355120296025,-0.365237291085495,-0.475191620967603,0.145206842961264,0.0735002924054975,0.0274923069032265,-0.0351919815358838,0.192219434474683,-0.0448122490878613,0.0220142672182802,-0.432547402695697,0.101645478313751,-0.0947462587461568,-0.114549414590869,-0.222690046791953,-0.0430674780718694,0.225339195785962,0.0863334334163844,0.0270120608746521,-0.154390691535949,-0.0246172163271059,0.104384497407468,0.000419612915027449,0.000341731426869882,2.66506502609955e-05,-0.000523058859348723,-0.000836146100543492,0.0005023505402562,-0.00126350114328002,0.000194798724399197,1.96581426308066e-14,-6.57966728699731e-16,1.68870636156275e-16,5.49385000736277e-17,-2.03209992128122e-16,-3.61827122619779e-16,4.68628978746098e-16,-3.24781180257111e-16,-2.39993918718414e-16,"Asian SEA2a","GQ472468"
"GQ472470",-8.0113322105504,0.529874728080012,-1.59786328080491,-1.03969735484731,1.63286256445826,2.63329712153463,-0.965996236360536,1.23967249556896,-1.33419185131344,-0.0363399770410733,0.889159232163007,-0.107055552782443,0.663349145785052,-0.663355363759566,0.421636143099391,0.0654537901519944,0.806164883931235,-0.344957432001359,0.454386761031727,-0.282164440292983,-0.477808225518288,-0.0550765007976912,-0.69856159266838,0.0441567939477108,0.258362623362594,-0.189653711210262,0.19793416487746,0.343926141499099,0.0541552341928295,-0.294618194068524,0.106317826692132,0.262944372918212,-0.407724310793022,0.0770421191464056,-0.272480268629779,-0.217205346658273,-0.017509924274722,0.0634503022732941,-0.119496178611969,-0.114871160240507,0.000667716346161339,-0.0025544132212958,-0.000908657999530382,0.000156815989606735,0.00104232980620427,0.00075462833112761,0.000221657252050023,-0.00145339311305723,1.92515261812536e-14,2.54168659928402e-16,-2.00167596712159e-16,1.13591510913731e-15,-4.33179487744489e-16,-4.70590154782571e-16,3.97233554369059e-16,-5.69887792970404e-16,-3.63082244806595e-16,"Asian SEA2a","GQ472470"
"GQ472473",-7.79943075795003,0.969895354752745,-1.32664775870143,-0.830912179858347,1.35019148498426,2.86172038185257,-1.41917029608514,0.379257161526751,-1.17571457706763,-0.209883970362876,0.823696459512336,-0.342105201373437,0.214731450397654,-0.365440083606381,0.65215146903356,0.396246786360639,0.608993833627823,-0.157625016472951,-0.0343273955874832,-0.04834553193508,-0.440850379472912,-0.0428108487433532,0.15698029742349,-0.244507228492597,0.123542341665482,0.273615671185397,0.0364393624979303,0.130320879852168,-0.179192346190875,-0.135007859078673,-0.300980598943506,-0.214655398973431,0.076073030164594,0.239124544945737,0.138969782261063,0.11291612416515,0.171461704640666,0.0734389153098644,0.0632164745622598,-0.180031644583996,0.000597360190067138,0.000521439925035873,2.73896270177397e-05,-0.000215344199640567,-0.00027072530230701,0.0006351029657109,5.06669726176087e-05,6.47102022141314e-05,1.99000420333435e-14,-5.49669146649321e-16,-1.90391940319076e-18,1.70846191907706e-16,-2.89783596500502e-17,-5.57010222779911e-16,2.33600096228056e-16,-3.13387861090831e-16,-1.56772246899697e-16,"Asian SEA2a","GQ472473"
"GQ472477",-8.03627456817928,1.09423966432684,-1.92452855505186,-0.285510984316899,1.72693970302295,2.45535672230798,-1.57176181303857,0.922762992191615,-1.13629245055142,-0.178772249245882,0.896231490502412,-0.267255994182996,-0.300157075247283,-0.786249949903374,0.0936100187283384,0.6341064468445,0.770367130484239,0.0130281293734358,0.0744404778169307,0.565159437204978,-0.000636484112874404,0.0402643629807467,0.0651944488845742,0.0567928845802282,-0.0572105915917018,0.288718342951052,-0.113021735504046,0.539676686524653,-0.105813946843344,-0.388601859358814,-0.0105878048327825,-0.105732811491452,0.0615962797348853,0.0886245325700519,-0.0600130555310324,-0.0533443685384,-0.0692378411278834,0.0729428694748213,-0.0610062066176131,-0.3001096534313,2.23589515512452e-05,0.0006090438888403,0.000494667274420363,-0.00018258298938151,-0.000270550081807157,0.000558614861826637,-0.00112035415835128,0.000222695722944275,1.97213830558145e-14,-6.04781370201921e-16,-1.93917003767301e-16,2.33299234062708e-16,-1.07563312561832e-16,-5.92426128874856e-16,2.36549629410526e-16,-3.31223323494252e-16,-2.8206366360404e-16,"Asian SEA2a","GQ472477"
"GU358653",-7.87329444588891,1.28595460552068,-2.0037835728655,-0.776764741803185,0.725535702554071,1.8982636100648,-1.05637075956256,0.529603902449642,-1.48756477592797,-0.0413035682267741,0.692074309599019,0.00742620112591587,0.339521257988355,0.621357959771677,0.217249140675569,0.520297350297154,-0.479427504524794,-0.539593797951113,-0.0166018044633124,-0.421237484229127,0.0534404536708355,-0.658299882455945,-0.583191469345539,-0.031728570964926,-0.132653888336019,0.566699676379597,-0.248798300147514,0.326120843319825,-0.0758212560250237,-0.169475527067954,-0.0820818125099212,0.0121099377669059,0.0511932473649181,0.00829503329310716,-0.0503248127925986,0.0234141280926463,0.00723612819033369,-0.23093897694073,0.258633969134892,0.217061809559197,-0.000127574806551155,-0.00103715839170684,0.00125102547818261,-9.69125078236838e-05,0.00037329032029034,-0.000820348524535055,0.000394969183837291,0.000284371740860145,1.95052684008583e-14,-9.07008480622016e-16,6.64859597843892e-17,-1.46203003272877e-16,2.18218003461851e-16,-3.93222742215379e-16,3.84342849818136e-16,-2.95535647944922e-16,-3.49466207275007e-16,"Asian SEA2a","GU358653"
"HM486355",-5.24141960058808,0.844378569453931,-1.02197625356021,-1.15582259334003,-0.411973172807513,-1.5915498980408,3.7913842987296,0.738374896801137,0.527863239034794,1.46569281071025,0.451194864803378,-0.586787087373424,-0.0414496501334514,0.108490957150325,-0.0441296746603259,-0.239595152863771,-0.131221381689418,0.0633333190601848,0.0464428226012674,0.023773342075346,0.125488718335997,-0.0857554755546536,0.107934876223987,0.171045967949605,0.0434267909824801,-0.114787478537228,-0.120873544700648,-0.0320428438455927,-0.0142751934804968,0.00691454450591738,-0.00775780273369943,-0.00188568830087012,0.010933994354945,0.0719155395681748,-0.0360911410726093,-0.0788831983137834,0.0229971712681478,0.0193141085968702,-3.16218271088291e-05,0.018523451867613,0.000436074387511109,-0.000241056193307901,1.14969363689806e-05,0.000334592977712134,-0.000193027361794964,2.93418715729464e-05,0.000298431182092622,9.96232613879334e-05,1.86284293138098e-14,1.30508303676797e-17,-5.6716843366224e-17,3.60541375364978e-16,-4.0873291210216e-16,-1.2959678277974e-16,1.45071122080071e-16,2.55583708320869e-16,-2.21460085677812e-16,"Asian SEA2a","HM486355"
"HM486356",-5.2061848138116,0.698770344798152,-0.940848743734556,-1.30313915257077,-0.242028253658144,-1.48829345630486,3.81091684045919,1.02939566742304,0.333506589569009,1.179613609378,0.360380519035132,-0.604817598304685,0.0234900065734632,-0.122110071410708,-0.0513462459673144,-0.125682735770311,-0.266445900294487,0.245679757918313,0.220258252776943,-0.223830074017097,0.235319967382784,-0.143482889777788,0.00528497678409278,0.0445467864193133,-0.00364738956567591,-0.398037353126545,-0.102619097550134,-0.0461896129447603,-0.12890345592733,-0.0224628929579945,-0.151756199642,0.089651174660559,-0.076583499911814,-0.15567994920649,-0.229875582889641,-0.0363201771101191,-0.0409119540077644,-0.145636214321627,0.192889711205551,0.0580745138725737,0.000408621689843203,0.000507732535366923,-0.000597503266046774,-0.00161374741503589,0.000778011865270309,-7.46000212860579e-05,0.000474763773229265,0.000145405106066847,1.86423046465625e-14,7.05759118718007e-17,8.90075374226726e-17,3.92527165180391e-16,-5.30036594690347e-16,5.33584151019716e-17,2.8430021158331e-16,3.52544153748262e-16,-2.84497347929942e-16,"Asian SEA2a","HM486356"
"HM486357",-5.24141960058808,0.844378569453931,-1.02197625356021,-1.15582259334003,-0.411973172807513,-1.5915498980408,3.7913842987296,0.738374896801137,0.527863239034794,1.46569281071025,0.451194864803378,-0.586787087373424,-0.0414496501334514,0.108490957150325,-0.0441296746603259,-0.239595152863771,-0.131221381689418,0.0633333190601848,0.0464428226012674,0.023773342075346,0.125488718335997,-0.0857554755546536,0.107934876223987,0.171045967949605,0.0434267909824801,-0.114787478537228,-0.120873544700648,-0.0320428438455927,-0.0142751934804968,0.00691454450591738,-0.00775780273369943,-0.00188568830087012,0.010933994354945,0.0719155395681748,-0.0360911410726093,-0.0788831983137834,0.0229971712681478,0.0193141085968702,-3.16218271088291e-05,0.018523451867613,0.000436074387511109,-0.000241056193307901,1.14969363689806e-05,0.000334592977712134,-0.000193027361794964,2.93418715729464e-05,0.000298431182092622,9.96232613879334e-05,1.86284293138098e-14,1.30508303676797e-17,-5.6716843366224e-17,3.60541375364978e-16,-4.0873291210216e-16,-1.2959678277974e-16,1.45071122080071e-16,2.55583708320869e-16,-2.21460085677812e-16,"Asian SEA2a","HM486357"
"HM486358",-5.24141960058808,0.844378569453931,-1.02197625356021,-1.15582259334003,-0.411973172807513,-1.5915498980408,3.7913842987296,0.738374896801137,0.527863239034794,1.46569281071025,0.451194864803378,-0.586787087373424,-0.0414496501334514,0.108490957150325,-0.0441296746603259,-0.239595152863771,-0.131221381689418,0.0633333190601848,0.0464428226012674,0.023773342075346,0.125488718335997,-0.0857554755546536,0.107934876223987,0.171045967949605,0.0434267909824801,-0.114787478537228,-0.120873544700648,-0.0320428438455927,-0.0142751934804968,0.00691454450591738,-0.00775780273369943,-0.00188568830087012,0.010933994354945,0.0719155395681748,-0.0360911410726093,-0.0788831983137834,0.0229971712681478,0.0193141085968702,-3.16218271088291e-05,0.018523451867613,0.000436074387511109,-0.000241056193307901,1.14969363689806e-05,0.000334592977712134,-0.000193027361794964,2.93418715729464e-05,0.000298431182092622,9.96232613879334e-05,1.86284293138098e-14,1.30508303676797e-17,-5.6716843366224e-17,3.60541375364978e-16,-4.0873291210216e-16,-1.2959678277974e-16,1.45071122080071e-16,2.55583708320869e-16,-2.21460085677812e-16,"Asian SEA2a","HM486358"
"HM486359",-5.24141960058808,0.844378569453931,-1.02197625356021,-1.15582259334003,-0.411973172807513,-1.5915498980408,3.7913842987296,0.738374896801137,0.527863239034794,1.46569281071025,0.451194864803378,-0.586787087373424,-0.0414496501334514,0.108490957150325,-0.0441296746603259,-0.239595152863771,-0.131221381689418,0.0633333190601848,0.0464428226012674,0.023773342075346,0.125488718335997,-0.0857554755546536,0.107934876223987,0.171045967949605,0.0434267909824801,-0.114787478537228,-0.120873544700648,-0.0320428438455927,-0.0142751934804968,0.00691454450591738,-0.00775780273369943,-0.00188568830087012,0.010933994354945,0.0719155395681748,-0.0360911410726093,-0.0788831983137834,0.0229971712681478,0.0193141085968702,-3.16218271088291e-05,0.018523451867613,0.000436074387511109,-0.000241056193307901,1.14969363689806e-05,0.000334592977712134,-0.000193027361794964,2.93418715729464e-05,0.000298431182092622,9.96232613879334e-05,1.86284293138098e-14,1.30508303676797e-17,-5.6716843366224e-17,3.60541375364978e-16,-4.0873291210216e-16,-1.2959678277974e-16,1.45071122080071e-16,2.55583708320869e-16,-2.21460085677812e-16,"Asian SEA2a","HM486359"
"HM486361",-5.24141960058808,0.844378569453931,-1.02197625356021,-1.15582259334003,-0.411973172807513,-1.5915498980408,3.7913842987296,0.738374896801137,0.527863239034794,1.46569281071025,0.451194864803378,-0.586787087373424,-0.0414496501334514,0.108490957150325,-0.0441296746603259,-0.239595152863771,-0.131221381689418,0.0633333190601848,0.0464428226012674,0.023773342075346,0.125488718335997,-0.0857554755546536,0.107934876223987,0.171045967949605,0.0434267909824801,-0.114787478537228,-0.120873544700648,-0.0320428438455927,-0.0142751934804968,0.00691454450591738,-0.00775780273369943,-0.00188568830087012,0.010933994354945,0.0719155395681748,-0.0360911410726093,-0.0788831983137834,0.0229971712681478,0.0193141085968702,-3.16218271088291e-05,0.018523451867613,0.000436074387511109,-0.000241056193307901,1.14969363689806e-05,0.000334592977712134,-0.000193027361794964,2.93418715729464e-05,0.000298431182092622,9.96232613879334e-05,1.86284293138098e-14,1.30508303676797e-17,-5.6716843366224e-17,3.60541375364978e-16,-4.0873291210216e-16,-1.2959678277974e-16,1.45071122080071e-16,2.55583708320869e-16,-2.21460085677812e-16,"Asian SEA2a","HM486361"
"HM486362",-5.24141960058808,0.844378569453931,-1.02197625356021,-1.15582259334003,-0.411973172807513,-1.5915498980408,3.7913842987296,0.738374896801137,0.527863239034794,1.46569281071025,0.451194864803378,-0.586787087373424,-0.0414496501334514,0.108490957150325,-0.0441296746603259,-0.239595152863771,-0.131221381689418,0.0633333190601848,0.0464428226012674,0.023773342075346,0.125488718335997,-0.0857554755546536,0.107934876223987,0.171045967949605,0.0434267909824801,-0.114787478537228,-0.120873544700648,-0.0320428438455927,-0.0142751934804968,0.00691454450591738,-0.00775780273369943,-0.00188568830087012,0.010933994354945,0.0719155395681748,-0.0360911410726093,-0.0788831983137834,0.0229971712681478,0.0193141085968702,-3.16218271088291e-05,0.018523451867613,0.000436074387511109,-0.000241056193307901,1.14969363689806e-05,0.000334592977712134,-0.000193027361794964,2.93418715729464e-05,0.000298431182092622,9.96232613879334e-05,1.86284293138098e-14,1.30508303676797e-17,-5.6716843366224e-17,3.60541375364978e-16,-4.0873291210216e-16,-1.2959678277974e-16,1.45071122080071e-16,2.55583708320869e-16,-2.21460085677812e-16,"Asian SEA2a","HM486362"
"HM486364",-5.24141960058808,0.844378569453931,-1.02197625356021,-1.15582259334003,-0.411973172807513,-1.5915498980408,3.7913842987296,0.738374896801137,0.527863239034794,1.46569281071025,0.451194864803378,-0.586787087373424,-0.0414496501334514,0.108490957150325,-0.0441296746603259,-0.239595152863771,-0.131221381689418,0.0633333190601848,0.0464428226012674,0.023773342075346,0.125488718335997,-0.0857554755546536,0.107934876223987,0.171045967949605,0.0434267909824801,-0.114787478537228,-0.120873544700648,-0.0320428438455927,-0.0142751934804968,0.00691454450591738,-0.00775780273369943,-0.00188568830087012,0.010933994354945,0.0719155395681748,-0.0360911410726093,-0.0788831983137834,0.0229971712681478,0.0193141085968702,-3.16218271088291e-05,0.018523451867613,0.000436074387511109,-0.000241056193307901,1.14969363689806e-05,0.000334592977712134,-0.000193027361794964,2.93418715729464e-05,0.000298431182092622,9.96232613879334e-05,1.86284293138098e-14,1.30508303676797e-17,-5.6716843366224e-17,3.60541375364978e-16,-4.0873291210216e-16,-1.2959678277974e-16,1.45071122080071e-16,2.55583708320869e-16,-2.21460085677812e-16,"Asian SEA2a","HM486364"
"HM486365",-5.24141960058808,0.844378569453931,-1.02197625356021,-1.15582259334003,-0.411973172807513,-1.5915498980408,3.7913842987296,0.738374896801137,0.527863239034794,1.46569281071025,0.451194864803378,-0.586787087373424,-0.0414496501334514,0.108490957150325,-0.0441296746603259,-0.239595152863771,-0.131221381689418,0.0633333190601848,0.0464428226012674,0.023773342075346,0.125488718335997,-0.0857554755546536,0.107934876223987,0.171045967949605,0.0434267909824801,-0.114787478537228,-0.120873544700648,-0.0320428438455927,-0.0142751934804968,0.00691454450591738,-0.00775780273369943,-0.00188568830087012,0.010933994354945,0.0719155395681748,-0.0360911410726093,-0.0788831983137834,0.0229971712681478,0.0193141085968702,-3.16218271088291e-05,0.018523451867613,0.000436074387511109,-0.000241056193307901,1.14969363689806e-05,0.000334592977712134,-0.000193027361794964,2.93418715729464e-05,0.000298431182092622,9.96232613879334e-05,1.86284293138098e-14,1.30508303676797e-17,-5.6716843366224e-17,3.60541375364978e-16,-4.0873291210216e-16,-1.2959678277974e-16,1.45071122080071e-16,2.55583708320869e-16,-2.21460085677812e-16,"Asian SEA2a","HM486365"
"HM486366",-5.24141960058808,0.844378569453931,-1.02197625356021,-1.15582259334003,-0.411973172807513,-1.5915498980408,3.7913842987296,0.738374896801137,0.527863239034794,1.46569281071025,0.451194864803378,-0.586787087373424,-0.0414496501334514,0.108490957150325,-0.0441296746603259,-0.239595152863771,-0.131221381689418,0.0633333190601848,0.0464428226012674,0.023773342075346,0.125488718335997,-0.0857554755546536,0.107934876223987,0.171045967949605,0.0434267909824801,-0.114787478537228,-0.120873544700648,-0.0320428438455927,-0.0142751934804968,0.00691454450591738,-0.00775780273369943,-0.00188568830087012,0.010933994354945,0.0719155395681748,-0.0360911410726093,-0.0788831983137834,0.0229971712681478,0.0193141085968702,-3.16218271088291e-05,0.018523451867613,0.000436074387511109,-0.000241056193307901,1.14969363689806e-05,0.000334592977712134,-0.000193027361794964,2.93418715729464e-05,0.000298431182092622,9.96232613879334e-05,1.86284293138098e-14,1.30508303676797e-17,-5.6716843366224e-17,3.60541375364978e-16,-4.0873291210216e-16,-1.2959678277974e-16,1.45071122080071e-16,2.55583708320869e-16,-2.21460085677812e-16,"Asian SEA2a","HM486366"
"HM486367",-5.24141960058808,0.844378569453931,-1.02197625356021,-1.15582259334003,-0.411973172807513,-1.5915498980408,3.7913842987296,0.738374896801137,0.527863239034794,1.46569281071025,0.451194864803378,-0.586787087373424,-0.0414496501334514,0.108490957150325,-0.0441296746603259,-0.239595152863771,-0.131221381689418,0.0633333190601848,0.0464428226012674,0.023773342075346,0.125488718335997,-0.0857554755546536,0.107934876223987,0.171045967949605,0.0434267909824801,-0.114787478537228,-0.120873544700648,-0.0320428438455927,-0.0142751934804968,0.00691454450591738,-0.00775780273369943,-0.00188568830087012,0.010933994354945,0.0719155395681748,-0.0360911410726093,-0.0788831983137834,0.0229971712681478,0.0193141085968702,-3.16218271088291e-05,0.018523451867613,0.000436074387511109,-0.000241056193307901,1.14969363689806e-05,0.000334592977712134,-0.000193027361794964,2.93418715729464e-05,0.000298431182092622,9.96232613879334e-05,1.86284293138098e-14,1.30508303676797e-17,-5.6716843366224e-17,3.60541375364978e-16,-4.0873291210216e-16,-1.2959678277974e-16,1.45071122080071e-16,2.55583708320869e-16,-2.21460085677812e-16,"Asian SEA2a","HM486367"
"HM486368",-7.88348847874955,0.548344769527076,-1.78115351081107,-0.548984877912182,1.34674117347372,2.55550441367566,-1.21294326565812,0.590460065393391,-0.797804355760972,-0.592423890136649,0.723912765923552,-0.182640837555685,0.185594789756938,-0.362950457595456,0.0599027100598009,-0.216570769948107,0.395968981255202,0.276573327494695,-0.0409814842527105,0.0481513703039876,-0.855878376251771,0.404342708441504,0.158885007712594,0.0690104986921348,-0.129665453175351,0.278641335486774,0.169519985960948,0.291174075921639,-0.20283602990421,-0.0777971355134077,-0.0786530106640834,-0.00916818516394489,0.107447237615986,0.129394642280466,0.0724967718497049,-0.0351862024733542,-0.221704123661904,0.12619050615135,0.0217335198440265,-0.0500213884684246,0.000503987453952215,0.000547677156494585,0.000142231962888637,-8.11380766913625e-05,-0.000232773605188486,-0.000663439790158426,-0.000206021470285388,0.000263047396605221,1.92339082185685e-14,-7.71713751574353e-16,-2.23948524328222e-16,2.81868494370221e-16,-1.40000662112566e-16,-3.90476769086138e-16,3.44622398690571e-16,-4.24410163553347e-16,-4.89839154287244e-16,"Asian SEA2a","HM486368"
"HM486369",-5.04465895428352,0.855719364435601,-0.891878934859226,-1.14329087059704,-0.352084644369986,-1.594131133295,3.48007786148823,0.929228296391406,0.748224271304991,1.33963355581526,0.380062292918961,-0.413090986194407,0.0937165755148369,0.0772891748126888,-0.284750331395608,-0.395743580952431,0.0193026710614814,-0.223486097691905,-0.0609144646234516,-0.0737566915512222,0.135403104352911,-0.107818523123379,0.21410299844603,0.0256683303365012,-0.113292720362492,-0.261429326392051,-0.405602377401458,-0.0368324302965511,-0.0457327414735247,0.00407835893953478,0.177465347935183,-0.0698428959365197,0.197301690612464,0.190230957724576,-0.00293710155832044,0.0273245197792545,0.165063582720522,-0.0694738772829078,0.0873345535472354,-0.0925864247082945,0.000708484339804077,-0.000121423575537474,9.58331934184916e-05,0.000171130050661139,-5.09780186180555e-05,0.000172740888049588,0.000124765594534463,-0.00149374949618114,1.85174070113473e-14,2.35095435292711e-16,-1.20569213496619e-18,7.21363858368153e-16,-7.56660047146131e-17,-3.51641387704772e-16,4.78138029467618e-16,-7.74831990666784e-17,-2.21460085677812e-16,"Asian SEA2a","HM486369"
"HM486370",-5.24141960058808,0.844378569453931,-1.02197625356021,-1.15582259334003,-0.411973172807513,-1.5915498980408,3.7913842987296,0.738374896801137,0.527863239034794,1.46569281071025,0.451194864803378,-0.586787087373424,-0.0414496501334514,0.108490957150325,-0.0441296746603259,-0.239595152863771,-0.131221381689418,0.0633333190601848,0.0464428226012674,0.023773342075346,0.125488718335997,-0.0857554755546536,0.107934876223987,0.171045967949605,0.0434267909824801,-0.114787478537228,-0.120873544700648,-0.0320428438455927,-0.0142751934804968,0.00691454450591738,-0.00775780273369943,-0.00188568830087012,0.010933994354945,0.0719155395681748,-0.0360911410726093,-0.0788831983137834,0.0229971712681478,0.0193141085968702,-3.16218271088291e-05,0.018523451867613,0.000436074387511109,-0.000241056193307901,1.14969363689806e-05,0.000334592977712134,-0.000193027361794964,2.93418715729464e-05,0.000298431182092622,9.96232613879334e-05,1.86284293138098e-14,1.30508303676797e-17,-5.6716843366224e-17,3.60541375364978e-16,-4.0873291210216e-16,-1.2959678277974e-16,1.45071122080071e-16,2.55583708320869e-16,-2.21460085677812e-16,"Asian SEA2a","HM486370"
"HM486371",-5.24141960058808,0.844378569453931,-1.02197625356021,-1.15582259334003,-0.411973172807513,-1.5915498980408,3.7913842987296,0.738374896801137,0.527863239034794,1.46569281071025,0.451194864803378,-0.586787087373424,-0.0414496501334514,0.108490957150325,-0.0441296746603259,-0.239595152863771,-0.131221381689418,0.0633333190601848,0.0464428226012674,0.023773342075346,0.125488718335997,-0.0857554755546536,0.107934876223987,0.171045967949605,0.0434267909824801,-0.114787478537228,-0.120873544700648,-0.0320428438455927,-0.0142751934804968,0.00691454450591738,-0.00775780273369943,-0.00188568830087012,0.010933994354945,0.0719155395681748,-0.0360911410726093,-0.0788831983137834,0.0229971712681478,0.0193141085968702,-3.16218271088291e-05,0.018523451867613,0.000436074387511109,-0.000241056193307901,1.14969363689806e-05,0.000334592977712134,-0.000193027361794964,2.93418715729464e-05,0.000298431182092622,9.96232613879334e-05,1.86284293138098e-14,1.30508303676797e-17,-5.6716843366224e-17,3.60541375364978e-16,-4.0873291210216e-16,-1.2959678277974e-16,1.45071122080071e-16,2.55583708320869e-16,-2.21460085677812e-16,"Asian SEA2a","HM486371"
"HM486372",-5.24141960058808,0.844378569453931,-1.02197625356021,-1.15582259334003,-0.411973172807513,-1.5915498980408,3.7913842987296,0.738374896801137,0.527863239034794,1.46569281071025,0.451194864803378,-0.586787087373424,-0.0414496501334514,0.108490957150325,-0.0441296746603259,-0.239595152863771,-0.131221381689418,0.0633333190601848,0.0464428226012674,0.023773342075346,0.125488718335997,-0.0857554755546536,0.107934876223987,0.171045967949605,0.0434267909824801,-0.114787478537228,-0.120873544700648,-0.0320428438455927,-0.0142751934804968,0.00691454450591738,-0.00775780273369943,-0.00188568830087012,0.010933994354945,0.0719155395681748,-0.0360911410726093,-0.0788831983137834,0.0229971712681478,0.0193141085968702,-3.16218271088291e-05,0.018523451867613,0.000436074387511109,-0.000241056193307901,1.14969363689806e-05,0.000334592977712134,-0.000193027361794964,2.93418715729464e-05,0.000298431182092622,9.96232613879334e-05,1.86284293138098e-14,1.30508303676797e-17,-5.6716843366224e-17,3.60541375364978e-16,-4.0873291210216e-16,-1.2959678277974e-16,1.45071122080071e-16,2.55583708320869e-16,-2.21460085677812e-16,"Asian SEA2a","HM486372"
"HM486373",-5.24141960058808,0.844378569453931,-1.02197625356021,-1.15582259334003,-0.411973172807513,-1.5915498980408,3.7913842987296,0.738374896801137,0.527863239034794,1.46569281071025,0.451194864803378,-0.586787087373424,-0.0414496501334514,0.108490957150325,-0.0441296746603259,-0.239595152863771,-0.131221381689418,0.0633333190601848,0.0464428226012674,0.023773342075346,0.125488718335997,-0.0857554755546536,0.107934876223987,0.171045967949605,0.0434267909824801,-0.114787478537228,-0.120873544700648,-0.0320428438455927,-0.0142751934804968,0.00691454450591738,-0.00775780273369943,-0.00188568830087012,0.010933994354945,0.0719155395681748,-0.0360911410726093,-0.0788831983137834,0.0229971712681478,0.0193141085968702,-3.16218271088291e-05,0.018523451867613,0.000436074387511109,-0.000241056193307901,1.14969363689806e-05,0.000334592977712134,-0.000193027361794964,2.93418715729464e-05,0.000298431182092622,9.96232613879334e-05,1.86284293138098e-14,1.30508303676797e-17,-5.6716843366224e-17,3.60541375364978e-16,-4.0873291210216e-16,-1.2959678277974e-16,1.45071122080071e-16,2.55583708320869e-16,-2.21460085677812e-16,"Asian SEA2a","HM486373"
"HM486374",-5.39145037120269,0.927571320318667,-0.994162701227297,-1.24951384914663,-0.340963615777643,-1.57945046354904,3.75801970938037,0.830768395036699,0.595796277245292,1.46757676109145,0.431333483627748,-0.5519135947254,-0.212812560088759,0.226254900860122,-0.139616003404017,-0.247421573096886,-0.105824779319182,0.0409713158156543,0.265399507885684,-0.0100103204479737,0.0504978904842602,-0.0106701431208751,0.171404297299996,-0.152816158426231,0.125376441663095,0.0841691858886841,-0.219244828598815,0.0986509930279871,-0.119193171596219,0.111560997389025,-0.0613181347384339,0.0599686849990525,-0.152422028846533,0.151917368934278,0.0817979570840716,0.0548428163826289,-0.0636508269025445,0.136051756605772,-0.072223475876173,0.10414439319587,0.000313247067116423,-0.000907297863066662,-7.48125967610435e-05,0.000233587122032243,-0.000279733685610998,8.99108484580913e-05,0.000333703174123445,0.00011646048989922,1.88058679706654e-14,1.87554926160821e-16,-2.3500758675165e-16,4.17863715095027e-16,-5.12523865978482e-16,-1.47952852461269e-16,2.3225298697522e-16,3.77157490060398e-16,-2.90970138924396e-16,"Asian SEA2a","HM486374"
"HM486375",-5.39145037120269,0.927571320318667,-0.994162701227297,-1.24951384914663,-0.340963615777643,-1.57945046354904,3.75801970938037,0.830768395036699,0.595796277245292,1.46757676109145,0.431333483627748,-0.5519135947254,-0.212812560088759,0.226254900860122,-0.139616003404017,-0.247421573096886,-0.105824779319182,0.0409713158156543,0.265399507885684,-0.0100103204479737,0.0504978904842602,-0.0106701431208751,0.171404297299996,-0.152816158426231,0.125376441663095,0.0841691858886841,-0.219244828598815,0.0986509930279871,-0.119193171596219,0.111560997389025,-0.0613181347384339,0.0599686849990525,-0.152422028846533,0.151917368934278,0.0817979570840716,0.0548428163826289,-0.0636508269025445,0.136051756605772,-0.072223475876173,0.10414439319587,0.000313247067116423,-0.000907297863066662,-7.48125967610435e-05,0.000233587122032243,-0.000279733685610998,8.99108484580913e-05,0.000333703174123445,0.00011646048989922,1.88058679706654e-14,1.87554926160821e-16,-2.3500758675165e-16,4.17863715095027e-16,-5.12523865978482e-16,-1.47952852461269e-16,2.3225298697522e-16,3.77157490060398e-16,-2.90970138924396e-16,"Asian SEA2a","HM486375"
"HM486379",-5.04315782001027,0.808014932757291,-0.805872536637789,-1.29033449833923,-0.368799358028419,-1.78235309674202,3.83677342721419,0.933725044378915,0.529371626513771,1.49073311437251,0.509019102670206,-0.524235243223815,-0.122887130712251,-0.0195380732609125,-0.0462361443912616,-0.191944339678471,0.0363614906237283,0.278303611848483,0.115635526330013,-0.176600560680205,0.108300981982268,-0.10569631333008,0.0090141286350176,0.0674434936417235,0.185723986261036,-0.415654278566481,0.0472423599413831,0.0241403694711621,0.0467303304024642,-0.0586367790759221,-0.0627728445276654,0.158452612409116,-0.0125943597684374,-0.12278049841153,-0.214692565756755,0.0345403140748915,-0.0748287831641431,-0.0829824809515712,0.222730432211686,0.0722026251803023,0.000979532600752371,0.000205293630120717,0.000155427027775115,0.00026330924703998,-0.000312880072765111,-7.8475368371835e-05,0.000208297027698441,6.21459566052732e-05,1.86145490709469e-14,7.05759118718007e-17,5.74081057578588e-18,3.09260438333504e-16,-5.85547745921605e-16,1.08869566333229e-16,2.8430021158331e-16,2.41521851285746e-16,-2.28986196698684e-16,"Asian SEA2a","HM486379"
"HM486380",-5.04315782001027,0.808014932757291,-0.805872536637789,-1.29033449833923,-0.368799358028419,-1.78235309674202,3.83677342721419,0.933725044378915,0.529371626513771,1.49073311437251,0.509019102670206,-0.524235243223815,-0.122887130712251,-0.0195380732609125,-0.0462361443912616,-0.191944339678471,0.0363614906237283,0.278303611848483,0.115635526330013,-0.176600560680205,0.108300981982268,-0.10569631333008,0.0090141286350176,0.0674434936417235,0.185723986261036,-0.415654278566481,0.0472423599413831,0.0241403694711621,0.0467303304024642,-0.0586367790759221,-0.0627728445276654,0.158452612409116,-0.0125943597684374,-0.12278049841153,-0.214692565756755,0.0345403140748915,-0.0748287831641431,-0.0829824809515712,0.222730432211686,0.0722026251803023,0.000979532600752371,0.000205293630120717,0.000155427027775115,0.00026330924703998,-0.000312880072765111,-7.8475368371835e-05,0.000208297027698441,6.21459566052732e-05,1.86145490709469e-14,7.05759118718007e-17,5.74081057578588e-18,3.09260438333504e-16,-5.85547745921605e-16,1.08869566333229e-16,2.8430021158331e-16,2.41521851285746e-16,-2.28986196698684e-16,"Asian SEA2a","HM486380"
"HM486381",-7.27717491248147,-0.158022144037445,-1.54924779421288,0.294920729427362,0.349881538902576,1.53998919751165,-0.0321663076876333,-1.00483375406121,-1.65234768483169,-0.062953103004726,-1.11605895566715,0.891982437426023,-0.368476876400187,0.338772099338513,-1.0416927471485,-0.512938501335827,-0.598633125463549,1.26114723152812,-0.91876086900166,0.324975397373401,0.0415125532789447,-0.526136936683187,0.172224109158496,0.122897753752088,0.151431399395532,0.602779787962367,0.437284326357374,-0.213420649579257,-0.417618060133118,-0.268169296737025,0.0383088043886358,0.295645568793423,-0.230848707713398,0.48281377879781,0.340681489061068,0.141348071478242,0.396465572771689,0.423420370187137,0.0145988731669131,-0.211883909034065,6.59850461010025e-05,-0.00333077546867498,-0.000752463776667512,-0.000694686016510434,0.00170499928513977,-0.000185067087314175,-0.000834361555516765,-0.000906201858078581,1.9531740700049e-14,-4.77165487426236e-16,-2.96327132983264e-16,1.29122407600231e-15,8.04361557417408e-16,-6.74896869546977e-16,2.20524978972843e-16,-3.1243981370821e-16,3.82051429770587e-17,"Asian SEA2a","HM486381"
"JF819605",-5.86746618388224,0.962413896950561,-1.08569488016993,-0.978644740906582,0.0920635975450742,-1.98044032608392,3.71704708981184,0.439601415918096,0.875417401138705,1.40113218938715,0.847485400771051,-0.422323572932918,-0.485032433000968,1.16089900561006,-0.0833952806834379,0.346214284311891,0.15069710977108,-0.13410309131091,0.785444377608787,-0.127652030661236,0.178801231619636,0.0265383030120212,0.820086075474196,-0.596410130442264,0.175121842720572,-0.613836979671387,0.232435776917902,-0.63705861989287,0.96501428153208,-0.263197064515006,-0.0151957520615892,-0.497185601825658,0.37551968288909,0.106563071797066,0.198978025920633,-0.520836380554927,0.15618331203506,-0.233589929991039,-0.417524374852879,-0.0328329911149772,0.000469321381509313,0.000325954811447255,-0.00064643750580522,-0.000833968505337997,0.00107987947417862,-0.000388846464220274,0.000232796594682063,-2.00049019131426e-05,1.73450549586202e-14,-7.48689222003062e-16,-1.48884562494448e-16,8.67139002144407e-16,-5.4033622407217e-16,-8.03671496985057e-16,-4.97933813600995e-16,3.62628304133175e-16,1.36460747139841e-16,"Asian SEA2a","JF819605"
"JF819615",-5.22463409971577,1.05266821606482,-0.915719047286774,-0.811074442022734,-0.584492304252897,-1.42674468971304,3.94057112564707,1.16817084890726,0.929363550791664,1.23697222356662,0.884328305479387,-0.744763199680623,-0.169559698084219,-0.0883902375314778,-0.239673811195988,0.148379143078217,-0.217842014121768,0.105944927243583,0.137140272961435,0.243074036068574,0.161119921036374,-0.264603640354028,-0.180002128984415,0.215926514623778,0.0799043717993491,0.0263137890706794,-0.0417648308212017,-0.0739756020686722,-0.013766659595434,-0.0502806726133395,-0.00806843651398804,-0.0104204323054978,0.129330108896791,0.210578971129324,0.0663097216479775,-0.0935917235816884,0.0980196185747109,-0.0102794165362158,0.0216105639287848,0.0295759209848346,-0.000529455456467495,-0.000392451091035577,0.000306971026678519,0.000313420473237436,-0.000269209158708841,4.22311970144416e-05,0.000600060109384086,7.53675693158628e-05,1.86839404650411e-14,-2.64504925788609e-16,-1.12227994597482e-16,3.0503022413372e-16,-2.97710609639644e-16,-2.40619085242256e-16,1.45071122080071e-16,1.44561405858353e-16,-2.21460085677812e-16,"Asian SEA2a","JF819615"
"JF819622",-5.24141960058808,0.844378569453931,-1.02197625356021,-1.15582259334003,-0.411973172807513,-1.5915498980408,3.7913842987296,0.738374896801137,0.527863239034794,1.46569281071025,0.451194864803378,-0.586787087373424,-0.0414496501334514,0.108490957150325,-0.0441296746603259,-0.239595152863771,-0.131221381689418,0.0633333190601848,0.0464428226012674,0.023773342075346,0.125488718335997,-0.0857554755546536,0.107934876223987,0.171045967949605,0.0434267909824801,-0.114787478537228,-0.120873544700648,-0.0320428438455927,-0.0142751934804968,0.00691454450591738,-0.00775780273369943,-0.00188568830087012,0.010933994354945,0.0719155395681748,-0.0360911410726093,-0.0788831983137834,0.0229971712681478,0.0193141085968702,-3.16218271088291e-05,0.018523451867613,0.000436074387511109,-0.000241056193307901,1.14969363689806e-05,0.000334592977712134,-0.000193027361794964,2.93418715729464e-05,0.000298431182092622,9.96232613879334e-05,1.86284293138098e-14,1.30508303676797e-17,-5.6716843366224e-17,3.60541375364978e-16,-4.0873291210216e-16,-1.2959678277974e-16,1.45071122080071e-16,2.55583708320869e-16,-2.21460085677812e-16,"Asian SEA2a","JF819622"
"JN974823",-6.80442255240447,0.101670725720029,-1.8043508108154,-0.0536611268050109,1.88067521634454,2.14839608759403,-1.68118740519405,0.0259750210366899,0.42668995317662,-0.43467487807988,0.347773836679917,0.258350499839157,0.253625603150049,0.711722381092967,-0.464022340114346,0.015225397102101,-0.367798032608557,0.237141606969984,0.150831392572528,0.997170134500449,0.689685784063301,-0.0791056046879001,0.576865767235271,0.844952670150766,0.681461249249538,0.424859743621589,0.40743642964285,-0.46599720898404,0.415452363488594,-0.352004496890596,-0.0134222738034341,0.00848669530780409,-0.150387961936986,-0.372208643285495,-0.060317228843277,0.214848708754524,-0.150334220343906,-0.0385442727145093,-0.0551293394553473,-0.0233291766679891,0.00100021719085196,-0.000507329374830698,-0.000230289826168446,0.000216495121505157,0.00049074267381554,0.000296178151017607,0.000302278696128134,0.000238847627094382,1.83950453762331e-14,-6.84963875696985e-16,1.21997111015647e-16,2.70130630961557e-16,1.34951276614964e-16,-9.48334254527957e-16,-1.15257511263184e-16,1.20797986289512e-16,-1.27421602349976e-16,"Asian SEA2a","JN974823"
"JN974824",-7.06406622417625,0.642413592953492,-2.18180276299038,0.656566157198961,-0.0207862370078437,1.20934029448747,-0.161954860494457,-0.757000252417095,-1.44701922324841,-0.561793481829721,-0.220672052505288,0.52610327914261,0.772556436130382,0.607071031453544,-0.339490633925362,-0.530494234542499,-0.112032152004736,0.620778024921722,-0.556046847500907,-0.399871481336814,-0.158356922073054,-0.11155219032186,-0.0335595766790641,0.460269212819005,-0.348678813132761,0.369922280207826,-0.442827777776288,0.297803987396725,-0.414261141188462,-0.0512007026021732,-0.0591727283151258,0.0326322612376535,-0.178435389378536,-0.427872426998793,0.257673878403791,0.381635907176395,0.10659856544249,-0.0801137869745979,-0.0672982687078134,-0.0102640695417854,-0.00470801277253804,-0.0013762780028415,-0.000593773260532287,-6.93041114710693e-05,-0.000359712236819633,-0.000886208013262069,2.38902262390147e-05,9.35123484257356e-05,1.95416559413717e-14,-1.15500756864812e-15,-4.55845876523579e-16,2.96137806947785e-16,1.72053626893426e-16,-3.0421681792124e-16,2.26716495324841e-16,-4.26445881121003e-16,1.89556312255971e-16,"Asian SEA2a","JN974824"
"JN974828",-7.84451026460492,0.80785755893081,-1.51241244895117,-0.998235257049519,1.86007425549976,2.36235496066782,-1.22557985962424,0.936738224255252,-1.29148786242689,-0.464986003771718,0.986037214316204,-0.271659980298284,0.0869445414590331,-0.499242994314084,0.342342236034678,0.297711288413723,0.575280967140849,-0.217987948340226,0.060971053027876,-0.231218496430542,-0.37135058166988,0.180213040611657,-0.188940177360446,-0.258891115372799,0.119890296337758,-0.171498093194544,0.322399982240025,0.193843102704857,-0.0603415154545028,0.0554408966043424,0.0776913734510396,0.263795677299405,-0.0966946931838024,-0.00943495984400948,-0.0554406203036923,0.0806471047311113,-0.12762923425192,-0.0640693319480409,0.0290511980056885,-0.0103813071584536,0.000888052679088318,0.000831457131956049,0.000308216117152361,-0.000166975067753386,-0.000509619288040678,0.000386300087820387,9.47181090738997e-05,0.000150382552455773,1.93625484837162e-14,-4.11965154846692e-16,2.18770082128725e-17,2.47736689437189e-16,-4.33179487744489e-16,-2.4854554985754e-16,5.08255856831575e-16,-2.36820885582857e-16,-4.74104547269111e-16,"Asian SEA2a","JN974828"
"JN974829",-7.47201566769914,0.925401195718532,-1.81875183506625,-0.394426236298393,2.29623012531911,2.40740479121097,-1.88288019861997,1.15928203235336,-1.59177664987715,-0.329955980839343,0.859776336567043,-0.118296690898205,-0.586993840943755,-1.04680799572658,-0.37769962761402,0.393221568617931,1.07984068744415,0.14101773259883,0.276561917565873,0.789124633602009,0.144278880102612,-0.398240221342583,-0.144240738134801,-0.500530867287345,-0.156299331857582,-0.309011814014195,0.140279107489073,0.595628686452863,-0.184837398103703,-0.201318472905543,0.423454180257705,-0.0136102632894805,0.192609803070596,-0.0413535411742599,0.374711948889782,0.136689492032146,-0.0414149140465827,-0.357844172067176,0.203282603877939,-0.139350676560042,0.000437651228412466,0.00151945494275245,0.000370344143178547,0.000633337242350971,-0.000557747794195374,0.000210821760856189,0.000550344580092666,1.07966365124815e-05,1.95290819374099e-14,-9.6707666715927e-16,-8.91452942496432e-17,2.26920007725467e-16,-2.11134882819457e-16,-3.04056701088798e-16,7.30300461756606e-16,-3.20087612429744e-16,-2.5205994234408e-16,"Asian SEA2a","JN974829"
"JN974838",-6.89265290952057,0.255427263136641,-1.18770063183071,0.660749892582157,-0.141303464834353,1.45747561892142,0.604393868893897,-1.63156689228591,-1.94554574570749,0.20996706399377,-1.59126893790126,0.78760843258812,-0.403510086208096,0.328708422433711,-1.36426545300173,-0.203270637540842,-0.26220777761529,1.17395705496611,-0.481479573045976,0.31692276295632,0.278156057802667,-0.622800378657233,-0.0711033959375127,-0.333323610096334,-0.073333183759409,0.231191086505206,-0.152493490139466,0.328074294952838,0.0708722891557949,-0.179902021544341,0.333961630043911,0.181263754129753,0.1036208666351,-0.207509527239245,0.348092668482131,0.214495644570243,0.168020978254232,0.250617167775295,-0.0166400043968921,-0.0327256804080947,0.000593659962921348,-0.0003583445483044,-0.000161180811890855,0.000571112474098459,0.000621970183440539,-0.00112782410410965,0.000352396948389027,0.000332867155023865,1.89310332778279e-14,-5.9989605633554e-16,9.92656357889994e-17,1.43482141061826e-16,1.72053626893426e-16,-2.48705666689982e-16,3.37738797787357e-16,-3.98690305505374e-16,-3.65555200056607e-16,"Asian SEA2a","JN974838"
"JN974842",-6.41604888754864,0.183709324004049,-1.17954081635708,-0.600218177256092,1.6874328327271,2.09159265163388,-1.25685601891747,0.03469496907317,-0.114227376657061,-0.949598785798229,0.415788285573188,0.105755434017811,0.0352091434309455,0.808369631405928,-0.506048582032886,-0.154988526749381,-0.571384118650376,-0.069596988265407,0.214016350338782,0.729482513033285,0.804464297897617,-0.118164860994519,-0.195357151047093,0.371868470353741,0.916676070074236,-0.122408860354485,0.494521684437904,-0.640154202415738,0.856197776359125,-0.304712601767158,-0.00782397674469107,0.0812975414593356,-0.465703189084948,-0.258705287857078,-0.0389870350992419,0.48759003852805,0.017341268826943,-0.112563847419725,0.0606926111561115,0.159067295754319,0.00160699074116574,2.52061579575246e-05,-0.000139546895546832,0.000208147152606029,-5.80250684113678e-05,0.000392477106895963,0.000353324528158012,0.000142337857095956,1.85246512882534e-14,-6.59295090292184e-16,2.56298863421724e-16,-1.30722298643215e-16,-4.16017681170656e-17,-1.03605207043263e-15,1.54733605717978e-16,1.65783781342314e-16,3.31021658731831e-16,"Asian SEA2a","JN974842"
"JN974845",-7.00293210197704,-0.252199862342619,-1.12646444141133,-0.227944875054347,1.31647660496132,1.97067943236436,-0.943777148450557,0.147976582122211,0.0173401516108435,-1.32360486066258,-0.140050552416344,0.0914837072175389,0.338343739235065,0.534342883110543,-0.747911835075364,-0.215528251060419,-0.67228320687428,-0.0466788072594007,0.684448745782414,0.50622470267576,0.529003584460097,-0.259303681194887,0.013871573471725,0.303547267209309,0.524049591476712,-0.64130027122267,0.749092453184823,-0.624657352217738,0.584111500916271,0.211419740591951,-0.330586239970464,0.0759412754475864,-0.177069697240407,-0.303575365042013,0.12335791348156,0.175570031692485,-0.204601559577806,0.00401347163055155,0.114244453737519,0.177787645572168,0.000395305616082463,-0.000188026924820392,-0.000777020688216848,0.000252185910260465,-0.000316189170118169,0.000494628118761092,-4.29961827627598e-05,-4.44235212506924e-06,1.78585174734783e-14,-4.37250485367152e-16,3.11810014652982e-16,1.53772351416981e-16,-1.24868494963953e-16,-5.36451709351307e-16,-2.33844452900827e-16,1.10272630111056e-16,-3.35112156043263e-16,"Asian SEA2a","JN974845"
"JN974854",-5.24141960058808,0.844378569453931,-1.02197625356021,-1.15582259334003,-0.411973172807513,-1.5915498980408,3.7913842987296,0.738374896801137,0.527863239034794,1.46569281071025,0.451194864803378,-0.586787087373424,-0.0414496501334514,0.108490957150325,-0.0441296746603259,-0.239595152863771,-0.131221381689418,0.0633333190601848,0.0464428226012674,0.023773342075346,0.125488718335997,-0.0857554755546536,0.107934876223987,0.171045967949605,0.0434267909824801,-0.114787478537228,-0.120873544700648,-0.0320428438455927,-0.0142751934804968,0.00691454450591738,-0.00775780273369943,-0.00188568830087012,0.010933994354945,0.0719155395681748,-0.0360911410726093,-0.0788831983137834,0.0229971712681478,0.0193141085968702,-3.16218271088291e-05,0.018523451867613,0.000436074387511109,-0.000241056193307901,1.14969363689806e-05,0.000334592977712134,-0.000193027361794964,2.93418715729464e-05,0.000298431182092622,9.96232613879334e-05,1.86284293138098e-14,1.30508303676797e-17,-5.6716843366224e-17,3.60541375364978e-16,-4.0873291210216e-16,-1.2959678277974e-16,1.45071122080071e-16,2.55583708320869e-16,-2.21460085677812e-16,"Asian SEA2a","JN974854"
"JN974870",-5.34284121949671,0.677652004760564,-1.39568275004148,-1.22416057303843,-0.719995431339479,-1.76836509578981,3.79538311865056,0.679019768122239,0.703145436632765,1.50840370354435,0.448321120548262,0.093301770902784,-0.118499146824442,0.23437195504444,0.0379683176592713,-0.0671057203673083,-0.229733233876847,-0.0437102625748299,-0.189400488981614,0.0766506650929299,0.124395500480231,-0.194276152607342,0.20518894524,0.0854582677756635,-0.239441551777673,0.0514921116329475,0.119972751453451,-0.369563941041115,-0.50249114503289,-0.310510147866604,0.125182472709267,-0.512106347308046,-0.0980947898483909,0.484480167620807,0.186553109688224,0.0352766581700718,0.23628566886463,0.430898268008454,-0.22889608067329,-0.146733856264669,7.55882009674815e-05,0.000140284322568561,3.32246736833334e-05,-0.000962319741798957,-0.000280365597362192,0.000497180285089752,-0.00281909918735173,0.000344874426727235,1.88258666554033e-14,3.20325175279305e-16,-2.25170603859859e-16,8.75999719832353e-16,-3.54782856016083e-17,-8.953438889509e-16,1.74945301543247e-16,-2.276650066661e-16,-3.32816278518915e-16,"Asian SEA2a","JN974870"
"JN974871",-5.04472427967111,0.519754710421599,-0.141371212165172,-1.45880704651047,-0.481121516059391,-1.25016595065408,4.38300007918085,0.769536888911149,0.0266994157889122,0.976111066994737,0.530121146366181,-0.601151922575578,-0.076163418659916,0.280929123331203,-0.305604984122359,-0.61795576446678,-0.454906960711395,-0.247898934340637,-0.0712214482742442,0.00909512290114479,-0.335253126038681,-0.182287896661402,-0.334399597766827,-0.29373945167272,-0.0115920268535308,-0.556552768485137,0.454865844782279,0.259433047972425,0.279212856677587,0.434858928812018,0.182167868235434,0.13969053298993,-0.145788932829497,0.192892585272992,-0.157220810465175,-0.0813959809158374,0.0964530355676874,0.0981053888769726,0.116246081002939,0.0907258179298627,0.000880830215527781,0.00168801136398211,-0.00306556091002972,-0.000554568351121348,0.000693258994672613,0.000225469250945414,0.000547362610397871,0.000103979016909692,1.84249683184426e-14,1.77497493850625e-16,-1.95596056148478e-17,2.85816459243845e-16,-8.42025031278757e-16,1.43507884318765e-16,5.42397560580573e-17,-2.40664221131093e-16,-6.5119524429613e-16,"Asian SEA2a","JN974871"
"JN974872",-5.13749070745309,1.09484843233499,-1.22920002577583,-1.29478744740906,-0.498117126914467,-1.52199191549791,3.90567813045718,0.452903785933194,0.665551883890872,1.24748543176872,0.466040694193198,-0.33568503720468,-0.181790005177995,-0.0488855627036452,-0.0396155652510357,-0.0536294805249286,-0.306137480931948,-0.405572607143556,0.0525777123259262,0.0552441023273718,-0.124320361554317,-0.369977073532118,0.127592101293445,0.116719911809184,-0.0259599639581716,-0.457798047761775,0.14600659929471,-0.0261644964663371,-0.406109916656084,-0.669508626788894,0.17499379566533,-0.261870069546756,-0.080292549128749,-0.133288910803023,-0.169500269759047,0.320739438284303,-0.770085967369687,0.458907880726681,-0.315611707794427,-0.503377830679688,0.000704969559824773,-0.00131667190053707,-0.000448523188653309,-0.000433174430454855,7.9989980472334e-05,0.000181640775663605,-0.00221924711740005,0.000183984025902536,1.87324609357448e-14,3.17779640277082e-16,-5.39549189223084e-16,9.09331386410082e-16,-8.28701591938663e-16,-2.36540318595968e-16,2.02235466663457e-16,1.87084446254371e-16,-3.06458046703648e-16,"Asian SEA2a","JN974872"
"JN974873",-5.0011934352685,0.970262252318833,-1.16442782930144,-0.526037407303134,-0.669380372636024,-1.5618737247774,3.95349202771794,1.02514483599961,0.70803093685749,1.35786642019619,-0.248939538714911,-0.490869171536653,-0.674965858022532,-0.0948114593223964,0.091134426816793,0.215561951211085,0.361983577192234,0.186334272357568,-0.179192247867667,0.675571631462339,0.111992661059403,-0.423537356073854,-0.292180541392895,-0.364652887531375,-0.457967491654347,0.0015691000062198,-0.0198082070827952,0.309522195409593,0.536139316071925,-0.269783938643991,-0.170898243507014,0.61172289649358,-0.11655570552701,0.132537960958479,-0.17476567496155,-0.0481025211523353,-0.0118957505728488,-0.183305512500512,0.082295048583955,-0.422687808795336,-0.000647611889239919,-0.00125837765793365,-9.78970442141388e-05,0.000635733576452535,-0.000617027943939735,0.000402865034876074,-0.000380621686616368,0.000205804621546184,1.87837371617706e-14,-4.26596456034978e-16,7.94759117509789e-17,5.755310516686e-16,-3.58759512012162e-16,4.21781428278368e-17,3.34379259971335e-16,-1.27692751469257e-16,7.7892096591582e-17,"Asian SEA2a","JN974873"
"JQ970480",-6.71191753128184,-0.294963945762685,-1.01413796888605,-0.140452481019636,1.23723932535128,1.96142900140784,-1.04484523016341,-0.104159746310287,-0.04994413081572,-1.42143668095739,-0.242813273792546,0.0965240834892436,0.590690320692684,0.384307402109284,-0.740919065647621,0.0350392841749881,-0.743268682594707,0.0646379210663662,0.33116924014357,0.559077640229439,0.790873236721229,-0.244949374937447,-0.0459136440587085,0.931039245290699,0.339585628937982,-0.920429019769087,0.970028661570846,-0.74150175604418,0.686147109866831,0.341561481735364,-0.213325365587244,0.18755082682142,-0.127824481170841,-0.212020311675603,0.140851422593469,0.233525180015826,-0.193141735444002,-0.0389071063337314,0.0504410993455609,0.126545812836627,0.000707339392443123,-0.000175931182834041,-0.000937353127327748,0.000114984063515981,-0.000224314011851916,0.000592502972411435,8.24738360071311e-05,9.71241949186163e-05,1.76919840197845e-14,-7.70317392754699e-16,5.33854619578014e-16,4.27500489544655e-17,-1.8037964619521e-16,-5.36451709351307e-16,-1.17998479757953e-17,1.10272630111056e-16,-3.35112156043263e-16,"Asian SEA2a","JQ970480"
"KT221107",-6.72662196121835,-0.092644589503562,-1.0734695052849,-0.391495846220813,1.45995106118498,1.8833596384579,-0.982733508702985,0.0873566614687119,0.0564503994366633,-1.24557673944259,0.165014160296607,0.552595776283688,0.836699315910231,0.559838651283633,-0.48210794911372,0.557311774305558,-0.811015500227596,0.221175992306584,0.458144785028337,0.53813721343858,-0.157304002181547,0.334509333246184,-0.283298901401837,-0.15130859584558,-0.0538354785404936,-0.792739035304512,-0.224425681749166,-0.0584749028947032,0.384523767843742,0.401477585371419,0.393250758810194,-0.0279746287764369,0.435355597341507,-0.334433693953161,-0.0842711363139431,0.164312010278878,-0.0825272190431421,0.0285355926127228,0.191378214420871,0.143494469363441,0.000867442127705918,0.000128444950262717,-0.00113093679469941,0.000551004363911033,-0.000211694747607285,0.00041236867481367,8.16913508028885e-05,0.00014240583418396,1.79140286247096e-14,-6.59295090292184e-16,3.11810014652982e-16,-1.79294555970566e-16,-4.02424251120242e-16,-3.14407104426276e-16,7.65356269261814e-16,-7.49672351459864e-19,-2.24089853580747e-16,"Asian SEA2a","KT221107"
"KT894558",-5.31571491397773,0.798791614228537,-1.58706033594521,-0.241697908007227,1.08112137969487,1.88602094606903,-1.25000927691643,-0.280096029360536,-0.836240192110575,-0.615901912369094,-0.172292988716888,0.784097742158656,0.819293893331204,0.662702281754337,-1.11495759147199,-0.670976707019192,-0.177810826801998,-1.15026113110309,-0.91486514207999,0.277708127509028,1.78368682076295,-0.257248482137374,0.0698503443206315,0.425680778968188,0.121654273095894,-0.447364973905274,-0.619834020808613,-0.76469030381548,0.123052629399147,-0.280778763876557,-0.202206928256073,0.414250222861038,0.859604780319125,0.593120023617182,-0.297620283266172,0.0984414262982344,0.0312432486891757,-0.338005279814933,-0.10188196633163,0.1419718950529,-0.00478883474053285,0.000600066406940204,-0.000435550137172803,0.000254918937983996,0.000323873077846738,-0.000595949668766376,0.00022339637497808,-4.81595213031849e-05,1.8729682829272e-14,-5.45512891391173e-16,-5.69274103895605e-17,-3.81668695223599e-16,5.32367130606654e-16,-1.12181724907378e-16,4.46483156948617e-17,5.49270840199918e-17,1.95065026087742e-16,"Asian SEA2a","KT894558"
"KT894572",-5.78692850132498,0.535166880256347,-1.68023850748583,-0.265242377477137,1.11608998724166,2.02204168123826,-1.33910486846471,-0.879342859317697,-0.261325786365896,-0.570979190362168,0.604306473555208,1.2455241715864,0.12249917028385,1.28656169477775,-1.87505714017418,-1.04839908473288,0.103017538713375,-1.10979172032373,-1.11139042303121,0.381599644929033,1.55747496802869,0.142612426708541,0.030940744525589,-0.429901886817037,0.504938483305757,-0.246255427605048,-0.455168133839976,-0.451979371160799,0.237048437131225,-0.135368880808015,-0.531495884296538,0.407074791879645,0.62470431341505,0.681183920835435,-0.326317230487835,0.115434288019875,-0.0899619535524837,-0.206291071041794,0.155880505401542,0.0571309460446845,-0.00474603304106619,3.95311842723955e-05,-0.00060333561140402,0.000306160742387117,0.000358398277321043,-0.000513623974351287,0.000244858665187909,-0.000142152552487779,1.92292831903533e-14,-1.0142368154111e-16,-5.69274103895605e-17,-2.70646392761084e-16,6.98900584300427e-16,5.43517287863958e-17,-3.99440894155201e-16,5.49270840199918e-17,-2.69795788372889e-17,"Asian SEA2a","KT894572"
"KT894573",-5.25895648609139,0.662807551936961,-1.51252213576062,-0.0856145306206419,0.744976093176192,1.79791263470756,-1.58065694961638,-0.416209907700778,-0.0642675741344678,-1.57799859097853,0.937158333471433,-0.0697360056044878,0.289528200686834,1.63652956847705,-0.392104134333489,-0.599259530860176,-0.0222160831371893,-0.286759286247478,-0.273179577414473,0.798532953514826,0.038981226652122,0.476371020035286,0.532967726291866,0.191945173499756,0.35688774466784,-0.397675489082515,-0.126940050053658,0.162581702522674,0.418010964956471,0.342398182635157,-0.637179201259546,-1.03002071721147,-0.140353399250708,0.522516255898588,-0.551937828187465,0.356697038669684,0.245572942890281,0.226230370336007,-0.0263112978421443,0.164008818912081,0.00100369887767612,-0.000878975966949964,0.00096155668265937,-0.000408630112595128,-0.000155184577808575,0.000279231423445378,2.72955918719126e-05,-0.000182219477755771,1.83411047706532e-14,4.53687830771468e-16,3.87161799460502e-16,2.84465119551494e-16,5.87878281837911e-16,-7.22804388451214e-16,-6.63739867676539e-17,-3.89162125830071e-16,-2.69795788372889e-17,"Asian SEA2a","KT894573"
"KT894577",-8.31298926072654,1.43789105332509,-1.75164397619204,-1.15084336513668,1.86531228993222,1.9697509771998,-1.44468781593191,0.844294113946608,-1.48504063348961,-0.92995451291794,0.231314734809773,-0.56147908045895,-0.0931934830456973,-0.414960150423203,0.595230923322533,0.411744894022874,0.436855909496077,0.406326696260815,0.113020661603988,-0.0744021273315264,-0.615399680576954,0.649508895685208,-0.504998173689845,-0.478102802724709,-0.302943872842266,-0.77521944311517,0.322424197320781,-0.152114571349386,-0.467402172337001,0.641633745682773,-0.691755577074746,-0.148446261831834,0.573297976221298,-0.150779092842145,-0.852583283887959,-0.162116357591823,-0.0778528476910728,0.576969777696166,-0.190140457265124,0.183774879937085,-0.000440827475034291,0.00103688270543844,-0.00098539008352801,-0.0020132750373521,0.000788907630288989,2.40515374824916e-05,-9.30040747978528e-05,0.000153097203449675,1.87519258201723e-14,-5.22987457309208e-16,4.65966218062935e-16,-1.96352520412874e-16,-6.5522409266952e-16,1.95543659992523e-16,-4.68556554810033e-17,-1.47762806578259e-17,-3.63082244806595e-16,"Asian SEA2a","KT894577"
"KT894578",-8.48208022391146,1.67531143747531,-1.64953401030085,-1.05689230237736,2.03919744870713,1.77966411433434,-1.33138300738429,0.88918026798067,-1.51603617814679,-0.835129090253571,0.115609831048284,-0.642378732541594,0.109067820528897,-0.390482230725622,0.883623825612941,0.748136915030544,0.630545654023162,0.210805687484485,0.276395093953498,-0.0848162000133273,-0.337045929971508,0.532924511736174,-0.349066890923633,-0.611384962736614,-0.222024718167667,-0.869275505143281,0.298856538565845,-0.384422269330893,-0.420985578495196,0.662759627657738,-0.488049005943577,-0.22224543777428,0.535112999267482,-0.204869029009381,-0.779113604180526,-0.183801588871374,-0.0329000921321983,0.563853002549777,-0.213798908810575,0.187068450946531,-0.000473811904976077,0.00121504411595847,-0.00108320946472693,-0.00199064839823732,0.000774442691774536,-9.77747364440203e-05,-0.000199874262717791,0.00012941323767427,1.88629481226348e-14,-5.22987457309208e-16,4.65966218062935e-16,-8.53302179503581e-17,-7.66246395132036e-16,8.45213575300072e-17,6.41666469815124e-17,2.07268324267205e-16,-2.5205994234408e-16,"Asian SEA2a","KT894578"
"KX148264",-8.18190883986196,1.21390762139834,-1.90750084877066,-0.36475570497524,0.552790558975779,1.85715551478041,-1.11376120099587,0.482293201706518,-1.15605788795683,-0.200421700331832,0.425747649077809,0.171781610214675,0.405786001263035,0.594221144657254,0.166173433728096,0.207061224500839,-0.354533053519257,-0.437490879559089,0.440812612236861,-0.186066816682253,-0.163115283603269,-0.492723842277116,-0.437780318166116,0.0647529141462984,-0.203436319319081,0.185312604587595,0.0416836668243683,0.0449290093959306,-0.165833484064396,0.144440129883308,-0.326918946371723,-0.0524767272646467,0.140282519687059,-0.171912876877286,0.0531747247832528,-0.0751248124905419,-0.107460714685532,-0.183840096068277,0.277597687036879,0.176597170394344,-0.000626303542394661,-0.00142001358427618,0.00105822930265847,-0.000341069074999749,0.000114968862368065,0.000427730589080852,0.000293906854745663,0.000103273004807661,1.89501568885457e-14,-5.73941573234469e-16,2.8853056470942e-16,-3.51807008103611e-17,-2.25871206388212e-16,-3.93222742215379e-16,5.12759424305895e-17,-7.34910430198906e-17,-4.60488509737523e-16,"Asian SEA2a","KX148264"
"KY451767",-6.6560747418904,0.244235595623817,-2.07237309392683,-0.281418874127749,1.91252197921568,1.93688762513665,-1.76887401568095,0.112287969952223,0.397971173865392,-0.309672412512114,0.368403426811959,0.179173358638776,0.0223996658413979,0.477942042294482,-0.517747490038508,0.0475008998797204,-0.648474906215393,-0.0155894291180996,-0.0516481421343959,0.851616436747906,0.894042567872333,-0.0573299397387412,0.31108292333356,0.851068378345966,0.708286329333874,0.457908536539786,0.211671456755503,-0.456938337959525,0.730567733296314,-0.182136460904654,0.0894572875974154,-0.114265948270706,-0.506333926818236,-0.439185876129786,0.0411353879663113,-0.00161866624881073,-0.167100323784884,0.316041713246242,0.299592072971172,-0.100489793501484,0.000718746531509363,9.44019050175659e-05,-0.000247041469946847,-6.52658837980369e-05,0.000355877892138693,0.00182355360814333,0.000574286193740048,0.000402909090527074,1.82285119225393e-14,-1.29852363384406e-16,3.44041715940678e-16,3.81152933424073e-16,-3.09137933235099e-16,-1.17037885945299e-15,-1.15257511263184e-16,1.20797986289512e-16,-3.49466207275007e-16,"Asian SEA2a","KY451767"
"MG201879",-8.04400287960927,0.846973742862596,-2.06663144521919,-0.915103896076339,2.02137290556891,2.29017577677086,-1.73246021691905,0.942949744688974,-0.915746985194529,-0.162743396743318,0.935967234741373,-0.143752548162061,-0.077045031704805,-0.814967873598968,0.42348058712363,0.328193721227411,0.521359085074908,-0.141631740630954,-0.0151528780637651,-0.0368716526094096,-0.298058217187645,0.282577997762075,0.0304947126760185,0.0146982669011694,0.0947616439022956,0.228582730213685,0.099348246511705,0.162064521768809,0.0704298872332989,0.126966936435392,0.23398282683896,0.0674774352168967,-0.231988858063212,0.0068362248160068,0.0518957870361846,-0.0541116410762566,-0.170989134570807,0.0174148419286429,-0.426290622153578,-0.0669640207001508,0.00115776819254026,0.000779677972946374,-0.00144043886847021,0.000762642612556461,-0.000404443421742755,0.000464522372698239,1.58430069370456e-05,0.000334001861782003,1.95297774604916e-14,-4.05592858474152e-16,-1.38846013524749e-16,2.54024223913218e-16,-2.95676896255616e-16,-5.19412940807613e-16,2.22787083549341e-16,4.7055582812357e-17,-3.62260883838161e-16,"Asian SEA2a","MG201879"
"MG201880",-7.73010567374637,0.971032730244708,-1.38228549584107,-0.955211426014033,1.22750588418022,2.97429593218405,-1.35146148502768,0.413639614018852,-1.01261142113284,-0.120864848063806,0.720944155337039,0.0365509641855139,0.277553045020742,-0.0124304304561421,0.743017477012757,0.647277151673732,0.42990204439536,-0.153928820299328,0.272839179324852,0.116994478569934,-0.557072553305779,0.0582622097543839,0.0572825276047201,-0.191980638954761,0.0276543632747165,0.0612221243084401,-0.208339357195845,0.422282771752456,-0.0839618836388371,-0.0146135089733932,-0.105083979338848,-0.388579470280326,0.484095612300229,0.0972990461911624,-0.0215005010861785,0.35826794135735,0.218252401382504,-0.362180824048158,-0.190164167584946,0.021073126640502,0.00161959993133038,-0.00116515122448135,-0.000837835007679775,0.000725660071362732,0.000149416920661035,0.000507994937048493,0.000117596073616478,2.34822669329616e-05,1.90673747648747e-14,-1.1047806589619e-15,2.20140685521841e-16,-1.62220715479841e-16,8.20439428124657e-17,-3.3496561785488e-16,3.44622398690571e-16,-3.13387861090831e-16,-4.57499444371813e-17,"Asian SEA2a","MG201880"
"MG201884",-8.1731946312207,0.876664380647024,-1.5075580155811,-1.0567587406312,1.94698098857563,2.31622754828924,-1.1587856510764,1.1052747674735,-1.42175798906722,-0.659770040198821,0.519179585086872,-0.403734600176483,0.423320684021084,-0.810685181711873,0.585894556257027,0.81618561286493,0.592180858084707,-0.268026051208123,0.405662524840148,-0.500363325582904,0.0268256217390559,-0.0497571352964547,-0.0264962341083377,-0.462192867117845,0.172455238630552,-0.239027582003922,0.2365425499647,0.0406093953988891,-0.11316362999448,0.0364051089473206,0.216303862812653,0.153242622339735,-0.0487764581014351,-0.100598630188692,-0.0187270988702927,-0.0482279005977779,0.00198340666115529,-0.0636368563422875,-0.0460840777405951,-0.049659317482735,0.000579513110401746,0.000995022248792816,0.000241006603038587,0.000163397496393367,-0.000496480460216928,0.000417023120517049,-6.869933972593e-05,0.000158911836398694,1.94735707861787e-14,-4.11965154846692e-16,2.18770082128725e-17,2.47736689437189e-16,-4.33179487744489e-16,-3.59567852320055e-16,3.97233554369059e-16,-1.47762806578259e-17,-3.63082244806595e-16,"Asian SEA2a","MG201884"
"MG201919",-8.01360122778984,1.04527794308102,-1.41030248305998,-0.904284194290208,2.03395941427467,2.17226809780235,-1.11227505107662,0.981624378289314,-1.32248340708406,-0.370160581107348,0.870332310554715,-0.352559632380929,0.289205845033627,-0.474765074616503,0.630735138325085,0.634103309421392,0.768970711667934,-0.413508957116556,0.224345485377386,-0.241632569112343,-0.0929968310644343,0.0636286566626225,-0.0330088945942349,-0.392173275384703,0.200809451012356,-0.265554155222656,0.298832323485088,-0.0384645952766501,-0.0139249216126978,0.0765667785793079,0.281397944582208,0.189996501356959,-0.134879670137618,-0.0635248960112453,0.0180290594037415,0.0589618734515598,-0.0826764786930458,-0.0771861070944302,0.0053927464602383,-0.00708773614900818,0.000855068249146533,0.00100961854247608,0.000210396735953446,-0.000144348428638599,-0.000524084226555131,0.000264473813893876,-1.21520788459833e-05,0.000126698586680372,1.94735707861787e-14,-5.22987457309208e-16,2.18770082128725e-17,3.58758991899704e-16,-4.33179487744489e-16,-3.59567852320055e-16,5.08255856831575e-16,-1.47762806578259e-17,-3.63082244806595e-16,"Asian SEA2a","MG201919"
"MG201921",-7.00535403039181,1.01380602023778,-0.872119781806007,-0.171885812082252,1.37720318309088,1.95297401964627,-1.82009465654142,0.909878437966526,-1.33230556383471,-0.750744273494375,0.686897561781892,0.286536981962624,0.52034798704759,-0.451861694542429,-0.153031872388603,1.08115724179873,1.0809823968307,0.363114622872951,0.275626386757825,0.158470055152819,-0.505520514477536,-0.0335142763096803,-0.67073256816064,-0.235193771253346,0.356221175131355,-0.53820534681136,0.0735892387283076,0.740830940061792,0.155773078184188,-0.272095455208411,-0.191647666582208,0.0600997655885723,-0.350860082756943,0.0502502335185569,0.153978586700528,0.226688217174829,0.127194701710245,0.169778677044982,-0.139214157739631,0.04685083422576,0.000315969108040919,0.00181524659501791,0.000957945960823287,0.000143591495163978,-0.00110792939194016,-0.000926671950193062,0.000203065211872123,-0.000166819387150776,1.96401042398724e-14,-9.6707666715927e-16,-4.77723352868448e-16,6.36314748055994e-16,2.32954327030605e-16,-2.65009449325084e-17,4.52744705600317e-16,-3.47843188045373e-16,-3.00153374190482e-17,"Asian SEA2a","MG201921"
"FJ598135",-4.70191626109786,1.38786750237188,2.75372080739153,1.34748305990875,-2.90976321162158,-0.994901606660576,-1.93024696650974,-1.44818971907887,1.83746444699628,0.615098372965175,-0.356422669501756,-0.78562784789447,-0.332991666748775,-0.0826870458914808,0.733240566172605,0.570653627212303,0.117351334543752,0.349936755240376,0.533903593021227,-0.288469713001527,0.81809429502232,-0.110904070671237,0.19933364279645,-0.183319616766107,-0.0620124266949912,-0.146649742014005,-0.528203650146937,-0.679041891743323,-0.118978358272602,-0.157360787510892,0.507861934633575,0.0522885657526482,-0.154653791359064,-0.237301648056222,-0.0443395570566125,-0.290756300231121,-0.18864547954696,0.389391768347073,0.219228580431655,-0.205928403196216,6.02338248431485e-05,0.000840562857035885,0.00025234479733715,-0.000614669937375656,-0.000158713806961912,-0.000421102713157876,-0.000495228698870077,0.000223794247669907,2.0818078726028e-14,-2.36444231814484e-17,-2.55698486320092e-16,6.40834142368204e-16,-5.46875427509674e-16,-5.25676861770455e-16,-1.05025150021342e-16,8.0075698868126e-16,-2.03187226080513e-16,"Asian SEA2b","FJ598135"
"FJ712195",-3.93883144761084,1.8663414091538,0.226226733063538,3.63611150090967,-1.65177403476314,-3.90654772012005,-3.44679457879768,-1.22529047094352,0.197940640361452,-0.8078274283751,0.785046903902377,-0.787317275140875,0.717849681697126,0.378317490805438,-3.15607424691175,2.94942105636949,0.911467525894665,-0.569797111155356,0.405511945965005,0.450642846360889,0.0471349216952197,0.429340890148439,2.54854739973399,1.34885172200778,-0.27608332541845,0.832863230911443,1.055771046721,1.44602396146776,-0.543319169573283,0.109449190977875,0.0803334005390493,0.332080045316603,0.287118875753422,0.581346936354681,0.00779826927558778,0.132510351200994,0.301329777001447,0.247644014460437,-0.00798103974767343,-0.199029944269478,-0.00165975176571514,-0.00136922448388846,0.000865049007346081,0.000549872327189189,0.000343333523756536,0.000146830983916573,0.00113417043311183,0.000766640537166134,2.0012825088656e-14,-2.50208601042786e-15,1.0645920023501e-15,2.94145086991313e-16,8.12592372799723e-16,-7.27012452080875e-17,-1.37118051729469e-16,-3.26739973901841e-16,9.5769574743685e-16,"Asian SEA2b","FJ712195"
"FJ712196",-4.54229351928284,1.80723982334157,2.1937988318465,1.69249946758585,-2.25395257698831,-2.02903560755973,-2.10086500257806,-1.38994283568168,0.220318881088342,-0.0114285405121862,-1.06738693160908,0.181072827638921,0.637742735128166,-0.344507534951051,-0.717304376428826,0.682986779663491,0.592574425017511,1.38606039367108,-0.153147323137062,-1.2431358558271,0.333141068690865,-0.119616453850304,0.538569710200399,-0.171811958773998,-0.286438273720923,-0.291773564304174,0.993676566606567,0.556838404352151,-0.0543026429353968,-0.361804996308649,-0.778060826198481,0.179205411979278,0.0518846185912445,0.0491556228032524,-0.624056501126497,-0.0451396542943692,-0.322597023332169,0.35958902998326,0.0453402976734894,0.151889198504907,0.000666162786062569,0.000954596148931815,0.000622029241026124,0.000360328919855275,-2.74413204118003e-05,4.34050740179325e-05,9.05298203913275e-05,0.000164516555052076,1.95426631983344e-14,-4.46119473485069e-16,3.1955741895359e-16,-2.3666276160615e-17,-3.18573558042876e-16,6.81077337802348e-16,-2.42210535278604e-16,-4.49307430959624e-16,2.20883245221323e-17,"Asian SEA2b","FJ712196"
"GU647092",-4.14651025122146,1.56716866765882,3.06190230334924,1.82075623129557,-2.53425540597712,-0.32438876691502,-1.07556568667423,-0.918002553178157,1.85006854728405,1.60818470386082,0.225485728892525,0.167468670140203,-0.177429758538413,-0.435889023555744,0.272246996855627,-0.0528890581338987,-0.261128306625904,0.0265646449988024,-0.509034611943632,0.16319681549537,-0.330434485549964,-0.376983500754495,0.0804243479135149,0.184325399507395,-0.213471732469256,0.432891133169483,0.0466914585443037,-0.00141002117278943,-0.219750709359563,0.179253350699227,-0.279851125764271,0.0968249751468811,-0.0381929819158173,-0.249387985792743,-0.221116603924779,0.179619600023202,-0.124590142762232,-0.216155129235487,-0.0930223153586036,-0.0937171436810376,0.000323329197918386,0.00076263904531765,-0.00148895345660308,0.000113226265945238,-0.000412119438899149,-0.000716311142830512,0.000229415339319205,-9.99489637696441e-05,2.09291010284905e-14,-6.06511511109656e-16,2.18572698361972e-17,1.96744932518141e-16,6.37472360341617e-17,-5.38320763047635e-17,-1.32780725636971e-16,5.13564470592789e-17,-2.03187226080513e-16,"Asian SEA2b","GU647092"
"KF726852",-4.76207374893759,2.04527134290177,3.29793694338706,2.57067516468236,-3.09716206502192,-0.486894474255697,-1.18187313788999,-1.17778456559255,0.840372036524438,0.137185449571355,-0.267855781862268,0.645566017943881,-0.125170868367184,-0.469239976736992,0.00234421494203216,-0.535590125802809,-0.095041027552354,-0.705177792909005,0.550157960583024,0.396789653554387,0.380602607167962,0.359653256700016,-0.548791218944754,0.118680839629227,-0.190866107321005,0.199673626371758,-0.0589623487630413,-0.0956027691830571,0.0683913471530086,-0.206019552055375,0.154153710673527,0.0254501391558205,0.395670533601441,0.0108030884089512,-0.0231588861075931,-0.0521815532582363,0.238630130566931,0.0830758706781823,0.0442889831350501,-0.0573755806771404,-0.000797347652488162,4.46293964633701e-05,0.00306631370425819,-0.00073823226583513,-0.000214026816318028,0.000955106922500245,0.000625241257736749,-3.11008663376083e-05,1.99737384312448e-14,-1.73163071707678e-16,5.39496492499728e-16,2.77558175937465e-16,5.50358240419663e-17,-1.7809559658644e-16,1.35571839758084e-16,-1.88494034719992e-16,1.08730382454697e-16,"Asian SEA2b","KF726852"
"KP319184",-4.76207374893759,2.04527134290177,3.29793694338706,2.57067516468236,-3.09716206502192,-0.486894474255697,-1.18187313788999,-1.17778456559255,0.840372036524438,0.137185449571355,-0.267855781862268,0.645566017943881,-0.125170868367184,-0.469239976736992,0.00234421494203216,-0.535590125802809,-0.095041027552354,-0.705177792909005,0.550157960583024,0.396789653554387,0.380602607167962,0.359653256700016,-0.548791218944754,0.118680839629227,-0.190866107321005,0.199673626371758,-0.0589623487630413,-0.0956027691830571,0.0683913471530086,-0.206019552055375,0.154153710673527,0.0254501391558205,0.395670533601441,0.0108030884089512,-0.0231588861075931,-0.0521815532582363,0.238630130566931,0.0830758706781823,0.0442889831350501,-0.0573755806771404,-0.000797347652488162,4.46293964633701e-05,0.00306631370425819,-0.00073823226583513,-0.000214026816318028,0.000955106922500245,0.000625241257736749,-3.11008663376083e-05,1.99737384312448e-14,-1.73163071707678e-16,5.39496492499728e-16,2.77558175937465e-16,5.50358240419663e-17,-1.7809559658644e-16,1.35571839758084e-16,-1.88494034719992e-16,1.08730382454697e-16,"Asian SEA2b","KP319184"
"KP319185",-4.03041991738079,2.09743272028456,2.72596439767262,1.55940250055561,-2.80459744355819,-0.241937959507437,-0.522030764622931,-0.27126813683676,1.74625473694198,1.70530672863657,-0.0955787967998317,0.290950160898283,0.880107402635593,-1.13260387188243,0.726174272687769,-1.15691012656862,0.268775128352004,0.0649629349978521,-0.480050965191039,0.84209855331724,-0.342896740866868,-0.395441201325112,-0.641334695741129,0.523766739556399,-0.11739585916067,0.434504696049699,0.0168319253162161,0.092236914584649,-0.273328223431275,0.030196778479883,-0.40309197681434,-0.358671767255895,-0.201645604213935,-0.219422807187519,-0.172581648498416,0.472675388090031,-0.0951968740428766,-0.149278825807388,-0.146969833964477,0.173332863704,0.000365049184313576,0.00153758178899194,-0.000573081023146099,0.000824751762998544,0.00149614664580231,-0.000377590216848498,-0.000201517500607918,-0.000199248356941914,2.0818078726028e-14,5.96223036654383e-17,2.18572698361972e-17,4.18789537443172e-16,8.23608480290389e-18,-1.3709880315165e-16,-1.32780725636971e-16,-3.92732762790784e-16,-5.3625413346806e-16,"Asian SEA2b","KP319185"
"KP319186",-4.91637147643421,1.41245923192116,2.28332508729494,2.73881083334119,-3.04604252288468,-0.0766842534059724,-1.86118446561891,-0.609169898608464,0.747785139485993,-0.69705706633503,-1.51446239803946,0.12696036515073,-0.704368893508522,-1.04118791419373,-0.382598110728059,0.371822591136487,-0.528405884545029,0.414904440296766,0.962971879416266,0.575097392484744,0.951938306355606,-0.053033537330958,-0.401132713114739,-0.0771862233227369,0.177914921991268,-0.204440651954923,-0.330450481639425,-0.103206289427921,-0.0258312824805617,-0.334010443651994,0.0858824440138515,-0.468500913484533,-0.219755515567574,-0.147734716039593,0.171454093184585,-0.301229949308031,0.0295394796498075,-0.0375051954377931,-0.13969789122446,0.165398847796871,-0.00127821497470669,-0.000745578543392867,-0.000700428770025418,-0.00017147273871087,0.000934914253221515,0.000154754648341842,0.000455426941968994,9.57401119140467e-05,2.01241893356373e-14,-2.73444603722109e-16,-2.41820698512277e-16,3.77156174019729e-16,1.1925838726542e-16,-3.03632256845424e-16,-1.32780725636971e-16,1.90134325137423e-16,2.96413135000807e-16,"Asian SEA2b","KP319186"
"KP319187",-4.53877740555661,0.932470518366008,3.03324534417718,1.83927815385205,-2.76472189998799,-0.631326739127062,-1.97660660878113,-1.09318063515324,2.86942008711765,1.27767461660521,0.140624281715739,-0.753677344402525,0.00987954533633314,0.23251697635823,1.12727529851123,-0.444763527354172,-1.08680269777234,-0.524970066633981,-0.190554766180605,-1.08679232980621,-0.448513149311108,0.947359450831491,0.28942004504669,-0.864606877053087,0.70248414868281,0.61937888751331,0.677379004832076,0.211433400947241,-0.36710902108537,-0.249727703700052,-0.252764964373731,-0.0966745929738257,-0.207386597113482,-0.100048184429695,-0.183731985206013,0.209739503544474,-0.303107757312781,-0.262487764695837,-0.0329251665386274,0.189312125090544,0.00156840312834933,0.000692631399792666,-0.0011373471077761,0.000791192315033501,-0.000309586895113145,0.00123564563872069,-0.000555721053494763,-6.32230249866123e-05,2.0818078726028e-14,8.36778420903054e-16,-2.00187335088834e-16,5.29811839905688e-16,6.37472360341617e-17,-5.38320763047635e-17,-3.54825330562002e-16,-5.96658554032368e-17,-5.3625413346806e-16,"Asian SEA2b","KP319187"
"KP319188",-4.75167108409355,1.58646842835305,2.38369279685674,2.89616456516509,-2.95628078756327,-0.225250406308439,-1.81318552641914,-0.73677710024654,0.850236508092613,-0.39818010455263,-1.15207278535665,0.179772931915742,-0.842775407343578,-0.694518363671307,-0.336322630033823,0.183913653982756,-0.34595875564714,0.264766081399264,0.775852694690695,0.842107533162363,0.828281535062404,0.0639805999708097,-0.407853778736185,-0.00492600465413471,0.207176469169289,-0.231816075516656,-0.266167435366384,-0.184810647805077,0.0765830645694379,-0.292563600591783,0.153059536400033,-0.430570910338759,-0.308614030388915,-0.109474622368468,0.209386448523388,-0.190610102489114,-0.0578295220357282,-0.0514880222140042,-0.0865738086491998,0.209332719733277,-0.000993842071522078,-0.000730515168311697,-0.000732018152857266,-0.000489066533344012,0.000906427166360613,-2.67623609326657e-06,0.000513783715197068,6.24960382047424e-05,2.01241893356373e-14,-2.73444603722109e-16,-1.30798396049762e-16,4.88178476482245e-16,6.37472360341617e-17,-3.59143408076681e-16,-1.32780725636971e-16,1.90134325137423e-16,2.96413135000807e-16,"Asian SEA2b","KP319188"
"KP319189",-4.53877740555661,0.932470518366008,3.03324534417718,1.83927815385205,-2.76472189998799,-0.631326739127062,-1.97660660878113,-1.09318063515324,2.86942008711765,1.27767461660521,0.140624281715739,-0.753677344402525,0.00987954533633314,0.23251697635823,1.12727529851123,-0.444763527354172,-1.08680269777234,-0.524970066633981,-0.190554766180605,-1.08679232980621,-0.448513149311108,0.947359450831491,0.28942004504669,-0.864606877053087,0.70248414868281,0.61937888751331,0.677379004832076,0.211433400947241,-0.36710902108537,-0.249727703700052,-0.252764964373731,-0.0966745929738257,-0.207386597113482,-0.100048184429695,-0.183731985206013,0.209739503544474,-0.303107757312781,-0.262487764695837,-0.0329251665386274,0.189312125090544,0.00156840312834933,0.000692631399792666,-0.0011373471077761,0.000791192315033501,-0.000309586895113145,0.00123564563872069,-0.000555721053494763,-6.32230249866123e-05,2.0818078726028e-14,8.36778420903054e-16,-2.00187335088834e-16,5.29811839905688e-16,6.37472360341617e-17,-5.38320763047635e-17,-3.54825330562002e-16,-5.96658554032368e-17,-5.3625413346806e-16,"Asian SEA2b","KP319189"
"KP319190",-3.89011689784311,1.74400674255798,3.11436427667241,1.70563700715564,-2.56063608037752,-0.38362904744214,-0.978270110894054,-0.994115813548302,1.92797422801937,1.52654085579332,0.199058742587725,0.259855923797372,-0.237294830298565,-0.465879109619391,0.29902085262745,-0.0697574835985831,-0.222778668990118,0.000418537872045153,-0.414527235668281,0.177868514948624,-0.249278060001598,-0.30625662326228,0.142549127237561,0.180130159323584,-0.169014722836819,0.464180836447552,0.0673078524324391,0.0771579691106159,-0.459504430055223,0.256556061525219,-0.311444975767268,0.0242213707330757,-0.177612370678351,-0.00551648335599974,-0.316366336172183,-0.324726703089066,-0.28045406253211,-0.534814103702342,-0.143085272426656,-0.177538408815941,-0.000312539889092015,0.000782218596862042,-0.000884593667374957,0.000632073856792848,-0.000281574838654063,-0.000846571777217423,0.000395380929110633,-0.000212988055292613,2.09800481624329e-14,-5.32794060629822e-16,-2.58795966798089e-16,1.93697932782226e-16,1.83329411396238e-16,-1.29633013194788e-16,-3.90719232562942e-16,-1.04122992269097e-16,-8.91064404904719e-17,"Asian SEA2b","KP319190"
"KP319191",-3.83634974164288,1.93659913253224,3.10107162511736,1.61237134279966,-2.54461223609188,-0.351628701962382,-1.04113597013433,-0.802782001835715,1.86279921963643,1.64939306891211,0.0895385418862449,0.265486990552459,-0.24648862184427,-0.307426429122643,0.265474717438757,-0.0289151267959991,-0.366819603215648,0.00987791191172733,-0.287366073361459,0.135003829465629,-0.337226303564749,-0.270813542482755,0.204846624814317,0.262949443147212,-0.334817271225795,0.43120188146717,0.205890098597145,0.0834013120343906,-0.282193445493895,0.142729619781159,-0.359984223444024,-0.05173198573029,-0.0626747615855661,0.0706648062560073,-0.262031459440575,-0.360627330202641,-0.321025606710901,-0.568965570371211,-0.151176193706119,-0.10964333591022,-0.000243643713095312,0.000891359139992535,-0.000775127896807427,0.00069922646448623,-0.000163974918696707,-0.000752988334811359,0.000444047989810913,-0.000187858182105688,2.04249366501203e-14,-8.65860968017369e-16,-2.58795966798089e-16,8.26756303197103e-17,1.83329411396238e-16,-1.85144164426046e-16,-3.90719232562942e-16,-1.59634143500355e-16,-2.00128742952987e-16,"Asian SEA2b","KP319191"
"KP319192",-4.14651025122146,1.56716866765882,3.06190230334924,1.82075623129557,-2.53425540597712,-0.32438876691502,-1.07556568667423,-0.918002553178157,1.85006854728405,1.60818470386082,0.225485728892525,0.167468670140203,-0.177429758538413,-0.435889023555744,0.272246996855627,-0.0528890581338987,-0.261128306625904,0.0265646449988024,-0.509034611943632,0.16319681549537,-0.330434485549964,-0.376983500754495,0.0804243479135149,0.184325399507395,-0.213471732469256,0.432891133169483,0.0466914585443037,-0.00141002117278943,-0.219750709359563,0.179253350699227,-0.279851125764271,0.0968249751468811,-0.0381929819158173,-0.249387985792743,-0.221116603924779,0.179619600023202,-0.124590142762232,-0.216155129235487,-0.0930223153586036,-0.0937171436810376,0.000323329197918386,0.00076263904531765,-0.00148895345660308,0.000113226265945238,-0.000412119438899149,-0.000716311142830512,0.000229415339319205,-9.99489637696441e-05,2.09291010284905e-14,-6.06511511109656e-16,2.18572698361972e-17,1.96744932518141e-16,6.37472360341617e-17,-5.38320763047635e-17,-1.32780725636971e-16,5.13564470592789e-17,-2.03187226080513e-16,"Asian SEA2b","KP319192"
"KP319193",-4.81047572645452,1.82991412410932,3.28423250497747,1.99416015964411,-2.22357189785857,-1.07090891697965,-1.49292251769875,-1.17909296474426,1.75129529082596,0.898159939022753,-0.570483805100036,-0.415645127612249,-0.280681336301503,0.668882838335923,1.18662892480017,0.858448259955178,0.560384030883002,-0.119087687042738,0.0876562211239877,-0.0839745445548163,0.67780999830448,-0.3069873064984,0.479575589170153,-0.12034736325558,0.281013731511421,-0.228939892482189,-0.0817223105713476,-0.405026444805422,-0.0956551402261748,-0.161809037610993,0.493299370526867,-0.0853678435981062,0.0549202052126274,-0.28334437533079,0.0337153815629105,-0.171444110602686,-0.0731653461581207,0.117905431538367,-0.153547601317059,-0.0527645805304547,0.000489262669434225,0.000830700308714983,-9.13981106926382e-05,0.000138166259605893,-2.52574243814411e-05,-0.000807526691562467,-0.000341397349606799,-8.49766976291019e-05,2.07070564235655e-14,-6.06511511109656e-16,-2.00187335088834e-16,4.18789537443172e-16,9.15028116497906e-17,-3.03632256845424e-16,-4.95139987900845e-17,5.50956808140599e-16,3.51924286232065e-16,"Asian SEA2b","KP319193"
"KP319194",-5.09890259702704,1.81322082049476,3.3499502207275,1.96191022145001,-2.83440114872921,-0.817493976396105,-1.46801808506345,-1.46655755605036,1.09296221067669,0.137066817129921,-0.288095355019842,0.473462915616918,-0.188006304376447,0.507721229566268,0.468436835299142,-0.905778048733775,-0.11396118927074,-0.914698878860643,0.350068852073699,-0.128371064569791,0.079061765567995,0.686255223990267,-0.254586088151008,-0.0549686397999265,-0.0948320501850146,0.199661249387797,-0.264427628985078,-0.285913120414715,-0.130252549618122,-0.297002492495799,-0.0998158154975033,0.11811183467046,0.284231354574418,-0.329486780401078,-0.110612581769736,-0.149412515418916,0.1049310086253,0.0353706333883874,0.0342489327024972,-0.0703491563906577,0.000479062980245425,0.000132358626357621,0.000563520873156148,-0.00126057138123103,-0.00232953955539695,0.000640065950850496,0.000562084011309057,-0.000200256892574118,1.99737384312448e-14,1.59903835679869e-16,9.54072826496658e-17,3.88580478399981e-16,-4.75327189291545e-19,-6.70732941239239e-17,-8.64727651669472e-17,1.44572872667555e-16,1.08730382454697e-16,"Asian SEA2b","KP319194"
"KP319195",-4.79677644911208,1.9968220512913,3.84006202685823,2.79801584200918,-2.87175094232125,-0.798363605963873,-1.26456837175374,-1.47156461838575,0.948901991630041,0.0124774549414776,0.00272583747625826,0.717266525407818,-0.578160183655327,-0.213251870648851,-0.064550025221831,-0.387682435440282,-0.262037821914321,-0.812584258269706,0.658855376029025,0.316629501932915,0.724634842153369,0.724240968462612,-0.313902656849067,0.232592728298535,-0.542491150967409,0.356530814242114,-0.16571894301363,0.0806078849603231,0.151129287453651,-0.298556163925586,-0.0526854663000991,0.0310781357688872,0.291438849876662,-0.0879457048789941,-0.0397618051550567,0.103947518352489,0.16424234451207,0.158072681871355,0.0346571820147825,-0.0605612256403722,-0.000463512716223538,-0.000289055187124748,0.00313631907178903,-0.000926799459881552,-0.000226885195164944,0.000780867670584447,0.000666902459962483,6.06921838793701e-05,1.97955319512367e-14,-4.61459598312002e-16,5.8529092969751e-16,2.47349116894264e-16,1.43468926704458e-16,-2.74603541252488e-16,9.86130733812266e-17,-3.97664578804759e-17,1.43092234833581e-16,"Asian SEA2b","KP319195"
"KP319196",-4.4218648645823,1.85056196566099,3.32263088197433,2.60599277805916,-3.29571463060298,-0.746676203630756,-1.50234538182731,-1.26113603202313,1.1073649179505,0.607608626329612,-0.403230538142095,0.469294411353319,-0.50989660942114,-0.0344807687515319,-0.0147429215410063,0.0691803546529426,0.211294763980605,-0.228497714688128,0.0472717152352867,0.0160013362083931,-0.193104732195596,-0.0668867773806449,-0.0332258758560738,-0.186111063966017,-0.0375764087860906,-0.300428530125069,-0.0663127958769254,-0.027975963327344,0.0246628775207443,0.226478777720523,-0.00865298334791786,0.0409042247781893,0.0606468293031257,0.0232003232429348,0.142102296619057,0.0141282001575057,-0.0301546619269284,0.0762686063859896,0.0937829194790494,-0.00982158746465401,-0.000122475763088189,0.000174676006742878,8.81268624097108e-05,-1.76644013370696e-05,-0.000577247966242805,-0.000258049046752074,-1.64483059880048e-05,-8.33440213677377e-05,2.05127673942561e-14,-4.39978057415882e-16,4.96128454518261e-17,2.2450050813377e-16,-8.89084298517974e-17,-8.15876519203924e-17,1.72530606134947e-16,-4.15470417197895e-18,1.8857378844518e-17,"Asian SEA2b","KP319196"
"KP319197",-4.4218648645823,1.85056196566099,3.32263088197433,2.60599277805916,-3.29571463060298,-0.746676203630756,-1.50234538182731,-1.26113603202313,1.1073649179505,0.607608626329612,-0.403230538142095,0.469294411353319,-0.50989660942114,-0.0344807687515319,-0.0147429215410063,0.0691803546529426,0.211294763980605,-0.228497714688128,0.0472717152352867,0.0160013362083931,-0.193104732195596,-0.0668867773806449,-0.0332258758560738,-0.186111063966017,-0.0375764087860906,-0.300428530125069,-0.0663127958769254,-0.027975963327344,0.0246628775207443,0.226478777720523,-0.00865298334791786,0.0409042247781893,0.0606468293031257,0.0232003232429348,0.142102296619057,0.0141282001575057,-0.0301546619269284,0.0762686063859896,0.0937829194790494,-0.00982158746465401,-0.000122475763088189,0.000174676006742878,8.81268624097108e-05,-1.76644013370696e-05,-0.000577247966242805,-0.000258049046752074,-1.64483059880048e-05,-8.33440213677377e-05,2.05127673942561e-14,-4.39978057415882e-16,4.96128454518261e-17,2.2450050813377e-16,-8.89084298517974e-17,-8.15876519203924e-17,1.72530606134947e-16,-4.15470417197895e-18,1.8857378844518e-17,"Asian SEA2b","KP319197"
"KP319198",-4.4218648645823,1.85056196566099,3.32263088197433,2.60599277805916,-3.29571463060298,-0.746676203630756,-1.50234538182731,-1.26113603202313,1.1073649179505,0.607608626329612,-0.403230538142095,0.469294411353319,-0.50989660942114,-0.0344807687515319,-0.0147429215410063,0.0691803546529426,0.211294763980605,-0.228497714688128,0.0472717152352867,0.0160013362083931,-0.193104732195596,-0.0668867773806449,-0.0332258758560738,-0.186111063966017,-0.0375764087860906,-0.300428530125069,-0.0663127958769254,-0.027975963327344,0.0246628775207443,0.226478777720523,-0.00865298334791786,0.0409042247781893,0.0606468293031257,0.0232003232429348,0.142102296619057,0.0141282001575057,-0.0301546619269284,0.0762686063859896,0.0937829194790494,-0.00982158746465401,-0.000122475763088189,0.000174676006742878,8.81268624097108e-05,-1.76644013370696e-05,-0.000577247966242805,-0.000258049046752074,-1.64483059880048e-05,-8.33440213677377e-05,2.05127673942561e-14,-4.39978057415882e-16,4.96128454518261e-17,2.2450050813377e-16,-8.89084298517974e-17,-8.15876519203924e-17,1.72530606134947e-16,-4.15470417197895e-18,1.8857378844518e-17,"Asian SEA2b","KP319198"
"KP319199",-4.74253707262355,1.33806588029268,1.58319775884095,2.72747032777973,-3.33574432959764,-0.294679346346553,-1.80416621148101,-0.744742637265386,0.704826654397962,-0.669404253396434,-1.31817451790811,-0.18601281955425,-0.367278767763093,-0.851024847492617,-0.76309848103312,0.590201597443041,-0.322513856149545,0.425201912134509,1.1971191740625,0.533325742370982,0.810027694311074,-0.0549988897320949,-0.0505614964030539,0.150609096723274,0.245315971443665,-0.119029441803178,-0.404704785005174,-0.285264264455212,-0.238488473065211,-0.30983088210627,0.0489194577835997,-0.723814249483144,-0.210003927333282,-0.0681673141253077,0.0125182396293444,-0.199254021662922,0.20772479637035,-0.112403244074605,0.313719942786784,0.270406742805969,-0.0011832432735548,9.78830188307719e-05,-0.000491541986662026,-0.000768142945509179,0.000640486399182814,0.000388081284547923,-0.00114462783942196,0.000216192468549111,2.01525378705754e-14,-1.58213929598161e-16,-1.19314480722284e-16,4.64856834926956e-16,8.69518607260452e-17,-3.95707831294874e-16,-1.47893276295092e-16,-5.63674464885967e-18,8.73391924862983e-17,"Asian SEA2b","KP319199"
"KP319200",-4.4218648645823,1.85056196566099,3.32263088197433,2.60599277805916,-3.29571463060298,-0.746676203630756,-1.50234538182731,-1.26113603202313,1.1073649179505,0.607608626329612,-0.403230538142095,0.469294411353319,-0.50989660942114,-0.0344807687515319,-0.0147429215410063,0.0691803546529426,0.211294763980605,-0.228497714688128,0.0472717152352867,0.0160013362083931,-0.193104732195596,-0.0668867773806449,-0.0332258758560738,-0.186111063966017,-0.0375764087860906,-0.300428530125069,-0.0663127958769254,-0.027975963327344,0.0246628775207443,0.226478777720523,-0.00865298334791786,0.0409042247781893,0.0606468293031257,0.0232003232429348,0.142102296619057,0.0141282001575057,-0.0301546619269284,0.0762686063859896,0.0937829194790494,-0.00982158746465401,-0.000122475763088189,0.000174676006742878,8.81268624097108e-05,-1.76644013370696e-05,-0.000577247966242805,-0.000258049046752074,-1.64483059880048e-05,-8.33440213677377e-05,2.05127673942561e-14,-4.39978057415882e-16,4.96128454518261e-17,2.2450050813377e-16,-8.89084298517974e-17,-8.15876519203924e-17,1.72530606134947e-16,-4.15470417197895e-18,1.8857378844518e-17,"Asian SEA2b","KP319200"
"KP319201",-4.95331765733897,1.27468781787383,1.63123157811467,2.40709510005453,-3.40634350010766,-0.421252764409224,-2.0081919962036,-0.765131393606307,0.591490342717319,-0.724925776698884,-1.55214147814732,-0.394586501639453,-0.426929203790693,-0.448889050889602,-0.725618408420984,0.515416544616529,-0.0357197457722267,0.533219876470551,1.03371770276488,0.667296342145358,0.860608960159298,-0.0731949175511691,-0.106611953056995,0.225112764166027,0.113384818814552,-0.305216520484099,-0.526549274582693,-0.216761214409689,-0.437668785155729,-0.422918722524298,0.0625217122088398,-0.718182033626095,-0.249554155241699,-0.18071686067184,-0.0639335561125545,-0.324483127734495,0.165107184332216,-0.0431637785456823,0.272465632033565,0.268377655228791,-0.00110406790300531,7.56580254538205e-05,-0.000725038249967737,-0.000685803945475996,0.000756227948963426,0.000334129192012434,-0.00121418688631839,0.000147986404362946,2.02080490218067e-14,-4.7191627135645e-17,-1.19314480722284e-16,4.64856834926956e-16,3.14407094947874e-17,-3.40196680063616e-16,-1.47893276295092e-16,-6.11478958801175e-17,2.53872646180072e-16,"Asian SEA2b","KP319201"
"KP319202",-4.4218648645823,1.85056196566099,3.32263088197433,2.60599277805916,-3.29571463060298,-0.746676203630756,-1.50234538182731,-1.26113603202313,1.1073649179505,0.607608626329612,-0.403230538142095,0.469294411353319,-0.50989660942114,-0.0344807687515319,-0.0147429215410063,0.0691803546529426,0.211294763980605,-0.228497714688128,0.0472717152352867,0.0160013362083931,-0.193104732195596,-0.0668867773806449,-0.0332258758560738,-0.186111063966017,-0.0375764087860906,-0.300428530125069,-0.0663127958769254,-0.027975963327344,0.0246628775207443,0.226478777720523,-0.00865298334791786,0.0409042247781893,0.0606468293031257,0.0232003232429348,0.142102296619057,0.0141282001575057,-0.0301546619269284,0.0762686063859896,0.0937829194790494,-0.00982158746465401,-0.000122475763088189,0.000174676006742878,8.81268624097108e-05,-1.76644013370696e-05,-0.000577247966242805,-0.000258049046752074,-1.64483059880048e-05,-8.33440213677377e-05,2.05127673942561e-14,-4.39978057415882e-16,4.96128454518261e-17,2.2450050813377e-16,-8.89084298517974e-17,-8.15876519203924e-17,1.72530606134947e-16,-4.15470417197895e-18,1.8857378844518e-17,"Asian SEA2b","KP319202"
"KP319203",-4.60329773454943,2.1788959565603,3.29635906446444,2.27847212411427,-2.962812005381,-0.398344433541571,-0.964669491467182,-0.729954780062698,0.942136525983035,0.913232543374166,-0.465249599711283,0.38785687467664,0.0949031993597422,-0.897691871492009,0.180750040331435,-0.757521814638144,1.14062269583492,-0.335187054935478,0.0799214905623594,0.075251923840504,-0.701585333069417,-0.143546126691156,-0.792351859879015,0.182854280018769,-0.28262713699747,-0.542766614852389,-0.163165993921349,-0.027972856359735,-0.0466646635285918,0.0925090407058615,0.0491674716613795,-0.169046801717917,0.0503405275967301,0.361481990486998,-0.00722991887803513,0.310129398771278,0.141213762412475,-0.274018252739685,-0.420180803929952,0.0101752061032779,0.000188024409233329,-0.00143792859120195,0.000553519004419261,0.001085802622313,0.00205942430972217,-0.00259830941069165,-0.000845094720557032,7.25191458907752e-05,2.10755801284677e-14,-8.6052204691984e-16,1.46706967568604e-16,2.1660742487361e-16,3.64060892239826e-16,2.32880850736593e-17,1.82314202590931e-16,-3.00730567037328e-16,1.0088342252078e-16,"Asian SEA2b","KP319203"
"KP319204",-4.44724635476058,2.10311785795105,3.4042762921951,2.37299258921565,-2.89369625133761,-0.467590693447311,-1.23404727876984,-0.914030522230386,1.0607301742671,0.865197063791963,-0.491267700374272,0.235000312601951,-0.154201977057274,-0.694923644856735,-0.00189058328247256,-0.418381098343998,0.865077355982553,-0.327978252383736,0.0804487891209835,-0.0951387771565814,-0.543451053840336,0.104762207799915,-0.643698569842228,-0.0056762131276085,-0.280040907963529,-0.55368237854658,-0.123346603728824,-0.021880584229486,-0.0504666543683882,0.191376568837446,0.0508929340099016,-0.0143038667035371,-0.110031725704293,0.316957611205578,0.223905750999277,0.144879692047059,0.0775116421789627,0.0886946954729029,-0.154920644565405,-0.122639348852422,-0.000262060150392992,-0.001528220632659,0.000383432553627538,0.000657461523365933,0.00199205196221086,0.000261912257078602,-0.000391581562014559,0.000139735668102697,2.06870020698489e-14,-1.94388232144746e-16,2.5772927003112e-16,4.38652029798642e-16,-3.57584073766526e-16,-2.5426767108263e-16,-3.97304023341e-17,-1.89708264574813e-16,-1.0138879941736e-17,"Asian SEA2b","KP319204"
"KP319205",-4.40467234125627,1.90572685892966,3.11727692555654,2.48256073010408,-3.2139434075735,-0.664180070978199,-1.6429568924914,-1.14203986938896,1.16945725594457,0.482512305480011,-0.262925614235178,0.428287147799969,-0.763773896502689,-0.37251533516981,0.157214775423332,0.0362012766076477,0.374852164941148,-0.183779372740697,-0.256382030717296,0.229811618722773,0.0428842911647871,0.194951160831907,0.321678699523629,-0.315920888947462,0.0770833239828583,-0.280225603546004,-0.05939968916462,-0.117879184350713,-0.101595844492308,0.436193055316993,-0.0641995639600628,0.105387584900541,0.301356737860793,-0.118441540383542,0.0705599646813122,0.0753539593481104,-0.0865621613758317,0.170674194703487,-0.0956687369137965,0.0385772692143213,9.5333304372244e-05,-0.00217840664481629,-0.000983985315776283,0.000150635139360358,-0.000101505441477216,-0.000222065476356593,0.000107161340626637,-1.16132227358052e-05,2.11055740384735e-14,-2.64461057687428e-16,-3.2763299907684e-18,1.99250592257566e-16,-2.46875119492847e-16,4.64385866844612e-17,-1.24200943966352e-16,4.89006059314177e-16,1.17261335078097e-16,"Asian SEA2b","KP319205"
"KP319206",-3.35645452268806,1.1340720573559,3.19885099647072,2.25704567872822,-2.64539093597226,-0.723960450075225,-1.74248624103255,-1.29283973168278,1.60693641686,0.758976933221493,-0.258544787248316,-0.327350970325539,-0.854913887850582,-0.382484683466049,0.760949528538728,0.485170706113061,-0.70955940884317,-0.263226948501388,-0.407567866368691,-0.100399290064579,-0.123142661915545,-0.189303878844078,0.0532242779462647,1.02576920133676,0.40518394345649,0.0880746561435747,-0.0562338469817603,0.0811281727356123,0.109514605685219,0.183197109215913,0.0041544902448687,0.20584077804598,0.209922563783874,0.243761241160031,-0.074166608663217,0.212156739059104,-0.115290625973514,0.142864878646503,-0.0169416083427763,0.0941294696080107,0.00112544128458529,0.00184069778292276,-0.0011520061485922,0.000429447767221181,-0.00058409742337396,0.00109134179312303,0.000114809649021229,0.000205497728898575,2.03184783649467e-14,-1.62422301259593e-16,2.99413025992486e-16,-8.08108236381481e-17,-4.35853125047159e-16,-8.15876519203924e-17,-1.88291876868229e-16,-5.96658554032368e-17,-9.21649236179977e-17,"Asian SEA2b","KP319206"
"KP319207",-3.33015486715188,0.880090078860258,3.15047826441684,2.1831564518889,-2.98162210349303,-0.337572629864261,-1.45242940582086,-1.10092133974503,1.71505812332927,0.992378931296373,-0.247889316905653,-0.106875752073145,-0.891757819148358,-0.234218548149054,0.863829176084656,0.729636803810235,-0.670093789598508,-0.421214627898168,-0.270822849295813,-0.0962915774871893,-0.048687645051106,0.228892440497149,0.0962720521086199,1.19199167924915,0.483349885567679,-0.17842738106432,-0.379545710313032,0.226115817904106,0.178588877330488,0.188139377710576,0.125617676914474,0.268668418133619,0.11557209737525,0.103169857225691,-0.0983906089383867,0.186566479602101,-0.0873535378341542,0.150109327345532,-0.107714888268431,0.0548649246077496,0.00155043156766119,0.00146909039658455,-0.0013806625190042,0.000321185155745563,-0.000431644779034187,0.00104665058354275,-8.65675863397262e-05,0.000173914066908253,2.03739895161779e-14,-1.62422301259593e-16,4.10435328455002e-16,-8.08108236381481e-17,-4.35853125047159e-16,-1.3709880315165e-16,3.37527280568023e-17,-4.15470417197895e-18,1.29879681307034e-16,"Asian SEA2b","KP319207"
"KP319208",-4.4218648645823,1.85056196566099,3.32263088197433,2.60599277805916,-3.29571463060298,-0.746676203630756,-1.50234538182731,-1.26113603202313,1.1073649179505,0.607608626329612,-0.403230538142095,0.469294411353319,-0.50989660942114,-0.0344807687515319,-0.0147429215410063,0.0691803546529426,0.211294763980605,-0.228497714688128,0.0472717152352867,0.0160013362083931,-0.193104732195596,-0.0668867773806449,-0.0332258758560738,-0.186111063966017,-0.0375764087860906,-0.300428530125069,-0.0663127958769254,-0.027975963327344,0.0246628775207443,0.226478777720523,-0.00865298334791786,0.0409042247781893,0.0606468293031257,0.0232003232429348,0.142102296619057,0.0141282001575057,-0.0301546619269284,0.0762686063859896,0.0937829194790494,-0.00982158746465401,-0.000122475763088189,0.000174676006742878,8.81268624097108e-05,-1.76644013370696e-05,-0.000577247966242805,-0.000258049046752074,-1.64483059880048e-05,-8.33440213677377e-05,2.05127673942561e-14,-4.39978057415882e-16,4.96128454518261e-17,2.2450050813377e-16,-8.89084298517974e-17,-8.15876519203924e-17,1.72530606134947e-16,-4.15470417197895e-18,1.8857378844518e-17,"Asian SEA2b","KP319208"
"KP319209",-4.4218648645823,1.85056196566099,3.32263088197433,2.60599277805916,-3.29571463060298,-0.746676203630756,-1.50234538182731,-1.26113603202313,1.1073649179505,0.607608626329612,-0.403230538142095,0.469294411353319,-0.50989660942114,-0.0344807687515319,-0.0147429215410063,0.0691803546529426,0.211294763980605,-0.228497714688128,0.0472717152352867,0.0160013362083931,-0.193104732195596,-0.0668867773806449,-0.0332258758560738,-0.186111063966017,-0.0375764087860906,-0.300428530125069,-0.0663127958769254,-0.027975963327344,0.0246628775207443,0.226478777720523,-0.00865298334791786,0.0409042247781893,0.0606468293031257,0.0232003232429348,0.142102296619057,0.0141282001575057,-0.0301546619269284,0.0762686063859896,0.0937829194790494,-0.00982158746465401,-0.000122475763088189,0.000174676006742878,8.81268624097108e-05,-1.76644013370696e-05,-0.000577247966242805,-0.000258049046752074,-1.64483059880048e-05,-8.33440213677377e-05,2.05127673942561e-14,-4.39978057415882e-16,4.96128454518261e-17,2.2450050813377e-16,-8.89084298517974e-17,-8.15876519203924e-17,1.72530606134947e-16,-4.15470417197895e-18,1.8857378844518e-17,"Asian SEA2b","KP319209"
"KP319210",-4.4218648645823,1.85056196566099,3.32263088197433,2.60599277805916,-3.29571463060298,-0.746676203630756,-1.50234538182731,-1.26113603202313,1.1073649179505,0.607608626329612,-0.403230538142095,0.469294411353319,-0.50989660942114,-0.0344807687515319,-0.0147429215410063,0.0691803546529426,0.211294763980605,-0.228497714688128,0.0472717152352867,0.0160013362083931,-0.193104732195596,-0.0668867773806449,-0.0332258758560738,-0.186111063966017,-0.0375764087860906,-0.300428530125069,-0.0663127958769254,-0.027975963327344,0.0246628775207443,0.226478777720523,-0.00865298334791786,0.0409042247781893,0.0606468293031257,0.0232003232429348,0.142102296619057,0.0141282001575057,-0.0301546619269284,0.0762686063859896,0.0937829194790494,-0.00982158746465401,-0.000122475763088189,0.000174676006742878,8.81268624097108e-05,-1.76644013370696e-05,-0.000577247966242805,-0.000258049046752074,-1.64483059880048e-05,-8.33440213677377e-05,2.05127673942561e-14,-4.39978057415882e-16,4.96128454518261e-17,2.2450050813377e-16,-8.89084298517974e-17,-8.15876519203924e-17,1.72530606134947e-16,-4.15470417197895e-18,1.8857378844518e-17,"Asian SEA2b","KP319210"
"KP319211",-4.4218648645823,1.85056196566099,3.32263088197433,2.60599277805916,-3.29571463060298,-0.746676203630756,-1.50234538182731,-1.26113603202313,1.1073649179505,0.607608626329612,-0.403230538142095,0.469294411353319,-0.50989660942114,-0.0344807687515319,-0.0147429215410063,0.0691803546529426,0.211294763980605,-0.228497714688128,0.0472717152352867,0.0160013362083931,-0.193104732195596,-0.0668867773806449,-0.0332258758560738,-0.186111063966017,-0.0375764087860906,-0.300428530125069,-0.0663127958769254,-0.027975963327344,0.0246628775207443,0.226478777720523,-0.00865298334791786,0.0409042247781893,0.0606468293031257,0.0232003232429348,0.142102296619057,0.0141282001575057,-0.0301546619269284,0.0762686063859896,0.0937829194790494,-0.00982158746465401,-0.000122475763088189,0.000174676006742878,8.81268624097108e-05,-1.76644013370696e-05,-0.000577247966242805,-0.000258049046752074,-1.64483059880048e-05,-8.33440213677377e-05,2.05127673942561e-14,-4.39978057415882e-16,4.96128454518261e-17,2.2450050813377e-16,-8.89084298517974e-17,-8.15876519203924e-17,1.72530606134947e-16,-4.15470417197895e-18,1.8857378844518e-17,"Asian SEA2b","KP319211"
"KP319212",-4.44724635476058,2.10311785795105,3.4042762921951,2.37299258921565,-2.89369625133761,-0.467590693447311,-1.23404727876984,-0.914030522230386,1.0607301742671,0.865197063791963,-0.491267700374272,0.235000312601951,-0.154201977057274,-0.694923644856735,-0.00189058328247256,-0.418381098343998,0.865077355982553,-0.327978252383736,0.0804487891209835,-0.0951387771565814,-0.543451053840336,0.104762207799915,-0.643698569842228,-0.0056762131276085,-0.280040907963529,-0.55368237854658,-0.123346603728824,-0.021880584229486,-0.0504666543683882,0.191376568837446,0.0508929340099016,-0.0143038667035371,-0.110031725704293,0.316957611205578,0.223905750999277,0.144879692047059,0.0775116421789627,0.0886946954729029,-0.154920644565405,-0.122639348852422,-0.000262060150392992,-0.001528220632659,0.000383432553627538,0.000657461523365933,0.00199205196221086,0.000261912257078602,-0.000391581562014559,0.000139735668102697,2.06870020698489e-14,-1.94388232144746e-16,2.5772927003112e-16,4.38652029798642e-16,-3.57584073766526e-16,-2.5426767108263e-16,-3.97304023341e-17,-1.89708264574813e-16,-1.0138879941736e-17,"Asian SEA2b","KP319212"
"KP319213",-4.4218648645823,1.85056196566099,3.32263088197433,2.60599277805916,-3.29571463060298,-0.746676203630756,-1.50234538182731,-1.26113603202313,1.1073649179505,0.607608626329612,-0.403230538142095,0.469294411353319,-0.50989660942114,-0.0344807687515319,-0.0147429215410063,0.0691803546529426,0.211294763980605,-0.228497714688128,0.0472717152352867,0.0160013362083931,-0.193104732195596,-0.0668867773806449,-0.0332258758560738,-0.186111063966017,-0.0375764087860906,-0.300428530125069,-0.0663127958769254,-0.027975963327344,0.0246628775207443,0.226478777720523,-0.00865298334791786,0.0409042247781893,0.0606468293031257,0.0232003232429348,0.142102296619057,0.0141282001575057,-0.0301546619269284,0.0762686063859896,0.0937829194790494,-0.00982158746465401,-0.000122475763088189,0.000174676006742878,8.81268624097108e-05,-1.76644013370696e-05,-0.000577247966242805,-0.000258049046752074,-1.64483059880048e-05,-8.33440213677377e-05,2.05127673942561e-14,-4.39978057415882e-16,4.96128454518261e-17,2.2450050813377e-16,-8.89084298517974e-17,-8.15876519203924e-17,1.72530606134947e-16,-4.15470417197895e-18,1.8857378844518e-17,"Asian SEA2b","KP319213"
"AB519642",1.30993814031092,-4.48673845961125,1.57011948682925,-2.25198014898567,-0.196398340568077,0.733361986343737,-0.524089096083779,1.41472058369954,0.764981424225046,-1.631513127413,0.427864121970054,0.587315677280108,0.512487507359441,0.0696729488198843,0.95715593248101,-0.282769652893767,-0.776384141893079,1.02771777210348,0.090707858646429,0.982980757205561,0.0444581059765746,-1.14558795595705,-0.350144364755996,-1.01929899192569,0.00399344663193071,-0.0872555333624319,-0.822723561945448,-0.19299018911259,-0.00725496866158257,-0.0284235232962047,0.00914984960975647,-0.0855811746635784,0.556559657052606,0.260984239281457,0.480241329585401,0.434066375929274,0.524493495189011,0.588066659607175,-0.171379970928679,0.115187362051805,0.00162899727480314,-0.000653937821720985,0.00140603239209389,-5.27754950295318e-05,-0.00171798784792352,-3.11779340065224e-05,-0.000264605673215698,-0.000277949017389629,2.03230369411635e-14,1.270607718721e-15,-5.29701622802372e-16,-2.5838334489718e-16,1.47478981423369e-16,-1.97392273420421e-16,7.22343102923405e-16,7.56474071906842e-17,1.07554183074244e-16,"Bat DR","AB519642"
"AF070449",1.19881246569443,-5.32131399327373,2.51114482053177,-1.82942729155165,1.75741446964798,1.34978023686926,-0.277691593788593,1.09533325146478,-0.0170105584736762,0.775267135625503,-1.12466322947774,-1.95575690252296,-1.18108357557049,-0.750274728637462,-1.00371275582154,0.217544644810122,-0.30864232191586,-1.28754710201064,-0.46284690818322,-0.938123911013774,-0.0393546521755583,-0.200852064882696,-0.376108088846221,-0.365373932607322,-0.281257214346073,-0.358656691142954,-0.569460224201222,0.818778548559503,0.178892993460686,-0.681606839920542,0.0473719929777872,0.541151271399695,-0.0332413271298769,0.039722422555222,-0.327147446953568,-0.157494042876517,-0.132532041732297,0.187266800922457,-0.147981338381387,0.191398943465452,-0.0029288333411322,0.00132584415263599,-0.000888873697034512,0.000648525017784683,-0.000279272162300978,6.11261928119972e-05,-0.000514327399511472,-2.99551333949649e-06,2.03713506104951e-14,4.51375185631353e-16,-5.33281014735788e-16,-3.56056804817951e-16,-2.19907349143319e-16,4.48200242100325e-16,2.78521368595702e-16,-7.24884859885707e-16,-2.68869798840367e-17,"Bat DR","AF070449"
"AF351847",1.43379389585054,-3.90746307777467,4.36540045572564,-0.844796381499018,0.0666009732821396,1.20543199525521,-1.1815236821216,1.12624674910992,1.05065355815774,1.23947407992385,-0.585991990663086,-3.46403904430287,-0.124067252442441,-2.02098611739516,-0.125532761012997,-1.61628250680688,-0.580950251137436,0.0938405448875761,-0.812549194259182,-0.655094319261375,-0.609362076745482,-0.056612339450813,-0.606883442996235,-0.888251421372099,-2.1457248422652,-0.598919097587544,1.50854697045242,-1.38479134376764,0.255452186119233,-1.50618379260145,0.451404373341141,0.29134847933883,0.756757315890668,-0.259113725967011,-0.137999880233416,-0.00195239393355093,-0.0592088773230187,-0.375364386210552,-0.048998301897665,-0.288890858215237,0.00181418399158408,-0.00206150836381729,0.00189213005317716,0.000616148559975577,-0.000133864940109349,-0.000180104633023737,0.000698168871561549,0.000117805689515796,1.93137034753799e-14,-6.41501287314986e-16,3.51839483123955e-17,7.01179669906186e-16,-2.90030114811484e-16,9.82216356321592e-17,2.53946143541277e-16,-2.17560671726969e-16,-1.09504647768942e-15,"Bat DR","AF351847"
"AF351852",0.994181300741731,-5.60802883748338,2.04871429256258,-1.9901787446759,0.988198601602433,2.46732698193448,-1.25476175433486,1.11386499862902,0.860825692635487,-1.02276669778047,-0.0951329389884074,-2.2484296438912,-0.720180096384976,-0.461241543756092,-1.34584813568069,-0.786132460584813,-0.99419582466564,-1.21958892140688,-0.196292581755819,0.547633865227086,-0.598229896913428,-0.222872959388971,0.00403789197079071,-0.558729342922835,-0.724510168194982,-0.416296790182964,-0.252992309745383,-0.105691513548587,-0.630134989578778,0.565922487673876,0.244757209969633,0.495327579767772,0.482106135814753,-0.0448768539471023,-0.330478722292066,-0.00717691747926041,-0.173025543261745,-0.12028661609075,0.27693925673736,0.102150631779809,0.00109666357902144,-0.00159568087821824,-0.00157587285463439,-9.32540645910783e-07,-0.000225493148813485,0.000290139580320895,-0.000523107855475545,9.8615060668994e-05,2.10994975353194e-14,8.47901788114027e-16,-4.52245327911638e-16,-4.06918204403307e-16,-5.03501758954639e-16,3.51030873685941e-16,6.46989393202463e-16,-3.05373575859231e-16,-5.03889841438027e-16,"Bat DR","AF351852"
"AY854587",0.668992454134838,-5.44171892398357,2.10102931934154,-1.0516646907402,-0.66088567813835,0.00367661039926396,-0.559715614281596,0.502585356649024,0.67300325698279,0.68527938289882,0.605819262411154,-2.3068493278407,1.02008024877283,-2.10073374151465,0.182043047593688,0.919930044876345,0.445380600743455,0.506950603128916,-0.5625059760653,-0.696885537931649,1.90648835528224,1.06783306242842,-0.484179476443769,0.657594766239792,-0.983962364463503,0.253804293870991,0.662383187245857,0.110224619391044,-0.883662304773754,-0.399288919124632,0.67385406788696,0.462686517691989,-0.507895576281098,-0.164544511220714,0.234855388224597,-0.0850865029865398,1.14879229848661,0.0058570884246589,0.151628675142281,0.273572172702631,0.00235905496562338,0.000308622869914855,7.20791882423624e-05,-4.66740472550072e-05,0.00282315498737839,0.00143200266289119,0.000180349654010082,0.000691589695165088,2.20435112679382e-14,9.64328936740619e-16,9.03346183202972e-16,4.02412267894015e-16,5.63495074975037e-17,2.50276923258627e-16,3.70948960224203e-16,-6.5554332557038e-16,-2.85657483492644e-16,"Bat DR","AY854587"
"AY854592",2.38918562799948,-5.70880419767638,3.41101045989099,-0.974770725491859,-0.833287212363269,0.0201494350774181,-1.2362027164435,1.0243079625801,-1.59173942003501,0.828068398353301,-0.393204366313503,-0.107758163663753,-0.782092850098287,-0.569607465412077,-1.39430254799622,-0.773463302424118,-0.0664251289311905,0.114432463449078,-0.343298512925294,-1.6435706570419,-0.337145054989265,1.01734339103827,-0.284113913252573,-0.0608307460792408,-0.192934074126859,-0.834400535658318,-0.962446228976812,-0.453178048270521,0.902387146314258,0.625208135070549,0.293855666488454,-0.325308543878533,-0.0699105054473496,0.396688419717309,-0.219811428604607,0.250076815605363,-0.000821802595519523,0.186499245119339,-0.00148806795909376,0.174519333027534,0.000914964769083725,0.000905031015892765,-0.00119807202739955,-0.000504420466762523,0.000201475806125756,-0.000660008599885623,-0.000468087567243864,0.000482925346626978,2.05727582666878e-14,9.1273203206558e-16,4.44889162727886e-16,4.93777016936649e-17,1.53131673331509e-16,-1.8547104647036e-16,9.99513352849072e-16,2.23443090876621e-16,-4.44193262158358e-16,"Bat DR","AY854592"
"AY854594",1.7078215781362,-5.8797197510062,3.57660521457177,-0.748585484531281,-0.122918178836043,0.798899941134061,-1.60085584298745,1.55821773890277,-0.771319354537412,0.67030054511772,-0.187820840533311,-0.219033479210069,-0.766019664163364,-0.242587053519252,-0.915271206320916,-0.519059503716936,-0.58412694466955,-0.0192547532720674,-0.445221420572933,-1.20888785182868,-0.229179115531202,0.610305146238407,-0.963458195904114,0.612038401737849,0.0909948134964691,-0.341708795716219,-0.621867198303758,-0.292482205921675,0.702246945355541,0.476290042904484,0.343648909100111,-0.349184191176848,-0.432659276746666,0.308609091811568,-0.0746015951993537,-0.175071780344688,-0.181948117592495,0.0471978105994817,0.00579017232110898,0.140936800357613,-0.000425529152120152,0.000585186649960502,-0.000939002604668888,0.000155828784981993,0.000459408947519932,-0.00054806295726812,8.97250255089058e-06,0.000368322612496713,2.05450026910722e-14,6.35176275909291e-16,1.25700043148154e-16,1.60400004156181e-16,3.05787339217467e-16,-3.79760075779762e-16,6.94202021077155e-16,5.69096371828475e-17,-3.33170959695842e-16,"Bat DR","AY854594"
"AY877433",0.63986240397804,-5.30721509981334,2.22638238789798,-0.166477680331185,1.68825065680884,2.84832913610122,-1.05044044529405,1.24597235447459,0.338112301864997,-0.0753962071997954,-0.108105581231463,0.592993194209587,0.224204887649357,-3.97386129583165,0.28858199180766,2.07550513957507,-0.81977054393864,1.14231289972605,-0.980373640783955,1.57279358213287,1.16707384301964,1.17710280448373,-1.1441163078132,1.52866277105697,-0.596036380651539,-0.699049614004368,0.0711759625232392,0.362578195707229,-0.0393924836330883,-0.551656958024435,0.822154627684108,0.550327546480288,0.41516342251592,0.25219247752188,-0.121471495497924,-0.500183912475183,-0.00888460802671161,0.178393796514272,-0.213184026707348,-0.231429343621955,0.00182536806658137,0.00170231729686295,-0.00129047232307217,0.000841868895021856,0.000944451013163354,-0.000887700430010343,0.000245172987424794,-0.00114729043582856,2.10210888932553e-14,-3.46510374033751e-16,-4.2655999281845e-16,1.58783209605049e-16,2.17696152797204e-16,4.92163829351517e-16,8.79298078416152e-16,-1.00496698415253e-15,3.77817951869269e-16,"Bat DR","AY877433"
"AY877434",1.44346862688211,-5.26775018561905,2.68201815361664,-2.01105356255962,-0.102410566194713,0.288347113368298,-1.37391606487533,1.66556216177232,0.0914092689893051,1.05630210900774,-0.689778323554726,-0.76355953860957,-1.94641718248933,-0.767510475699656,-0.132450533412032,-0.505555925103883,0.279705304518038,1.25052380757536,-0.689886610532199,-1.42857337200688,1.27496904497946,-0.448970670482308,-0.0543789745931346,-1.21302430527071,-0.224452540177506,0.492968291523162,0.713876687429608,-0.220324709635675,0.434711345767388,0.317324285221739,-0.832478623688562,0.14154806596606,0.540755722101712,-0.501252834738715,0.282088678027184,0.0357644992812616,-0.0871880127045238,0.0296326365194229,0.435311471433056,-0.245567904952726,-0.000940979254493098,-0.0026002668622182,-0.00206697533076585,0.00219142532405934,-5.93630666325288e-05,0.00076657048898264,-0.000600816217675893,0.000291484241397776,2.10691654622238e-14,1.02855017977909e-15,-1.33664511860795e-16,-8.05468447121067e-16,7.53783603459108e-17,1.60774284444766e-16,1.33124621510078e-16,4.03511327368209e-16,-3.75085764848953e-16,"Bat DR","AY877434"
"AY877435",0.830225231792339,-5.65016618197158,2.7680296186027,-1.50727302215478,1.04593250012789,0.862592846887882,-1.27019341492963,0.881584717972421,-0.506941370216,1.09663117149696,-0.718902111089413,-2.59055772859342,-2.08799080871084,0.662194870465125,-0.318003362450839,0.236591851951227,1.04642743334155,-0.248381465215521,0.40623023556198,-0.970601839075077,0.644553079301448,-0.0187162355190017,0.563646193518069,-0.237229376592136,-0.0964631910233816,0.821583669241173,0.195874709173575,-0.165328544406817,-0.0176224342201484,0.355919894525502,-0.789541120827503,0.222097265745665,-0.372533772256796,0.112616232280676,0.660270193897238,0.102107370131904,-0.288232012816371,0.0900558184800032,-0.221321290754387,-0.0532996907668939,-0.00203452271430814,0.000191498761933305,-0.000724525507107554,-0.000461743565147972,-0.000454483554199179,0.000108279958520729,-0.000834338466586515,6.45895180959602e-05,2.12641500146149e-14,5.90833266301568e-16,-7.24598955640664e-16,2.65474619199229e-17,1.01858649372268e-16,-4.43160013892854e-16,9.7456028768504e-17,5.48609917685278e-16,-2.07730950186745e-16,"Bat DR","AY877435"
"GU592648",0.71646228721317,-4.89502241837529,1.76546522136743,-2.53376451915458,0.773815699386006,1.12978031712354,-0.72703458263077,0.276143974231447,0.142698934185609,-1.42658808531626,0.617035143328564,-0.51311733750742,-0.32706270563567,0.602857618626283,0.678279918919837,0.812440959668346,-0.800904689668413,1.05013308263551,0.191370802189484,0.401341334271659,-0.618128161447477,-0.889629144379969,-1.31906211919489,-0.664293026366534,-0.111307485235383,-0.395722439146753,-0.923311683248168,0.325481056610213,-0.041471068913895,-0.151705843860185,-0.200888035577252,0.138099511857314,0.210715790668359,0.0568386674547696,0.255398154801117,-0.0822392532620967,0.0297067054218479,0.314299487172898,0.354718159131603,0.185940762632993,0.00190731129375735,-0.000359502961453104,-0.000516565397126822,0.00198321639729152,-0.00169110372180881,0.000114269432024692,-0.000240225426502148,-0.000240489807149495,2.02390746912349e-14,7.92390636882769e-16,-1.24327923295706e-15,-4.46235797668847e-18,-3.85958673928545e-17,2.67764146839054e-16,3.97189212661803e-16,1.1789895227911e-16,1.62243973337067e-16,"Bat DR","GU592648"
"KF656696",1.74152687708872,-5.25446434117597,3.91393581613289,-1.0928197399315,0.150680465849548,-0.113665729783339,-2.4037265364051,1.3537747428133,-0.386489694479382,0.0104819092790265,0.775758535469192,-1.52856982781676,-0.472904086965982,0.401042776416843,-0.966254691762563,-0.707097239894373,-0.0268781437109681,0.166136855274031,-0.746585216929328,-0.732893257769552,-0.666990829120393,-0.23794660523795,-1.03865361178407,0.65933877816815,-0.136876206521137,0.0254373585431837,0.108161807891295,-0.546403756437637,0.282502468352225,0.452008155843743,-0.294063206811954,-0.665668639882959,-0.367556753762824,0.617342100565146,-0.0797924751361846,0.0313773393731621,-0.00987518759344238,0.127481556877801,0.178613387826249,0.113321440776378,0.00392314844199077,-5.6959814225981e-06,0.000974705724973509,0.00114149766989383,-0.000696823316531203,-0.000833860377893381,0.00014318506835737,0.000245763077655845,2.0933580749691e-14,3.57620519753002e-16,1.81211194379411e-16,1.04888852924923e-16,8.60898851530045e-16,-2.68737773317247e-16,4.16646264920865e-16,-3.87179572667215e-16,-3.886821109271e-16,"Bat DR","KF656696"
"KF656697",1.74152687708872,-5.25446434117597,3.91393581613289,-1.0928197399315,0.150680465849548,-0.113665729783339,-2.4037265364051,1.3537747428133,-0.386489694479382,0.0104819092790265,0.775758535469192,-1.52856982781676,-0.472904086965982,0.401042776416843,-0.966254691762563,-0.707097239894373,-0.0268781437109681,0.166136855274031,-0.746585216929328,-0.732893257769552,-0.666990829120393,-0.23794660523795,-1.03865361178407,0.65933877816815,-0.136876206521137,0.0254373585431837,0.108161807891295,-0.546403756437637,0.282502468352225,0.452008155843743,-0.294063206811954,-0.665668639882959,-0.367556753762824,0.617342100565146,-0.0797924751361846,0.0313773393731621,-0.00987518759344238,0.127481556877801,0.178613387826249,0.113321440776378,0.00392314844199077,-5.6959814225981e-06,0.000974705724973509,0.00114149766989383,-0.000696823316531203,-0.000833860377893381,0.00014318506835737,0.000245763077655845,2.0933580749691e-14,3.57620519753002e-16,1.81211194379411e-16,1.04888852924923e-16,8.60898851530045e-16,-2.68737773317247e-16,4.16646264920865e-16,-3.87179572667215e-16,-3.886821109271e-16,"Bat DR","KF656697"
"KF864234",1.60283957376122,-5.38782438158624,2.37595569748533,-2.39054005915519,1.71729204943169,0.945916450183672,-0.800396594566799,1.36273298554046,0.0892839083945177,0.721332249793673,-1.12106050473265,-1.19108919937033,-1.34661370689581,-0.65552604132938,-0.553406869785644,0.205651140970989,-1.08097205816692,-1.0238489516205,-0.623234139997041,0.328106543913139,0.670352876425678,-0.104931768854466,-0.375368347073522,-0.499942882945742,0.497389640994577,-0.267894067331977,-0.784543984392941,0.126377128983112,0.348909966816324,-1.14653032649999,-0.613185934310964,0.183363414063521,-0.471549433709518,-0.0148784186646082,-0.275536525107709,0.18420140473816,0.176672276634496,0.185060298472304,-0.128183978545388,0.291498952343597,-0.00304084127671602,0.00272700267949374,-0.000795611694646686,-0.00196649339544435,0.000563062226365683,-0.00146445747535145,-0.00026728086151735,-0.000117101186610064,2.05378840641888e-14,1.06199784917519e-15,-3.25114197618572e-16,-1.30542752940966e-16,4.67043147343497e-16,-5.1400118980995e-17,4.31177034481661e-16,-1.711768168717e-17,-2.68869798840367e-17,"Bat DR","KF864234"
"KF864322",1.36339927597645,-5.21953698412181,1.94738147076784,-1.51135620505145,1.44407416202482,0.94373105411078,-0.487560278182212,1.11592423604404,0.852392237299357,0.545068217963219,-2.11734026184649,-1.23608104210925,-0.711389210944106,-0.302439757305254,0.0700843462613099,0.494746394205078,-0.477938474111811,-0.805751294145181,-0.270099029805866,0.894936072793419,0.380986132621499,-0.115652236580825,0.367740356199728,-0.814913317950061,-0.0900217392733112,0.242876651937265,-0.626009621262761,-0.482417700657876,0.542988332964339,-1.17008535753648,-0.277607207887529,0.452594112128068,-0.506011994422917,-0.0866033456884356,-0.204932203328251,0.103745062120933,0.234061216298723,0.0550514223246293,-0.124505458141925,-0.149032169105917,-0.00397518069032093,0.00181786866998513,-0.00112566381163263,-0.00190263541596618,0.000383462546895229,-1.3989848265821e-05,1.13569522794445e-05,3.3539805348088e-05,2.00517563297737e-14,7.86492139795255e-16,-3.61871755400467e-16,1.87052626496927e-16,2.57693753943471e-16,-6.74900855424485e-16,4.1699501834892e-16,2.4031690660711e-16,-6.63153303393684e-17,"Bat DR","KF864322"
"KF864397",1.23069867399456,-5.40602829512754,4.44124729892827,-2.4174119464486,1.78767505619036,1.42513819198262,0.597484291778783,0.569936409731254,-0.0713189236904288,-0.140809859022692,-2.65094577705183,-1.88763877678675,-0.38809754764605,-0.8294663295906,-1.36527363297337,0.426986980312426,1.89143444940455,0.20248590621337,0.0229171131420318,-0.904435103027074,0.0352697304911243,-0.0306942668524269,-0.858808764498389,0.657485439864258,-0.369797151514604,0.387679377539785,-1.29665682400853,-0.888689741518622,1.0646548567551,0.115567445874574,0.232500652242292,0.0328185171786904,0.277359396888458,-0.659831413130366,-0.398949434271839,0.1443159465451,0.113709257174132,-0.360775003821553,-0.59333722993863,-0.209646087991464,3.63683626740444e-05,0.0020215106093479,-0.00122600481700136,0.00179347203736927,-0.000743230090856598,0.00115679818185319,0.00098645976105644,0.00026398893302203,2.03992547863469e-14,1.00304146769913e-15,2.28327363559517e-17,-5.87923038220947e-16,-6.00709492020605e-16,-2.94574101736748e-16,-3.12051497603138e-16,-9.42019332028628e-17,-1.54569431117433e-16,"Bat DR","KF864397"
"KM594040",0.576702991388826,-5.86606553661138,2.28410684690671,-1.66582972341213,-0.422041336717572,0.872667115818383,-0.233502436689734,0.0107155389121385,-0.30652050399633,0.557200051781454,-0.474027715029041,-0.733408191558349,-1.96440388330933,-0.394285335320376,-0.316831245723073,1.01294745729274,-2.43260576291818,-0.179683510806612,-0.847323864441233,-0.142728210173376,-1.27016248156444,0.366884712285092,0.492135445995612,-0.709527221755507,-0.833697035526169,0.460922328849361,-0.625010254020257,1.15863369754467,0.171428027841266,0.0315884949981497,0.33356297187373,0.106990805530376,-0.0105626908124694,0.0590615594255579,0.46117398771371,-0.336108723309104,0.131050443212331,0.119690903314893,-0.08982883778136,-0.0602942293146236,-0.00330728421912399,-0.00143796055855225,-0.00146220908296896,0.000604261616220672,-0.000289532219216027,0.000381709875544909,5.72160018304631e-05,0.000314872469848564,1.99658501122727e-14,5.14332519510667e-16,-4.67984783548813e-16,-3.48597211452449e-16,-3.37398550431195e-16,-2.97665275465893e-16,3.70652861677228e-16,-3.99614170632044e-16,-4.3037828455254e-16,"Bat DR","KM594040"
"KM594041",1.77190026455998,-4.99959661092864,2.74280305425848,-0.516672410330151,2.05437681712777,1.72940294763309,0.616665427779737,1.88110550609253,2.32330526185419,-3.30806282985131,-1.14457855691753,-2.45188718503266,-0.544491142204239,0.363760955357032,0.95929379992866,-0.851781750671367,-0.317444910319454,-0.120297618047211,1.62053810898351,0.508554021739036,0.014181876922621,-0.705845352370253,-0.0980743591697157,0.748661871629446,1.47378951203464,-0.205540820283195,-0.492068968311854,0.325907980341594,0.0746083746981924,-0.187930971699734,0.13091473367828,0.320806699671242,0.99241099126679,0.540147629433027,0.687842278295487,-0.0739687633876388,-0.118495444424357,-0.0804159195537974,-0.268014359051973,0.281795999674793,-0.00410749423409021,0.00054195171181941,-0.000367453719406752,0.00124287745299226,-0.000918005523673669,0.00156564110733063,-0.000319709333327421,-0.000481621966054221,1.89660275359911e-14,1.18595281068135e-15,-1.05190559038438e-15,-4.98675006282797e-16,-2.1028046832705e-16,-2.6005829954424e-16,2.70278014267195e-16,4.74558672346275e-17,8.32203407911366e-16,"Bat DR","KM594041"
"KM594042",0.329901528021281,-5.19477834451068,2.30791921331542,-2.13093008994446,-0.0176283142904735,0.776527851887897,-0.137570066114302,0.838846496387934,0.0622071093663858,0.761900873676568,0.696708582922998,-0.923439997202042,-1.6822396937442,-0.782362212729071,0.649064922130939,1.1762669106021,-2.10970470279296,0.231400007860709,-0.959963025595418,0.669501888612703,-1.87451166593931,0.789239875098335,-0.658966800618068,-0.259912099046841,-0.647484834293227,0.305739501483693,-0.0535217089002919,1.2896899603296,-0.0403791349164112,0.241075045821378,0.174181074735227,0.171061572134776,-0.210418171836222,-0.222951938711109,0.1984836925848,-0.196880428791586,-0.0971723204476532,0.0150982856097084,-0.111658933377617,0.17825867807382,0.00182353693300795,-0.00184747683011436,-0.000945366853804259,-0.00220238230031626,0.0011438420676644,-0.000379283523789959,0.000860608655484841,0.000383928636083571,2.0427557284808e-14,3.46725179541378e-16,-6.95035851217594e-17,-2.45685861783314e-16,-4.77921710177159e-16,2.05088426765881e-16,7.97964288166706e-16,-5.38152906145194e-16,-4.14643677534407e-16,"Bat DR","KM594042"
"KP202393",1.53935668794927,-5.54827249833397,3.09688836161735,-0.577942502684163,0.626780245997673,0.81462936275955,-0.923241424265057,1.53882292258012,-0.65699961306442,1.13074570221842,-0.289342698909859,-2.37530150041109,-3.06240946608574,-0.271915152873315,-1.26860782551907,0.668090517642481,1.3348038412415,0.520145440439715,0.763256643941051,-0.451209943875821,0.80897712531759,-0.369263649461546,0.0968419752759002,-0.488809287453737,-0.222528498485745,0.628416802166373,0.336718813008237,0.404478388608198,0.348687690060151,0.0103496645505493,-0.906498809822413,0.198675907161525,-0.270973146017852,0.0796789051468054,0.438781509954578,0.308898422252181,-0.325017533826854,-0.0198264329983568,0.162582580576418,-0.15630378439184,0.00261288686817392,0.000193428275951693,0.00261650944839172,-0.000957520604288497,1.4474197356784e-05,-0.00063393293029757,0.00106162200792976,0.000126690632373446,2.1287433206047e-14,-1.34937132541654e-16,-5.32278775956626e-16,-2.35774172597655e-16,1.48691049601375e-16,-1.55796223658603e-16,2.4306001470944e-16,-1.7746866004975e-16,-1.54569431117433e-16,"Bat DR","KP202393"
"KT023101",1.62842472782143,-5.48315307091591,2.72763316521272,-1.36852828345973,1.04380178994064,1.38138948626462,-0.534752026876159,1.22224435868498,3.12507637217454,-3.37104983648559,-0.969336969328161,-3.542890724405,0.074603689636528,0.564939097970639,1.17515318354183,-1.9036983846771,-0.774393592122688,-0.563935817658491,1.61445327917435,0.105034958270634,0.0915025793489599,0.700054948432577,-0.481501109439257,0.697189368482187,1.60003757851621,-0.24777645875534,0.0528860719784008,0.158350474459868,-0.600594879741057,-0.224132877029615,-0.505146931377749,0.473610707563525,0.390279144938197,0.00925693007766555,0.388399334217982,0.163578310208009,0.0953096637705134,-0.0593252594571028,-0.0908858505736978,-0.226573502025768,0.00161700776394777,-0.00122199636968418,0.000673676000671511,0.00031201753932207,0.000237570644784759,-0.00115826596610159,-0.000141767083974806,-0.00022179088554907,2.03599437442451e-14,1.83109966747746e-15,-6.05504741298983e-16,-3.98825593469716e-16,6.69524865300289e-16,9.35582285567595e-17,5.84330024900662e-16,1.35786901406613e-16,7.56512995166494e-16,"Bat DR","KT023101"
"KU523255",1.62842472782143,-5.48315307091591,2.72763316521272,-1.36852828345973,1.04380178994064,1.38138948626462,-0.534752026876159,1.22224435868498,3.12507637217454,-3.37104983648559,-0.969336969328161,-3.542890724405,0.074603689636528,0.564939097970639,1.17515318354183,-1.9036983846771,-0.774393592122688,-0.563935817658491,1.61445327917435,0.105034958270634,0.0915025793489599,0.700054948432577,-0.481501109439257,0.697189368482187,1.60003757851621,-0.24777645875534,0.0528860719784008,0.158350474459868,-0.600594879741057,-0.224132877029615,-0.505146931377749,0.473610707563525,0.390279144938197,0.00925693007766555,0.388399334217982,0.163578310208009,0.0953096637705134,-0.0593252594571028,-0.0908858505736978,-0.226573502025768,0.00161700776394777,-0.00122199636968418,0.000673676000671511,0.00031201753932207,0.000237570644784759,-0.00115826596610159,-0.000141767083974806,-0.00022179088554907,2.03599437442451e-14,1.83109966747746e-15,-6.05504741298983e-16,-3.98825593469716e-16,6.69524865300289e-16,9.35582285567595e-17,5.84330024900662e-16,1.35786901406613e-16,7.56512995166494e-16,"Bat DR","KU523255"
"MN968374",1.20472326548926,-5.29261753098441,3.04586730974928,-1.06285440488108,-1.29325379982524,-1.03814319764658,-1.94363040091659,3.63054793766199,-1.27935828422274,1.42391637789041,0.849526272920176,1.40350786165392,0.380036411813868,0.627383046468074,0.0378001009561827,-0.791305147828551,-0.0151753160943867,0.551628981211437,0.317279348221427,0.0215457431916315,-0.481411409707232,0.35178330279615,0.779460172529749,0.102866284996543,-0.130497036144667,-0.115387527755333,0.159521813863369,-0.363077731712047,-0.0749206682311338,-0.18543533691714,0.18704472446668,0.144667735656927,-0.213247923054133,0.0335984036529206,0.434475074380318,-0.092652678377123,-0.102903496435218,-0.0272364186884572,0.0749715211682662,0.0160294954553685,-0.000713312057880937,-9.9422690764519e-05,-0.000243624708025524,4.31131299150905e-05,-0.000190486350229335,-0.000842211537942053,-0.000121568754297303,-6.24213506648664e-05,2.05727582666878e-14,2.18842641674857e-16,-4.84922620395682e-16,3.21729287422024e-16,-2.21568597479481e-16,-4.90782378242278e-16,8.46857686963113e-16,3.60929554711259e-17,-1.66637506002069e-16,"Bat DR","MN968374"
"MN968375",1.24323774487336,-5.13343311240625,2.93725941172953,-1.33488826072105,-1.30750608243241,-1.03670533700461,-2.04770944528999,3.62256313738967,-1.54520697478696,1.62615797990766,0.983346089977027,1.36026230039412,0.14426886640518,0.588308437912404,-0.00795583850918174,-0.580395168322658,-0.0980333134184684,0.19870961517285,0.06580682471006,-0.185913198522465,-0.293804366431877,0.194715654062166,0.53351372354066,0.125374598095321,-0.0122124901556794,0.000732327261808938,0.053989564339503,-0.241245168054352,-0.0578608773602316,-0.188607863392093,0.101007464042069,0.177086084102275,-0.26332685749918,0.0978475953388908,0.346461714765505,-0.0248651307032236,0.0792864942385248,-0.119297837471685,0.112250605672403,-0.0271238021234893,-0.000574291064593717,6.51132107113964e-05,2.54750608605927e-05,2.38295049976028e-05,-0.00023580699796788,0.00049115467153823,0.000236579074884562,-4.43916801410883e-05,2.06837805691504e-14,6.07420700293662e-16,-1.51855713008136e-16,2.66218136190766e-16,-2.21568597479481e-16,-4.90782378242278e-16,7.91346535731855e-16,-7.49293469913898e-17,-2.22148657233326e-16,"Bat DR","MN968375"
"MN968376",1.24323774487336,-5.13343311240625,2.93725941172953,-1.33488826072105,-1.30750608243241,-1.03670533700461,-2.04770944528999,3.62256313738967,-1.54520697478696,1.62615797990766,0.983346089977027,1.36026230039412,0.14426886640518,0.588308437912404,-0.00795583850918174,-0.580395168322658,-0.0980333134184684,0.19870961517285,0.06580682471006,-0.185913198522465,-0.293804366431877,0.194715654062166,0.53351372354066,0.125374598095321,-0.0122124901556794,0.000732327261808938,0.053989564339503,-0.241245168054352,-0.0578608773602316,-0.188607863392093,0.101007464042069,0.177086084102275,-0.26332685749918,0.0978475953388908,0.346461714765505,-0.0248651307032236,0.0792864942385248,-0.119297837471685,0.112250605672403,-0.0271238021234893,-0.000574291064593717,6.51132107113964e-05,2.54750608605927e-05,2.38295049976028e-05,-0.00023580699796788,0.00049115467153823,0.000236579074884562,-4.43916801410883e-05,2.06837805691504e-14,6.07420700293662e-16,-1.51855713008136e-16,2.66218136190766e-16,-2.21568597479481e-16,-4.90782378242278e-16,7.91346535731855e-16,-7.49293469913898e-17,-2.22148657233326e-16,"Bat DR","MN968376"
"MN968377",1.44415029899915,-5.13724310295745,2.57761432602209,-1.33137047957275,-0.767132224872576,-0.94498370752004,-2.39658183053436,3.62440645088919,-1.06362294118428,1.99355880104542,0.917146224781974,1.39223639784182,0.086067480331749,0.580539290485611,0.134680538552158,-0.49909459998813,-0.154363762055579,0.4348965870709,0.244900124061808,0.0127614419281454,0.00208744746819709,0.186766428579936,0.398555852859188,0.177449565942685,0.0459442178744305,-0.0129824930581051,-0.0427694998860507,-0.135944256994228,-0.227875311511615,-0.0360030892353161,0.0159920794006231,0.0703684494788361,0.0452518837331101,0.0230710874266215,-0.150434596161012,0.041101445979581,0.103114340568697,0.0433850672687444,-0.0694496684901756,-0.023448022771739,-0.000663956960736012,0.000166235532992094,6.09088197532476e-05,0.000119262913001656,0.000176920827999333,0.000106663022066142,9.3046292975523e-05,-6.93856677649469e-05,2.08503140228441e-14,6.07420700293662e-16,-1.79611288623765e-16,-5.81751538168971e-17,-2.56263066999017e-16,-2.40982197701618e-16,6.52568657653711e-16,6.38485310867548e-17,-5.56152035395529e-17,"Bat DR","MN968377"
"MN968378",1.44415029899915,-5.13724310295745,2.57761432602209,-1.33137047957275,-0.767132224872576,-0.94498370752004,-2.39658183053436,3.62440645088919,-1.06362294118428,1.99355880104542,0.917146224781974,1.39223639784182,0.086067480331749,0.580539290485611,0.134680538552158,-0.49909459998813,-0.154363762055579,0.4348965870709,0.244900124061808,0.0127614419281454,0.00208744746819709,0.186766428579936,0.398555852859188,0.177449565942685,0.0459442178744305,-0.0129824930581051,-0.0427694998860507,-0.135944256994228,-0.227875311511615,-0.0360030892353161,0.0159920794006231,0.0703684494788361,0.0452518837331101,0.0230710874266215,-0.150434596161012,0.041101445979581,0.103114340568697,0.0433850672687444,-0.0694496684901756,-0.023448022771739,-0.000663956960736012,0.000166235532992094,6.09088197532476e-05,0.000119262913001656,0.000176920827999333,0.000106663022066142,9.3046292975523e-05,-6.93856677649469e-05,2.08503140228441e-14,6.07420700293662e-16,-1.79611288623765e-16,-5.81751538168971e-17,-2.56263066999017e-16,-2.40982197701618e-16,6.52568657653711e-16,6.38485310867548e-17,-5.56152035395529e-17,"Bat DR","MN968378"
"MN968379",1.44415029899915,-5.13724310295745,2.57761432602209,-1.33137047957275,-0.767132224872576,-0.94498370752004,-2.39658183053436,3.62440645088919,-1.06362294118428,1.99355880104542,0.917146224781974,1.39223639784182,0.086067480331749,0.580539290485611,0.134680538552158,-0.49909459998813,-0.154363762055579,0.4348965870709,0.244900124061808,0.0127614419281454,0.00208744746819709,0.186766428579936,0.398555852859188,0.177449565942685,0.0459442178744305,-0.0129824930581051,-0.0427694998860507,-0.135944256994228,-0.227875311511615,-0.0360030892353161,0.0159920794006231,0.0703684494788361,0.0452518837331101,0.0230710874266215,-0.150434596161012,0.041101445979581,0.103114340568697,0.0433850672687444,-0.0694496684901756,-0.023448022771739,-0.000663956960736012,0.000166235532992094,6.09088197532476e-05,0.000119262913001656,0.000176920827999333,0.000106663022066142,9.3046292975523e-05,-6.93856677649469e-05,2.08503140228441e-14,6.07420700293662e-16,-1.79611288623765e-16,-5.81751538168971e-17,-2.56263066999017e-16,-2.40982197701618e-16,6.52568657653711e-16,6.38485310867548e-17,-5.56152035395529e-17,"Bat DR","MN968379"
"MN968380",1.44415029899915,-5.13724310295745,2.57761432602209,-1.33137047957275,-0.767132224872576,-0.94498370752004,-2.39658183053436,3.62440645088919,-1.06362294118428,1.99355880104542,0.917146224781974,1.39223639784182,0.086067480331749,0.580539290485611,0.134680538552158,-0.49909459998813,-0.154363762055579,0.4348965870709,0.244900124061808,0.0127614419281454,0.00208744746819709,0.186766428579936,0.398555852859188,0.177449565942685,0.0459442178744305,-0.0129824930581051,-0.0427694998860507,-0.135944256994228,-0.227875311511615,-0.0360030892353161,0.0159920794006231,0.0703684494788361,0.0452518837331101,0.0230710874266215,-0.150434596161012,0.041101445979581,0.103114340568697,0.0433850672687444,-0.0694496684901756,-0.023448022771739,-0.000663956960736012,0.000166235532992094,6.09088197532476e-05,0.000119262913001656,0.000176920827999333,0.000106663022066142,9.3046292975523e-05,-6.93856677649469e-05,2.08503140228441e-14,6.07420700293662e-16,-1.79611288623765e-16,-5.81751538168971e-17,-2.56263066999017e-16,-2.40982197701618e-16,6.52568657653711e-16,6.38485310867548e-17,-5.56152035395529e-17,"Bat DR","MN968380"
"MN968381",1.44415029899915,-5.13724310295745,2.57761432602209,-1.33137047957275,-0.767132224872576,-0.94498370752004,-2.39658183053436,3.62440645088919,-1.06362294118428,1.99355880104542,0.917146224781974,1.39223639784182,0.086067480331749,0.580539290485611,0.134680538552158,-0.49909459998813,-0.154363762055579,0.4348965870709,0.244900124061808,0.0127614419281454,0.00208744746819709,0.186766428579936,0.398555852859188,0.177449565942685,0.0459442178744305,-0.0129824930581051,-0.0427694998860507,-0.135944256994228,-0.227875311511615,-0.0360030892353161,0.0159920794006231,0.0703684494788361,0.0452518837331101,0.0230710874266215,-0.150434596161012,0.041101445979581,0.103114340568697,0.0433850672687444,-0.0694496684901756,-0.023448022771739,-0.000663956960736012,0.000166235532992094,6.09088197532476e-05,0.000119262913001656,0.000176920827999333,0.000106663022066142,9.3046292975523e-05,-6.93856677649469e-05,2.08503140228441e-14,6.07420700293662e-16,-1.79611288623765e-16,-5.81751538168971e-17,-2.56263066999017e-16,-2.40982197701618e-16,6.52568657653711e-16,6.38485310867548e-17,-5.56152035395529e-17,"Bat DR","MN968381"
"MN968382",1.44415029899915,-5.13724310295745,2.57761432602209,-1.33137047957275,-0.767132224872576,-0.94498370752004,-2.39658183053436,3.62440645088919,-1.06362294118428,1.99355880104542,0.917146224781974,1.39223639784182,0.086067480331749,0.580539290485611,0.134680538552158,-0.49909459998813,-0.154363762055579,0.4348965870709,0.244900124061808,0.0127614419281454,0.00208744746819709,0.186766428579936,0.398555852859188,0.177449565942685,0.0459442178744305,-0.0129824930581051,-0.0427694998860507,-0.135944256994228,-0.227875311511615,-0.0360030892353161,0.0159920794006231,0.0703684494788361,0.0452518837331101,0.0230710874266215,-0.150434596161012,0.041101445979581,0.103114340568697,0.0433850672687444,-0.0694496684901756,-0.023448022771739,-0.000663956960736012,0.000166235532992094,6.09088197532476e-05,0.000119262913001656,0.000176920827999333,0.000106663022066142,9.3046292975523e-05,-6.93856677649469e-05,2.08503140228441e-14,6.07420700293662e-16,-1.79611288623765e-16,-5.81751538168971e-17,-2.56263066999017e-16,-2.40982197701618e-16,6.52568657653711e-16,6.38485310867548e-17,-5.56152035395529e-17,"Bat DR","MN968382"
"MN968383",1.44415029899915,-5.13724310295745,2.57761432602209,-1.33137047957275,-0.767132224872576,-0.94498370752004,-2.39658183053436,3.62440645088919,-1.06362294118428,1.99355880104542,0.917146224781974,1.39223639784182,0.086067480331749,0.580539290485611,0.134680538552158,-0.49909459998813,-0.154363762055579,0.4348965870709,0.244900124061808,0.0127614419281454,0.00208744746819709,0.186766428579936,0.398555852859188,0.177449565942685,0.0459442178744305,-0.0129824930581051,-0.0427694998860507,-0.135944256994228,-0.227875311511615,-0.0360030892353161,0.0159920794006231,0.0703684494788361,0.0452518837331101,0.0230710874266215,-0.150434596161012,0.041101445979581,0.103114340568697,0.0433850672687444,-0.0694496684901756,-0.023448022771739,-0.000663956960736012,0.000166235532992094,6.09088197532476e-05,0.000119262913001656,0.000176920827999333,0.000106663022066142,9.3046292975523e-05,-6.93856677649469e-05,2.08503140228441e-14,6.07420700293662e-16,-1.79611288623765e-16,-5.81751538168971e-17,-2.56263066999017e-16,-2.40982197701618e-16,6.52568657653711e-16,6.38485310867548e-17,-5.56152035395529e-17,"Bat DR","MN968383"
"MN968384",1.44415029899915,-5.13724310295745,2.57761432602209,-1.33137047957275,-0.767132224872576,-0.94498370752004,-2.39658183053436,3.62440645088919,-1.06362294118428,1.99355880104542,0.917146224781974,1.39223639784182,0.086067480331749,0.580539290485611,0.134680538552158,-0.49909459998813,-0.154363762055579,0.4348965870709,0.244900124061808,0.0127614419281454,0.00208744746819709,0.186766428579936,0.398555852859188,0.177449565942685,0.0459442178744305,-0.0129824930581051,-0.0427694998860507,-0.135944256994228,-0.227875311511615,-0.0360030892353161,0.0159920794006231,0.0703684494788361,0.0452518837331101,0.0230710874266215,-0.150434596161012,0.041101445979581,0.103114340568697,0.0433850672687444,-0.0694496684901756,-0.023448022771739,-0.000663956960736012,0.000166235532992094,6.09088197532476e-05,0.000119262913001656,0.000176920827999333,0.000106663022066142,9.3046292975523e-05,-6.93856677649469e-05,2.08503140228441e-14,6.07420700293662e-16,-1.79611288623765e-16,-5.81751538168971e-17,-2.56263066999017e-16,-2.40982197701618e-16,6.52568657653711e-16,6.38485310867548e-17,-5.56152035395529e-17,"Bat DR","MN968384"
"MN968385",1.44415029899915,-5.13724310295745,2.57761432602209,-1.33137047957275,-0.767132224872576,-0.94498370752004,-2.39658183053436,3.62440645088919,-1.06362294118428,1.99355880104542,0.917146224781974,1.39223639784182,0.086067480331749,0.580539290485611,0.134680538552158,-0.49909459998813,-0.154363762055579,0.4348965870709,0.244900124061808,0.0127614419281454,0.00208744746819709,0.186766428579936,0.398555852859188,0.177449565942685,0.0459442178744305,-0.0129824930581051,-0.0427694998860507,-0.135944256994228,-0.227875311511615,-0.0360030892353161,0.0159920794006231,0.0703684494788361,0.0452518837331101,0.0230710874266215,-0.150434596161012,0.041101445979581,0.103114340568697,0.0433850672687444,-0.0694496684901756,-0.023448022771739,-0.000663956960736012,0.000166235532992094,6.09088197532476e-05,0.000119262913001656,0.000176920827999333,0.000106663022066142,9.3046292975523e-05,-6.93856677649469e-05,2.08503140228441e-14,6.07420700293662e-16,-1.79611288623765e-16,-5.81751538168971e-17,-2.56263066999017e-16,-2.40982197701618e-16,6.52568657653711e-16,6.38485310867548e-17,-5.56152035395529e-17,"Bat DR","MN968385"
"MN968386",1.25726028705792,-4.874831099423,2.69047270937551,-1.22752983125982,-0.574943365173999,-1.15507971384503,-2.27135020003435,3.67401746324263,-1.09788117475274,2.09836584714814,0.789261857466644,1.30282099290838,0.30961944744051,0.607593833309253,0.453430588452082,-0.1272928925586,0.0597143766322511,0.218794419476009,0.425471865079688,0.00125115106931273,0.309741592874217,0.057910004215214,0.570900954863948,0.0301377048768954,0.13538117830425,-0.116939193194439,-0.0688179648257173,-0.392705396868525,-0.176572760423304,-0.0126534302103541,0.241141447492968,-0.0111990607733412,0.00304743552099784,-0.0367125262319023,-0.069231265958059,0.0171335587758663,0.152798965133769,0.0288875789490508,-0.0955984833561994,-0.0198077600770888,-0.000700413435934827,0.000363150776198443,-4.72073384139765e-05,0.000144271303602201,0.000160933264378091,-2.79870701684254e-05,-2.5073388409564e-05,-9.5562682569336e-05,2.0933580749691e-14,5.24153973446775e-16,-1.79611288623765e-16,-2.66400258563931e-18,-2.56263066999017e-16,-3.52004500164133e-16,7.08079808884969e-16,2.85893136011786e-16,-5.56152035395529e-17,"Bat DR","MN968386"
"MN968387",1.24323774487336,-5.13343311240625,2.93725941172953,-1.33488826072105,-1.30750608243241,-1.03670533700461,-2.04770944528999,3.62256313738967,-1.54520697478696,1.62615797990766,0.983346089977027,1.36026230039412,0.14426886640518,0.588308437912404,-0.00795583850918174,-0.580395168322658,-0.0980333134184684,0.19870961517285,0.06580682471006,-0.185913198522465,-0.293804366431877,0.194715654062166,0.53351372354066,0.125374598095321,-0.0122124901556794,0.000732327261808938,0.053989564339503,-0.241245168054352,-0.0578608773602316,-0.188607863392093,0.101007464042069,0.177086084102275,-0.26332685749918,0.0978475953388908,0.346461714765505,-0.0248651307032236,0.0792864942385248,-0.119297837471685,0.112250605672403,-0.0271238021234893,-0.000574291064593717,6.51132107113964e-05,2.54750608605927e-05,2.38295049976028e-05,-0.00023580699796788,0.00049115467153823,0.000236579074884562,-4.43916801410883e-05,2.06837805691504e-14,6.07420700293662e-16,-1.51855713008136e-16,2.66218136190766e-16,-2.21568597479481e-16,-4.90782378242278e-16,7.91346535731855e-16,-7.49293469913898e-17,-2.22148657233326e-16,"Bat DR","MN968387"
"MT891038",0.806913476654852,-5.93248989891974,2.13356654463866,-0.530431785196246,0.908000507707324,2.74017529188619,-1.04307430359162,1.33116374906412,1.24790338430273,-1.07829109152001,-0.399927437000944,-1.54080693181128,-0.630797540786052,-0.261303892835086,-0.397869031614682,-1.17943767717265,-1.74096962117253,-1.96444140998868,0.225243288303412,0.720250765647401,0.615438734398777,-0.739669460325318,0.716583371715834,0.100252829382137,-0.388528581698963,0.577667425344154,0.0389113262051412,0.745927880621652,0.414084037069292,0.561906822666317,0.332343495557829,-0.479030563039923,-0.50345671879091,-0.215803987922144,-0.601791909128321,-0.218270722835368,-0.233571752485563,0.436693903525716,-0.0632441116247128,0.0992030557064827,0.00106618582874258,0.000109550871926733,0.000281593588999667,0.000670991874899379,-9.24639597823206e-05,-0.000183731025870073,0.000519019227358302,-5.05213302891125e-05,2.03820905564258e-14,9.3289739967e-16,-2.79203408729766e-16,8.30520757827452e-17,5.89421412862016e-16,-6.96429114793871e-16,-5.71596701205567e-17,6.40275373584324e-17,-3.12716022114011e-17,"Bat DR","MT891038"
"MW249020",0.45359276968026,-4.89978734448876,2.79217965337815,-1.59012418137758,0.918187191724848,1.1296084371125,-0.245658594265353,1.68301476898056,0.675589958375606,0.351123380821899,0.594721133974766,-1.59432735248596,-1.03753015219337,-0.622771222386406,1.03980887402579,-0.809398128994557,-0.0764485785967633,-2.2988615870567,-0.422120221109301,0.912777536776379,0.561311368708615,-1.31728316518727,0.510711047723387,-1.19774833405909,0.406994932456296,-0.11153372232551,0.573793809794833,0.189293341295691,-0.062520613878813,0.480517676122031,0.93220295614306,-0.178098972047417,0.119764935144424,-0.33886564339426,-0.0860726241486914,0.0576927464561768,0.50978660142481,-0.008758697684753,0.40665690302176,-0.178787326171074,0.00217065164379684,-0.000749848054181324,-0.000998058630977395,-0.000376079527873057,0.0006108766196847,-0.000615373187600951,-0.000559077217071336,-0.000138660317366949,2.22864853279735e-14,1.36730918094711e-15,3.54897404964337e-16,5.70285531353664e-16,1.18868811334985e-15,-5.1400118980995e-17,7.78121729677022e-16,5.37993830625408e-16,-3.04442736040326e-16,"Bat DR","MW249020"
"MW249021",0.806913476654852,-5.93248989891974,2.13356654463866,-0.530431785196246,0.908000507707324,2.74017529188619,-1.04307430359162,1.33116374906412,1.24790338430273,-1.07829109152001,-0.399927437000944,-1.54080693181128,-0.630797540786052,-0.261303892835086,-0.397869031614682,-1.17943767717265,-1.74096962117253,-1.96444140998868,0.225243288303412,0.720250765647401,0.615438734398777,-0.739669460325318,0.716583371715834,0.100252829382137,-0.388528581698963,0.577667425344154,0.0389113262051412,0.745927880621652,0.414084037069292,0.561906822666317,0.332343495557829,-0.479030563039923,-0.50345671879091,-0.215803987922144,-0.601791909128321,-0.218270722835368,-0.233571752485563,0.436693903525716,-0.0632441116247128,0.0992030557064827,0.00106618582874258,0.000109550871926733,0.000281593588999667,0.000670991874899379,-9.24639597823206e-05,-0.000183731025870073,0.000519019227358302,-5.05213302891125e-05,2.03820905564258e-14,9.3289739967e-16,-2.79203408729766e-16,8.30520757827452e-17,5.89421412862016e-16,-6.96429114793871e-16,-5.71596701205567e-17,6.40275373584324e-17,-3.12716022114011e-17,"Bat DR","MW249021"
"AB284509",4.47445678350836,0.953505881474235,-1.91530975073622,-0.416655263089563,-0.0223387021704028,0.3721633175912,-0.44425882871181,1.57036570236152,-0.150756122816291,3.43592310434369,-1.37347145957593,-0.0514465160270587,1.44030516269802,-0.0298968355133425,-1.3013300923051,0.756600501876415,0.830849842574378,-0.333854352124174,0.483762286378182,0.13307328222319,0.291849612868282,0.657173031719286,-0.841860986192902,0.117158730216801,0.4322475374099,0.297652636553207,0.095814836440607,0.481511420167625,0.103378413166677,0.205215240611832,-0.174452004116748,-0.0277902239822437,0.26192868028964,-0.133124529320752,0.155210723605541,-0.0660093507210879,0.0260594621072486,-0.0214153061214932,0.0676972297316453,-0.0188075548389873,0.000799072571107974,-0.000131805861000465,-0.000768180126452883,-0.000946819150763886,-0.000587423142169012,-0.000410298575036013,-0.000413737187037106,4.01468066125244e-05,1.86447461383257e-14,-8.60812589381819e-16,5.44860385836612e-17,-3.2115372704076e-17,7.31649870056077e-16,1.67900698139705e-16,7.79376696636752e-16,-3.56783481745592e-16,8.1741447420597e-17,"Cosmo AF1b","AB284509"
"AB284510",4.47445678350836,0.953505881474235,-1.91530975073622,-0.416655263089563,-0.0223387021704028,0.3721633175912,-0.44425882871181,1.57036570236152,-0.150756122816291,3.43592310434369,-1.37347145957593,-0.0514465160270587,1.44030516269802,-0.0298968355133425,-1.3013300923051,0.756600501876415,0.830849842574378,-0.333854352124174,0.483762286378182,0.13307328222319,0.291849612868282,0.657173031719286,-0.841860986192902,0.117158730216801,0.4322475374099,0.297652636553207,0.095814836440607,0.481511420167625,0.103378413166677,0.205215240611832,-0.174452004116748,-0.0277902239822437,0.26192868028964,-0.133124529320752,0.155210723605541,-0.0660093507210879,0.0260594621072486,-0.0214153061214932,0.0676972297316453,-0.0188075548389873,0.000799072571107974,-0.000131805861000465,-0.000768180126452883,-0.000946819150763886,-0.000587423142169012,-0.000410298575036013,-0.000413737187037106,4.01468066125244e-05,1.86447461383257e-14,-8.60812589381819e-16,5.44860385836612e-17,-3.2115372704076e-17,7.31649870056077e-16,1.67900698139705e-16,7.79376696636752e-16,-3.56783481745592e-16,8.1741447420597e-17,"Cosmo AF1b","AB284510"
"AB284511",4.37249344437584,1.05591170645628,-2.23054472305369,-0.195730266723273,-0.16268056458784,0.247731750625151,-0.617807979265218,1.61416092123058,-0.131551150172233,3.30579444297218,-1.26421328955262,-0.0621257507890054,1.14657568302361,-0.0282517438684,-1.01363646899799,0.495793011618679,0.880670389121845,-0.28006173970791,0.570958396761123,-0.216774356920031,0.366858426479475,0.678869010807878,-0.924757431644057,0.255978732605815,0.337855107619401,0.239165229395565,0.103986312275072,0.636905239243615,0.330881289041414,0.392158506387068,0.346906511189106,-0.140825323718678,0.0969388037499828,-0.0107392279654965,0.0571711863495492,-0.0493238880316967,-0.137662671900549,0.0157053509540689,0.147456072730031,0.0491718015905713,0.000835648553718764,-0.00126144691097693,0.00264811494746391,-0.00221672007769083,-0.000538691361586903,-0.000541980291786597,-0.000388666609701522,0.000228893878289254,1.84782126846319e-14,-9.16323740613076e-16,2.76530643508692e-16,7.89069297584397e-17,5.65116416362303e-16,5.68783956771895e-17,9.45910150330525e-16,-4.67805784208108e-16,2.62302961893392e-17,"Cosmo AF1b","AB284511"
"AB284512",4.24081306502436,0.577976432623242,-1.77654224077491,-1.25947086639036,0.240954878716068,0.314082525344192,-0.0744449001517944,1.34675114864841,0.0747364799311749,3.86612145783466,-1.92732590488683,-0.577020718320136,1.24673211970507,0.333130516283783,-1.61361148318268,0.736939507447439,0.890967946452061,-0.156472836126747,0.386520736765687,0.771984341434009,0.537504105788284,0.457985446609805,-0.885292413010284,0.238255592140522,0.476651892800384,0.226202073367628,0.291541485238132,0.375499052492242,-0.0929878214283233,0.134523960110219,-0.319728178422929,-0.0202745344875595,0.290094856162142,-0.324262991059839,-0.0360678821467666,-0.173910738235998,0.0596520281791088,0.0949036836292548,-0.0370186032580726,-0.0746174291508819,0.000592188176761401,-0.000281632441868408,-0.000309148974146272,0.00107285004927943,-0.00142250124084092,-0.000723228665242788,-0.00061121369884179,-0.000213103998288035,1.86169905627101e-14,-7.49790286919303e-16,-1.6755856634137e-16,-2.54159977629107e-16,7.87161021287334e-16,2.78923000602221e-16,5.5733209171172e-16,-4.67805784208108e-16,1.92763749883113e-16,"Cosmo AF1b","AB284512"
"AB284513",4.88379797490593,0.938493962919566,-2.25335119227461,-0.295982147369683,-0.000439259135279463,0.507660987580801,-0.419052391580983,1.60172709635464,-0.157212840364125,3.44240531442159,-1.26845363494915,0.19054534206444,1.25997439191683,0.186852572287503,-1.22973504629302,0.908829107093633,0.945855323883532,-0.421205098344129,0.314677380088788,-0.102950761328604,0.0698369445654898,0.521340965551639,-0.978416523170216,0.0861750893497887,0.203243639518745,0.205419484573821,0.214860129493852,-0.0746143581396618,-0.465176272116885,0.115894454106798,-0.128209574609522,-0.396522952050063,-0.037180910135415,-0.375398559112802,0.342120550248943,0.111175594889936,-0.175778463121579,0.0277784753821495,-0.0163733942659616,0.356465525190955,0.00077413035328384,-0.000932598780329517,-0.00129217648218575,-0.00100867450967035,-0.000833758725848923,-0.000661240983869844,-0.000650773495057184,-1.41541828505324e-05,1.86079560750326e-14,-7.45975108483067e-16,-4.32701866237904e-17,2.53240375795493e-16,4.55268557364731e-16,1.33735916175172e-16,8.64188968206528e-16,-1.71818542328537e-16,-3.27553479708748e-17,"Cosmo AF1b","AB284513"
"AB284514",4.06345712146947,0.551700938895362,-1.60042542539052,-1.10091045232988,0.0195536145001123,0.139936608241182,-0.486971176093751,1.50310487741859,-0.139083983644509,3.83861975643301,-1.64960031530489,-0.269355884999303,1.58262412269874,0.12950104580662,-1.65172639301064,0.98553391935917,1.01577269879311,-0.394168567876813,0.120039057586163,0.672583359951539,0.124611706834354,0.477267920454906,-0.725285471417144,0.0587852663467662,0.190957557581048,0.112659404552311,-0.042836506436242,0.467189698837548,-0.0975895212821115,0.171520516065211,-0.332760633556738,0.113383771513158,0.38487329106479,-0.179529445557208,0.0458216450535443,-0.416476048805094,-0.230338675418527,0.0908049543300489,0.105274522064566,0.0456149115832858,0.000274676413680227,-0.000544041671585006,-0.000326566935629185,0.000869151782006641,-0.00183151460286718,0.00087520230938259,-0.000287739095055223,-0.00027253457576968,1.85059682602476e-14,-5.8325683322553e-16,-2.78580868803886e-16,-3.2115372704076e-17,1.76538357743498e-16,2.23411849370963e-16,6.12843242942978e-16,-4.1229463297685e-16,2.62302961893392e-17,"Cosmo AF1b","AB284514"
"AB285215",4.47445678350836,0.953505881474235,-1.91530975073622,-0.416655263089563,-0.0223387021704028,0.3721633175912,-0.44425882871181,1.57036570236152,-0.150756122816291,3.43592310434369,-1.37347145957593,-0.0514465160270587,1.44030516269802,-0.0298968355133425,-1.3013300923051,0.756600501876415,0.830849842574378,-0.333854352124174,0.483762286378182,0.13307328222319,0.291849612868282,0.657173031719286,-0.841860986192902,0.117158730216801,0.4322475374099,0.297652636553207,0.095814836440607,0.481511420167625,0.103378413166677,0.205215240611832,-0.174452004116748,-0.0277902239822437,0.26192868028964,-0.133124529320752,0.155210723605541,-0.0660093507210879,0.0260594621072486,-0.0214153061214932,0.0676972297316453,-0.0188075548389873,0.000799072571107974,-0.000131805861000465,-0.000768180126452883,-0.000946819150763886,-0.000587423142169012,-0.000410298575036013,-0.000413737187037106,4.01468066125244e-05,1.86447461383257e-14,-8.60812589381819e-16,5.44860385836612e-17,-3.2115372704076e-17,7.31649870056077e-16,1.67900698139705e-16,7.79376696636752e-16,-3.56783481745592e-16,8.1741447420597e-17,"Cosmo AF1b","AB285215"
"EU853582",3.61876877758098,3.0040981131268,0.0529915460578862,-0.731662764572631,-0.0748417113813221,0.527497784961219,0.347818162085991,1.01508254274229,0.27341209287943,-0.775806473845647,-0.341612968204871,-0.928287516884608,-0.138667404659619,-0.123010163998496,0.907204389738693,1.0051755032347,-0.165862005599337,-0.0466627006151198,1.97013911698743,-0.29313396205074,-0.181042408224357,0.0695719583390874,-0.633667418796222,0.779178678465366,-0.0527734555999725,-0.219821658948844,0.0945983540704488,-0.136514362321528,-0.0355943594976354,-0.263753856576588,0.268268044046466,-0.0683209670454716,0.122633613285604,0.0656504485284659,-0.134840134532497,0.0704500408046628,0.336171307866744,0.170727538454376,-0.179784799449586,0.271590784257181,-0.00010792911406957,-0.000635586325482674,-0.000240830783061853,0.000884253060601735,0.000395242297833391,-0.000809930631919993,0.000213535614087133,0.000298751331189703,1.7240077091019e-14,-1.45316451486018e-15,1.05288415363873e-16,-3.50936868260154e-16,-2.06704695043833e-16,-1.89533036471871e-16,5.58092329680497e-16,-3.07495811365077e-16,8.42457130521959e-16,"Cosmo AF1b","EU853582"
"EU853584",3.26818572946875,3.14886434765924,-0.474979585906144,0.502345643445372,-0.239657429707158,2.36792994385069,0.754931018628883,1.0180921123609,0.644992152656323,0.117043031393031,-2.34420990539165,0.976987259830733,0.0569800286614866,-0.627964759113132,-0.573718649246984,-0.980964139761397,-0.410594832687103,0.231343286023514,-0.162868880304416,-0.142348439397654,-0.890896614161521,-0.634444223688721,-0.52298745473949,0.624814751474006,0.585315627163667,0.447739592232431,1.0620137746985,-0.301147216373984,-0.0263013658597415,-0.356753643988533,-0.176835216818748,0.00810615635640881,0.214213742790605,0.274820174933388,0.0334526528682354,-0.390162596641368,0.0713526166730384,-0.0457123374479541,0.218597756984318,-0.119507762031891,-0.00112086376673796,-0.000680575179319808,-0.00183384107960842,-0.00159608082273469,0.000207985486893457,0.000252212404206425,-1.78505146482505e-05,0.000292399257624298,1.71658637108127e-14,-1.15376187803163e-15,-1.00409504758601e-16,1.8518533602348e-16,2.51335880559829e-16,-3.15190382035989e-17,-3.35327276880128e-16,-1.09058633064545e-15,5.6274623196107e-17,"Cosmo AF1b","EU853584"
"EU853585",3.26818572946875,3.14886434765924,-0.474979585906144,0.502345643445372,-0.239657429707158,2.36792994385069,0.754931018628883,1.0180921123609,0.644992152656323,0.117043031393031,-2.34420990539165,0.976987259830733,0.0569800286614866,-0.627964759113132,-0.573718649246984,-0.980964139761397,-0.410594832687103,0.231343286023514,-0.162868880304416,-0.142348439397654,-0.890896614161521,-0.634444223688721,-0.52298745473949,0.624814751474006,0.585315627163667,0.447739592232431,1.0620137746985,-0.301147216373984,-0.0263013658597415,-0.356753643988533,-0.176835216818748,0.00810615635640881,0.214213742790605,0.274820174933388,0.0334526528682354,-0.390162596641368,0.0713526166730384,-0.0457123374479541,0.218597756984318,-0.119507762031891,-0.00112086376673796,-0.000680575179319808,-0.00183384107960842,-0.00159608082273469,0.000207985486893457,0.000252212404206425,-1.78505146482505e-05,0.000292399257624298,1.71658637108127e-14,-1.15376187803163e-15,-1.00409504758601e-16,1.8518533602348e-16,2.51335880559829e-16,-3.15190382035989e-17,-3.35327276880128e-16,-1.09058633064545e-15,5.6274623196107e-17,"Cosmo AF1b","EU853585"
"EU853586",3.37727136474562,3.00749442860906,-0.426650144745667,0.689347231074541,-0.122260231651604,2.23134645590994,0.561788145922407,0.814703727697894,0.823388295983911,0.332058816946274,-2.39098112864765,1.19005956102226,0.436508504895416,-0.307242053625936,-0.652132379883774,-0.883508301346053,-0.597582363153014,0.268940528748089,0.233945973364082,-0.184438359308758,-0.95885430086609,-0.987177040548998,-1.08242129110898,0.659968751852151,0.575241958999176,0.454149757997565,0.879152997062881,-0.0846021691302018,-0.00504313878301497,-0.373544010774662,-0.128590884829838,-0.000935500006020007,0.0570503874688343,0.240863815707052,-0.137813771339071,-0.472450415802234,0.113302133784796,-0.0289976717382159,0.136892341008342,-0.124119709927894,-0.00161269197235308,0.00124829642464601,-0.000896071736470428,-0.00155758309083696,-0.000212886357713361,-8.92695784050158e-05,-8.5999665002941e-05,0.000116899706065698,1.69438191058877e-14,-1.20927302926289e-15,-1.55920655989859e-16,7.41630335609641e-17,3.62358183022344e-16,-3.15190382035989e-17,-3.07571701264499e-16,-1.36814208680174e-15,5.6274623196107e-17,"Cosmo AF1b","EU853586"
"EU853587",4.07476458572299,2.63590876587554,-1.15053685067248,0.0965654612758473,-0.251155369201801,2.45034543013472,-0.332987232325505,1.50742612059288,1.07273039504294,0.0160332798729381,-2.03985688527678,0.702673541132818,0.240094045523542,-0.106616041341949,-0.333772096410883,-1.29354284882441,0.16194746942156,0.268988271264136,0.0600965745433558,-0.330784007578328,-0.274852818668903,-1.02140820724632,0.268848777185377,0.806712481253922,0.0933265794852172,0.17078374855253,0.230963232369168,0.447458534854155,0.1833665065946,-0.289150148255886,0.617971822928346,-0.599965279145601,-0.317069202392043,0.05910222664347,-0.35539643501068,-0.0683860344878827,0.0433127520278501,-0.112350459441428,0.101136299409578,-0.165441041791471,0.000882654143023941,-0.0013089173653792,-0.000139674881006708,-0.000129782947535024,-0.00112108592443972,-6.18528899492556e-06,-0.000801372021284992,0.000200178286019768,1.7221374862044e-14,-9.87228424337854e-16,-2.11431807221116e-16,3.5865768362116e-16,4.87258273292674e-16,-2.81319218744259e-16,5.32507817386767e-17,-1.1460974818767e-15,2.78319228121138e-16,"Cosmo AF1b","EU853587"
"EU853588",4.07476458572299,2.63590876587554,-1.15053685067248,0.0965654612758473,-0.251155369201801,2.45034543013472,-0.332987232325505,1.50742612059288,1.07273039504294,0.0160332798729381,-2.03985688527678,0.702673541132818,0.240094045523542,-0.106616041341949,-0.333772096410883,-1.29354284882441,0.16194746942156,0.268988271264136,0.0600965745433558,-0.330784007578328,-0.274852818668903,-1.02140820724632,0.268848777185377,0.806712481253922,0.0933265794852172,0.17078374855253,0.230963232369168,0.447458534854155,0.1833665065946,-0.289150148255886,0.617971822928346,-0.599965279145601,-0.317069202392043,0.05910222664347,-0.35539643501068,-0.0683860344878827,0.0433127520278501,-0.112350459441428,0.101136299409578,-0.165441041791471,0.000882654143023941,-0.0013089173653792,-0.000139674881006708,-0.000129782947535024,-0.00112108592443972,-6.18528899492556e-06,-0.000801372021284992,0.000200178286019768,1.7221374862044e-14,-9.87228424337854e-16,-2.11431807221116e-16,3.5865768362116e-16,4.87258273292674e-16,-2.81319218744259e-16,5.32507817386767e-17,-1.1460974818767e-15,2.78319228121138e-16,"Cosmo AF1b","EU853588"
"EU853589",4.07476458572299,2.63590876587554,-1.15053685067248,0.0965654612758473,-0.251155369201801,2.45034543013472,-0.332987232325505,1.50742612059288,1.07273039504294,0.0160332798729381,-2.03985688527678,0.702673541132818,0.240094045523542,-0.106616041341949,-0.333772096410883,-1.29354284882441,0.16194746942156,0.268988271264136,0.0600965745433558,-0.330784007578328,-0.274852818668903,-1.02140820724632,0.268848777185377,0.806712481253922,0.0933265794852172,0.17078374855253,0.230963232369168,0.447458534854155,0.1833665065946,-0.289150148255886,0.617971822928346,-0.599965279145601,-0.317069202392043,0.05910222664347,-0.35539643501068,-0.0683860344878827,0.0433127520278501,-0.112350459441428,0.101136299409578,-0.165441041791471,0.000882654143023941,-0.0013089173653792,-0.000139674881006708,-0.000129782947535024,-0.00112108592443972,-6.18528899492556e-06,-0.000801372021284992,0.000200178286019768,1.7221374862044e-14,-9.87228424337854e-16,-2.11431807221116e-16,3.5865768362116e-16,4.87258273292674e-16,-2.81319218744259e-16,5.32507817386767e-17,-1.1460974818767e-15,2.78319228121138e-16,"Cosmo AF1b","EU853589"
"EU853590",4.03425388388792,2.71205053962673,-0.955780450476553,0.0275529031124644,-0.337957256569223,2.51732618928121,-0.396216889001068,1.35437703794098,1.13129828470506,-0.000897288661685631,-2.01825716249096,0.710308031581681,0.161302418995854,-0.220892973657674,-0.166730908132208,-1.34328970854002,0.102500877754018,0.252369096161038,0.154335589697391,-0.237272729425222,-0.188360355760859,-1.03207119222903,0.252624465268201,0.751282123463305,-0.0538191174286142,0.186489467523929,0.140349880449737,0.447285324337639,0.318120903227503,-0.445127692459651,0.54858646522129,-0.567536474087462,-0.331702041868845,0.0820475609523322,-0.432705335078786,0.0266935540350016,-0.0654137180861324,-0.0997277819858205,0.107776144501482,-0.336089560201306,0.00101704080975193,-0.00132590467379764,-2.44303646200312e-06,1.12982069857707e-05,-0.000913600212006757,-0.000168201504883571,0.000460061980026671,0.000175976109222876,1.71879377296385e-14,-1.04947176552398e-15,-2.26079600665269e-16,4.10963216978134e-16,5.119376410731e-16,-3.67869920173115e-16,7.79528600563678e-17,-1.08246195406297e-15,2.45757480087435e-16,"Cosmo AF1b","EU853590"
"HM179504",2.62492733500695,4.08702338885533,1.5169053601435,-0.804415429296082,-0.645078544426286,1.08395013423209,0.704128222513828,0.0664453149167846,0.934101148908778,0.635777535655501,-0.492177643884398,-0.0998950998970458,-0.615578702923079,0.004404174307571,1.50901690865951,1.35199685080831,0.358044156624218,0.150718711279602,-0.275773248341401,-0.277457664320779,0.673580379414785,-0.467741036490901,-0.336183596199998,-0.492086150907913,-0.418176015254864,0.0227428951634777,0.00294647888342925,-0.561746629200609,0.377390224842602,-0.267131903940501,0.135013517981083,-0.695866363632879,-0.17621123776729,-0.358841324494838,-0.113022977851059,0.0586324782978029,0.333802155338585,-0.131577539253187,-0.203372858050018,-0.12130569738952,0.000290459251234986,0.00105101850551459,0.00134206755897679,9.95892121942951e-05,-0.000445834829611236,-0.000188021474821741,0.000569200167496287,-0.000165302530630897,1.87455624639853e-14,-6.80584783020503e-16,2.30698146930777e-16,-6.68172549252275e-17,3.32853153535952e-16,-3.78772865714918e-16,2.34823205972177e-16,-1.23070244793931e-16,4.12111745103303e-16,"Cosmo AF1b","HM179504"
"HM179505",2.74580454643788,2.35364735634272,-1.28378609497902,-0.489150055551587,0.303840468933698,2.29935684139442,1.09007023519833,-1.85817106019916,-2.86117642693393,0.666249536201534,-1.90714068306312,0.868896259940581,-0.361304742425963,-0.190287381375966,-0.262780822836729,-0.885224354429509,-0.108266863851878,-0.328561927117501,0.432466124928449,0.465228221703127,0.684048390254726,0.374962693719204,0.517287230458487,-0.788018908360945,-0.885754837380346,-0.851601746608553,0.192666462496187,-0.0508465702197783,-0.0134933376678222,0.491728025599817,-0.310424400255103,-0.479658018469021,-0.569605973255567,0.340353899916253,0.335085561950426,0.0248062904456763,-0.0654964869141736,-0.0954434870035311,0.205146984086869,-0.100282848477451,0.000511526454199089,0.000791111337230429,0.000284041824958978,0.00159537362584205,0.00192903501375748,0.00102509193134016,-0.000398794356501679,-0.000114149752935873,1.74306090252909e-14,2.21380472492244e-16,4.04842823292583e-16,6.37853435051831e-16,2.1004634864202e-16,-3.38443399075367e-16,7.9192196666157e-17,-1.59956858166146e-16,-1.78941474869963e-16,"Cosmo AF1b","HM179505"
"HM179506",3.52321146686561,1.49745604912933,-0.177743262982711,-1.32170532558288,-0.226027062873198,0.869378895419133,-0.999605306413315,0.401379566540256,-0.684582740239774,0.465487653355301,0.0396362822468955,1.01907148187799,-2.09206242570169,0.923838868899304,1.32403945521588,1.17963461034951,0.22902250302206,0.184359256495316,-0.930778668281144,0.00096631557733258,1.20940628079915,0.171526356657687,-1.38718289354628,-0.779385959574958,0.477254214874613,0.515046722124727,0.429510208340044,-0.63699334977511,-0.0952756338808788,0.801632413028791,0.0482244086829034,-0.341141452121177,0.384385620588613,0.572632265346523,0.28815057295437,-0.214689888546556,-0.258056512482936,0.184247438193807,-0.295185091274834,0.190660616217625,0.0016291083926021,0.000195221831406926,-0.000825600140607529,0.00152061743301528,0.000861816491877709,-0.000408388665410058,0.000422246929555533,0.000351900894704132,1.98579394571629e-14,-7.7640956218518e-17,-1.10800912821296e-16,-4.55988330955083e-16,9.07499209991134e-16,1.66040581899057e-16,1.82479146007633e-16,3.38671280023444e-16,3.8425797932113e-16,"Cosmo AF1b","HM179506"
"KF155002",3.44511576496769,2.77548957087855,-0.560974833242229,-0.709459196840533,1.12431051048865,-0.425798656081568,0.155682757661277,-1.24680764798725,-1.03149477796359,0.0399648696389135,-1.34040817615548,0.835371829593113,0.693226427138496,-0.371180292771122,0.572497295120182,-0.144687038030223,0.142274257288912,-0.86638291837526,0.126811010010996,-0.495259615385629,-0.285112760080866,0.448123159294913,-0.10571662665709,-0.523780281374554,0.559646612271746,-0.0768279464582513,-0.0837266812219419,-0.0662800658576345,0.342078454847634,-0.17709626830566,-0.135381134752961,0.337451196461537,-0.111896603916599,0.161053135491448,0.200089608703673,0.0544041040008185,-0.0489286183211083,0.240986066462497,-0.394645727685135,-0.0393535952414351,0.00109601425324118,-0.00136863312600678,-0.000769347229384357,0.00113646009593656,0.000393261786774544,-0.000407236033528389,0.000310913208221212,0.000243475662509722,1.82545240579377e-14,-3.64502824958673e-18,-1.70348909437276e-16,2.4308836683213e-17,1.46082874190845e-17,1.36838459236503e-16,1.83144961937316e-16,1.91844252023657e-17,5.29322436328437e-16,"Cosmo AF1b","KF155002"
"KR534217",2.94688845857215,3.40398980983942,0.684974646824933,-0.35199413164103,1.6536398418784,-0.673390609001039,-0.0569845029150127,-1.02518119876686,-0.84005980255032,-0.00334502227520294,0.486987304710249,0.173399731833419,0.598684565040504,-0.340828912364651,0.273235399140879,-0.754989373033677,0.257341201660719,-0.128694807840548,-0.402766874271656,-0.946943499131017,-0.496444178762878,-0.201241444406769,0.0455515732160289,-0.0547121336481439,0.688688574753709,0.0967173847206618,0.512641119372118,-0.94028030016924,-0.747412283257321,0.0545322415379138,0.0203633766575197,0.110615735257094,-0.417316620829864,-0.0861666012765335,0.0475064519817966,0.0834453596664135,-0.24318173083177,0.168524008834296,-0.0666002260961748,0.248995545164398,0.000842683377948103,0.0015220503950461,0.000433673865688495,-0.000194430091136549,-0.000280213814028222,-0.00017581911889004,0.00156725016859359,-5.07898687748392e-05,1.93450473599286e-14,4.86856157001059e-16,2.88833309288257e-17,5.39615933178793e-16,-6.94233401365572e-16,1.73147796432905e-16,-1.49181583017884e-17,5.65107347992012e-17,7.3757492320347e-17,"Cosmo AF1b","KR534217"
"KR534218",2.94436280421544,3.65942818726744,0.812933603019341,0.211421666753028,1.32314156518044,-0.491775934260444,0.0100639183933005,-0.414858672025505,-0.751544564600566,-0.248583359670273,0.802924838048751,-0.148682605696563,0.05594079003315,-0.504415412179734,-0.266080229429812,-0.189242792395837,0.508444304285487,0.17977646029083,-0.309539806314327,-0.178630363375618,-0.315590203455433,-0.64154372069641,-0.355169084163636,-0.0865430199866615,0.489733442467062,0.0123174134442864,0.457692320744267,-0.767622648662277,-0.772171035550744,-0.0924126154698054,0.194203491269648,-0.102917281380532,-0.434144501703687,0.0361986518664602,0.0973084352324217,-0.0702326533428449,-0.112589322008214,0.225884687749616,-0.0825937184548789,0.245536650237256,-0.000574667505689975,0.00162615285370548,0.000396547850157309,0.000217425089668006,-0.000379901016116694,-0.000312352049773842,0.0019984950697594,-0.000193512718152725,1.95115808136223e-14,9.82780983822542e-17,-8.213897153369e-17,5.67371508794422e-16,-5.83211098903056e-16,6.21254939703898e-17,-1.49181583017884e-17,-1.93289445741461e-16,1.84779794782863e-16,"Cosmo AF1b","KR534218"
"KR534219",3.1347423326418,2.3339438587921,-0.759586706705564,-0.692582235380038,-2.47547937169822,1.96758092956243,0.374151178582063,0.750779179161029,1.31302537706447,-1.83963969444591,0.828354055283831,0.277055862328546,0.34607663430507,0.477450024464885,0.416271089470613,-0.12363748472656,0.0952645681145216,0.313341614971345,0.225790790098083,-1.07453114314746,0.215679811574762,0.257994573409994,0.278238098635497,0.0775577188720472,-0.486956830509298,-0.27692681412007,-0.0942207984871535,0.150848431071514,0.00927298379118795,0.153504611572663,0.0903891997132714,0.029592531481247,0.0253474465592365,0.146594003142111,0.190423230672317,0.092785722207194,-0.107275615159767,-0.0130036728519206,0.0317514781040963,-0.0475096655925657,0.000825716205272393,0.0012339232495311,-0.00132184942096432,-0.00208983803776102,0.00041884134480271,-0.00015996286317663,-0.000217461025786496,0.000177407207157395,1.82077651425285e-14,-2.78219888589076e-16,-1.78024264635624e-16,1.93764225201769e-16,4.35128949482461e-17,-1.99665520997223e-16,4.12259104053704e-16,-3.26490311859919e-16,1.54125432517584e-16,"Cosmo AF1b","KR534219"
"KR534220",2.94436280421544,3.65942818726744,0.812933603019341,0.211421666753028,1.32314156518044,-0.491775934260444,0.0100639183933005,-0.414858672025505,-0.751544564600566,-0.248583359670273,0.802924838048751,-0.148682605696563,0.05594079003315,-0.504415412179734,-0.266080229429812,-0.189242792395837,0.508444304285487,0.17977646029083,-0.309539806314327,-0.178630363375618,-0.315590203455433,-0.64154372069641,-0.355169084163636,-0.0865430199866615,0.489733442467062,0.0123174134442864,0.457692320744267,-0.767622648662277,-0.772171035550744,-0.0924126154698054,0.194203491269648,-0.102917281380532,-0.434144501703687,0.0361986518664602,0.0973084352324217,-0.0702326533428449,-0.112589322008214,0.225884687749616,-0.0825937184548789,0.245536650237256,-0.000574667505689975,0.00162615285370548,0.000396547850157309,0.000217425089668006,-0.000379901016116694,-0.000312352049773842,0.0019984950697594,-0.000193512718152725,1.95115808136223e-14,9.82780983822542e-17,-8.213897153369e-17,5.67371508794422e-16,-5.83211098903056e-16,6.21254939703898e-17,-1.49181583017884e-17,-1.93289445741461e-16,1.84779794782863e-16,"Cosmo AF1b","KR534220"
"KR534228",2.9338739457264,2.05184547983102,-0.456554920512343,-1.31063678558531,-2.44997728141404,1.91815802297783,0.485929780369663,0.619638911451775,1.44182349351426,-1.63443631573741,0.515845128816657,0.335489785059411,0.611407844856526,0.147211228404401,-0.157408509639303,0.155494963404519,0.0435997489010333,0.123607284923392,0.229134415415213,-0.513562257075756,0.0447620374717352,0.261693178885066,0.35305231987324,-0.0383965957422798,-0.133487530627781,-0.0715559696339167,0.166995343485396,0.104516839241992,0.228334642529553,0.0759429055495551,0.188662824908839,0.132293052324572,0.290899786870269,0.196503239038885,0.0206909467308234,-0.164036604056828,0.0167236213990431,0.151044975154063,0.0602671108119314,-0.103168537566862,0.000470931651927506,0.00118284650728106,-0.000335042970261445,0.000214891518754912,-0.000449224209426051,4.83304319301682e-05,-0.000182206854801452,0.000100062131281406,1.82077651425285e-14,-2.78219888589076e-16,-2.8904656709814e-16,2.72307715079953e-17,1.54535197410762e-16,-8.8643218534707e-17,1.90214499128673e-16,-4.93023765553692e-16,2.651477349801e-16,"Cosmo AF1b","KR534228"
"KR534229",2.59782288789452,3.78235213038818,1.0360471516218,-0.125886347746374,1.35447784156624,-1.00378426515553,-0.0322197850728991,-1.21314399517273,-0.504618415002415,0.317890284296241,0.31275474637771,0.201587495435634,0.766944131881748,-0.0748068879257799,0.386270065494499,-0.896805371970798,-0.322444277876915,-0.228059764915767,-0.0740508650501507,-0.641446540845822,0.0443500032866949,0.208014691634263,0.330163186384852,0.360257583144756,0.0836455920957302,0.555048575655871,-0.275816695573305,0.0291155625564125,-0.164335325132546,-0.0515901511337501,-0.273240633729215,-0.138412048398071,0.191738918993486,-0.121783374290935,-0.00292117320922567,0.0628233826109755,0.0761804533742502,-0.0170781063339062,-0.0749996822303873,-0.0940231764198297,0.00123281202231512,0.00019331355062076,-2.35962063463115e-05,-0.000355028360931709,0.000253154482880474,0.000362674306875028,-0.000780610599763373,0.000171556265817508,1.84008165941956e-14,-1.60508200635584e-16,7.4598929049333e-17,3.224118716556e-18,-1.84039922759301e-16,-8.15422603078481e-17,-1.12818661140796e-16,-2.66408901055869e-17,2.19551658931427e-16,"Cosmo AF1b","KR534229"
"KR534230",2.58468085373126,2.91508772390586,-0.386427286820856,-1.50782331835848,-1.65933921501088,2.05198381692131,0.55151778360726,1.40585495342223,1.35556423844946,-0.686492363457098,0.120454852461668,0.739410179408757,0.792697191928607,-0.255874745574946,0.304498620684522,0.379254722560471,0.195317270153787,-0.318724559384594,-0.35747629056638,-0.16257646783049,0.517290740406458,-0.0381736564078168,-0.00309742923513046,-0.162886117059812,0.109558091533232,0.313553888948254,-0.25957189373104,0.00557265455486625,-0.179681595848283,0.0224198623196576,-0.165260164357086,0.0528103600705979,-0.191024472391053,-0.20863362352264,0.0588838618122562,0.0576554864316927,-0.0436608510517584,-0.121277805420976,-0.0409397408507989,0.0697252687789215,-0.000156853058030443,0.000717396379283205,0.000509382089210163,0.00106060147423945,0.00134597375135809,0.00131616993484731,-2.70834334402486e-05,-1.52246279258809e-05,1.87628766548411e-14,3.3240277495476e-16,1.55042642751923e-16,1.62539202634186e-16,3.48824226720164e-16,-3.10687823459738e-16,2.4572565035993e-16,3.43321711432568e-17,3.76170037442616e-16,"Cosmo AF1b","KR534230"
"KR534231",2.9338739457264,2.05184547983102,-0.456554920512343,-1.31063678558531,-2.44997728141404,1.91815802297783,0.485929780369663,0.619638911451775,1.44182349351426,-1.63443631573741,0.515845128816657,0.335489785059411,0.611407844856526,0.147211228404401,-0.157408509639303,0.155494963404519,0.0435997489010333,0.123607284923392,0.229134415415213,-0.513562257075756,0.0447620374717352,0.261693178885066,0.35305231987324,-0.0383965957422798,-0.133487530627781,-0.0715559696339167,0.166995343485396,0.104516839241992,0.228334642529553,0.0759429055495551,0.188662824908839,0.132293052324572,0.290899786870269,0.196503239038885,0.0206909467308234,-0.164036604056828,0.0167236213990431,0.151044975154063,0.0602671108119314,-0.103168537566862,0.000470931651927506,0.00118284650728106,-0.000335042970261445,0.000214891518754912,-0.000449224209426051,4.83304319301682e-05,-0.000182206854801452,0.000100062131281406,1.82077651425285e-14,-2.78219888589076e-16,-2.8904656709814e-16,2.72307715079953e-17,1.54535197410762e-16,-8.8643218534707e-17,1.90214499128673e-16,-4.93023765553692e-16,2.651477349801e-16,"Cosmo AF1b","KR534231"
"KR534233",2.66517762567659,3.96542121656456,1.26686596020542,0.258099059932622,1.19008272126183,-0.847324935718749,-0.0300834807726821,-0.470866308136742,-0.480721464655375,0.00467607090925169,0.760767210376622,-0.107207230922601,0.15657575973503,-0.327222435692671,-0.115012440776493,-0.380289985451368,-0.0421910153911611,0.0735586475795473,0.10569913393539,0.122929139223515,0.220029337170047,-0.194947096246536,-0.2280660404283,0.174768862661674,-0.158860340161759,0.29108152890246,-0.217719002694931,0.203702620120919,-0.112412090959676,-0.0435985058135204,-0.0671514211819336,-0.155744351464421,0.100187546628251,0.00514130996182211,0.224123298042348,-0.100705772846282,0.199733644467624,0.0889639248468569,-0.512913094577511,-0.0878177582027318,-0.000357062248692401,-0.000654914706447702,-0.000271036406453393,-9.36655582680335e-06,7.11585746814087e-05,0.000106632727486448,-0.00016268262785067,-4.24165410703312e-05,1.85850000015633e-14,-5.1722988171973e-16,-6.1404042186028e-17,2.42067283675288e-17,-1.16053655901939e-16,-1.00818349928123e-16,-6.77287467665599e-17,-6.2806865901821e-17,4.53529830739798e-16,"Cosmo AF1b","KR534233"
"KR534238",2.88010678952616,1.85925308985676,-0.443262268957301,-1.21737112122933,-2.46600112569968,1.88615767749808,0.54879563960994,0.428305099739188,1.5069985018972,-1.75728852885619,0.625365329518137,0.329858718304324,0.620601636402231,-0.0112414520923471,-0.12386237445061,0.114652606601935,0.187640683126563,0.11414791088371,0.101973253108391,-0.470697571592761,0.132710281034886,0.226250098105542,0.290754822296485,-0.121215879565908,0.0323150177611952,-0.0385770146535354,0.0284130973206912,0.0982734963182178,0.0510236579682243,0.189769347293615,0.237202072585595,0.208246408787938,0.175962177777484,0.120321949426878,-0.0336439300007848,-0.128135976943254,0.0572951655778346,0.185196441822932,0.0683580320913944,-0.171063610472583,0.000402035475930804,0.00107370596415057,-0.000444508740828974,0.00014773891106153,-0.000566824129383435,-4.52530104760072e-05,-0.000230873915501676,7.49322580944813e-05,1.91514547134599e-14,2.76891623723502e-16,-2.8904656709814e-16,8.27419227392531e-17,1.54535197410762e-16,-6.08876429190781e-17,1.90214499128673e-16,-4.37512614322435e-16,2.651477349801e-16,"Cosmo AF1b","KR534238"
"KR534244",2.93206123961401,3.78396113788972,1.67871773721373,0.498778993679015,1.60720878883729,-1.04868189124989,-0.212903623140348,-0.758683952668192,-0.395069241590846,-0.0592102837822488,1.24537953505087,-0.0963558190528653,-0.481728810844764,0.354676262648994,-0.288820260755063,-0.0546259900517231,-0.116020437968904,0.0279453529615654,0.0791073164871833,0.0682694198534089,0.153899638722068,0.0647238908092295,0.00713801571669143,0.0184360039407968,0.0583129005438414,-0.0548713657373885,0.00358424479656989,0.0401907456994145,0.108525705822449,-0.0618535588427648,0.0182922783863397,0.102492049554271,0.015056007101622,-0.120575772780214,0.00510123808877749,-0.043858954734141,0.00155175511918018,-0.038559264486636,-0.0343446250841074,-0.0642249374684245,0.000318446890545768,0.000142595304489405,-0.000147039950802824,-7.4892486753982e-05,-8.09614989300841e-05,-4.51571261315032e-05,-0.000342673064475257,-6.84492763660587e-06,1.84198074984948e-14,-7.45415902713949e-16,4.20070776219622e-17,-5.74266022330826e-17,-2.48574269438316e-16,-4.28717498047579e-18,4.48860485168385e-17,-8.35923160814533e-18,4.56760776417412e-16,"Cosmo AF1b","KR534244"
"KR534247",2.93206123961401,3.78396113788972,1.67871773721373,0.498778993679015,1.60720878883729,-1.04868189124989,-0.212903623140348,-0.758683952668192,-0.395069241590846,-0.0592102837822488,1.24537953505087,-0.0963558190528653,-0.481728810844764,0.354676262648994,-0.288820260755063,-0.0546259900517231,-0.116020437968904,0.0279453529615654,0.0791073164871833,0.0682694198534089,0.153899638722068,0.0647238908092295,0.00713801571669143,0.0184360039407968,0.0583129005438414,-0.0548713657373885,0.00358424479656989,0.0401907456994145,0.108525705822449,-0.0618535588427648,0.0182922783863397,0.102492049554271,0.015056007101622,-0.120575772780214,0.00510123808877749,-0.043858954734141,0.00155175511918018,-0.038559264486636,-0.0343446250841074,-0.0642249374684245,0.000318446890545768,0.000142595304489405,-0.000147039950802824,-7.4892486753982e-05,-8.09614989300841e-05,-4.51571261315032e-05,-0.000342673064475257,-6.84492763660587e-06,1.84198074984948e-14,-7.45415902713949e-16,4.20070776219622e-17,-5.74266022330826e-17,-2.48574269438316e-16,-4.28717498047579e-18,4.48860485168385e-17,-8.35923160814533e-18,4.56760776417412e-16,"Cosmo AF1b","KR534247"
"KR534249",2.93206123961401,3.78396113788972,1.67871773721373,0.498778993679015,1.60720878883729,-1.04868189124989,-0.212903623140348,-0.758683952668192,-0.395069241590846,-0.0592102837822488,1.24537953505087,-0.0963558190528653,-0.481728810844764,0.354676262648994,-0.288820260755063,-0.0546259900517231,-0.116020437968904,0.0279453529615654,0.0791073164871833,0.0682694198534089,0.153899638722068,0.0647238908092295,0.00713801571669143,0.0184360039407968,0.0583129005438414,-0.0548713657373885,0.00358424479656989,0.0401907456994145,0.108525705822449,-0.0618535588427648,0.0182922783863397,0.102492049554271,0.015056007101622,-0.120575772780214,0.00510123808877749,-0.043858954734141,0.00155175511918018,-0.038559264486636,-0.0343446250841074,-0.0642249374684245,0.000318446890545768,0.000142595304489405,-0.000147039950802824,-7.4892486753982e-05,-8.09614989300841e-05,-4.51571261315032e-05,-0.000342673064475257,-6.84492763660587e-06,1.84198074984948e-14,-7.45415902713949e-16,4.20070776219622e-17,-5.74266022330826e-17,-2.48574269438316e-16,-4.28717498047579e-18,4.48860485168385e-17,-8.35923160814533e-18,4.56760776417412e-16,"Cosmo AF1b","KR534249"
"KR534250",2.69882482817136,3.99538682263022,1.40174810567064,0.369503907761103,1.73569202386414,-0.536587192581639,0.00655004807091575,-0.475787389324779,-0.763182448795769,-0.0707436490950101,1.32054834438113,-0.123717350467622,0.174965047248868,0.135104817324353,-0.057649568457311,-0.635644242376507,-0.11355322223742,-0.346108682811332,0.092414718633524,0.629378845690686,0.195780129309191,0.00273131659564803,-0.356922674384613,0.234876629087803,-0.197026188761721,0.0519399824798656,-0.0181368400131342,0.0493571638991848,-0.112167702627098,0.0818476823796999,0.131674671705751,-0.0665685329904503,-0.0677141114854203,0.0407517790779539,-0.0768684319786009,-0.0271785316286792,-0.0147452380651739,-0.0474374935648984,0.019111949951033,0.0293673030266252,-9.42865313283498e-05,0.000442389359324048,-0.000130510135240298,-0.000237852654558992,-9.29310747323031e-05,3.37229137433536e-05,-0.000213839437393043,-0.000115343959440381,1.84753186497261e-14,-6.89904751482691e-16,1.42515020063333e-17,1.26454086220459e-16,-2.34696481630502e-16,-3.20427505961047e-17,1.83663926594983e-16,-2.99792775572249e-16,2.34716171492381e-16,"Cosmo AF1b","KR534250"
"KR534251",3.07252293803974,2.18752954651865,-0.513935216499857,-1.0711537100309,-2.36191581219447,1.89237127431528,0.526079248800967,0.690087900284268,1.42158131239425,-1.61559505692117,0.668732645587308,0.325448339858207,0.525854815861211,0.32133499305748,-0.0270229541852794,0.0659278626410855,-0.0127732923454376,0.194095083423732,0.11801994950769,-0.613138280631778,0.0783585577957961,0.278748992977644,0.350972035478472,-0.00709927594045005,-0.353825023863973,-0.160817439329139,-0.0403288220053496,-0.0375522022601591,0.0945158636696753,0.0943827841268438,-0.0101937725221332,0.0884458343894303,0.0630796928568871,0.0549395451366226,0.111734526429254,-0.0149190808501147,-0.0458603819635702,-0.00946341653931254,0.01487637037199,-0.0707121683773758,0.000460144893074496,0.000728866382575363,-0.000444503953565208,-9.47333662529962e-05,-0.000764795180747562,-0.000152995218215938,-0.000217658252760748,9.07694727027287e-06,1.82077651425285e-14,-2.78219888589076e-16,-2.8904656709814e-16,8.27419227392531e-17,9.9024046179504e-17,-1.71909945381594e-16,3.01236801591188e-16,-3.26490311859919e-16,2.651477349801e-16,"Cosmo AF1b","KR534251"
"KR534252",2.43212384293544,2.99958794026931,-0.661395130207247,-1.19995671858539,-1.59496965337682,1.88467313196904,0.631585557317497,0.0819590299098322,0.246333041409884,-0.753324150439067,0.648497897334507,0.44295669361005,-1.13941476213415,0.505528314964787,0.633231754377875,-0.830114989595172,0.0985431985137574,1.18896822095717,-0.4121085255256,-0.585209911784796,0.683553397343457,1.32027526519242,0.561534037195977,0.754788081089696,0.298402999959319,-0.292220747714511,0.40479184552296,0.238800669018767,-0.446136145007373,0.128989498272559,0.86496084001247,-0.543885843521493,0.129776693104323,-0.611609276217012,0.0170245449936999,0.0231728149493642,-0.058230450296235,0.274407834171407,-0.300707546269238,0.0779618524849602,-0.00262326239005668,-0.000975314542581431,0.000788381092862054,3.50993950345932e-05,0.000805461581224511,-0.00104123929266452,0.000905219750977703,-1.86218403444504e-05,1.82713445822355e-14,2.39096590610556e-16,3.37196067405675e-17,3.22710897972143e-16,-1.99487632644309e-16,-1.51295913569824e-17,1.04932888196867e-16,-1.00548801776385e-16,5.02682189609455e-16,"Cosmo AF1b","KR534252"
"KR534253",2.91211489292125,3.9073227684841,1.36912533371312,0.15022702170884,1.5162946518253,-1.01087494955463,-0.396716131287304,-0.544276309775415,-0.680990960638109,-0.425011437643125,0.97617387268881,-0.221138423848141,-0.0166979898121971,-0.529960659050559,-0.524061970516407,-0.964857993361714,-0.250656633912573,0.498121274976453,-0.108034586519282,0.0745580086004488,-0.12718458162098,-0.478852683441173,-0.527794425245149,0.0945925482212962,-0.230946759561256,0.382016805312243,0.289356764516946,0.316344655970679,-0.231343660495408,-0.114821672097008,-0.400084461168337,-0.0333852851342932,0.198164060498297,0.0550680655549826,-0.116262283626384,0.0249866890361282,0.00281448388638053,-0.0350206515539568,0.0188491649492528,0.014901523819682,-0.000306518907625081,0.000422894983727596,0.000266789947843319,5.50935252281957e-05,-0.00019280796707249,0.000244368950724669,1.32605006191887e-05,-1.75455142610656e-05,1.84753186497261e-14,-5.23371297788917e-16,9.751822885322e-17,5.3595700229433e-17,1.1224821356486e-16,1.34490703097669e-16,4.48860485168385e-17,-2.44281624340991e-16,2.34716171492381e-16,"Cosmo AF1b","KR534253"
"KR906734",3.1347423326418,2.3339438587921,-0.759586706705564,-0.692582235380038,-2.47547937169822,1.96758092956243,0.374151178582063,0.750779179161029,1.31302537706447,-1.83963969444591,0.828354055283831,0.277055862328546,0.34607663430507,0.477450024464885,0.416271089470613,-0.12363748472656,0.0952645681145216,0.313341614971345,0.225790790098083,-1.07453114314746,0.215679811574762,0.257994573409994,0.278238098635497,0.0775577188720472,-0.486956830509298,-0.27692681412007,-0.0942207984871535,0.150848431071514,0.00927298379118795,0.153504611572663,0.0903891997132714,0.029592531481247,0.0253474465592365,0.146594003142111,0.190423230672317,0.092785722207194,-0.107275615159767,-0.0130036728519206,0.0317514781040963,-0.0475096655925657,0.000825716205272393,0.0012339232495311,-0.00132184942096432,-0.00208983803776102,0.00041884134480271,-0.00015996286317663,-0.000217461025786496,0.000177407207157395,1.82077651425285e-14,-2.78219888589076e-16,-1.78024264635624e-16,1.93764225201769e-16,4.35128949482461e-17,-1.99665520997223e-16,4.12259104053704e-16,-3.26490311859919e-16,1.54125432517584e-16,"Cosmo AF1b","KR906734"
"KR906735",2.47637905054624,3.02834214161957,-2.00978644637012,0.538936587141252,0.61682577132041,0.184644501599344,0.439260333846095,-0.292238120855962,-0.483551119836602,0.410309769523091,0.162043387787362,-0.552486641227978,-0.814950801210648,-0.446125797929443,0.318817698198431,2.18859243143297,-0.586010505882467,0.210382554049202,0.65149992539694,-1.24187882666312,-0.174481324606234,0.113085770757326,0.025896710737007,0.601695482364501,-0.149268763798037,0.434884107629362,-0.029031600113148,-0.217276367923073,-0.0215985438048587,-0.170057204674936,-0.0612532021409199,0.133656560667758,-0.041311257250448,0.177146108114354,-0.199820352448196,0.248916261595457,0.0653738367962497,0.117144620992789,0.402771896532497,-0.0458495988788194,-2.19325799231104e-05,-0.000407827609895586,-0.000668498738852338,0.000493821503482464,0.000595841066383242,-0.000614650600954219,-0.00012077696777874,-0.000776093273344605,1.80997432294926e-14,-1.41777880459856e-15,-3.3238510690476e-17,3.71357189461198e-17,-1.81927578343341e-16,-1.57638872561371e-16,4.63961678790424e-16,-5.44980197819587e-16,5.30851170243799e-16,"Cosmo AF1b","KR906735"
"KR906736",2.49109177729666,3.08376117465318,-1.77571149197805,0.389373389640958,0.446288070818058,0.428285687440759,0.252357958691614,-0.47722598469851,-0.450116062032737,0.496222745198042,0.201738059283235,-0.542470291958167,-0.905011009787903,-0.546994114974741,0.512785310525247,2.13620356532108,-0.628019808133015,0.349942630604339,0.748675372970654,-1.17989938269319,-0.130583785369095,0.0398527001753653,-0.035523020273761,0.49226345837637,-0.188724470340936,0.437336906086244,-0.165727945228029,-0.473048580988735,0.0760610039252869,-0.231436353853906,-0.0513277161462269,0.0888003492961073,-0.0653992360924393,0.264295750441017,-0.19437407058863,0.293184025502371,0.0203632171447463,0.0968050436633192,0.474011523757768,-0.0370123169110008,0.000162073901835574,-0.000464932076099851,-0.000645986998384477,0.000345925386753274,0.000534478058594311,-0.000531137702800979,-0.000160479889591841,-0.00076871140349036,1.81830099563395e-14,-1.33451207775167e-15,-1.16505237537363e-16,1.20402445793007e-16,-2.65194305190227e-16,-2.68661175023887e-16,5.05595042213868e-16,-3.78446744125813e-16,4.19828867781283e-16,"Cosmo AF1b","KR906736"
"KR906739",3.71897204125725,2.46695836817826,-1.0044489501273,-0.566913397328016,-1.84844380151051,1.05353301995423,0.76462135210898,-0.465996074129623,0.515877307154255,-0.065978418793951,0.861366597138136,0.19821465279033,-0.61312747441138,0.995668251503163,0.893943142673638,-0.266029084662586,-0.334428082562288,0.0642576953926378,0.607254263008372,-0.382834463628388,-0.301568048042644,0.27217578332224,-0.635939070852821,0.578194518965219,-0.109448686904562,-0.0941853524198834,-0.18873203434294,0.410858721442382,0.159012472177813,0.579044668683247,0.664996330735884,0.257402477812081,-0.31666937760719,0.134206083197995,-0.309000250603435,0.368380694142877,-0.153615767214788,0.113459773215585,0.0703489964382511,0.120692325879679,-0.00429111012547922,-0.000952685900035144,0.00135721610353782,-0.000974324351399405,-0.000501554540853794,0.000379599968465507,0.00025223395230974,2.14784839223381e-05,1.79857205376035e-14,3.3240277495476e-16,1.55042642751923e-16,1.10497498354882e-16,-7.89154373520621e-16,-3.66198974690996e-16,6.34303708978735e-16,-3.82001463091177e-16,-6.79191724074469e-17,"Cosmo AF1b","KR906739"
"KR906741",3.11452180478113,3.45583996473483,0.0990239006485395,0.383389594535545,-0.145063517474916,-0.939544874902877,-0.479335813571701,-0.485776286971202,-0.0222069958059536,-0.341358804959606,0.673552751737829,0.340070096415724,-0.44366655865503,0.271366457000768,0.0518711227019758,0.865578305010015,0.961472788827063,-0.295911417591018,0.79468371509815,-0.710091145855114,-0.757709583220548,0.224903212393118,0.273559870787806,-0.828316019000603,-0.066208786016688,0.475553486639128,-0.544625735843347,0.136114160116056,0.0985461645824611,-0.576016749478176,0.104685482318557,0.0692146791226837,-0.0566385488437706,-0.0419302878857325,-0.0110828404747298,-0.058468863523554,0.184722180485835,0.136665593574025,0.10998246234736,-0.14635623891155,0.000256653651255098,-0.00319972535463897,-0.000991478962724122,0.00104932698214226,0.000513909554539023,0.000683397931589044,0.000691192557202459,0.000387917424704424,1.87455624639853e-14,-5.1405132932673e-16,-1.57879911688027e-16,2.48902417702552e-16,-3.47158449046956e-16,-2.67750563252402e-16,1.23800903509662e-16,1.82241086977986e-16,7.4517865249085e-16,"Cosmo AF1b","KR906741"
"KR906742",3.28677533403957,2.78914501518793,-0.239025786430023,-0.59391282506759,0.943598281654138,-0.450065874199499,0.170730280020959,-1.48065553840857,-0.989034439890302,0.148716015085441,-1.31091888697741,0.893610208807087,0.658804181055104,-0.414964791149847,0.614508112001939,-0.212833227612016,0.101832793241778,-0.843668628274099,0.204443367717429,-0.510031447406544,-0.012706535948195,0.552495508655871,0.0281595045603003,-0.265666736597002,0.383502334620693,0.275303842406266,-0.287498935314409,-0.0432309998808461,0.305454829369268,-0.417610893877964,-0.238113240893704,-0.0401711598267812,0.0244418693518382,0.113383501246695,-0.00428022313522927,0.0396934977984432,0.0512265638220016,0.255726208137591,0.0524426352566263,0.109301467144515,0.00152271826108445,-0.000193221902226244,-0.000413503197658177,0.00122832182988347,0.00053858527108296,-0.000390767455172403,0.000241999799601989,0.000334197694815811,1.81904509516727e-14,-6.99621194766673e-17,-1.30124336072398e-16,1.99189188736133e-17,1.24686336418735e-16,9.30719197507739e-17,1.5155647912529e-16,-1.23070244793931e-16,4.12111745103303e-16,"Cosmo AF1b","KR906742"
"KR906743",2.9338739457264,2.05184547983102,-0.456554920512343,-1.31063678558531,-2.44997728141404,1.91815802297783,0.485929780369663,0.619638911451775,1.44182349351426,-1.63443631573741,0.515845128816657,0.335489785059411,0.611407844856526,0.147211228404401,-0.157408509639303,0.155494963404519,0.0435997489010333,0.123607284923392,0.229134415415213,-0.513562257075756,0.0447620374717352,0.261693178885066,0.35305231987324,-0.0383965957422798,-0.133487530627781,-0.0715559696339167,0.166995343485396,0.104516839241992,0.228334642529553,0.0759429055495551,0.188662824908839,0.132293052324572,0.290899786870269,0.196503239038885,0.0206909467308234,-0.164036604056828,0.0167236213990431,0.151044975154063,0.0602671108119314,-0.103168537566862,0.000470931651927506,0.00118284650728106,-0.000335042970261445,0.000214891518754912,-0.000449224209426051,4.83304319301682e-05,-0.000182206854801452,0.000100062131281406,1.82077651425285e-14,-2.78219888589076e-16,-2.8904656709814e-16,2.72307715079953e-17,1.54535197410762e-16,-8.8643218534707e-17,1.90214499128673e-16,-4.93023765553692e-16,2.651477349801e-16,"Cosmo AF1b","KR906743"
"KR906744",3.56448562673617,2.30374043974214,-1.09859230560775,-0.714508758186099,-1.93263891758717,1.19288576802554,0.719599091309191,-0.346302497399335,0.419779511794557,-0.346320375194497,0.521450758885264,0.148677283964234,-0.483304310271522,0.670497587834846,0.850537459231758,-0.0897734149292421,-0.50556066083085,0.205085148312,0.782769157208326,-0.633285835891891,-0.185579913728865,0.162418336705854,-0.629634815502472,0.510415554167538,-0.136895564490148,-0.0685076295441486,-0.249028535110676,0.487402344416304,0.0629494024642472,0.540168172479483,0.601985259582954,0.221824722923409,-0.233321468356164,0.0983187085142266,-0.3445802118127,0.264620992863118,-0.0716649981919216,0.126575447943659,0.0205194306118443,0.0794830351486318,-0.00455784749978416,-0.000966815112320599,0.00138684645487623,-0.000676426295968282,-0.00047483409503854,0.000527267697276745,0.000197496203777921,5.26609096496676e-05,1.79857205376035e-14,3.87913926186018e-16,9.95314915206649e-17,-5.24804107633661e-19,-7.33643222289363e-16,-3.66198974690996e-16,5.78792557747477e-16,-3.82001463091177e-16,4.31031300550687e-17,"Cosmo AF1b","KR906744"
"KR906745",2.84593733261923,3.73299348296908,0.558860997255424,0.417762669416971,1.4687105777593,-0.527086264866381,-0.644841201905221,-0.0984693162071706,-0.396541611654847,-0.225712239235098,0.69488874262211,-0.122430814921572,0.206278236566322,-0.439293419167382,0.363841206503834,-0.29657175625372,0.296507704004641,0.504262842936648,0.315706375346344,0.0147083208242809,0.0813018093536853,-0.265737091209242,-0.272271104242378,0.146317629160044,0.546073339546865,-0.315241373781408,0.0382688999848508,0.300515794175344,-0.10965682212105,0.0098835481505952,0.139939681633357,-0.102084301601782,0.234023555534799,0.265308641000271,0.125476788713418,-0.187784073163526,-0.264417455449041,0.135090523059597,0.0266635826236576,0.160969859876283,0.000257360737485976,0.000691656808915874,-0.00017214067486795,0.000613429640948926,0.000199741058300731,0.000337782344677385,0.000701199127420522,-0.000116891947967668,1.83679942365781e-14,-4.29521970273778e-16,-4.11562744766793e-16,1.3549722139921e-16,-5.75156591834402e-16,1.77357156232206e-16,7.51564089923405e-17,-2.53383832068218e-16,3.59903955678481e-16,"Cosmo AF1b","KR906745"
"KR906746",3.92969620945838,3.44976793863428,0.028351109869972,-2.37099527960804,-0.856912336284758,1.75573064205715,-0.160584542904026,-0.369753475546667,0.360344323497894,1.63642183824695,-1.05027713092368,-0.407276272313712,-1.19798434852156,0.674393192416188,-0.613209884150684,0.879950679803756,0.645444543129103,-0.208708371959407,-0.563018224109331,0.423294149953431,-0.855858571377624,-0.17564904272572,-0.27357210638184,-0.299882244484239,0.313282285611355,-0.0815534432396439,-0.345055404944828,0.245040213683912,0.29337795435898,0.0428004812857155,0.166074761965149,0.0202121456368745,0.17320624770646,-0.530517633184903,-0.0165892252438042,0.216685932340711,0.00956381622820588,-0.499667194227949,0.0235180960784872,0.136191909210808,0.00126223715044425,-0.000350374274310257,0.000143045381119076,-0.00140661766451541,0.000792269027948035,0.0003925477941898,2.36529637052947e-05,-1.18855437165995e-05,1.82382255378805e-14,-5.66793988184391e-16,3.46454611934245e-16,-3.1424909711859e-16,-2.21911577087573e-16,3.24715990230134e-17,4.31407603500459e-16,-2.2469609893374e-16,1.79230492541963e-16,"Cosmo AF1b","KR906746"
"KR906747",3.96824548911846,3.06540346451041,-0.251551067191565,-2.44604946448606,-0.856433814426904,1.24633807368662,-0.989679720572022,-0.0134143817618961,0.407383757280614,1.61993876057194,-0.811800452203451,0.35111717002503,-1.80148355547012,1.38301411275045,-0.298374323008731,1.48722606183456,-0.330250693041958,0.183584185242639,-0.420708619857221,0.805412857296995,-0.365145545919286,-0.228027732420881,0.564495092911549,-0.426552502932131,0.490190441302313,-0.0439599371231809,0.0702953625186489,0.142041848518981,0.297426781032679,-0.0915189018894012,0.0204298103883145,0.170466307757237,0.349508127670056,-0.433480021102378,-0.0292190546830909,0.139399725070519,0.101825563480516,-0.423707422056784,0.0603277363396521,0.0272247043014703,0.00124845038119316,-0.000923982627887011,-0.000387598855430361,-0.00147709219473157,0.00155324707127568,0.000499471148202253,7.37189913112275e-05,0.000136795109531639,1.79051586304929e-14,-8.99860895571938e-16,4.8523249001239e-16,-5.08538126427992e-16,5.56441790687164e-17,-7.85507034395023e-17,3.75896452269201e-16,1.50004171877247e-16,5.1229739992951e-16,"Cosmo AF1b","KR906747"
"KR906748",2.40625067511245,1.57369055091129,0.68084393327753,0.729302861432239,-0.196857276364268,1.32179057501943,-0.640190324159403,-0.414298733692744,1.02053584165134,-0.210278375243938,-1.10122040460669,-0.00743758332298446,-1.66058406541689,0.740198886155184,1.43309731951447,-0.715352594764438,1.59006979588882,0.999521551828016,1.06765773566573,0.0155227876608463,-0.0879442808591511,-0.35931820843462,0.0468411791381201,-0.798422033050853,0.11039174796927,0.687005095182716,0.629425754615295,0.237941000634201,0.799796115904119,0.698264755130773,-0.201385539922321,1.04557804159311,-0.321797326133715,0.357949320496444,-0.566790898286593,-0.658156507430837,0.522165785481215,-0.15605486069349,-0.297472557001675,0.123766455922172,-0.000617335712798394,-0.00103554279218849,0.000221156260614843,-0.000608918042650954,0.000649872066872028,0.000466299850551106,0.000379449963522502,0.000108713786032628,1.91616767834368e-14,3.24976730321532e-16,1.53814959155396e-16,3.54159191936772e-17,6.91050719390887e-16,-2.50483209906984e-16,-6.01538262313629e-16,4.62264805783972e-16,5.55750462072743e-16,"Cosmo AF1b","KR906748"
"KR906749",2.97382041145203,3.08030659416315,0.167408763911769,0.391152153034063,0.12367300704574,-0.0497662026407216,0.825140577998024,-0.455033079216281,0.0898665885063269,-0.194719982547992,-0.191318702310229,0.0807340600966589,0.232360300891446,0.388863356562336,0.0743837663498494,0.127481225861991,0.46481762543011,-0.244705272732174,0.315130831335301,0.289050496531531,-1.13337359610543,-0.296215919468084,-0.152604387821612,-0.825555916067767,0.0200752601631142,0.12393893270476,0.0951248779649432,-0.579365892937668,0.061603605104674,-0.288261461506993,0.554766339958962,-0.0417181203700683,0.183283871235332,-0.0534981462120754,0.0738064663920543,-0.571249490912701,0.182018428774947,0.0648883036610288,0.0230960925636838,-0.128732973115459,-0.001297594071528,0.000185149550185456,-0.0017204419098622,-0.000569003782256671,0.0014591797657293,-0.00101658282940018,0.000750564995795085,0.00011480242662675,1.8318787444991e-14,-8.88842552132912e-16,-2.61290991482511e-16,3.32542103279913e-16,-1.19982562830117e-17,-2.82932247844109e-16,1.62458923513044e-16,-1.59956858166146e-16,4.87192339905131e-16,"Cosmo AF1b","KR906749"
"KR906750",3.28677533403957,2.78914501518793,-0.239025786430023,-0.59391282506759,0.943598281654138,-0.450065874199499,0.170730280020959,-1.48065553840857,-0.989034439890302,0.148716015085441,-1.31091888697741,0.893610208807087,0.658804181055104,-0.414964791149847,0.614508112001939,-0.212833227612016,0.101832793241778,-0.843668628274099,0.204443367717429,-0.510031447406544,-0.012706535948195,0.552495508655871,0.0281595045603003,-0.265666736597002,0.383502334620693,0.275303842406266,-0.287498935314409,-0.0432309998808461,0.305454829369268,-0.417610893877964,-0.238113240893704,-0.0401711598267812,0.0244418693518382,0.113383501246695,-0.00428022313522927,0.0396934977984432,0.0512265638220016,0.255726208137591,0.0524426352566263,0.109301467144515,0.00152271826108445,-0.000193221902226244,-0.000413503197658177,0.00122832182988347,0.00053858527108296,-0.000390767455172403,0.000241999799601989,0.000334197694815811,1.81904509516727e-14,-6.99621194766673e-17,-1.30124336072398e-16,1.99189188736133e-17,1.24686336418735e-16,9.30719197507739e-17,1.5155647912529e-16,-1.23070244793931e-16,4.12111745103303e-16,"Cosmo AF1b","KR906750"
"KR906751",3.90716854254527,3.39520573584978,-0.205410151094801,-2.5506019348052,-1.26332585949191,1.07076481008257,-0.132560485709837,0.250581788982017,0.151344715926834,1.58730404414284,-0.957460582869159,0.294931824707926,-1.20497964569954,1.14785590497577,-0.245989523799097,0.886868363383177,-0.175324121080182,-0.142584926822111,-0.511168785430924,0.913841970678572,-0.460112485402904,-0.404771674766787,0.149984669218807,-0.365086075999034,0.1472393356964,-0.0704440981625982,0.133625441786036,0.4690683820889,0.271175992794035,-0.0680441071331138,0.0130721577274295,0.121294180110859,0.295472938490134,-0.388548640408031,-0.069647720627267,0.353845012039452,0.112706603404851,-0.393632659423989,0.0258574353573788,-0.0376135582841222,0.00119018857670595,-0.000492912274012205,-0.000417533186064507,-0.00146637390676885,0.00166031883485275,0.000280630452203561,0.0014401985094702,7.40999702542927e-06,1.798274380055e-14,-1.07312653922058e-15,6.09362574646382e-16,-5.67254895533534e-16,1.77468061503844e-16,5.69432000566736e-17,5.94887559896295e-16,-3.83105176045041e-16,5.90757954358322e-16,"Cosmo AF1b","KR906751"
"KR906752",2.40625067511245,1.57369055091129,0.68084393327753,0.729302861432239,-0.196857276364268,1.32179057501943,-0.640190324159403,-0.414298733692744,1.02053584165134,-0.210278375243938,-1.10122040460669,-0.00743758332298446,-1.66058406541689,0.740198886155184,1.43309731951447,-0.715352594764438,1.59006979588882,0.999521551828016,1.06765773566573,0.0155227876608463,-0.0879442808591511,-0.35931820843462,0.0468411791381201,-0.798422033050853,0.11039174796927,0.687005095182716,0.629425754615295,0.237941000634201,0.799796115904119,0.698264755130773,-0.201385539922321,1.04557804159311,-0.321797326133715,0.357949320496444,-0.566790898286593,-0.658156507430837,0.522165785481215,-0.15605486069349,-0.297472557001675,0.123766455922172,-0.000617335712798394,-0.00103554279218849,0.000221156260614843,-0.000608918042650954,0.000649872066872028,0.000466299850551106,0.000379449963522502,0.000108713786032628,1.91616767834368e-14,3.24976730321532e-16,1.53814959155396e-16,3.54159191936772e-17,6.91050719390887e-16,-2.50483209906984e-16,-6.01538262313629e-16,4.62264805783972e-16,5.55750462072743e-16,"Cosmo AF1b","KR906752"
"KR906754",3.28677533403957,2.78914501518793,-0.239025786430023,-0.59391282506759,0.943598281654138,-0.450065874199499,0.170730280020959,-1.48065553840857,-0.989034439890302,0.148716015085441,-1.31091888697741,0.893610208807087,0.658804181055104,-0.414964791149847,0.614508112001939,-0.212833227612016,0.101832793241778,-0.843668628274099,0.204443367717429,-0.510031447406544,-0.012706535948195,0.552495508655871,0.0281595045603003,-0.265666736597002,0.383502334620693,0.275303842406266,-0.287498935314409,-0.0432309998808461,0.305454829369268,-0.417610893877964,-0.238113240893704,-0.0401711598267812,0.0244418693518382,0.113383501246695,-0.00428022313522927,0.0396934977984432,0.0512265638220016,0.255726208137591,0.0524426352566263,0.109301467144515,0.00152271826108445,-0.000193221902226244,-0.000413503197658177,0.00122832182988347,0.00053858527108296,-0.000390767455172403,0.000241999799601989,0.000334197694815811,1.81904509516727e-14,-6.99621194766673e-17,-1.30124336072398e-16,1.99189188736133e-17,1.24686336418735e-16,9.30719197507739e-17,1.5155647912529e-16,-1.23070244793931e-16,4.12111745103303e-16,"Cosmo AF1b","KR906754"
"KR906755",2.93206123961401,3.78396113788972,1.67871773721373,0.498778993679015,1.60720878883729,-1.04868189124989,-0.212903623140348,-0.758683952668192,-0.395069241590846,-0.0592102837822488,1.24537953505087,-0.0963558190528653,-0.481728810844764,0.354676262648994,-0.288820260755063,-0.0546259900517231,-0.116020437968904,0.0279453529615654,0.0791073164871833,0.0682694198534089,0.153899638722068,0.0647238908092295,0.00713801571669143,0.0184360039407968,0.0583129005438414,-0.0548713657373885,0.00358424479656989,0.0401907456994145,0.108525705822449,-0.0618535588427648,0.0182922783863397,0.102492049554271,0.015056007101622,-0.120575772780214,0.00510123808877749,-0.043858954734141,0.00155175511918018,-0.038559264486636,-0.0343446250841074,-0.0642249374684245,0.000318446890545768,0.000142595304489405,-0.000147039950802824,-7.4892486753982e-05,-8.09614989300841e-05,-4.51571261315032e-05,-0.000342673064475257,-6.84492763660587e-06,1.84198074984948e-14,-7.45415902713949e-16,4.20070776219622e-17,-5.74266022330826e-17,-2.48574269438316e-16,-4.28717498047579e-18,4.48860485168385e-17,-8.35923160814533e-18,4.56760776417412e-16,"Cosmo AF1b","KR906755"
"KR906756",2.90906617735156,4.10222629845059,1.5715501767661,0.124569511313539,1.28256436196436,-0.769482507789339,-0.0524668268469192,-0.39665072854483,-0.63337244788476,-0.132377108519428,0.638153659596958,0.00215634356275551,0.451650927687651,-0.492648497569917,-0.203310319978377,-0.182239669087296,0.034767172673719,0.259778402026678,0.034266063975483,0.167942311851102,0.484316360957224,-0.101015658127232,-0.385076772891703,0.581092929460909,-0.194108703071653,-0.0197551523627463,0.0808696908810336,0.311262762799201,-0.222791417425947,0.211406843943996,-0.00662117758491588,0.120488905926383,-0.133875896599186,0.09507064898824,0.0188117171497889,0.351989384674311,-0.0769046892102177,0.0416118701610709,-0.064596432556884,0.0929159300121139,0.000493101508374074,-0.000272273208588702,-0.000295161503990111,-0.000468101317943244,-6.69948700959563e-05,0.000341427113804751,-0.000126395263465845,8.30853458103157e-05,1.86973632546511e-14,-6.34393600251433e-16,1.25273804468849e-16,5.3595700229433e-17,-4.70618874363347e-16,1.0673512748204e-16,3.77952955904385e-16,-3.13670563380063e-16,2.34716171492381e-16,"Cosmo AF1b","KR906756"
"KR906757",3.954510196738,3.49156781369482,-0.294886727794766,-1.76360027987176,-0.953427794904156,0.766671004224254,-0.114346894670692,0.218508394977954,0.361636738705456,1.06904292853735,-1.27348156439828,0.323624608070887,-0.811798698930855,1.57424038532951,0.522089119317657,0.807682902068491,0.134357345260137,0.0748931994570618,0.313901377728504,0.706193760451039,-0.2147429581936,-0.482376886956982,-0.135077543255879,-0.207815335925978,0.40629408771591,-0.457329043334076,-0.0794533250313168,0.376264738907883,0.542811415344796,-0.305585038765323,0.206107753872167,-0.321683756645946,-0.131215149656863,-0.260503593109521,0.374632986692764,0.366389796167563,0.032283672913669,-0.220032022127469,0.033771719340703,0.0766419862228792,0.0013872622534632,-2.30495647041606e-05,-0.000423434822439431,-0.00125664069288187,0.00152764352469741,-0.000942260848869747,0.00076074017193174,-5.82272560372565e-05,1.74831434394687e-14,-1.23965999291435e-15,1.65273364796319e-16,-2.34187988145987e-16,3.16245939581988e-16,-2.76123707330873e-16,7.61421013590068e-16,-3.27594024813784e-16,7.01780256820837e-16,"Cosmo AF1b","KR906757"
"KR906759",2.57611775152259,2.1494080756477,0.165652564606949,-1.41154873348025,-2.5741114542206,1.74462790791882,0.535586955525709,1.00286984400025,2.16659870893338,-2.06343689067194,1.0728878380131,0.0393778121970802,0.574345035686465,0.102074147855895,0.013816356135975,0.338128062975504,-0.0886028993982322,-0.0611232378736731,0.274928629921758,-0.488123690013547,0.250314056127424,0.35726468707567,0.118162598328408,0.348108871898801,-0.429016653185822,0.27633222244255,0.234578884762686,0.336182862545393,0.248757967472475,-0.0816411806570619,-0.0182334558964021,-0.0538913677914647,0.351686949871391,0.0959566663732543,-0.115839019849897,-0.182050634822672,0.0942242223535421,0.232463725225751,0.0251113397386768,-0.123124854550812,7.84509722270434e-05,0.000986434759520793,8.77854716983715e-06,0.000118013324919232,-0.000386806409975837,-4.88819553529363e-05,1.89964983575437e-05,0.000134176158098997,1.81904509516727e-14,-4.58540178095472e-16,-2.13391062919285e-16,-5.98783610213203e-17,3.60608729151581e-16,-1.84483836405515e-16,9.60453278940326e-17,-6.22670605875252e-16,3.01089442640787e-16,"Cosmo AF1b","KR906759"
"KR906760",2.66517762567659,3.96542121656456,1.26686596020542,0.258099059932622,1.19008272126183,-0.847324935718749,-0.0300834807726821,-0.470866308136742,-0.480721464655375,0.00467607090925169,0.760767210376622,-0.107207230922601,0.15657575973503,-0.327222435692671,-0.115012440776493,-0.380289985451368,-0.0421910153911611,0.0735586475795473,0.10569913393539,0.122929139223515,0.220029337170047,-0.194947096246536,-0.2280660404283,0.174768862661674,-0.158860340161759,0.29108152890246,-0.217719002694931,0.203702620120919,-0.112412090959676,-0.0435985058135204,-0.0671514211819336,-0.155744351464421,0.100187546628251,0.00514130996182211,0.224123298042348,-0.100705772846282,0.199733644467624,0.0889639248468569,-0.512913094577511,-0.0878177582027318,-0.000357062248692401,-0.000654914706447702,-0.000271036406453393,-9.36655582680335e-06,7.11585746814087e-05,0.000106632727486448,-0.00016268262785067,-4.24165410703312e-05,1.85850000015633e-14,-5.1722988171973e-16,-6.1404042186028e-17,2.42067283675288e-17,-1.16053655901939e-16,-1.00818349928123e-16,-6.77287467665599e-17,-6.2806865901821e-17,4.53529830739798e-16,"Cosmo AF1b","KR906760"
"KR906762",3.04645920269582,2.66441463849675,0.198085649884302,-0.671712584843739,0.436672114623301,-1.00157764620176,-0.00296926373640045,-0.322228680561045,-0.105753771954942,0.622790120440062,-0.230687589371403,1.1662089527176,0.845422813808537,0.309021948165443,1.11641461011171,0.0751136004557969,-0.0778150120493699,-1.60383659831331,-0.239726590392123,-0.213022275857459,0.815801852522635,-0.795101587053182,0.781583244474221,-0.387321279964079,0.100713927464655,0.28235295718887,-0.00871981801341981,-0.361661204641137,-0.0220391980431224,-0.0178596859776738,0.0606494916535537,0.33608214744763,0.0925606489342175,0.481979334979595,0.0441223547779807,0.0972291308140002,-0.0525032288789329,0.210140676220765,0.290022955349415,0.0239292059738186,0.000561714311140831,0.00164008548813612,-0.00144100589973072,-0.00238085535666827,0.00170108922113438,-0.000734618561457356,0.000446978779605645,0.000357419466312738,1.90786293713728e-14,-6.80584783020503e-16,2.58453722546406e-16,3.25230250645531e-16,4.29997668190653e-16,-1.84483836405515e-16,5.40134537744095e-16,5.29185782173348e-16,4.12111745103303e-16,"Cosmo AF1b","KR906762"
"KR906763",2.40561389764105,3.38801788373585,-1.84282373473375,-0.0719228069303711,0.34568849652299,0.473522602163875,0.350870222026766,0.0258933331266835,-0.158320721058651,0.63279667209499,0.280697981473543,-0.659105628880957,-0.353465075862393,-0.529203411616076,0.941798468263724,1.80735914109618,-0.761007979687848,0.174934509213664,0.698871651774856,-1.33928532730648,-0.418140423079123,0.0200128784541685,-0.236316111738592,0.831065215369902,-0.318380852294749,0.513524493006299,0.0682717234637943,-0.560371086283314,0.196357184661584,-0.351649983250844,-0.204421625585624,-0.0882689942830515,0.117232823722194,0.237773662014501,-0.226310109935291,0.230233264300221,0.0298299982932261,-0.0281402058896668,0.434332039484984,0.03532230074494,-0.0052002337441999,-0.000130300665436984,-0.00133685434081344,0.000568770212015688,0.000226071175409996,-0.000246998396889666,-0.000129635866245875,-0.00101536575617425,1.71560536585612e-14,-1.52880110706107e-15,-2.83038691231136e-16,1.20402445793007e-16,-4.87238910115259e-16,-4.90705779948918e-16,4.5008389098261e-16,-4.33957895357071e-16,1.97784262856252e-16,"Cosmo AF1b","KR906763"
"KR906765",2.23501451785828,2.9646663089139,-1.68991359976671,0.29854369172238,0.67147764652242,-0.0704855144376912,0.421256100130691,-0.364694559204907,-0.732578208579008,0.791553192582037,0.57758712044081,-0.574186431601638,-1.13124607939406,-0.743786580686205,0.387129241552526,2.40011325756367,-0.706932112267145,-0.349213590249195,0.478591498306402,-1.50073077907419,0.263550910074977,-0.0173525044015808,-0.104375790705011,0.737517790922672,-0.610740929399144,0.642189919279853,-0.254714869256425,0.299101149765753,0.000426040356331025,-0.221926804912881,-0.378761597476279,0.133237460991733,0.107274707367053,0.294239062616612,-0.357562253504186,0.234672730739946,0.0092328950403181,0.160044696234768,0.498862734554815,-0.0237878184230587,5.48895021929578e-05,-7.83481288132401e-05,-0.000445118634639761,0.000291939683410673,0.000636445479948952,0.00059474351787455,0.000280464554232534,-0.00075191527599404,1.8137940189868e-14,-1.23727661110178e-15,9.79281447196366e-17,-1.05484564814454e-16,-3.64432105221326e-16,-8.69460367384059e-17,3.69792507555784e-16,-6.46871462525518e-16,3.44748272979454e-16,"Cosmo AF1b","KR906765"
"KR906766",2.31310128973359,3.33367736849551,-1.66822731735575,0.488269245177075,0.629325080054799,0.228194252845531,0.371626178215429,-0.42997740150476,-0.482742951145557,0.596038979581589,0.0799434237448255,-0.627627820466213,-0.692104374446225,-0.52122788371413,0.816356786620413,2.49030042953968,-0.424135866525558,0.144131042418729,0.920648459654349,-1.19086156446351,0.162420162636638,-0.082867703981513,0.128615172111724,0.351966447837522,-0.103546412788727,0.338330525004021,-0.19053600707533,-0.717582999916637,0.124920576390345,-0.209198583353942,0.16310025346553,0.0111170061987956,-0.105593948675403,0.207358975528137,-0.117037565633437,0.270357466260738,0.0676819072067194,0.0829979119302778,0.449107890552031,-0.033545400058953,0.000127353449265274,-0.00027739374923666,-0.000748954768067547,0.00036974290161094,0.000519251807526471,-0.000659375885881518,-0.000272974824244381,-0.000793641893780255,1.82662766831864e-14,-1.41777880459856e-15,5.00282161564108e-17,3.42447050718038e-16,4.01170265816906e-17,-4.3519462871766e-16,6.72128495907641e-16,6.56424657242477e-17,5.86362321475057e-16,"Cosmo AF1b","KR906766"
"KR906767",3.19137784798928,3.55544727545536,0.35682438421386,0.584722846842816,0.477178267266127,-0.0776437343735892,-0.00868503565448215,-0.0553915823449287,0.153009330692813,-0.0927657869899659,-0.142200396641032,0.233693279964123,0.262680571467151,0.162280467869804,0.478922518098916,0.213611247557728,1.03201889856778,-1.02103475271936,0.338519339822925,-0.284127483906129,0.622397846009496,-0.652600729623719,0.125435983516687,-0.0644777093595068,-0.27441096639605,0.235066514712252,-0.140494972157455,-0.184576954178928,0.0482016669496385,-0.312518719355229,0.672537758688091,0.0108595341371109,-0.0610491993875958,0.169362675240589,0.0775656392217928,0.0273009708222012,0.136737527175215,0.0784386657979054,0.00615551684803647,-0.136446582716382,0.000202358583081571,-0.000386974942323944,-0.000685477625110009,0.0007162232898464,0.000480604256975264,0.000513409198030917,0.000568209633770051,0.000244757673037566,1.86345401615228e-14,-7.91607085483019e-16,2.58453722546406e-16,4.64008128723676e-16,3.18975365728138e-16,-3.51017290099289e-16,3.18089932819064e-16,8.50965723232852e-17,6.34156350028334e-16,"Cosmo AF1b","KR906767"
"KR906768",3.28677533403957,2.78914501518793,-0.239025786430023,-0.59391282506759,0.943598281654138,-0.450065874199499,0.170730280020959,-1.48065553840857,-0.989034439890302,0.148716015085441,-1.31091888697741,0.893610208807087,0.658804181055104,-0.414964791149847,0.614508112001939,-0.212833227612016,0.101832793241778,-0.843668628274099,0.204443367717429,-0.510031447406544,-0.012706535948195,0.552495508655871,0.0281595045603003,-0.265666736597002,0.383502334620693,0.275303842406266,-0.287498935314409,-0.0432309998808461,0.305454829369268,-0.417610893877964,-0.238113240893704,-0.0401711598267812,0.0244418693518382,0.113383501246695,-0.00428022313522927,0.0396934977984432,0.0512265638220016,0.255726208137591,0.0524426352566263,0.109301467144515,0.00152271826108445,-0.000193221902226244,-0.000413503197658177,0.00122832182988347,0.00053858527108296,-0.000390767455172403,0.000241999799601989,0.000334197694815811,1.81904509516727e-14,-6.99621194766673e-17,-1.30124336072398e-16,1.99189188736133e-17,1.24686336418735e-16,9.30719197507739e-17,1.5155647912529e-16,-1.23070244793931e-16,4.12111745103303e-16,"Cosmo AF1b","KR906768"
"KR906770",2.83964969701554,2.31476429967977,-0.214798765966696,-1.94650352837606,-2.23474522492785,1.8771106132581,1.07317154128194,1.03603810279355,1.54166397444565,-1.00261733342096,0.264447674459908,0.499137567901271,1.242452819535,-0.236591314432477,-0.711275325704882,-0.0328456012039629,0.0111331796985824,0.000972167745774619,0.0272167319294912,0.374113932831659,-0.212317315383932,0.233808665642291,0.236641067086937,-0.235605364193137,-0.228717224936917,0.252425716364175,-0.140826315024086,-0.221397879384931,-0.0786333859073605,0.0787129323550952,-0.386517083355921,0.100373583470763,-0.148287610738576,-0.109870871605913,0.011032399316121,0.116903812129747,-0.050992683009911,-0.00626440036541437,0.00825457318800037,0.0686010107300941,-0.000646258805675437,0.000558329843655067,0.000473472363949123,0.000489768852914064,0.00113224387710084,3.92928061456017e-05,-0.000171174849901405,-4.23605386931161e-05,1.85408320499161e-14,5.48470187984706e-17,-1.78024264635624e-16,8.27419227392531e-17,4.35128949482461e-17,-3.38443399075367e-16,3.01236801591188e-16,-3.82001463091177e-16,4.31031300550687e-17,"Cosmo AF1b","KR906770"
"KR906771",2.93206123961401,3.78396113788972,1.67871773721373,0.498778993679015,1.60720878883729,-1.04868189124989,-0.212903623140348,-0.758683952668192,-0.395069241590846,-0.0592102837822488,1.24537953505087,-0.0963558190528653,-0.481728810844764,0.354676262648994,-0.288820260755063,-0.0546259900517231,-0.116020437968904,0.0279453529615654,0.0791073164871833,0.0682694198534089,0.153899638722068,0.0647238908092295,0.00713801571669143,0.0184360039407968,0.0583129005438414,-0.0548713657373885,0.00358424479656989,0.0401907456994145,0.108525705822449,-0.0618535588427648,0.0182922783863397,0.102492049554271,0.015056007101622,-0.120575772780214,0.00510123808877749,-0.043858954734141,0.00155175511918018,-0.038559264486636,-0.0343446250841074,-0.0642249374684245,0.000318446890545768,0.000142595304489405,-0.000147039950802824,-7.4892486753982e-05,-8.09614989300841e-05,-4.51571261315032e-05,-0.000342673064475257,-6.84492763660587e-06,1.84198074984948e-14,-7.45415902713949e-16,4.20070776219622e-17,-5.74266022330826e-17,-2.48574269438316e-16,-4.28717498047579e-18,4.48860485168385e-17,-8.35923160814533e-18,4.56760776417412e-16,"Cosmo AF1b","KR906771"
"KR906772",2.66517762567659,3.96542121656456,1.26686596020542,0.258099059932622,1.19008272126183,-0.847324935718749,-0.0300834807726821,-0.470866308136742,-0.480721464655375,0.00467607090925169,0.760767210376622,-0.107207230922601,0.15657575973503,-0.327222435692671,-0.115012440776493,-0.380289985451368,-0.0421910153911611,0.0735586475795473,0.10569913393539,0.122929139223515,0.220029337170047,-0.194947096246536,-0.2280660404283,0.174768862661674,-0.158860340161759,0.29108152890246,-0.217719002694931,0.203702620120919,-0.112412090959676,-0.0435985058135204,-0.0671514211819336,-0.155744351464421,0.100187546628251,0.00514130996182211,0.224123298042348,-0.100705772846282,0.199733644467624,0.0889639248468569,-0.512913094577511,-0.0878177582027318,-0.000357062248692401,-0.000654914706447702,-0.000271036406453393,-9.36655582680335e-06,7.11585746814087e-05,0.000106632727486448,-0.00016268262785067,-4.24165410703312e-05,1.85850000015633e-14,-5.1722988171973e-16,-6.1404042186028e-17,2.42067283675288e-17,-1.16053655901939e-16,-1.00818349928123e-16,-6.77287467665599e-17,-6.2806865901821e-17,4.53529830739798e-16,"Cosmo AF1b","KR906772"
"KR906773",2.69190919001973,3.75544382127341,1.32406790317131,0.249098187186374,1.53895192773675,-0.959995909822625,-0.480279298473884,-0.478905761829886,-0.747900944693065,-0.354890895459029,0.998870923989629,-0.300486035097241,0.0347176574052305,-0.504203407956857,-0.547056933731847,-0.950370396716369,-0.283593559930095,0.520577090706942,-0.189203083860874,0.0619570895505072,-0.196886496656514,-0.539597088734786,-0.581150842322258,0.0981956674182029,-0.269129056122448,0.355143366460809,0.271650191988397,0.248865841493039,-0.0254290535315682,-0.181213790103716,-0.372949803207806,0.0289709637015878,0.317905637633687,-0.154383134736034,-0.0344562072817664,0.458148979396815,0.136679592157207,0.23866243162178,0.0618461791278202,0.0868921599415508,0.000239602890828296,0.000406078912431208,-0.000252269811073325,-0.000390523324568838,-0.000304927353469176,0.000356244450528441,-0.00012928051643894,7.95391108907908e-05,1.83571911147484e-14,-5.4860638725421e-16,3.28345616488039e-16,5.15235112749707e-17,1.72440522658005e-17,2.40507988760133e-16,2.5270084009031e-16,-1.3117610918981e-16,2.90308568714388e-16,"Cosmo AF1b","KR906773"
"KR906774",3.07252293803974,2.18752954651865,-0.513935216499857,-1.0711537100309,-2.36191581219447,1.89237127431528,0.526079248800967,0.690087900284268,1.42158131239425,-1.61559505692117,0.668732645587308,0.325448339858207,0.525854815861211,0.32133499305748,-0.0270229541852794,0.0659278626410855,-0.0127732923454376,0.194095083423732,0.11801994950769,-0.613138280631778,0.0783585577957961,0.278748992977644,0.350972035478472,-0.00709927594045005,-0.353825023863973,-0.160817439329139,-0.0403288220053496,-0.0375522022601591,0.0945158636696753,0.0943827841268438,-0.0101937725221332,0.0884458343894303,0.0630796928568871,0.0549395451366226,0.111734526429254,-0.0149190808501147,-0.0458603819635702,-0.00946341653931254,0.01487637037199,-0.0707121683773758,0.000460144893074496,0.000728866382575363,-0.000444503953565208,-9.47333662529962e-05,-0.000764795180747562,-0.000152995218215938,-0.000217658252760748,9.07694727027287e-06,1.82077651425285e-14,-2.78219888589076e-16,-2.8904656709814e-16,8.27419227392531e-17,9.9024046179504e-17,-1.71909945381594e-16,3.01236801591188e-16,-3.26490311859919e-16,2.651477349801e-16,"Cosmo AF1b","KR906774"
"KR906776",2.83964969701554,2.31476429967977,-0.214798765966696,-1.94650352837606,-2.23474522492785,1.8771106132581,1.07317154128194,1.03603810279355,1.54166397444565,-1.00261733342096,0.264447674459908,0.499137567901271,1.242452819535,-0.236591314432477,-0.711275325704882,-0.0328456012039629,0.0111331796985824,0.000972167745774619,0.0272167319294912,0.374113932831659,-0.212317315383932,0.233808665642291,0.236641067086937,-0.235605364193137,-0.228717224936917,0.252425716364175,-0.140826315024086,-0.221397879384931,-0.0786333859073605,0.0787129323550952,-0.386517083355921,0.100373583470763,-0.148287610738576,-0.109870871605913,0.011032399316121,0.116903812129747,-0.050992683009911,-0.00626440036541437,0.00825457318800037,0.0686010107300941,-0.000646258805675437,0.000558329843655067,0.000473472363949123,0.000489768852914064,0.00113224387710084,3.92928061456017e-05,-0.000171174849901405,-4.23605386931161e-05,1.85408320499161e-14,5.48470187984706e-17,-1.78024264635624e-16,8.27419227392531e-17,4.35128949482461e-17,-3.38443399075367e-16,3.01236801591188e-16,-3.82001463091177e-16,4.31031300550687e-17,"Cosmo AF1b","KR906776"
"KR906780",2.73412440535818,4.15723896232643,1.47660950833543,0.249122877244958,1.69933166106204,-1.21096638414985,-0.277447911763489,-0.497027726581666,-0.713617849750928,-0.325195203259579,0.8543792371504,-0.306295952356188,0.19620864552948,-0.504194427789947,-0.220490494421241,-0.610761129143114,-0.0467726923051163,0.292309686790843,0.0639385001644135,0.063595826830132,0.165819366384753,-0.601573087598051,-0.363656232859663,-0.0457044623175512,-0.145768702009047,0.28301042423002,0.264548702669644,0.0718102370427761,-0.18248408803035,-0.0925839015970444,-0.18565649155658,-0.111068628231605,0.157969347915333,-0.0018687093578971,-0.0389257786711906,0.00216012979449507,0.0501331739483537,-0.0488277832869984,-0.00605446825648424,0.0183684406717299,-0.000341239360195381,0.000610433310590786,0.000163822178160247,7.89110400858754e-05,-0.000208034218140337,0.000116130767644123,-9.92344340333519e-05,-4.24760045509605e-05,1.85308298009573e-14,-6.34393600251433e-16,-9.67708004561823e-17,-1.91545100182479e-18,-1.93063118207058e-16,1.0673512748204e-16,-6.6136253945677e-17,-2.85914987764434e-16,2.34716171492381e-16,"Cosmo AF1b","KR906780"
"KR906782",2.93206123961401,3.78396113788972,1.67871773721373,0.498778993679015,1.60720878883729,-1.04868189124989,-0.212903623140348,-0.758683952668192,-0.395069241590846,-0.0592102837822488,1.24537953505087,-0.0963558190528653,-0.481728810844764,0.354676262648994,-0.288820260755063,-0.0546259900517231,-0.116020437968904,0.0279453529615654,0.0791073164871833,0.0682694198534089,0.153899638722068,0.0647238908092295,0.00713801571669143,0.0184360039407968,0.0583129005438414,-0.0548713657373885,0.00358424479656989,0.0401907456994145,0.108525705822449,-0.0618535588427648,0.0182922783863397,0.102492049554271,0.015056007101622,-0.120575772780214,0.00510123808877749,-0.043858954734141,0.00155175511918018,-0.038559264486636,-0.0343446250841074,-0.0642249374684245,0.000318446890545768,0.000142595304489405,-0.000147039950802824,-7.4892486753982e-05,-8.09614989300841e-05,-4.51571261315032e-05,-0.000342673064475257,-6.84492763660587e-06,1.84198074984948e-14,-7.45415902713949e-16,4.20070776219622e-17,-5.74266022330826e-17,-2.48574269438316e-16,-4.28717498047579e-18,4.48860485168385e-17,-8.35923160814533e-18,4.56760776417412e-16,"Cosmo AF1b","KR906782"
"KR906784",2.77899272431809,2.17270986732615,0.0232032947612336,-2.31363254245718,-2.1252452549087,1.80430368570494,1.21996179943999,0.976807247002904,1.64689298950213,-0.785630680279785,0.109789729560027,0.546061897663291,1.41656537219149,-0.387988113230184,-1.14059172037133,0.150685768355079,-0.0928120383815386,-0.114918712411064,-0.0766962327493283,0.821205159871388,-0.345463256577167,0.253953332684695,0.30698348994028,-0.317539459919967,-0.0987960729434017,0.365135901494574,-0.0875573798867023,-0.402984730598098,0.00463151727084903,0.021498251002331,-0.482681206290785,0.157566766272933,-0.110751927769642,-0.197733915811113,-0.065482352728334,0.0121289191005785,0.00860282217177352,-0.0020402182383506,-0.00776119493037137,0.0460571901043072,-0.00109756412084629,0.000502044137178693,0.000625253472148694,0.00048464527071292,0.00117126464889918,-1.29068251259916e-05,0.000103024241094836,-9.57034834368226e-05,1.85963432011473e-14,5.48470187984706e-17,-1.50268689019995e-16,8.27419227392531e-17,9.9024046179504e-17,-3.66198974690996e-16,2.4572565035993e-16,-3.26490311859919e-16,4.31031300550687e-17,"Cosmo AF1b","KR906784"
"KR906789",2.83964969701554,2.31476429967977,-0.214798765966696,-1.94650352837606,-2.23474522492785,1.8771106132581,1.07317154128194,1.03603810279355,1.54166397444565,-1.00261733342096,0.264447674459908,0.499137567901271,1.242452819535,-0.236591314432477,-0.711275325704882,-0.0328456012039629,0.0111331796985824,0.000972167745774619,0.0272167319294912,0.374113932831659,-0.212317315383932,0.233808665642291,0.236641067086937,-0.235605364193137,-0.228717224936917,0.252425716364175,-0.140826315024086,-0.221397879384931,-0.0786333859073605,0.0787129323550952,-0.386517083355921,0.100373583470763,-0.148287610738576,-0.109870871605913,0.011032399316121,0.116903812129747,-0.050992683009911,-0.00626440036541437,0.00825457318800037,0.0686010107300941,-0.000646258805675437,0.000558329843655067,0.000473472363949123,0.000489768852914064,0.00113224387710084,3.92928061456017e-05,-0.000171174849901405,-4.23605386931161e-05,1.85408320499161e-14,5.48470187984706e-17,-1.78024264635624e-16,8.27419227392531e-17,4.35128949482461e-17,-3.38443399075367e-16,3.01236801591188e-16,-3.82001463091177e-16,4.31031300550687e-17,"Cosmo AF1b","KR906789"
"KR906790",2.56769975995049,3.20135427391088,-1.91205681848443,-2.06005296935541,-1.85892077004647,1.93596021829322,0.949915467283287,0.72560275538235,-0.332440829138095,-0.514615833147293,0.590538040117106,-0.0629914662423066,-1.88267939541978,-0.178307387391882,1.44165663374468,-0.791063453291919,0.562188058928722,-0.193080262292947,-1.50562266818948,-0.471147124375606,0.700618725749242,1.02334960521068,-0.0387154154956717,0.0181590932882699,0.431434677497681,-0.0513650890589452,0.119914259124106,0.304163191081678,0.197788141431677,-0.180796457119564,-0.0312961941255017,-0.40608216140174,0.150196798129239,-0.130034992299002,-0.0283987095549918,0.05018238045877,0.147333408677265,-0.130710224604699,0.173034707034312,0.0267601191932365,-0.0031431110995752,-0.000926899449070247,0.00127646110679216,-2.6769216637936e-05,-6.25294638734731e-05,-0.000333449995203797,0.000108891568936194,-6.07377790780293e-06,1.89849212597661e-14,7.76491984804822e-16,1.62647646737781e-17,-5.95054022908451e-17,3.48824226720164e-16,1.61156962005953e-16,1.34703347897415e-16,-3.54245887475548e-16,2.651477349801e-16,"Cosmo AF1b","KR906790"
"KR906792",2.69212023548596,4.32161063665894,1.44553729927472,0.220897542656349,1.49876531806617,-0.68369186029316,-0.5286882162957,-0.342710952669131,-1.27109426578313,-0.126217861361251,1.60945420360472,0.188135837011241,0.242673217465576,-0.0075476215590647,-0.196170318301956,-0.286960174898753,-0.0704966645077025,-0.89462817453664,-0.346124745661977,0.377660299878592,0.0599397077109021,0.041338358635959,-0.553177005046853,0.130354437690016,-0.121445899119491,0.165807968316762,-0.394801250370315,0.163881901484819,-0.018021205919961,-0.0275914142259223,0.10011319927581,0.0230024626791912,-0.15176496231639,0.0902201829448704,-0.132056131032344,-0.0872248260993688,0.155439940152527,-0.182422920430112,0.103524703053076,0.0164216202793299,-5.11205755598322e-05,-0.00168973280187207,-0.000621415244963014,0.000209912762484175,0.000370332506013584,-0.00080609882342472,-3.13522058043415e-05,7.51828630809152e-05,1.91414524645012e-14,-9.11949356407722e-16,1.25273804468849e-16,-1.23237918576856e-17,1.53881576988303e-16,1.34490703097669e-16,2.39175077826241e-16,-2.16526048725362e-16,4.56760776417412e-16,"Cosmo AF1b","KR906792"
"KT336432",3.51288179737644,2.41289106905866,-0.727087756955084,-0.319759430564759,-0.0430875707736992,1.2578709525583,0.9859007588182,-0.597535591462525,-2.32672466736146,0.598744712135167,-2.22096548090556,-0.129889324983099,-1.01826979152173,-0.120099132654505,0.101174871959772,-0.358521550975069,-0.573711062350937,-0.683104036267478,0.814296517190778,0.271512970840421,-0.431638810275989,0.129313958202406,0.700068438452928,0.224137557210254,-0.520376687747286,-0.536894725805494,0.132711951886308,0.00444782444907724,-0.296148412697389,0.330647610963456,-0.237664648602719,-0.0441388220936959,-0.0782267544583332,0.0106046009252346,0.260305776824743,-0.0356556969127586,0.067634331919275,-0.0184475874205375,-0.00917359042786679,0.0363795177887712,-5.89660178803212e-05,0.00047746556885394,0.000466058415779683,0.000388170132246794,-0.000269762807829144,0.000363737019304058,0.000124011882289795,-5.26427192850485e-05,1.68754975129783e-14,-8.33331400901655e-16,6.26887428217614e-16,-5.24804107633661e-19,4.35128949482461e-17,-1.71909945381594e-16,3.01236801591188e-16,-2.15468009397403e-16,4.87192339905131e-16,"Cosmo AF1b","KT336432"
"KT336433",3.47010191156844,1.86950003336965,-0.611739532993592,-0.365012440091799,-0.384797192330472,0.779029864704358,-0.73637723786558,0.544320746819409,-0.539883755791364,0.677863985846711,-0.363185406283204,0.590835539469625,-1.6724717588041,1.54007242825307,1.12193595567901,0.943664196690046,0.0959226880183362,0.637797955722325,-1.12488318767645,0.207786404455595,0.675784097564764,0.151853975721047,-0.611094781906171,-0.288545976042843,0.878774305653083,0.741981352574456,0.0647774766979032,-0.626424612544863,-0.354540478499861,1.05048297018984,0.211659452690363,-0.0198431398248942,0.476033742530448,0.414863257391342,0.0367290234839259,-0.268710996866319,0.0257808002061151,-0.275811260592951,0.321092087526678,-0.1036171737003,0.00141462905460396,0.00172402390232971,-0.000406906167568853,0.000856480811623458,0.000424666826058424,0.00108694982749527,-0.000877842184500627,0.000408486322706028,1.9762074395466e-14,5.26009197836031e-17,2.67747860798905e-16,-7.06585339380569e-16,6.80937259373084e-16,-7.68944656009031e-17,1.69106058636661e-16,-1.19219992388948e-17,3.03704806354875e-16,"Cosmo AF1b","KT336433"
"KT336434",3.24151646902181,4.41784748973436,-0.240240184681166,-0.914427254222546,-0.788890498402359,0.949417063530725,0.0847354696431984,0.608923952093172,-1.32641198325723,1.26458669881734,0.447929978844283,1.70289112739229,-0.289515079648504,-0.703919060046039,0.243443399110567,1.98710251505747,-2.5642222535565,-0.553981641195066,-1.28449368050367,0.313774997955683,-1.50784950675107,-0.371368905917836,0.0193532104213925,-0.53096575850323,0.940429553655235,-0.448096801118879,0.0245448674859197,0.121708113875111,-0.0139702828993691,-0.13714439067571,-0.141467657339332,-0.517277277774838,0.29513844058443,0.490678234619849,0.0806178591522383,0.0252619947975333,-0.457148569445756,0.0699700585266383,-0.156552542493174,-0.28335609521029,-0.000752398210101488,0.000588435630875127,0.00123287646433602,-0.000444429050845155,9.74234174693677e-05,-0.000448983717083661,1.58905285178863e-05,-0.000124599219178099,1.80322644762807e-14,-8.65222136587645e-16,1.15245056782945e-16,6.5846678706267e-17,1.13693301901773e-16,-1.51546003850166e-16,6.56534580158095e-16,-1.52333695911342e-16,2.36942254706228e-16,"Cosmo AF1b","KT336434"
"KT336435",3.4881674851829,3.1263700178812,0.422408249081385,-0.109599707410228,-0.102277055358609,0.991540859248512,-0.776454071387026,0.332660568235132,0.543793853438069,0.482762007869329,-0.275436704507126,-0.411117587457823,0.369285907696189,1.0228121329473,-0.292887807496767,2.10677889330271,-0.47456123060015,-0.227603715060591,-0.817951885638103,-0.131607390498788,-0.617266366549835,-1.14545145870394,0.0832737944380153,0.251856872420724,-0.503557175847628,-0.396517606389394,0.0125480767016219,-1.28277425820916,0.404558840957998,0.115309868538081,-0.121994520437744,0.271446651151006,-0.373584186217245,0.0266195386385057,-0.417025420854583,-0.0284841651933159,0.0744464604962586,0.138300737917791,-0.327528916824687,0.0991333799956835,-0.00185203604736521,-0.00185822215637477,0.00165488463932116,0.00187742217579906,0.000104428342579098,0.00105937320541492,-0.00125723281662196,7.84661707671772e-05,1.74262086125121e-14,-1.28591846804041e-15,3.55237394644033e-16,-1.84482301898814e-16,-4.27938040849148e-16,-5.27644930089617e-16,-1.1017814654805e-16,1.10454021142471e-16,4.0135634345774e-16,"Cosmo AF1b","KT336435"
"KT336436",3.60484974437072,2.14793379937894,-1.28030687714451,-1.17358383282316,1.82939771439366,1.53870118438562,0.423769193246279,-0.752761046283168,-2.97291394061351,0.223077452358435,-1.91636104535325,1.14841693567104,-1.08124693777075,-0.015258997033491,-0.117323000148667,-0.833648189328105,1.01193415410235,0.403711104490317,0.501141147838544,0.279209912166176,0.457998416660186,-0.666035429239222,1.26250749851377,0.293132430322912,-0.374527370422737,-0.641914382546769,-0.279416448640936,-0.0978436542918852,0.167869727156342,0.0480404624373655,-0.479990732557404,0.475808865068402,-0.323794281159348,-0.195871725265651,-0.419968065681755,-0.308480676595216,-0.342014347126298,0.560633591428115,-0.252314057000222,-0.142525853762805,0.000917289486883823,0.000458934533805011,0.000559855906248201,-7.52200893354435e-05,0.000234957151071262,-0.00127766787844697,0.000134587505233639,-3.26077069550017e-05,1.75606222320526e-14,-7.52105288204925e-16,-1.55104964831737e-16,1.36582951204084e-16,2.06119116926748e-17,9.96341692551809e-17,-9.61700010637564e-17,4.55069676067318e-16,1.05746836477866e-15,"Cosmo AF1b","KT336436"
"KT336437",3.14251996379412,2.79269769019278,0.253139142574055,0.216463231994884,-0.193580909412174,0.958599170438998,-0.5685803424286,0.852533613884216,1.34353702922827,-0.0705294449547939,0.4230524630855,-0.724429982737452,0.495532981487012,0.917349473284094,-0.584550466958834,2.28195745403048,-0.677229694464519,-0.333500890169171,-1.24136074076407,-0.22468373543432,-0.881389118898633,-1.16962526090436,-0.382084184831154,0.566877740987273,-0.25957072815296,-0.0798547406265134,0.147804554638502,-1.14769904778067,0.283994076114383,0.219019313610253,-0.213685469762323,0.551585010767414,-0.211099988104998,-0.221896565199662,-0.37617350803443,0.405560311874069,0.285502083653761,0.401547818721269,-0.299012050024466,0.122903523708517,-0.00272745998820002,-0.00324607297187396,0.00324727571151444,0.000512646298767186,-0.000108221398412374,0.00104061721073792,-0.000954399574903648,0.000184389283170959,1.85165217139194e-14,-1.2749477053774e-15,6.4428922369131e-16,-6.23553440404673e-16,-6.83145488557628e-16,-2.67326792547342e-16,3.59655062552763e-17,-3.66144604154249e-16,5.05719211542954e-16,"Cosmo AF1b","KT336437"
"KX148203",3.62586061579222,3.05222142046975,-1.45016737826558,-0.965146174194924,0.553367816493171,2.0926015541296,0.43504012597169,-0.483604848956887,-1.77862901661957,1.15528568882833,-1.59509769190153,0.3734266740021,-0.440896939435689,-0.908798821183911,0.539126144733536,-0.535604687858706,0.126785364425677,0.141032681932927,0.0530770953258081,0.669161662379759,0.464951142902492,0.376764245872957,0.50856975641334,-0.298387042564895,-0.682669554051959,-0.206670964483793,-0.266067157220093,0.0790960936997059,-0.573232292802859,0.314676096156622,-0.0204806801308663,-0.359014460517148,0.354250982348661,-0.0803746099584064,-0.770929236953527,0.286666308042279,0.238668247405619,0.0912590957057886,-0.304383993397359,-0.0826086146683809,0.0010851053004371,0.00157299960862533,0.000580029345713211,-0.00100384780232108,-0.00203034885243528,-0.000487856342932694,0.000659445653117115,-0.000255139615744254,1.84853208986848e-14,-6.64132432787234e-19,4.32598398908212e-16,1.41722520922465e-16,4.45968741374866e-16,2.16668113237211e-16,5.78792557747477e-16,4.82099589510712e-17,1.54125432517584e-16,"Cosmo AF1b","KX148203"
"KX148204",3.15365789819522,2.99798946355533,-0.948641182925114,-1.07165333200727,-0.201172103934217,1.68974038013581,-0.773347792569462,0.247897957112259,-0.37203654118326,-0.586079983094572,-1.0173235140023,-0.934540212564197,-0.890533507368731,0.23829367341913,0.333917447167199,-0.321288914238015,0.875403762422577,0.168213372063567,-0.931272253772409,-0.113190143086586,0.333509731088027,-0.787653074416535,0.543718506090116,-0.177807890155459,-0.169943509502426,-0.172995465799238,0.0426531166110581,-0.456110451800331,-0.97188793188512,0.0690281992705431,0.276396866600756,0.078658777288952,0.0750409493971203,0.160989430342971,-0.181927037077009,-0.0144764031828575,0.0747302804666233,-0.071584133787964,-0.00980064571091617,-0.207953609626231,-2.87046661988849e-07,-0.000574999458971063,0.000456612951436106,-0.000256394261566481,-0.000190378850385818,0.000936894251503821,-0.00111880087595054,0.000122259310821136,1.93484485625056e-14,2.10362129053219e-16,2.07676733856101e-16,2.58209649953757e-16,1.80544269339047e-16,-5.07951278238734e-17,1.5385184734417e-16,9.44930206459891e-17,5.1229739992951e-16,"Cosmo AF1b","KX148204"
"KX148205",3.61876877758098,3.0040981131268,0.0529915460578862,-0.731662764572631,-0.0748417113813221,0.527497784961219,0.347818162085991,1.01508254274229,0.27341209287943,-0.775806473845647,-0.341612968204871,-0.928287516884608,-0.138667404659619,-0.123010163998496,0.907204389738693,1.0051755032347,-0.165862005599337,-0.0466627006151198,1.97013911698743,-0.29313396205074,-0.181042408224357,0.0695719583390874,-0.633667418796222,0.779178678465366,-0.0527734555999725,-0.219821658948844,0.0945983540704488,-0.136514362321528,-0.0355943594976354,-0.263753856576588,0.268268044046466,-0.0683209670454716,0.122633613285604,0.0656504485284659,-0.134840134532497,0.0704500408046628,0.336171307866744,0.170727538454376,-0.179784799449586,0.271590784257181,-0.00010792911406957,-0.000635586325482674,-0.000240830783061853,0.000884253060601735,0.000395242297833391,-0.000809930631919993,0.000213535614087133,0.000298751331189703,1.7240077091019e-14,-1.45316451486018e-15,1.05288415363873e-16,-3.50936868260154e-16,-2.06704695043833e-16,-1.89533036471871e-16,5.58092329680497e-16,-3.07495811365077e-16,8.42457130521959e-16,"Cosmo AF1b","KX148205"
"KX148206",3.06334824090767,1.56024681012096,-0.853827633608138,-0.741282399783454,-2.73261726038838,0.43662695487719,1.18252852355516,-0.960665439358442,1.16054200706615,0.678594348860061,0.309138248447004,-0.285837612649931,0.0797377467601345,0.406640932133509,-0.130618580063535,-0.0829858351598644,-0.8021454218096,0.44358704089537,0.433321538772462,-0.814029100292546,0.413559893752037,0.365128685908137,-1.44357547359374,-0.462650661470981,0.0664628784875571,-0.253621026016502,0.517884567245854,0.562124828308278,0.225068169108877,-0.0367989180398844,0.804024148607017,0.224085255689747,-1.1566718073288,0.00850805381689752,-0.0979531676540808,0.219188463153394,-0.276756768166283,-0.406247680578076,0.00376217388751819,0.17417588547275,-0.00458344992102873,0.000767737182925784,0.002156514445817,-0.000291846235845213,-0.000944577876155615,0.000354700143762692,0.000263358541984078,-0.000240514511961032,1.88183878060723e-14,1.27609234588614e-15,-1.50268689019995e-16,5.47647814301037e-16,-3.45065163670559e-16,-2.82932247844109e-16,6.89814860209993e-16,-8.81601824172497e-16,-6.23030684720025e-16,"Cosmo AF1b","KX148206"
"KX148208",2.75559726582206,2.52733708049237,-0.335496674936445,-1.30611463733203,-1.31192213490631,0.616818766176467,-0.0816077956996885,-0.0380388530740735,0.452416191243035,0.840265646680823,-1.63223343829643,-1.04516775292793,0.771535816106717,-0.187419424186982,-0.578555313652503,-0.048305430364728,1.55355759438456,0.226933962335095,-1.97077916760506,0.565413840197446,1.42252925865931,0.275982486436654,-0.577551669162284,0.229635502778941,0.371568347334573,-1.12741258724759,0.290494578935416,0.865794874972363,-0.55347005367242,-0.192425269025695,0.0167905091079022,0.698574843864911,-0.416302728806392,1.10155406859335,-0.0399955236457022,0.696681349003796,-0.389924004883525,-0.560831369436788,-0.209025501255807,0.174989510030391,0.00168979096458529,-0.00105706522458941,0.000747717219895868,-0.000805339264579816,0.000113887875205724,0.00150928811057329,-0.000474941183057382,-0.000167913868426739,2.06342064351405e-14,8.73101415505236e-16,1.10785848343151e-16,4.56152286927759e-16,3.31216443549592e-16,5.38762695832352e-16,9.57325325585647e-16,-1.02021618729491e-15,5.15352490677555e-16,"Cosmo AF1b","KX148208"
"KY210222",2.94688845857215,3.40398980983942,0.684974646824933,-0.35199413164103,1.6536398418784,-0.673390609001039,-0.0569845029150127,-1.02518119876686,-0.84005980255032,-0.00334502227520294,0.486987304710249,0.173399731833419,0.598684565040504,-0.340828912364651,0.273235399140879,-0.754989373033677,0.257341201660719,-0.128694807840548,-0.402766874271656,-0.946943499131017,-0.496444178762878,-0.201241444406769,0.0455515732160289,-0.0547121336481439,0.688688574753709,0.0967173847206618,0.512641119372118,-0.94028030016924,-0.747412283257321,0.0545322415379138,0.0203633766575197,0.110615735257094,-0.417316620829864,-0.0861666012765335,0.0475064519817966,0.0834453596664135,-0.24318173083177,0.168524008834296,-0.0666002260961748,0.248995545164398,0.000842683377948103,0.0015220503950461,0.000433673865688495,-0.000194430091136549,-0.000280213814028222,-0.00017581911889004,0.00156725016859359,-5.07898687748392e-05,1.93450473599286e-14,4.86856157001059e-16,2.88833309288257e-17,5.39615933178793e-16,-6.94233401365572e-16,1.73147796432905e-16,-1.49181583017884e-17,5.65107347992012e-17,7.3757492320347e-17,"Cosmo AF1b","KY210222"
"KY210223",3.07252293803974,2.18752954651865,-0.513935216499857,-1.0711537100309,-2.36191581219447,1.89237127431528,0.526079248800967,0.690087900284268,1.42158131239425,-1.61559505692117,0.668732645587308,0.325448339858207,0.525854815861211,0.32133499305748,-0.0270229541852794,0.0659278626410855,-0.0127732923454376,0.194095083423732,0.11801994950769,-0.613138280631778,0.0783585577957961,0.278748992977644,0.350972035478472,-0.00709927594045005,-0.353825023863973,-0.160817439329139,-0.0403288220053496,-0.0375522022601591,0.0945158636696753,0.0943827841268438,-0.0101937725221332,0.0884458343894303,0.0630796928568871,0.0549395451366226,0.111734526429254,-0.0149190808501147,-0.0458603819635702,-0.00946341653931254,0.01487637037199,-0.0707121683773758,0.000460144893074496,0.000728866382575363,-0.000444503953565208,-9.47333662529962e-05,-0.000764795180747562,-0.000152995218215938,-0.000217658252760748,9.07694727027287e-06,1.82077651425285e-14,-2.78219888589076e-16,-2.8904656709814e-16,8.27419227392531e-17,9.9024046179504e-17,-1.71909945381594e-16,3.01236801591188e-16,-3.26490311859919e-16,2.651477349801e-16,"Cosmo AF1b","KY210223"
"KY210224",2.65159960286308,4.15804749354066,1.55800285123035,0.501410654861569,1.51305891243955,-0.68433930734702,-0.421529536110782,-0.334572475562458,-0.997397123277881,-0.333741882181041,1.47213624962367,0.233008310950993,0.485704111844024,0.0329735246706387,-0.149535304111433,-0.504262010869886,0.0152090191202269,-0.530337673670248,-0.0866673185809552,0.590849505386357,-0.133865374874651,0.202784447797499,-0.298867631043783,0.107218814879873,-0.244475986308243,0.0470678308875306,-0.285024977068778,0.0382052487822373,-0.0367860577544103,-0.0239585975043461,0.190169390913611,-0.00922127023591284,-0.0998710833003029,0.0230644892016066,-0.042562867276504,-0.156713178992418,-0.0316035088365189,-0.0888838508293211,0.0642194709361114,0.0599699972885196,-0.000103650558959967,-0.00171519755707367,-0.000750086125651588,4.33742346849324e-05,0.000192288475531424,0.000475905537773479,4.66376829482861e-05,-2.17699752684009e-05,1.85863409521886e-14,-6.34393600251433e-16,-1.35040736092956e-17,2.79109752106418e-16,-3.45718784093017e-16,-3.20427505961047e-17,1.83663926594983e-16,-1.33259321878475e-16,3.45738473954896e-16,"Cosmo AF1b","KY210224"
"KY210226",2.69882482817136,3.99538682263022,1.40174810567064,0.369503907761103,1.73569202386414,-0.536587192581639,0.00655004807091575,-0.475787389324779,-0.763182448795769,-0.0707436490950101,1.32054834438113,-0.123717350467622,0.174965047248868,0.135104817324353,-0.057649568457311,-0.635644242376507,-0.11355322223742,-0.346108682811332,0.092414718633524,0.629378845690686,0.195780129309191,0.00273131659564803,-0.356922674384613,0.234876629087803,-0.197026188761721,0.0519399824798656,-0.0181368400131342,0.0493571638991848,-0.112167702627098,0.0818476823796999,0.131674671705751,-0.0665685329904503,-0.0677141114854203,0.0407517790779539,-0.0768684319786009,-0.0271785316286792,-0.0147452380651739,-0.0474374935648984,0.019111949951033,0.0293673030266252,-9.42865313283498e-05,0.000442389359324048,-0.000130510135240298,-0.000237852654558992,-9.29310747323031e-05,3.37229137433536e-05,-0.000213839437393043,-0.000115343959440381,1.84753186497261e-14,-6.89904751482691e-16,1.42515020063333e-17,1.26454086220459e-16,-2.34696481630502e-16,-3.20427505961047e-17,1.83663926594983e-16,-2.99792775572249e-16,2.34716171492381e-16,"Cosmo AF1b","KY210226"
"KY210227",2.83964969701554,2.31476429967977,-0.214798765966696,-1.94650352837606,-2.23474522492785,1.8771106132581,1.07317154128194,1.03603810279355,1.54166397444565,-1.00261733342096,0.264447674459908,0.499137567901271,1.242452819535,-0.236591314432477,-0.711275325704882,-0.0328456012039629,0.0111331796985824,0.000972167745774619,0.0272167319294912,0.374113932831659,-0.212317315383932,0.233808665642291,0.236641067086937,-0.235605364193137,-0.228717224936917,0.252425716364175,-0.140826315024086,-0.221397879384931,-0.0786333859073605,0.0787129323550952,-0.386517083355921,0.100373583470763,-0.148287610738576,-0.109870871605913,0.011032399316121,0.116903812129747,-0.050992683009911,-0.00626440036541437,0.00825457318800037,0.0686010107300941,-0.000646258805675437,0.000558329843655067,0.000473472363949123,0.000489768852914064,0.00113224387710084,3.92928061456017e-05,-0.000171174849901405,-4.23605386931161e-05,1.85408320499161e-14,5.48470187984706e-17,-1.78024264635624e-16,8.27419227392531e-17,4.35128949482461e-17,-3.38443399075367e-16,3.01236801591188e-16,-3.82001463091177e-16,4.31031300550687e-17,"Cosmo AF1b","KY210227"
"KY210229",2.93206123961401,3.78396113788972,1.67871773721373,0.498778993679015,1.60720878883729,-1.04868189124989,-0.212903623140348,-0.758683952668192,-0.395069241590846,-0.0592102837822488,1.24537953505087,-0.0963558190528653,-0.481728810844764,0.354676262648994,-0.288820260755063,-0.0546259900517231,-0.116020437968904,0.0279453529615654,0.0791073164871833,0.0682694198534089,0.153899638722068,0.0647238908092295,0.00713801571669143,0.0184360039407968,0.0583129005438414,-0.0548713657373885,0.00358424479656989,0.0401907456994145,0.108525705822449,-0.0618535588427648,0.0182922783863397,0.102492049554271,0.015056007101622,-0.120575772780214,0.00510123808877749,-0.043858954734141,0.00155175511918018,-0.038559264486636,-0.0343446250841074,-0.0642249374684245,0.000318446890545768,0.000142595304489405,-0.000147039950802824,-7.4892486753982e-05,-8.09614989300841e-05,-4.51571261315032e-05,-0.000342673064475257,-6.84492763660587e-06,1.84198074984948e-14,-7.45415902713949e-16,4.20070776219622e-17,-5.74266022330826e-17,-2.48574269438316e-16,-4.28717498047579e-18,4.48860485168385e-17,-8.35923160814533e-18,4.56760776417412e-16,"Cosmo AF1b","KY210229"
"KY210231",2.93206123961401,3.78396113788972,1.67871773721373,0.498778993679015,1.60720878883729,-1.04868189124989,-0.212903623140348,-0.758683952668192,-0.395069241590846,-0.0592102837822488,1.24537953505087,-0.0963558190528653,-0.481728810844764,0.354676262648994,-0.288820260755063,-0.0546259900517231,-0.116020437968904,0.0279453529615654,0.0791073164871833,0.0682694198534089,0.153899638722068,0.0647238908092295,0.00713801571669143,0.0184360039407968,0.0583129005438414,-0.0548713657373885,0.00358424479656989,0.0401907456994145,0.108525705822449,-0.0618535588427648,0.0182922783863397,0.102492049554271,0.015056007101622,-0.120575772780214,0.00510123808877749,-0.043858954734141,0.00155175511918018,-0.038559264486636,-0.0343446250841074,-0.0642249374684245,0.000318446890545768,0.000142595304489405,-0.000147039950802824,-7.4892486753982e-05,-8.09614989300841e-05,-4.51571261315032e-05,-0.000342673064475257,-6.84492763660587e-06,1.84198074984948e-14,-7.45415902713949e-16,4.20070776219622e-17,-5.74266022330826e-17,-2.48574269438316e-16,-4.28717498047579e-18,4.48860485168385e-17,-8.35923160814533e-18,4.56760776417412e-16,"Cosmo AF1b","KY210231"
"KY210232",2.93206123961401,3.78396113788972,1.67871773721373,0.498778993679015,1.60720878883729,-1.04868189124989,-0.212903623140348,-0.758683952668192,-0.395069241590846,-0.0592102837822488,1.24537953505087,-0.0963558190528653,-0.481728810844764,0.354676262648994,-0.288820260755063,-0.0546259900517231,-0.116020437968904,0.0279453529615654,0.0791073164871833,0.0682694198534089,0.153899638722068,0.0647238908092295,0.00713801571669143,0.0184360039407968,0.0583129005438414,-0.0548713657373885,0.00358424479656989,0.0401907456994145,0.108525705822449,-0.0618535588427648,0.0182922783863397,0.102492049554271,0.015056007101622,-0.120575772780214,0.00510123808877749,-0.043858954734141,0.00155175511918018,-0.038559264486636,-0.0343446250841074,-0.0642249374684245,0.000318446890545768,0.000142595304489405,-0.000147039950802824,-7.4892486753982e-05,-8.09614989300841e-05,-4.51571261315032e-05,-0.000342673064475257,-6.84492763660587e-06,1.84198074984948e-14,-7.45415902713949e-16,4.20070776219622e-17,-5.74266022330826e-17,-2.48574269438316e-16,-4.28717498047579e-18,4.48860485168385e-17,-8.35923160814533e-18,4.56760776417412e-16,"Cosmo AF1b","KY210232"
"KY210234",2.93206123961401,3.78396113788972,1.67871773721373,0.498778993679015,1.60720878883729,-1.04868189124989,-0.212903623140348,-0.758683952668192,-0.395069241590846,-0.0592102837822488,1.24537953505087,-0.0963558190528653,-0.481728810844764,0.354676262648994,-0.288820260755063,-0.0546259900517231,-0.116020437968904,0.0279453529615654,0.0791073164871833,0.0682694198534089,0.153899638722068,0.0647238908092295,0.00713801571669143,0.0184360039407968,0.0583129005438414,-0.0548713657373885,0.00358424479656989,0.0401907456994145,0.108525705822449,-0.0618535588427648,0.0182922783863397,0.102492049554271,0.015056007101622,-0.120575772780214,0.00510123808877749,-0.043858954734141,0.00155175511918018,-0.038559264486636,-0.0343446250841074,-0.0642249374684245,0.000318446890545768,0.000142595304489405,-0.000147039950802824,-7.4892486753982e-05,-8.09614989300841e-05,-4.51571261315032e-05,-0.000342673064475257,-6.84492763660587e-06,1.84198074984948e-14,-7.45415902713949e-16,4.20070776219622e-17,-5.74266022330826e-17,-2.48574269438316e-16,-4.28717498047579e-18,4.48860485168385e-17,-8.35923160814533e-18,4.56760776417412e-16,"Cosmo AF1b","KY210234"
"KY210235",2.93206123961401,3.78396113788972,1.67871773721373,0.498778993679015,1.60720878883729,-1.04868189124989,-0.212903623140348,-0.758683952668192,-0.395069241590846,-0.0592102837822488,1.24537953505087,-0.0963558190528653,-0.481728810844764,0.354676262648994,-0.288820260755063,-0.0546259900517231,-0.116020437968904,0.0279453529615654,0.0791073164871833,0.0682694198534089,0.153899638722068,0.0647238908092295,0.00713801571669143,0.0184360039407968,0.0583129005438414,-0.0548713657373885,0.00358424479656989,0.0401907456994145,0.108525705822449,-0.0618535588427648,0.0182922783863397,0.102492049554271,0.015056007101622,-0.120575772780214,0.00510123808877749,-0.043858954734141,0.00155175511918018,-0.038559264486636,-0.0343446250841074,-0.0642249374684245,0.000318446890545768,0.000142595304489405,-0.000147039950802824,-7.4892486753982e-05,-8.09614989300841e-05,-4.51571261315032e-05,-0.000342673064475257,-6.84492763660587e-06,1.84198074984948e-14,-7.45415902713949e-16,4.20070776219622e-17,-5.74266022330826e-17,-2.48574269438316e-16,-4.28717498047579e-18,4.48860485168385e-17,-8.35923160814533e-18,4.56760776417412e-16,"Cosmo AF1b","KY210235"
"KY210238",2.93206123961401,3.78396113788972,1.67871773721373,0.498778993679015,1.60720878883729,-1.04868189124989,-0.212903623140348,-0.758683952668192,-0.395069241590846,-0.0592102837822488,1.24537953505087,-0.0963558190528653,-0.481728810844764,0.354676262648994,-0.288820260755063,-0.0546259900517231,-0.116020437968904,0.0279453529615654,0.0791073164871833,0.0682694198534089,0.153899638722068,0.0647238908092295,0.00713801571669143,0.0184360039407968,0.0583129005438414,-0.0548713657373885,0.00358424479656989,0.0401907456994145,0.108525705822449,-0.0618535588427648,0.0182922783863397,0.102492049554271,0.015056007101622,-0.120575772780214,0.00510123808877749,-0.043858954734141,0.00155175511918018,-0.038559264486636,-0.0343446250841074,-0.0642249374684245,0.000318446890545768,0.000142595304489405,-0.000147039950802824,-7.4892486753982e-05,-8.09614989300841e-05,-4.51571261315032e-05,-0.000342673064475257,-6.84492763660587e-06,1.84198074984948e-14,-7.45415902713949e-16,4.20070776219622e-17,-5.74266022330826e-17,-2.48574269438316e-16,-4.28717498047579e-18,4.48860485168385e-17,-8.35923160814533e-18,4.56760776417412e-16,"Cosmo AF1b","KY210238"
"KY210239",2.93206123961401,3.78396113788972,1.67871773721373,0.498778993679015,1.60720878883729,-1.04868189124989,-0.212903623140348,-0.758683952668192,-0.395069241590846,-0.0592102837822488,1.24537953505087,-0.0963558190528653,-0.481728810844764,0.354676262648994,-0.288820260755063,-0.0546259900517231,-0.116020437968904,0.0279453529615654,0.0791073164871833,0.0682694198534089,0.153899638722068,0.0647238908092295,0.00713801571669143,0.0184360039407968,0.0583129005438414,-0.0548713657373885,0.00358424479656989,0.0401907456994145,0.108525705822449,-0.0618535588427648,0.0182922783863397,0.102492049554271,0.015056007101622,-0.120575772780214,0.00510123808877749,-0.043858954734141,0.00155175511918018,-0.038559264486636,-0.0343446250841074,-0.0642249374684245,0.000318446890545768,0.000142595304489405,-0.000147039950802824,-7.4892486753982e-05,-8.09614989300841e-05,-4.51571261315032e-05,-0.000342673064475257,-6.84492763660587e-06,1.84198074984948e-14,-7.45415902713949e-16,4.20070776219622e-17,-5.74266022330826e-17,-2.48574269438316e-16,-4.28717498047579e-18,4.48860485168385e-17,-8.35923160814533e-18,4.56760776417412e-16,"Cosmo AF1b","KY210239"
"KY210243",3.08898887740062,3.77713807846047,1.64778354352002,0.583856216163589,1.64884959098634,-1.13654459172171,-0.177412468664963,-0.760186842151789,-0.273678713860763,-0.426338331856947,1.01825431954276,-0.0864207939832465,-0.413910701484245,0.415072287223658,-0.245045282322881,-0.228920562721415,-0.116605145913478,0.126227491081358,0.203669678543213,0.278918733584092,0.192451421261508,0.317962208470417,-0.0720478961367244,0.0340988903473162,0.345442295556475,-0.143624439790553,-0.0196942948669597,-0.0631122711701446,0.302830927552297,-0.235126572856906,-0.0648987910763767,-0.130742674851664,-0.084700420115629,-0.116114415089561,0.118738608439446,0.0137541785173996,0.0372800875295417,0.0592250324742653,-0.0614709397342318,0.0422021442393885,0.000451129381964669,0.000215930167812853,-5.33107714614069e-05,0.000155151165268856,-0.000114370506407143,-0.00125461634717893,-0.000627290055162971,-2.92098253037656e-05,1.83087851960323e-14,-8.56438205176464e-16,-1.24526376071811e-16,-2.96710266174537e-17,1.40003789180489e-16,-5.97983262117336e-17,1.55908350979354e-16,-8.35923160814533e-18,5.67783078879928e-16,"Cosmo AF1b","KY210243"
"KY210244",2.65159960286308,4.15804749354066,1.55800285123035,0.501410654861569,1.51305891243955,-0.68433930734702,-0.421529536110782,-0.334572475562458,-0.997397123277881,-0.333741882181041,1.47213624962367,0.233008310950993,0.485704111844024,0.0329735246706387,-0.149535304111433,-0.504262010869886,0.0152090191202269,-0.530337673670248,-0.0866673185809552,0.590849505386357,-0.133865374874651,0.202784447797499,-0.298867631043783,0.107218814879873,-0.244475986308243,0.0470678308875306,-0.285024977068778,0.0382052487822373,-0.0367860577544103,-0.0239585975043461,0.190169390913611,-0.00922127023591284,-0.0998710833003029,0.0230644892016066,-0.042562867276504,-0.156713178992418,-0.0316035088365189,-0.0888838508293211,0.0642194709361114,0.0599699972885196,-0.000103650558959967,-0.00171519755707367,-0.000750086125651588,4.33742346849324e-05,0.000192288475531424,0.000475905537773479,4.66376829482861e-05,-2.17699752684009e-05,1.85863409521886e-14,-6.34393600251433e-16,-1.35040736092956e-17,2.79109752106418e-16,-3.45718784093017e-16,-3.20427505961047e-17,1.83663926594983e-16,-1.33259321878475e-16,3.45738473954896e-16,"Cosmo AF1b","KY210244"
"KY210245",2.56769975995049,3.20135427391088,-1.91205681848443,-2.06005296935541,-1.85892077004647,1.93596021829322,0.949915467283287,0.72560275538235,-0.332440829138095,-0.514615833147293,0.590538040117106,-0.0629914662423066,-1.88267939541978,-0.178307387391882,1.44165663374468,-0.791063453291919,0.562188058928722,-0.193080262292947,-1.50562266818948,-0.471147124375606,0.700618725749242,1.02334960521068,-0.0387154154956717,0.0181590932882699,0.431434677497681,-0.0513650890589452,0.119914259124106,0.304163191081678,0.197788141431677,-0.180796457119564,-0.0312961941255017,-0.40608216140174,0.150196798129239,-0.130034992299002,-0.0283987095549918,0.05018238045877,0.147333408677265,-0.130710224604699,0.173034707034312,0.0267601191932365,-0.0031431110995752,-0.000926899449070247,0.00127646110679216,-2.6769216637936e-05,-6.25294638734731e-05,-0.000333449995203797,0.000108891568936194,-6.07377790780293e-06,1.89849212597661e-14,7.76491984804822e-16,1.62647646737781e-17,-5.95054022908451e-17,3.48824226720164e-16,1.61156962005953e-16,1.34703347897415e-16,-3.54245887475548e-16,2.651477349801e-16,"Cosmo AF1b","KY210245"
"KY210247",2.82495531775372,3.91995488888239,1.63217690981449,0.317325265515668,1.49335046026078,-0.916197521368935,-0.0252058063044706,-0.561098914316128,-0.569013726956361,-0.267595362245271,1.29101730924779,-0.303043111261581,-0.850285469412889,0.0431640090325992,-0.212635649391919,-0.149264941034155,0.0658505638148644,-0.00842572426693928,-0.305526766936718,0.108798040097569,0.219236693116389,0.40656828705724,0.55017787066952,-0.0142647223055232,0.068543494697751,-0.0606923450128184,0.181947036532801,-0.170116955345078,0.0879689237293874,-0.0472723458302623,-0.0285620348041041,0.111665799843904,0.165258570242694,-0.0868470027050338,0.173528594834794,0.035722642425985,-0.0390441476076945,-0.055607734398553,0.0456971265010015,-0.0607230905141504,0.000663670821524126,0.0017769834419042,0.000511963728326531,-0.00054703759572063,-0.000685046441530198,-6.45774056575782e-05,-0.000541997779926179,6.8360006730614e-06,1.85308298009573e-14,-8.00927053945206e-16,1.25273804468849e-16,-8.51821778487115e-17,-1.93063118207058e-16,-4.28717498047579e-18,1.55908350979354e-16,-8.35923160814533e-18,4.56760776417412e-16,"Cosmo AF1b","KY210247"
"KY210248",2.65159960286308,4.15804749354066,1.55800285123035,0.501410654861569,1.51305891243955,-0.68433930734702,-0.421529536110782,-0.334572475562458,-0.997397123277881,-0.333741882181041,1.47213624962367,0.233008310950993,0.485704111844024,0.0329735246706387,-0.149535304111433,-0.504262010869886,0.0152090191202269,-0.530337673670248,-0.0866673185809552,0.590849505386357,-0.133865374874651,0.202784447797499,-0.298867631043783,0.107218814879873,-0.244475986308243,0.0470678308875306,-0.285024977068778,0.0382052487822373,-0.0367860577544103,-0.0239585975043461,0.190169390913611,-0.00922127023591284,-0.0998710833003029,0.0230644892016066,-0.042562867276504,-0.156713178992418,-0.0316035088365189,-0.0888838508293211,0.0642194709361114,0.0599699972885196,-0.000103650558959967,-0.00171519755707367,-0.000750086125651588,4.33742346849324e-05,0.000192288475531424,0.000475905537773479,4.66376829482861e-05,-2.17699752684009e-05,1.85863409521886e-14,-6.34393600251433e-16,-1.35040736092956e-17,2.79109752106418e-16,-3.45718784093017e-16,-3.20427505961047e-17,1.83663926594983e-16,-1.33259321878475e-16,3.45738473954896e-16,"Cosmo AF1b","KY210248"
"KY210249",2.71980583405227,3.71691977375146,1.56041984390287,0.549113279288576,1.89769268530028,-0.624792798633018,-0.262868504917437,-0.812636039959192,-0.646470752497063,-0.311552057074912,1.36940499909729,-0.182561605015696,-0.339524069823441,0.528600791348271,-0.271188491809308,-0.152089506531592,-0.389156208928436,-0.31514947406627,0.142001803136263,0.385702892028363,0.222517780228562,0.143795788052332,-0.0230282484719269,0.0666961228376784,-0.097876904808444,0.00560131483883654,-0.0145909807581839,-0.0526041254149609,0.0160864788680292,0.0697231405067209,0.152711441788605,0.0494688429155273,-0.0349955537283503,0.0276384945264666,-0.0433152283541513,-0.148794503402887,-0.011344813259342,-0.0316229307535428,0.0330009510034779,-0.0541491028923063,-0.000119714614638161,0.000332379838323838,-0.000183820179263001,7.11858330694022e-06,-9.22530444385039e-05,6.11327750002657e-05,-0.000309281446744619,-1.77199128018913e-05,1.83642963472636e-14,-8.56438205176464e-16,4.20070776219622e-17,1.55399595012883e-18,-1.79185330399244e-16,-8.75539018273624e-17,7.26416241324674e-17,-1.05503746262847e-16,4.56760776417412e-16,"Cosmo AF1b","KY210249"
"KY210250",2.93206123961401,3.78396113788972,1.67871773721373,0.498778993679015,1.60720878883729,-1.04868189124989,-0.212903623140348,-0.758683952668192,-0.395069241590846,-0.0592102837822488,1.24537953505087,-0.0963558190528653,-0.481728810844764,0.354676262648994,-0.288820260755063,-0.0546259900517231,-0.116020437968904,0.0279453529615654,0.0791073164871833,0.0682694198534089,0.153899638722068,0.0647238908092295,0.00713801571669143,0.0184360039407968,0.0583129005438414,-0.0548713657373885,0.00358424479656989,0.0401907456994145,0.108525705822449,-0.0618535588427648,0.0182922783863397,0.102492049554271,0.015056007101622,-0.120575772780214,0.00510123808877749,-0.043858954734141,0.00155175511918018,-0.038559264486636,-0.0343446250841074,-0.0642249374684245,0.000318446890545768,0.000142595304489405,-0.000147039950802824,-7.4892486753982e-05,-8.09614989300841e-05,-4.51571261315032e-05,-0.000342673064475257,-6.84492763660587e-06,1.84198074984948e-14,-7.45415902713949e-16,4.20070776219622e-17,-5.74266022330826e-17,-2.48574269438316e-16,-4.28717498047579e-18,4.48860485168385e-17,-8.35923160814533e-18,4.56760776417412e-16,"Cosmo AF1b","KY210250"
"KY210251",2.93206123961401,3.78396113788972,1.67871773721373,0.498778993679015,1.60720878883729,-1.04868189124989,-0.212903623140348,-0.758683952668192,-0.395069241590846,-0.0592102837822488,1.24537953505087,-0.0963558190528653,-0.481728810844764,0.354676262648994,-0.288820260755063,-0.0546259900517231,-0.116020437968904,0.0279453529615654,0.0791073164871833,0.0682694198534089,0.153899638722068,0.0647238908092295,0.00713801571669143,0.0184360039407968,0.0583129005438414,-0.0548713657373885,0.00358424479656989,0.0401907456994145,0.108525705822449,-0.0618535588427648,0.0182922783863397,0.102492049554271,0.015056007101622,-0.120575772780214,0.00510123808877749,-0.043858954734141,0.00155175511918018,-0.038559264486636,-0.0343446250841074,-0.0642249374684245,0.000318446890545768,0.000142595304489405,-0.000147039950802824,-7.4892486753982e-05,-8.09614989300841e-05,-4.51571261315032e-05,-0.000342673064475257,-6.84492763660587e-06,1.84198074984948e-14,-7.45415902713949e-16,4.20070776219622e-17,-5.74266022330826e-17,-2.48574269438316e-16,-4.28717498047579e-18,4.48860485168385e-17,-8.35923160814533e-18,4.56760776417412e-16,"Cosmo AF1b","KY210251"
"KY210252",2.56769975995049,3.20135427391088,-1.91205681848443,-2.06005296935541,-1.85892077004647,1.93596021829322,0.949915467283287,0.72560275538235,-0.332440829138095,-0.514615833147293,0.590538040117106,-0.0629914662423066,-1.88267939541978,-0.178307387391882,1.44165663374468,-0.791063453291919,0.562188058928722,-0.193080262292947,-1.50562266818948,-0.471147124375606,0.700618725749242,1.02334960521068,-0.0387154154956717,0.0181590932882699,0.431434677497681,-0.0513650890589452,0.119914259124106,0.304163191081678,0.197788141431677,-0.180796457119564,-0.0312961941255017,-0.40608216140174,0.150196798129239,-0.130034992299002,-0.0283987095549918,0.05018238045877,0.147333408677265,-0.130710224604699,0.173034707034312,0.0267601191932365,-0.0031431110995752,-0.000926899449070247,0.00127646110679216,-2.6769216637936e-05,-6.25294638734731e-05,-0.000333449995203797,0.000108891568936194,-6.07377790780293e-06,1.89849212597661e-14,7.76491984804822e-16,1.62647646737781e-17,-5.95054022908451e-17,3.48824226720164e-16,1.61156962005953e-16,1.34703347897415e-16,-3.54245887475548e-16,2.651477349801e-16,"Cosmo AF1b","KY210252"
"KY210253",2.70596647340903,2.290348163747,0.177931985948276,-0.504468788193116,-2.32608878152658,2.22295253772976,0.835447010576803,1.29344685398653,1.77189399556666,-1.77914134980687,0.495158452145554,0.376442207678918,-0.180147041642173,0.0298273716711258,-0.797595567133494,0.71184711486655,0.0648063585729899,0.440338017296555,-0.287843418059451,0.425849986971441,0.214705102479827,-0.167028503394202,-0.135453851752586,-0.505762205017074,-0.156622424138777,0.107335486529133,-0.299511469494291,0.135807170091421,-0.240443653059357,0.0641277912724242,0.0425076992120024,0.0776098296029519,-0.226459505470177,-0.0902404582494471,0.178038005592118,-0.190057601363224,-0.0308416110214333,0.105879431260048,-0.000356660514428798,-0.0190408978882435,0.00388401284128582,-7.82124949625016e-05,0.000284520802479822,0.000170963123857813,-0.000596297651313103,-0.000535364425381743,0.000497094647295989,-1.01808262872524e-05,1.95400327720787e-14,-1.11686434895303e-16,-3.44557718329398e-16,8.27419227392531e-17,4.32090953567052e-16,-6.08876429190781e-17,3.01236801591188e-16,-4.93023765553692e-16,4.87192339905131e-16,"Cosmo AF1b","KY210253"
"KY210254",2.70596647340903,2.290348163747,0.177931985948276,-0.504468788193116,-2.32608878152658,2.22295253772976,0.835447010576803,1.29344685398653,1.77189399556666,-1.77914134980687,0.495158452145554,0.376442207678918,-0.180147041642173,0.0298273716711258,-0.797595567133494,0.71184711486655,0.0648063585729899,0.440338017296555,-0.287843418059451,0.425849986971441,0.214705102479827,-0.167028503394202,-0.135453851752586,-0.505762205017074,-0.156622424138777,0.107335486529133,-0.299511469494291,0.135807170091421,-0.240443653059357,0.0641277912724242,0.0425076992120024,0.0776098296029519,-0.226459505470177,-0.0902404582494471,0.178038005592118,-0.190057601363224,-0.0308416110214333,0.105879431260048,-0.000356660514428798,-0.0190408978882435,0.00388401284128582,-7.82124949625016e-05,0.000284520802479822,0.000170963123857813,-0.000596297651313103,-0.000535364425381743,0.000497094647295989,-1.01808262872524e-05,1.95400327720787e-14,-1.11686434895303e-16,-3.44557718329398e-16,8.27419227392531e-17,4.32090953567052e-16,-6.08876429190781e-17,3.01236801591188e-16,-4.93023765553692e-16,4.87192339905131e-16,"Cosmo AF1b","KY210254"
"KY210255",2.70596647340903,2.290348163747,0.177931985948276,-0.504468788193116,-2.32608878152658,2.22295253772976,0.835447010576803,1.29344685398653,1.77189399556666,-1.77914134980687,0.495158452145554,0.376442207678918,-0.180147041642173,0.0298273716711258,-0.797595567133494,0.71184711486655,0.0648063585729899,0.440338017296555,-0.287843418059451,0.425849986971441,0.214705102479827,-0.167028503394202,-0.135453851752586,-0.505762205017074,-0.156622424138777,0.107335486529133,-0.299511469494291,0.135807170091421,-0.240443653059357,0.0641277912724242,0.0425076992120024,0.0776098296029519,-0.226459505470177,-0.0902404582494471,0.178038005592118,-0.190057601363224,-0.0308416110214333,0.105879431260048,-0.000356660514428798,-0.0190408978882435,0.00388401284128582,-7.82124949625016e-05,0.000284520802479822,0.000170963123857813,-0.000596297651313103,-0.000535364425381743,0.000497094647295989,-1.01808262872524e-05,1.95400327720787e-14,-1.11686434895303e-16,-3.44557718329398e-16,8.27419227392531e-17,4.32090953567052e-16,-6.08876429190781e-17,3.01236801591188e-16,-4.93023765553692e-16,4.87192339905131e-16,"Cosmo AF1b","KY210255"
"KY210256",2.70596647340903,2.290348163747,0.177931985948276,-0.504468788193116,-2.32608878152658,2.22295253772976,0.835447010576803,1.29344685398653,1.77189399556666,-1.77914134980687,0.495158452145554,0.376442207678918,-0.180147041642173,0.0298273716711258,-0.797595567133494,0.71184711486655,0.0648063585729899,0.440338017296555,-0.287843418059451,0.425849986971441,0.214705102479827,-0.167028503394202,-0.135453851752586,-0.505762205017074,-0.156622424138777,0.107335486529133,-0.299511469494291,0.135807170091421,-0.240443653059357,0.0641277912724242,0.0425076992120024,0.0776098296029519,-0.226459505470177,-0.0902404582494471,0.178038005592118,-0.190057601363224,-0.0308416110214333,0.105879431260048,-0.000356660514428798,-0.0190408978882435,0.00388401284128582,-7.82124949625016e-05,0.000284520802479822,0.000170963123857813,-0.000596297651313103,-0.000535364425381743,0.000497094647295989,-1.01808262872524e-05,1.95400327720787e-14,-1.11686434895303e-16,-3.44557718329398e-16,8.27419227392531e-17,4.32090953567052e-16,-6.08876429190781e-17,3.01236801591188e-16,-4.93023765553692e-16,4.87192339905131e-16,"Cosmo AF1b","KY210256"
"KY210257",2.83964969701554,2.31476429967977,-0.214798765966696,-1.94650352837606,-2.23474522492785,1.8771106132581,1.07317154128194,1.03603810279355,1.54166397444565,-1.00261733342096,0.264447674459908,0.499137567901271,1.242452819535,-0.236591314432477,-0.711275325704882,-0.0328456012039629,0.0111331796985824,0.000972167745774619,0.0272167319294912,0.374113932831659,-0.212317315383932,0.233808665642291,0.236641067086937,-0.235605364193137,-0.228717224936917,0.252425716364175,-0.140826315024086,-0.221397879384931,-0.0786333859073605,0.0787129323550952,-0.386517083355921,0.100373583470763,-0.148287610738576,-0.109870871605913,0.011032399316121,0.116903812129747,-0.050992683009911,-0.00626440036541437,0.00825457318800037,0.0686010107300941,-0.000646258805675437,0.000558329843655067,0.000473472363949123,0.000489768852914064,0.00113224387710084,3.92928061456017e-05,-0.000171174849901405,-4.23605386931161e-05,1.85408320499161e-14,5.48470187984706e-17,-1.78024264635624e-16,8.27419227392531e-17,4.35128949482461e-17,-3.38443399075367e-16,3.01236801591188e-16,-3.82001463091177e-16,4.31031300550687e-17,"Cosmo AF1b","KY210257"
"KY210258",2.93206123961401,3.78396113788972,1.67871773721373,0.498778993679015,1.60720878883729,-1.04868189124989,-0.212903623140348,-0.758683952668192,-0.395069241590846,-0.0592102837822488,1.24537953505087,-0.0963558190528653,-0.481728810844764,0.354676262648994,-0.288820260755063,-0.0546259900517231,-0.116020437968904,0.0279453529615654,0.0791073164871833,0.0682694198534089,0.153899638722068,0.0647238908092295,0.00713801571669143,0.0184360039407968,0.0583129005438414,-0.0548713657373885,0.00358424479656989,0.0401907456994145,0.108525705822449,-0.0618535588427648,0.0182922783863397,0.102492049554271,0.015056007101622,-0.120575772780214,0.00510123808877749,-0.043858954734141,0.00155175511918018,-0.038559264486636,-0.0343446250841074,-0.0642249374684245,0.000318446890545768,0.000142595304489405,-0.000147039950802824,-7.4892486753982e-05,-8.09614989300841e-05,-4.51571261315032e-05,-0.000342673064475257,-6.84492763660587e-06,1.84198074984948e-14,-7.45415902713949e-16,4.20070776219622e-17,-5.74266022330826e-17,-2.48574269438316e-16,-4.28717498047579e-18,4.48860485168385e-17,-8.35923160814533e-18,4.56760776417412e-16,"Cosmo AF1b","KY210258"
"KY210260",2.93206123961401,3.78396113788972,1.67871773721373,0.498778993679015,1.60720878883729,-1.04868189124989,-0.212903623140348,-0.758683952668192,-0.395069241590846,-0.0592102837822488,1.24537953505087,-0.0963558190528653,-0.481728810844764,0.354676262648994,-0.288820260755063,-0.0546259900517231,-0.116020437968904,0.0279453529615654,0.0791073164871833,0.0682694198534089,0.153899638722068,0.0647238908092295,0.00713801571669143,0.0184360039407968,0.0583129005438414,-0.0548713657373885,0.00358424479656989,0.0401907456994145,0.108525705822449,-0.0618535588427648,0.0182922783863397,0.102492049554271,0.015056007101622,-0.120575772780214,0.00510123808877749,-0.043858954734141,0.00155175511918018,-0.038559264486636,-0.0343446250841074,-0.0642249374684245,0.000318446890545768,0.000142595304489405,-0.000147039950802824,-7.4892486753982e-05,-8.09614989300841e-05,-4.51571261315032e-05,-0.000342673064475257,-6.84492763660587e-06,1.84198074984948e-14,-7.45415902713949e-16,4.20070776219622e-17,-5.74266022330826e-17,-2.48574269438316e-16,-4.28717498047579e-18,4.48860485168385e-17,-8.35923160814533e-18,4.56760776417412e-16,"Cosmo AF1b","KY210260"
"KY210263",2.52772797916534,3.03812562201843,-1.80024955642791,-1.7806039280452,-1.84448377479194,1.93490557991832,1.0567483394737,0.733757056585523,-0.0595670744822751,-0.721853619409705,0.453410891546213,-0.0184260231528743,-1.64052846035502,-0.138052063132612,1.48838309306489,-1.0076303484757,0.647438656191808,0.169646566946354,-1.2472213138669,-0.258405532677194,0.507720639106942,1.18443701288198,0.21428752946588,-0.00492519613693141,0.309390495200892,-0.170144855353662,0.228805925840402,0.178986116140848,0.17966993132782,-0.177354674353504,0.0577625632393963,-0.438774708296681,0.201769255511882,-0.196492635504592,0.061374755138212,-0.0192445117819855,-0.0394053424165597,-0.0368433109392184,0.134302408973065,0.0706092419733987,-0.00323998745560096,-0.00102299173520585,0.00107528974378881,-0.000101242960624161,-0.00012965393330705,-0.000359426102380811,-3.2797504384267e-05,-6.42258513608562e-05,1.85963432011473e-14,7.20980833573564e-16,-2.05779840251253e-16,1.34783627018557e-16,1.26779621795133e-16,7.78902351590665e-17,1.90214499128673e-16,-2.43223585013032e-16,1.54125432517584e-16,"Cosmo AF1b","KY210263"
"KY210264",3.24943103472439,1.67146410339445,-0.459281613284095,-0.976419073519209,-1.3373212068782,2.21235160330122,0.6813172242349,-0.0451104884623767,1.2935598639836,-0.83036683237984,-0.404589265623714,0.810919817931832,0.179206049938956,-0.155010305949729,-0.148922339518725,0.0880701124938075,-0.169371933899827,0.619893802150371,-0.401519223054599,-0.0621152860693334,0.88085824130729,0.282434933418804,0.504711903659621,0.257645765048865,-0.0214739648643458,-0.159370203056978,0.124879280351874,-0.0397414133994055,-0.196998222049853,0.313946312031549,-0.109428372556147,0.426920143977915,-0.0843927022675438,-0.205017177608949,0.0586849693204378,0.160612811916628,-0.254468385113983,0.0541321244217624,-0.148699273611181,-0.130922950722782,-0.00436457521192934,-0.00158854701733863,-0.00338526611155073,-0.000354165397821706,-0.00231550074816258,-0.000369488612732536,0.000686583724783603,-0.000265037722069676,1.91514547134599e-14,3.87913926186018e-16,-7.05380201332574e-16,3.01317080712331e-16,-2.61798436823672e-16,-5.3764916878203e-18,2.4572565035993e-16,2.56376776068288e-16,2.651477349801e-16,"Cosmo AF1b","KY210264"
"KY210265",2.65159960286308,4.15804749354066,1.55800285123035,0.501410654861569,1.51305891243955,-0.68433930734702,-0.421529536110782,-0.334572475562458,-0.997397123277881,-0.333741882181041,1.47213624962367,0.233008310950993,0.485704111844024,0.0329735246706387,-0.149535304111433,-0.504262010869886,0.0152090191202269,-0.530337673670248,-0.0866673185809552,0.590849505386357,-0.133865374874651,0.202784447797499,-0.298867631043783,0.107218814879873,-0.244475986308243,0.0470678308875306,-0.285024977068778,0.0382052487822373,-0.0367860577544103,-0.0239585975043461,0.190169390913611,-0.00922127023591284,-0.0998710833003029,0.0230644892016066,-0.042562867276504,-0.156713178992418,-0.0316035088365189,-0.0888838508293211,0.0642194709361114,0.0599699972885196,-0.000103650558959967,-0.00171519755707367,-0.000750086125651588,4.33742346849324e-05,0.000192288475531424,0.000475905537773479,4.66376829482861e-05,-2.17699752684009e-05,1.85863409521886e-14,-6.34393600251433e-16,-1.35040736092956e-17,2.79109752106418e-16,-3.45718784093017e-16,-3.20427505961047e-17,1.83663926594983e-16,-1.33259321878475e-16,3.45738473954896e-16,"Cosmo AF1b","KY210265"
"KY210266",2.70596647340903,2.290348163747,0.177931985948276,-0.504468788193116,-2.32608878152658,2.22295253772976,0.835447010576803,1.29344685398653,1.77189399556666,-1.77914134980687,0.495158452145554,0.376442207678918,-0.180147041642173,0.0298273716711258,-0.797595567133494,0.71184711486655,0.0648063585729899,0.440338017296555,-0.287843418059451,0.425849986971441,0.214705102479827,-0.167028503394202,-0.135453851752586,-0.505762205017074,-0.156622424138777,0.107335486529133,-0.299511469494291,0.135807170091421,-0.240443653059357,0.0641277912724242,0.0425076992120024,0.0776098296029519,-0.226459505470177,-0.0902404582494471,0.178038005592118,-0.190057601363224,-0.0308416110214333,0.105879431260048,-0.000356660514428798,-0.0190408978882435,0.00388401284128582,-7.82124949625016e-05,0.000284520802479822,0.000170963123857813,-0.000596297651313103,-0.000535364425381743,0.000497094647295989,-1.01808262872524e-05,1.95400327720787e-14,-1.11686434895303e-16,-3.44557718329398e-16,8.27419227392531e-17,4.32090953567052e-16,-6.08876429190781e-17,3.01236801591188e-16,-4.93023765553692e-16,4.87192339905131e-16,"Cosmo AF1b","KY210266"
"KY210267",2.90906617735156,4.10222629845059,1.5715501767661,0.124569511313539,1.28256436196436,-0.769482507789339,-0.0524668268469192,-0.39665072854483,-0.63337244788476,-0.132377108519428,0.638153659596958,0.00215634356275551,0.451650927687651,-0.492648497569917,-0.203310319978377,-0.182239669087296,0.034767172673719,0.259778402026678,0.034266063975483,0.167942311851102,0.484316360957224,-0.101015658127232,-0.385076772891703,0.581092929460909,-0.194108703071653,-0.0197551523627463,0.0808696908810336,0.311262762799201,-0.222791417425947,0.211406843943996,-0.00662117758491588,0.120488905926383,-0.133875896599186,0.09507064898824,0.0188117171497889,0.351989384674311,-0.0769046892102177,0.0416118701610709,-0.064596432556884,0.0929159300121139,0.000493101508374074,-0.000272273208588702,-0.000295161503990111,-0.000468101317943244,-6.69948700959563e-05,0.000341427113804751,-0.000126395263465845,8.30853458103157e-05,1.86973632546511e-14,-6.34393600251433e-16,1.25273804468849e-16,5.3595700229433e-17,-4.70618874363347e-16,1.0673512748204e-16,3.77952955904385e-16,-3.13670563380063e-16,2.34716171492381e-16,"Cosmo AF1b","KY210267"
"KY210269",2.83964969701554,2.31476429967977,-0.214798765966696,-1.94650352837606,-2.23474522492785,1.8771106132581,1.07317154128194,1.03603810279355,1.54166397444565,-1.00261733342096,0.264447674459908,0.499137567901271,1.242452819535,-0.236591314432477,-0.711275325704882,-0.0328456012039629,0.0111331796985824,0.000972167745774619,0.0272167319294912,0.374113932831659,-0.212317315383932,0.233808665642291,0.236641067086937,-0.235605364193137,-0.228717224936917,0.252425716364175,-0.140826315024086,-0.221397879384931,-0.0786333859073605,0.0787129323550952,-0.386517083355921,0.100373583470763,-0.148287610738576,-0.109870871605913,0.011032399316121,0.116903812129747,-0.050992683009911,-0.00626440036541437,0.00825457318800037,0.0686010107300941,-0.000646258805675437,0.000558329843655067,0.000473472363949123,0.000489768852914064,0.00113224387710084,3.92928061456017e-05,-0.000171174849901405,-4.23605386931161e-05,1.85408320499161e-14,5.48470187984706e-17,-1.78024264635624e-16,8.27419227392531e-17,4.35128949482461e-17,-3.38443399075367e-16,3.01236801591188e-16,-3.82001463091177e-16,4.31031300550687e-17,"Cosmo AF1b","KY210269"
"KY210270",2.83964969701554,2.31476429967977,-0.214798765966696,-1.94650352837606,-2.23474522492785,1.8771106132581,1.07317154128194,1.03603810279355,1.54166397444565,-1.00261733342096,0.264447674459908,0.499137567901271,1.242452819535,-0.236591314432477,-0.711275325704882,-0.0328456012039629,0.0111331796985824,0.000972167745774619,0.0272167319294912,0.374113932831659,-0.212317315383932,0.233808665642291,0.236641067086937,-0.235605364193137,-0.228717224936917,0.252425716364175,-0.140826315024086,-0.221397879384931,-0.0786333859073605,0.0787129323550952,-0.386517083355921,0.100373583470763,-0.148287610738576,-0.109870871605913,0.011032399316121,0.116903812129747,-0.050992683009911,-0.00626440036541437,0.00825457318800037,0.0686010107300941,-0.000646258805675437,0.000558329843655067,0.000473472363949123,0.000489768852914064,0.00113224387710084,3.92928061456017e-05,-0.000171174849901405,-4.23605386931161e-05,1.85408320499161e-14,5.48470187984706e-17,-1.78024264635624e-16,8.27419227392531e-17,4.35128949482461e-17,-3.38443399075367e-16,3.01236801591188e-16,-3.82001463091177e-16,4.31031300550687e-17,"Cosmo AF1b","KY210270"
"KY210271",2.93206123961401,3.78396113788972,1.67871773721373,0.498778993679015,1.60720878883729,-1.04868189124989,-0.212903623140348,-0.758683952668192,-0.395069241590846,-0.0592102837822488,1.24537953505087,-0.0963558190528653,-0.481728810844764,0.354676262648994,-0.288820260755063,-0.0546259900517231,-0.116020437968904,0.0279453529615654,0.0791073164871833,0.0682694198534089,0.153899638722068,0.0647238908092295,0.00713801571669143,0.0184360039407968,0.0583129005438414,-0.0548713657373885,0.00358424479656989,0.0401907456994145,0.108525705822449,-0.0618535588427648,0.0182922783863397,0.102492049554271,0.015056007101622,-0.120575772780214,0.00510123808877749,-0.043858954734141,0.00155175511918018,-0.038559264486636,-0.0343446250841074,-0.0642249374684245,0.000318446890545768,0.000142595304489405,-0.000147039950802824,-7.4892486753982e-05,-8.09614989300841e-05,-4.51571261315032e-05,-0.000342673064475257,-6.84492763660587e-06,1.84198074984948e-14,-7.45415902713949e-16,4.20070776219622e-17,-5.74266022330826e-17,-2.48574269438316e-16,-4.28717498047579e-18,4.48860485168385e-17,-8.35923160814533e-18,4.56760776417412e-16,"Cosmo AF1b","KY210271"
"KY210272",2.93206123961401,3.78396113788972,1.67871773721373,0.498778993679015,1.60720878883729,-1.04868189124989,-0.212903623140348,-0.758683952668192,-0.395069241590846,-0.0592102837822488,1.24537953505087,-0.0963558190528653,-0.481728810844764,0.354676262648994,-0.288820260755063,-0.0546259900517231,-0.116020437968904,0.0279453529615654,0.0791073164871833,0.0682694198534089,0.153899638722068,0.0647238908092295,0.00713801571669143,0.0184360039407968,0.0583129005438414,-0.0548713657373885,0.00358424479656989,0.0401907456994145,0.108525705822449,-0.0618535588427648,0.0182922783863397,0.102492049554271,0.015056007101622,-0.120575772780214,0.00510123808877749,-0.043858954734141,0.00155175511918018,-0.038559264486636,-0.0343446250841074,-0.0642249374684245,0.000318446890545768,0.000142595304489405,-0.000147039950802824,-7.4892486753982e-05,-8.09614989300841e-05,-4.51571261315032e-05,-0.000342673064475257,-6.84492763660587e-06,1.84198074984948e-14,-7.45415902713949e-16,4.20070776219622e-17,-5.74266022330826e-17,-2.48574269438316e-16,-4.28717498047579e-18,4.48860485168385e-17,-8.35923160814533e-18,4.56760776417412e-16,"Cosmo AF1b","KY210272"
"KY210273",2.65159960286308,4.15804749354066,1.55800285123035,0.501410654861569,1.51305891243955,-0.68433930734702,-0.421529536110782,-0.334572475562458,-0.997397123277881,-0.333741882181041,1.47213624962367,0.233008310950993,0.485704111844024,0.0329735246706387,-0.149535304111433,-0.504262010869886,0.0152090191202269,-0.530337673670248,-0.0866673185809552,0.590849505386357,-0.133865374874651,0.202784447797499,-0.298867631043783,0.107218814879873,-0.244475986308243,0.0470678308875306,-0.285024977068778,0.0382052487822373,-0.0367860577544103,-0.0239585975043461,0.190169390913611,-0.00922127023591284,-0.0998710833003029,0.0230644892016066,-0.042562867276504,-0.156713178992418,-0.0316035088365189,-0.0888838508293211,0.0642194709361114,0.0599699972885196,-0.000103650558959967,-0.00171519755707367,-0.000750086125651588,4.33742346849324e-05,0.000192288475531424,0.000475905537773479,4.66376829482861e-05,-2.17699752684009e-05,1.85863409521886e-14,-6.34393600251433e-16,-1.35040736092956e-17,2.79109752106418e-16,-3.45718784093017e-16,-3.20427505961047e-17,1.83663926594983e-16,-1.33259321878475e-16,3.45738473954896e-16,"Cosmo AF1b","KY210273"
"KY210278",2.73412440535818,4.15723896232643,1.47660950833543,0.249122877244958,1.69933166106204,-1.21096638414985,-0.277447911763489,-0.497027726581666,-0.713617849750928,-0.325195203259579,0.8543792371504,-0.306295952356188,0.19620864552948,-0.504194427789947,-0.220490494421241,-0.610761129143114,-0.0467726923051163,0.292309686790843,0.0639385001644135,0.063595826830132,0.165819366384753,-0.601573087598051,-0.363656232859663,-0.0457044623175512,-0.145768702009047,0.28301042423002,0.264548702669644,0.0718102370427761,-0.18248408803035,-0.0925839015970444,-0.18565649155658,-0.111068628231605,0.157969347915333,-0.0018687093578971,-0.0389257786711906,0.00216012979449507,0.0501331739483537,-0.0488277832869984,-0.00605446825648424,0.0183684406717299,-0.000341239360195381,0.000610433310590786,0.000163822178160247,7.89110400858754e-05,-0.000208034218140337,0.000116130767644123,-9.92344340333519e-05,-4.24760045509605e-05,1.85308298009573e-14,-6.34393600251433e-16,-9.67708004561823e-17,-1.91545100182479e-18,-1.93063118207058e-16,1.0673512748204e-16,-6.6136253945677e-17,-2.85914987764434e-16,2.34716171492381e-16,"Cosmo AF1b","KY210278"
"KY210279",2.78155425103234,2.35527994408642,-0.132814424103907,-1.95527896363977,-2.22218371720791,1.792241883682,1.09480833548745,0.977527066700177,1.59037733790057,-1.06649157971257,0.280528941067442,0.503812410846179,1.1938974632402,-0.316656168200086,-0.638045476215989,-0.0722952293841744,-0.0272871446025681,-0.109543838564506,0.0786236179161618,0.443434636289517,-0.137709184170274,0.27867017012666,0.239166293699979,-0.244989206696783,-0.395219629121903,0.286819555439313,-0.164420050985202,-0.0706641143953878,0.0230619520613339,-0.015890981575244,-0.463431614643096,0.172488808581344,-0.154765439474095,-0.114069644157445,0.00710895526441596,0.174912337806345,-0.115396266857922,0.0532257864697094,-0.176861265507408,-0.117785773314168,-0.000707308504475389,9.51535421838598e-05,0.000477874144074614,0.000378417202370639,0.00120022991563826,1.05893960217032e-05,-0.000186013560501747,-2.81776591204459e-05,1.85268407116145e-14,2.72531813073374e-17,-2.13686133976757e-16,9.30593243727701e-17,9.89075420388614e-17,-3.98489996119405e-16,2.74740960041778e-16,-3.37721859714156e-16,1.15166294574434e-16,"Cosmo AF1b","KY210279"
"KY210280",3.07252293803974,2.18752954651865,-0.513935216499857,-1.0711537100309,-2.36191581219447,1.89237127431528,0.526079248800967,0.690087900284268,1.42158131239425,-1.61559505692117,0.668732645587308,0.325448339858207,0.525854815861211,0.32133499305748,-0.0270229541852794,0.0659278626410855,-0.0127732923454376,0.194095083423732,0.11801994950769,-0.613138280631778,0.0783585577957961,0.278748992977644,0.350972035478472,-0.00709927594045005,-0.353825023863973,-0.160817439329139,-0.0403288220053496,-0.0375522022601591,0.0945158636696753,0.0943827841268438,-0.0101937725221332,0.0884458343894303,0.0630796928568871,0.0549395451366226,0.111734526429254,-0.0149190808501147,-0.0458603819635702,-0.00946341653931254,0.01487637037199,-0.0707121683773758,0.000460144893074496,0.000728866382575363,-0.000444503953565208,-9.47333662529962e-05,-0.000764795180747562,-0.000152995218215938,-0.000217658252760748,9.07694727027287e-06,1.82077651425285e-14,-2.78219888589076e-16,-2.8904656709814e-16,8.27419227392531e-17,9.9024046179504e-17,-1.71909945381594e-16,3.01236801591188e-16,-3.26490311859919e-16,2.651477349801e-16,"Cosmo AF1b","KY210280"
"KY210281",3.07252293803974,2.18752954651865,-0.513935216499857,-1.0711537100309,-2.36191581219447,1.89237127431528,0.526079248800967,0.690087900284268,1.42158131239425,-1.61559505692117,0.668732645587308,0.325448339858207,0.525854815861211,0.32133499305748,-0.0270229541852794,0.0659278626410855,-0.0127732923454376,0.194095083423732,0.11801994950769,-0.613138280631778,0.0783585577957961,0.278748992977644,0.350972035478472,-0.00709927594045005,-0.353825023863973,-0.160817439329139,-0.0403288220053496,-0.0375522022601591,0.0945158636696753,0.0943827841268438,-0.0101937725221332,0.0884458343894303,0.0630796928568871,0.0549395451366226,0.111734526429254,-0.0149190808501147,-0.0458603819635702,-0.00946341653931254,0.01487637037199,-0.0707121683773758,0.000460144893074496,0.000728866382575363,-0.000444503953565208,-9.47333662529962e-05,-0.000764795180747562,-0.000152995218215938,-0.000217658252760748,9.07694727027287e-06,1.82077651425285e-14,-2.78219888589076e-16,-2.8904656709814e-16,8.27419227392531e-17,9.9024046179504e-17,-1.71909945381594e-16,3.01236801591188e-16,-3.26490311859919e-16,2.651477349801e-16,"Cosmo AF1b","KY210281"
"KY210282",3.07252293803974,2.18752954651865,-0.513935216499857,-1.0711537100309,-2.36191581219447,1.89237127431528,0.526079248800967,0.690087900284268,1.42158131239425,-1.61559505692117,0.668732645587308,0.325448339858207,0.525854815861211,0.32133499305748,-0.0270229541852794,0.0659278626410855,-0.0127732923454376,0.194095083423732,0.11801994950769,-0.613138280631778,0.0783585577957961,0.278748992977644,0.350972035478472,-0.00709927594045005,-0.353825023863973,-0.160817439329139,-0.0403288220053496,-0.0375522022601591,0.0945158636696753,0.0943827841268438,-0.0101937725221332,0.0884458343894303,0.0630796928568871,0.0549395451366226,0.111734526429254,-0.0149190808501147,-0.0458603819635702,-0.00946341653931254,0.01487637037199,-0.0707121683773758,0.000460144893074496,0.000728866382575363,-0.000444503953565208,-9.47333662529962e-05,-0.000764795180747562,-0.000152995218215938,-0.000217658252760748,9.07694727027287e-06,1.82077651425285e-14,-2.78219888589076e-16,-2.8904656709814e-16,8.27419227392531e-17,9.9024046179504e-17,-1.71909945381594e-16,3.01236801591188e-16,-3.26490311859919e-16,2.651477349801e-16,"Cosmo AF1b","KY210282"
"KY210286",2.73412440535818,4.15723896232643,1.47660950833543,0.249122877244958,1.69933166106204,-1.21096638414985,-0.277447911763489,-0.497027726581666,-0.713617849750928,-0.325195203259579,0.8543792371504,-0.306295952356188,0.19620864552948,-0.504194427789947,-0.220490494421241,-0.610761129143114,-0.0467726923051163,0.292309686790843,0.0639385001644135,0.063595826830132,0.165819366384753,-0.601573087598051,-0.363656232859663,-0.0457044623175512,-0.145768702009047,0.28301042423002,0.264548702669644,0.0718102370427761,-0.18248408803035,-0.0925839015970444,-0.18565649155658,-0.111068628231605,0.157969347915333,-0.0018687093578971,-0.0389257786711906,0.00216012979449507,0.0501331739483537,-0.0488277832869984,-0.00605446825648424,0.0183684406717299,-0.000341239360195381,0.000610433310590786,0.000163822178160247,7.89110400858754e-05,-0.000208034218140337,0.000116130767644123,-9.92344340333519e-05,-4.24760045509605e-05,1.85308298009573e-14,-6.34393600251433e-16,-9.67708004561823e-17,-1.91545100182479e-18,-1.93063118207058e-16,1.0673512748204e-16,-6.6136253945677e-17,-2.85914987764434e-16,2.34716171492381e-16,"Cosmo AF1b","KY210286"
"KY210287",2.75058195675092,4.18036155152421,1.73577820491388,0.243845814200256,1.3694551325288,-1.29129159383811,0.169582699188886,-0.621096420503788,-0.872641722805973,-0.500731699390593,0.778988227990359,-0.420595116604543,0.245314636673715,-0.322778701876372,-0.354321038585776,-0.715422462850019,-0.16135136550445,0.160019365887075,0.0316752108284878,-0.109190305712787,0.0577096670179536,-0.697859228176554,-0.480283008551675,-0.21673707851849,-0.280013330781224,0.195413879676034,0.279923885368489,0.0273422549305228,-0.109131960882311,0.0104524673949017,-0.0915285944640113,-0.119249640551599,0.12736504296049,0.0972282819577515,0.0383479250851958,0.0417199527451651,0.126424630262495,-0.036172333345573,0.0413377363501019,0.0469376866796347,-0.000368738804550281,0.000885215453004091,-3.50936499995688e-05,4.81929340459634e-05,-0.000371597126643331,0.000174573091734716,-0.000134280559456174,-3.89403305693636e-05,1.84198074984948e-14,-5.78882449020175e-16,-1.35040736092956e-17,2.93095715657577e-17,-2.34696481630502e-16,7.89795518664109e-17,1.71304729012098e-17,-4.24692865842578e-16,1.26715665673494e-17,"Cosmo AF1b","KY210287"
"KY210288",2.75058195675092,4.18036155152421,1.73577820491388,0.243845814200256,1.3694551325288,-1.29129159383811,0.169582699188886,-0.621096420503788,-0.872641722805973,-0.500731699390593,0.778988227990359,-0.420595116604543,0.245314636673715,-0.322778701876372,-0.354321038585776,-0.715422462850019,-0.16135136550445,0.160019365887075,0.0316752108284878,-0.109190305712787,0.0577096670179536,-0.697859228176554,-0.480283008551675,-0.21673707851849,-0.280013330781224,0.195413879676034,0.279923885368489,0.0273422549305228,-0.109131960882311,0.0104524673949017,-0.0915285944640113,-0.119249640551599,0.12736504296049,0.0972282819577515,0.0383479250851958,0.0417199527451651,0.126424630262495,-0.036172333345573,0.0413377363501019,0.0469376866796347,-0.000368738804550281,0.000885215453004091,-3.50936499995688e-05,4.81929340459634e-05,-0.000371597126643331,0.000174573091734716,-0.000134280559456174,-3.89403305693636e-05,1.84198074984948e-14,-5.78882449020175e-16,-1.35040736092956e-17,2.93095715657577e-17,-2.34696481630502e-16,7.89795518664109e-17,1.71304729012098e-17,-4.24692865842578e-16,1.26715665673494e-17,"Cosmo AF1b","KY210288"
"KY210289",2.93206123961401,3.78396113788972,1.67871773721373,0.498778993679015,1.60720878883729,-1.04868189124989,-0.212903623140348,-0.758683952668192,-0.395069241590846,-0.0592102837822488,1.24537953505087,-0.0963558190528653,-0.481728810844764,0.354676262648994,-0.288820260755063,-0.0546259900517231,-0.116020437968904,0.0279453529615654,0.0791073164871833,0.0682694198534089,0.153899638722068,0.0647238908092295,0.00713801571669143,0.0184360039407968,0.0583129005438414,-0.0548713657373885,0.00358424479656989,0.0401907456994145,0.108525705822449,-0.0618535588427648,0.0182922783863397,0.102492049554271,0.015056007101622,-0.120575772780214,0.00510123808877749,-0.043858954734141,0.00155175511918018,-0.038559264486636,-0.0343446250841074,-0.0642249374684245,0.000318446890545768,0.000142595304489405,-0.000147039950802824,-7.4892486753982e-05,-8.09614989300841e-05,-4.51571261315032e-05,-0.000342673064475257,-6.84492763660587e-06,1.84198074984948e-14,-7.45415902713949e-16,4.20070776219622e-17,-5.74266022330826e-17,-2.48574269438316e-16,-4.28717498047579e-18,4.48860485168385e-17,-8.35923160814533e-18,4.56760776417412e-16,"Cosmo AF1b","KY210289"
"KY210290",2.93206123961401,3.78396113788972,1.67871773721373,0.498778993679015,1.60720878883729,-1.04868189124989,-0.212903623140348,-0.758683952668192,-0.395069241590846,-0.0592102837822488,1.24537953505087,-0.0963558190528653,-0.481728810844764,0.354676262648994,-0.288820260755063,-0.0546259900517231,-0.116020437968904,0.0279453529615654,0.0791073164871833,0.0682694198534089,0.153899638722068,0.0647238908092295,0.00713801571669143,0.0184360039407968,0.0583129005438414,-0.0548713657373885,0.00358424479656989,0.0401907456994145,0.108525705822449,-0.0618535588427648,0.0182922783863397,0.102492049554271,0.015056007101622,-0.120575772780214,0.00510123808877749,-0.043858954734141,0.00155175511918018,-0.038559264486636,-0.0343446250841074,-0.0642249374684245,0.000318446890545768,0.000142595304489405,-0.000147039950802824,-7.4892486753982e-05,-8.09614989300841e-05,-4.51571261315032e-05,-0.000342673064475257,-6.84492763660587e-06,1.84198074984948e-14,-7.45415902713949e-16,4.20070776219622e-17,-5.74266022330826e-17,-2.48574269438316e-16,-4.28717498047579e-18,4.48860485168385e-17,-8.35923160814533e-18,4.56760776417412e-16,"Cosmo AF1b","KY210290"
"KY210292",2.93206123961401,3.78396113788972,1.67871773721373,0.498778993679015,1.60720878883729,-1.04868189124989,-0.212903623140348,-0.758683952668192,-0.395069241590846,-0.0592102837822488,1.24537953505087,-0.0963558190528653,-0.481728810844764,0.354676262648994,-0.288820260755063,-0.0546259900517231,-0.116020437968904,0.0279453529615654,0.0791073164871833,0.0682694198534089,0.153899638722068,0.0647238908092295,0.00713801571669143,0.0184360039407968,0.0583129005438414,-0.0548713657373885,0.00358424479656989,0.0401907456994145,0.108525705822449,-0.0618535588427648,0.0182922783863397,0.102492049554271,0.015056007101622,-0.120575772780214,0.00510123808877749,-0.043858954734141,0.00155175511918018,-0.038559264486636,-0.0343446250841074,-0.0642249374684245,0.000318446890545768,0.000142595304489405,-0.000147039950802824,-7.4892486753982e-05,-8.09614989300841e-05,-4.51571261315032e-05,-0.000342673064475257,-6.84492763660587e-06,1.84198074984948e-14,-7.45415902713949e-16,4.20070776219622e-17,-5.74266022330826e-17,-2.48574269438316e-16,-4.28717498047579e-18,4.48860485168385e-17,-8.35923160814533e-18,4.56760776417412e-16,"Cosmo AF1b","KY210292"
"KY210293",2.93206123961401,3.78396113788972,1.67871773721373,0.498778993679015,1.60720878883729,-1.04868189124989,-0.212903623140348,-0.758683952668192,-0.395069241590846,-0.0592102837822488,1.24537953505087,-0.0963558190528653,-0.481728810844764,0.354676262648994,-0.288820260755063,-0.0546259900517231,-0.116020437968904,0.0279453529615654,0.0791073164871833,0.0682694198534089,0.153899638722068,0.0647238908092295,0.00713801571669143,0.0184360039407968,0.0583129005438414,-0.0548713657373885,0.00358424479656989,0.0401907456994145,0.108525705822449,-0.0618535588427648,0.0182922783863397,0.102492049554271,0.015056007101622,-0.120575772780214,0.00510123808877749,-0.043858954734141,0.00155175511918018,-0.038559264486636,-0.0343446250841074,-0.0642249374684245,0.000318446890545768,0.000142595304489405,-0.000147039950802824,-7.4892486753982e-05,-8.09614989300841e-05,-4.51571261315032e-05,-0.000342673064475257,-6.84492763660587e-06,1.84198074984948e-14,-7.45415902713949e-16,4.20070776219622e-17,-5.74266022330826e-17,-2.48574269438316e-16,-4.28717498047579e-18,4.48860485168385e-17,-8.35923160814533e-18,4.56760776417412e-16,"Cosmo AF1b","KY210293"
"KY210294",2.83964969701554,2.31476429967977,-0.214798765966696,-1.94650352837606,-2.23474522492785,1.8771106132581,1.07317154128194,1.03603810279355,1.54166397444565,-1.00261733342096,0.264447674459908,0.499137567901271,1.242452819535,-0.236591314432477,-0.711275325704882,-0.0328456012039629,0.0111331796985824,0.000972167745774619,0.0272167319294912,0.374113932831659,-0.212317315383932,0.233808665642291,0.236641067086937,-0.235605364193137,-0.228717224936917,0.252425716364175,-0.140826315024086,-0.221397879384931,-0.0786333859073605,0.0787129323550952,-0.386517083355921,0.100373583470763,-0.148287610738576,-0.109870871605913,0.011032399316121,0.116903812129747,-0.050992683009911,-0.00626440036541437,0.00825457318800037,0.0686010107300941,-0.000646258805675437,0.000558329843655067,0.000473472363949123,0.000489768852914064,0.00113224387710084,3.92928061456017e-05,-0.000171174849901405,-4.23605386931161e-05,1.85408320499161e-14,5.48470187984706e-17,-1.78024264635624e-16,8.27419227392531e-17,4.35128949482461e-17,-3.38443399075367e-16,3.01236801591188e-16,-3.82001463091177e-16,4.31031300550687e-17,"Cosmo AF1b","KY210294"
"KY210295",2.75058195675092,4.18036155152421,1.73577820491388,0.243845814200256,1.3694551325288,-1.29129159383811,0.169582699188886,-0.621096420503788,-0.872641722805973,-0.500731699390593,0.778988227990359,-0.420595116604543,0.245314636673715,-0.322778701876372,-0.354321038585776,-0.715422462850019,-0.16135136550445,0.160019365887075,0.0316752108284878,-0.109190305712787,0.0577096670179536,-0.697859228176554,-0.480283008551675,-0.21673707851849,-0.280013330781224,0.195413879676034,0.279923885368489,0.0273422549305228,-0.109131960882311,0.0104524673949017,-0.0915285944640113,-0.119249640551599,0.12736504296049,0.0972282819577515,0.0383479250851958,0.0417199527451651,0.126424630262495,-0.036172333345573,0.0413377363501019,0.0469376866796347,-0.000368738804550281,0.000885215453004091,-3.50936499995688e-05,4.81929340459634e-05,-0.000371597126643331,0.000174573091734716,-0.000134280559456174,-3.89403305693636e-05,1.84198074984948e-14,-5.78882449020175e-16,-1.35040736092956e-17,2.93095715657577e-17,-2.34696481630502e-16,7.89795518664109e-17,1.71304729012098e-17,-4.24692865842578e-16,1.26715665673494e-17,"Cosmo AF1b","KY210295"
"KY210296",2.75058195675092,4.18036155152421,1.73577820491388,0.243845814200256,1.3694551325288,-1.29129159383811,0.169582699188886,-0.621096420503788,-0.872641722805973,-0.500731699390593,0.778988227990359,-0.420595116604543,0.245314636673715,-0.322778701876372,-0.354321038585776,-0.715422462850019,-0.16135136550445,0.160019365887075,0.0316752108284878,-0.109190305712787,0.0577096670179536,-0.697859228176554,-0.480283008551675,-0.21673707851849,-0.280013330781224,0.195413879676034,0.279923885368489,0.0273422549305228,-0.109131960882311,0.0104524673949017,-0.0915285944640113,-0.119249640551599,0.12736504296049,0.0972282819577515,0.0383479250851958,0.0417199527451651,0.126424630262495,-0.036172333345573,0.0413377363501019,0.0469376866796347,-0.000368738804550281,0.000885215453004091,-3.50936499995688e-05,4.81929340459634e-05,-0.000371597126643331,0.000174573091734716,-0.000134280559456174,-3.89403305693636e-05,1.84198074984948e-14,-5.78882449020175e-16,-1.35040736092956e-17,2.93095715657577e-17,-2.34696481630502e-16,7.89795518664109e-17,1.71304729012098e-17,-4.24692865842578e-16,1.26715665673494e-17,"Cosmo AF1b","KY210296"
"KY210299",2.93206123961401,3.78396113788972,1.67871773721373,0.498778993679015,1.60720878883729,-1.04868189124989,-0.212903623140348,-0.758683952668192,-0.395069241590846,-0.0592102837822488,1.24537953505087,-0.0963558190528653,-0.481728810844764,0.354676262648994,-0.288820260755063,-0.0546259900517231,-0.116020437968904,0.0279453529615654,0.0791073164871833,0.0682694198534089,0.153899638722068,0.0647238908092295,0.00713801571669143,0.0184360039407968,0.0583129005438414,-0.0548713657373885,0.00358424479656989,0.0401907456994145,0.108525705822449,-0.0618535588427648,0.0182922783863397,0.102492049554271,0.015056007101622,-0.120575772780214,0.00510123808877749,-0.043858954734141,0.00155175511918018,-0.038559264486636,-0.0343446250841074,-0.0642249374684245,0.000318446890545768,0.000142595304489405,-0.000147039950802824,-7.4892486753982e-05,-8.09614989300841e-05,-4.51571261315032e-05,-0.000342673064475257,-6.84492763660587e-06,1.84198074984948e-14,-7.45415902713949e-16,4.20070776219622e-17,-5.74266022330826e-17,-2.48574269438316e-16,-4.28717498047579e-18,4.48860485168385e-17,-8.35923160814533e-18,4.56760776417412e-16,"Cosmo AF1b","KY210299"
"KY210300",2.93206123961401,3.78396113788972,1.67871773721373,0.498778993679015,1.60720878883729,-1.04868189124989,-0.212903623140348,-0.758683952668192,-0.395069241590846,-0.0592102837822488,1.24537953505087,-0.0963558190528653,-0.481728810844764,0.354676262648994,-0.288820260755063,-0.0546259900517231,-0.116020437968904,0.0279453529615654,0.0791073164871833,0.0682694198534089,0.153899638722068,0.0647238908092295,0.00713801571669143,0.0184360039407968,0.0583129005438414,-0.0548713657373885,0.00358424479656989,0.0401907456994145,0.108525705822449,-0.0618535588427648,0.0182922783863397,0.102492049554271,0.015056007101622,-0.120575772780214,0.00510123808877749,-0.043858954734141,0.00155175511918018,-0.038559264486636,-0.0343446250841074,-0.0642249374684245,0.000318446890545768,0.000142595304489405,-0.000147039950802824,-7.4892486753982e-05,-8.09614989300841e-05,-4.51571261315032e-05,-0.000342673064475257,-6.84492763660587e-06,1.84198074984948e-14,-7.45415902713949e-16,4.20070776219622e-17,-5.74266022330826e-17,-2.48574269438316e-16,-4.28717498047579e-18,4.48860485168385e-17,-8.35923160814533e-18,4.56760776417412e-16,"Cosmo AF1b","KY210300"
"KY210303",2.65159960286308,4.15804749354066,1.55800285123035,0.501410654861569,1.51305891243955,-0.68433930734702,-0.421529536110782,-0.334572475562458,-0.997397123277881,-0.333741882181041,1.47213624962367,0.233008310950993,0.485704111844024,0.0329735246706387,-0.149535304111433,-0.504262010869886,0.0152090191202269,-0.530337673670248,-0.0866673185809552,0.590849505386357,-0.133865374874651,0.202784447797499,-0.298867631043783,0.107218814879873,-0.244475986308243,0.0470678308875306,-0.285024977068778,0.0382052487822373,-0.0367860577544103,-0.0239585975043461,0.190169390913611,-0.00922127023591284,-0.0998710833003029,0.0230644892016066,-0.042562867276504,-0.156713178992418,-0.0316035088365189,-0.0888838508293211,0.0642194709361114,0.0599699972885196,-0.000103650558959967,-0.00171519755707367,-0.000750086125651588,4.33742346849324e-05,0.000192288475531424,0.000475905537773479,4.66376829482861e-05,-2.17699752684009e-05,1.85863409521886e-14,-6.34393600251433e-16,-1.35040736092956e-17,2.79109752106418e-16,-3.45718784093017e-16,-3.20427505961047e-17,1.83663926594983e-16,-1.33259321878475e-16,3.45738473954896e-16,"Cosmo AF1b","KY210303"
"KY210304",2.6788218786514,2.38241809071895,0.11504353655502,-1.69915250196141,-2.0480903582439,2.09747529231568,1.13318450234539,1.18352327707222,1.60799705543065,-0.952987479957461,-0.125514940746552,0.801704498414408,1.04565593372432,-0.211403823997561,-0.515136398545576,-0.113034553925061,-0.141810673441342,0.00212993324602366,-0.40681216018747,0.336193545369437,-0.210055950714276,0.170049269755788,0.039614058193485,-0.298719935224364,-0.101695153056422,0.31817963041092,-0.0574939512646579,-0.101336490402075,-0.0894986507359446,0.0492740838533189,-0.293157021052298,0.14615875966795,-0.092354320718762,-0.206600094412714,0.0728700507035006,-0.0544929269722754,-0.142587648447723,0.00413705084746094,-0.0230391050377242,0.116682788603195,-0.000742710527478409,0.000581088692388523,0.000290400274507163,0.00101811016469539,0.00128007156830513,0.000116546643676646,-3.7608620160871e-05,-5.97831264631653e-05,1.84853208986848e-14,5.48470187984706e-17,-2.8904656709814e-16,5.49863471236242e-17,9.9024046179504e-17,-1.99665520997223e-16,1.90214499128673e-16,-4.37512614322435e-16,1.54125432517584e-16,"Cosmo AF1b","KY210304"
"KY210307",2.93206123961401,3.78396113788972,1.67871773721373,0.498778993679015,1.60720878883729,-1.04868189124989,-0.212903623140348,-0.758683952668192,-0.395069241590846,-0.0592102837822488,1.24537953505087,-0.0963558190528653,-0.481728810844764,0.354676262648994,-0.288820260755063,-0.0546259900517231,-0.116020437968904,0.0279453529615654,0.0791073164871833,0.0682694198534089,0.153899638722068,0.0647238908092295,0.00713801571669143,0.0184360039407968,0.0583129005438414,-0.0548713657373885,0.00358424479656989,0.0401907456994145,0.108525705822449,-0.0618535588427648,0.0182922783863397,0.102492049554271,0.015056007101622,-0.120575772780214,0.00510123808877749,-0.043858954734141,0.00155175511918018,-0.038559264486636,-0.0343446250841074,-0.0642249374684245,0.000318446890545768,0.000142595304489405,-0.000147039950802824,-7.4892486753982e-05,-8.09614989300841e-05,-4.51571261315032e-05,-0.000342673064475257,-6.84492763660587e-06,1.84198074984948e-14,-7.45415902713949e-16,4.20070776219622e-17,-5.74266022330826e-17,-2.48574269438316e-16,-4.28717498047579e-18,4.48860485168385e-17,-8.35923160814533e-18,4.56760776417412e-16,"Cosmo AF1b","KY210307"
"KY210311",2.52772797916534,3.03812562201843,-1.80024955642791,-1.7806039280452,-1.84448377479194,1.93490557991832,1.0567483394737,0.733757056585523,-0.0595670744822751,-0.721853619409705,0.453410891546213,-0.0184260231528743,-1.64052846035502,-0.138052063132612,1.48838309306489,-1.0076303484757,0.647438656191808,0.169646566946354,-1.2472213138669,-0.258405532677194,0.507720639106942,1.18443701288198,0.21428752946588,-0.00492519613693141,0.309390495200892,-0.170144855353662,0.228805925840402,0.178986116140848,0.17966993132782,-0.177354674353504,0.0577625632393963,-0.438774708296681,0.201769255511882,-0.196492635504592,0.061374755138212,-0.0192445117819855,-0.0394053424165597,-0.0368433109392184,0.134302408973065,0.0706092419733987,-0.00323998745560096,-0.00102299173520585,0.00107528974378881,-0.000101242960624161,-0.00012965393330705,-0.000359426102380811,-3.2797504384267e-05,-6.42258513608562e-05,1.85963432011473e-14,7.20980833573564e-16,-2.05779840251253e-16,1.34783627018557e-16,1.26779621795133e-16,7.78902351590665e-17,1.90214499128673e-16,-2.43223585013032e-16,1.54125432517584e-16,"Cosmo AF1b","KY210311"
"KY563717",3.3131133174928,4.64226364551866,-0.0771902777756481,-1.28048359096709,-1.00773264635063,0.547027319686795,-0.119133458041744,0.48878911080066,-1.26745795482103,1.26033829366053,0.186724446740086,1.61807379720332,-0.514202972732527,-0.118161099126781,0.222451903395338,1.74440922684684,-1.96612749847186,-0.331634871754552,-1.4562738074926,0.533846803402227,-1.49103612664785,-0.177308947192904,-0.138044608319818,-0.387230099415198,1.24451484434214,-0.545906332394528,0.113091407926017,0.166004822273359,0.0342932364945319,-0.446873447702629,0.0247124787057974,-0.522670811260131,0.198844194254203,0.232132635471903,-0.036006933426175,0.0759393033174365,-0.24473193551679,0.167788298187879,-0.276695667226051,-0.367421932294072,0.000125778190679919,0.00072827155697537,0.00137799610501612,-0.000371716985723356,0.000312910559443717,0.00072171514411588,0.00020004228433576,-0.00016583056616816,1.79767533250494e-14,-4.21132926737582e-16,5.97339055516871e-17,4.71771972084841e-16,1.27571089709587e-16,-9.60348526189084e-17,3.51223248386177e-16,-1.24578120295713e-16,3.47964557168744e-16,"Cosmo AF1b","KY563717"
"LC029890",2.83411142455764,2.30024176986166,0.378242440478682,-1.75743815829481,-0.472626227398084,0.544474946353891,-0.320108548514163,-0.249057433666852,0.152711873829053,0.253681229325846,-2.40388040504176,-1.22635767033175,0.133132365887116,0.123795343934024,0.1454876106681,1.52288742914708,-1.65847927098104,1.23716932325912,0.247158398233264,1.43460761082097,1.01018154171148,-0.157736239019861,0.788034582909322,-1.33627249805255,0.843094118428865,0.164624581864784,1.13612828557018,-0.0696698926002238,0.107523756704088,-0.396196646456209,0.348377732728179,0.119620668660854,0.192435922329438,1.4034766193369,-0.32723767166332,0.395209247950767,0.113538717828289,-0.138558520927118,-0.187918646418114,0.307478895902804,-0.00011458502603191,0.000682534402608791,0.00248319050468845,-0.00109840919626372,-0.00178601297742556,-0.000281850930526355,8.24536242096381e-05,-2.84852454556092e-05,1.81362046297339e-14,-6.81210818969983e-16,-3.61058937122541e-16,1.71657636867561e-16,7.6142786559184e-16,-1.55126694558371e-16,5.40991691351213e-16,-4.23471311558886e-16,7.12632808274928e-17,"Cosmo AF1b","LC029890"
"MN726804",3.37523537282891,2.84785886213019,-0.663834685631436,-0.53002880612547,0.958207354095103,-0.400643310777752,0.220594874669373,-1.37876280828188,-0.966876490360874,0.107940745630833,-1.47248310681589,0.822084218421367,0.760851024277861,-0.282351244819315,0.534464172820483,-0.0954558439118141,0.113124097427925,-0.859530062739197,0.0402880789827841,-0.491322159699566,-0.279938118656773,0.410782670886071,0.0517919427763968,-0.370122447229989,0.603197412242588,0.102739129018784,-0.196773172728166,-0.0682094719151773,0.26539646838134,-0.332032770633609,-0.167630232688115,0.14125048289026,-0.0371731124251867,0.156493704381684,0.0228471207027245,0.0642552464488175,-0.0418894005909266,0.192304714197055,0.0272741923032845,-0.049017908385675,0.00126853764061063,-0.000416302410278936,-0.000559033044808461,0.00120265347163621,0.000475570492885082,-0.000287727385023611,0.000124230137474315,0.000314725620019677,1.82368741042639e-14,-3.55014057842456e-17,-1.4536824066443e-16,3.1081802647869e-17,5.76443230242376e-17,1.0060339762552e-16,1.93566198794338e-16,-1.9444977954206e-16,4.06366566982582e-16,"Cosmo AF1b","MN726804"
"MN726826",3.06883527346259,2.90929842385875,-0.254432025168915,-0.577057991202717,0.754693518641415,-0.27533235712614,0.511885193043605,-1.13461696040424,-0.952680753146897,0.54797146973884,-1.26998407520566,0.987007474513898,1.34818917954784,-0.827947797586446,0.831406549389235,-0.739581684541258,0.463243772219383,-0.608272566046169,0.289970285653234,-0.263460422861551,-0.272205573596544,0.320056997206953,0.0282288310886236,-0.136639142725017,-0.125424609740069,0.290401632124442,-0.158227948145409,0.0354861035004829,-0.0346293466099959,-0.22948053638526,-0.0863082953711012,0.0439156739357251,0.144149509529993,0.0545937683564011,-0.0614005100156815,0.0326421974093277,-0.175149857164985,0.236161790707859,0.0264863032845426,0.12992471560862,0.00150279653481007,-0.000672063108947665,-0.00130221715235293,-0.000365811967192929,-0.00154970677880596,0.000472394847138905,0.00102990686330948,5.11816517724375e-05,1.81349398004414e-14,9.65713342171062e-17,-3.5216894099743e-16,4.91763704339305e-16,-4.85936327125101e-16,2.04094222213289e-16,3.73601084050322e-16,-1.23070244793931e-16,7.90448377157561e-17,"Cosmo AF1b","MN726826"
"MN726827",3.05631148619506,3.00748725383384,-0.396587425158224,-0.42653106159918,0.771173793258345,-0.320630002860521,0.683226011941593,-1.12758483977776,-0.852286675538343,0.553886764532215,-1.14204722782559,1.13467900290356,1.35528849259183,-0.982947907276916,0.695879924510716,-0.751752126394792,0.302873432027548,-0.641364724151194,0.430343642965338,-0.363508902098226,-0.1234247155375,0.450348725423089,-0.168174300372195,-0.127892011198563,-0.0550616512661368,0.412041331316809,-0.21035528704724,-0.223879225752226,-0.0619208340519237,-0.377937381130179,-0.0286411902488048,0.386940579644815,0.418923596469651,0.178020639090426,0.0786218448793869,0.0556191874101222,-0.303136104040747,0.1530904415634,0.0774930189622162,0.204733980629492,0.00122836927043067,-0.000697034274318978,-0.000699523370304406,-0.000672123703109814,-0.00147593637276964,0.000531569403751906,0.0011501525446358,0.000164518169121244,1.80239174979789e-14,-1.25473270707925e-16,-4.07680092228688e-16,3.80741401876789e-16,-5.96958629587617e-16,2.59605373444547e-16,4.84623386512837e-16,1.57076332842129e-17,7.90448377157561e-17,"Cosmo AF1b","MN726827"
"MT454631",3.20221083280191,2.63685467362962,-0.868459667953896,-0.348535239904925,-0.0237584127526474,1.06683943896848,1.24099633516836,-0.943641217467795,-2.66941761713742,0.653230829491041,-2.09615140056006,-0.185149923088074,-1.11020579715682,-0.227535055500199,0.503883077196921,0.105520469378722,-0.790597584970715,-0.24114284041271,0.847515020754712,0.449158443354181,-0.883085279798546,0.572646701017869,0.333402558243511,0.228478083435409,-0.49232763223299,-0.497105469650924,0.253208750744505,0.10413983828929,-0.401849051799769,0.43959776508862,-0.325580344562102,-0.132480137933673,-0.0594454571802516,-0.0837844648198421,0.212049727813227,-0.111478610809627,0.083363811574851,0.0260212100572933,-0.0169982567019012,0.0897662698163667,-0.00022717874196188,0.000344489045354301,0.000349790585903512,0.000692043747388242,-0.000309170037928602,0.000217313676807756,0.000261892626320944,-5.2342514610235e-05,1.68199863617471e-14,-8.33331400901655e-16,5.99131852601985e-16,-1.11547106570149e-16,-1.23020558745527e-16,-6.08876429190781e-17,3.56747952822446e-16,-2.70979160628661e-16,4.87192339905131e-16,"Cosmo AF1b","MT454631"
"MT454634",3.51288179737644,2.41289106905866,-0.727087756955084,-0.319759430564759,-0.0430875707736992,1.2578709525583,0.9859007588182,-0.597535591462525,-2.32672466736146,0.598744712135167,-2.22096548090556,-0.129889324983099,-1.01826979152173,-0.120099132654505,0.101174871959772,-0.358521550975069,-0.573711062350937,-0.683104036267478,0.814296517190778,0.271512970840421,-0.431638810275989,0.129313958202406,0.700068438452928,0.224137557210254,-0.520376687747286,-0.536894725805494,0.132711951886308,0.00444782444907724,-0.296148412697389,0.330647610963456,-0.237664648602719,-0.0441388220936959,-0.0782267544583332,0.0106046009252346,0.260305776824743,-0.0356556969127586,0.067634331919275,-0.0184475874205375,-0.00917359042786679,0.0363795177887712,-5.89660178803212e-05,0.00047746556885394,0.000466058415779683,0.000388170132246794,-0.000269762807829144,0.000363737019304058,0.000124011882289795,-5.26427192850485e-05,1.68754975129783e-14,-8.33331400901655e-16,6.26887428217614e-16,-5.24804107633661e-19,4.35128949482461e-17,-1.71909945381594e-16,3.01236801591188e-16,-2.15468009397403e-16,4.87192339905131e-16,"Cosmo AF1b","MT454634"
"MT454635",3.98067260390019,2.11979021166241,-0.72314348356001,-0.331310710277151,-0.305012380700104,1.44859811461303,0.766235100149549,-0.895762250811555,-2.36121748572678,0.401648187309819,-2.2009083439616,-0.0399803574824201,-0.98007539715226,-0.295362971040045,-0.194942859192557,-0.463656139634314,-0.848365085869381,-0.36670884745303,0.290409058105658,0.335028149445023,-0.464276205806089,0.265947060163026,0.476261651856339,0.988957636332622,-0.789217170670361,-0.716222415586232,0.377444954786863,0.132131488393795,-0.242898464971969,0.437174143160812,-0.335323054458464,0.144198048421965,0.0117996944814242,0.158030093798375,0.200098841449454,0.0437149869478647,0.0323147359333239,-0.0477811093156723,-0.0480590150768718,-0.0185663837281552,0.000100145988747031,0.000724499873008947,0.00105629620693867,0.00127446257452081,0.00189093614543851,0.000880712094004015,-0.000189592228927375,0.000222022074142686,1.6597941756822e-14,-1.05537600582668e-15,8.48932033142646e-16,-4.16858438342067e-16,-3.45065163670559e-16,-5.3764916878203e-18,7.9192196666157e-17,-8.26090672941239e-16,3.76170037442616e-16,"Cosmo AF1b","MT454635"
"MT454636",3.51288179737644,2.41289106905866,-0.727087756955084,-0.319759430564759,-0.0430875707736992,1.2578709525583,0.9859007588182,-0.597535591462525,-2.32672466736146,0.598744712135167,-2.22096548090556,-0.129889324983099,-1.01826979152173,-0.120099132654505,0.101174871959772,-0.358521550975069,-0.573711062350937,-0.683104036267478,0.814296517190778,0.271512970840421,-0.431638810275989,0.129313958202406,0.700068438452928,0.224137557210254,-0.520376687747286,-0.536894725805494,0.132711951886308,0.00444782444907724,-0.296148412697389,0.330647610963456,-0.237664648602719,-0.0441388220936959,-0.0782267544583332,0.0106046009252346,0.260305776824743,-0.0356556969127586,0.067634331919275,-0.0184475874205375,-0.00917359042786679,0.0363795177887712,-5.89660178803212e-05,0.00047746556885394,0.000466058415779683,0.000388170132246794,-0.000269762807829144,0.000363737019304058,0.000124011882289795,-5.26427192850485e-05,1.68754975129783e-14,-8.33331400901655e-16,6.26887428217614e-16,-5.24804107633661e-19,4.35128949482461e-17,-1.71909945381594e-16,3.01236801591188e-16,-2.15468009397403e-16,4.87192339905131e-16,"Cosmo AF1b","MT454636"
"MT454637",3.4855474826521,2.82197846583869,-0.527794359632833,-0.0769276032827429,0.222057072322932,0.921881796703453,1.14907498474181,-0.667012975658644,-2.26563635108217,0.971952275901064,-2.01127194360233,-0.166737683892143,-0.931967564184208,0.222775679704135,0.447075857527185,-0.176310381207168,-0.202937498960915,-1.02625148763065,0.815106318621626,0.504792623178314,-0.251747257716751,0.113629741654897,0.858058679339726,0.149939041267492,-0.408432253706654,-0.660942192006202,0.166705436242253,-0.314732441676535,-0.153607499519929,0.390797997596015,0.0382121341994983,-0.0871265033987487,-0.199702899203454,-0.011334568924135,0.372340095190624,0.0427048905481832,0.0350340902068823,-0.0450452118636017,0.014516898411983,0.0800340074198572,0.000166437580524449,0.000678782796954194,0.000334194931568246,0.000121475493874066,-0.000311047014320165,9.14922907712358e-05,6.48975619079357e-05,-0.000107982517309034,1.69865198154408e-14,-9.99864854595425e-16,5.15865125755099e-16,8.27419227392531e-17,-2.89554012439301e-16,-2.27421096612852e-16,3.01236801591188e-16,-2.70979160628661e-16,2.651477349801e-16,"Cosmo AF1b","MT454637"
"MT454639",3.51288179737644,2.41289106905866,-0.727087756955084,-0.319759430564759,-0.0430875707736992,1.2578709525583,0.9859007588182,-0.597535591462525,-2.32672466736146,0.598744712135167,-2.22096548090556,-0.129889324983099,-1.01826979152173,-0.120099132654505,0.101174871959772,-0.358521550975069,-0.573711062350937,-0.683104036267478,0.814296517190778,0.271512970840421,-0.431638810275989,0.129313958202406,0.700068438452928,0.224137557210254,-0.520376687747286,-0.536894725805494,0.132711951886308,0.00444782444907724,-0.296148412697389,0.330647610963456,-0.237664648602719,-0.0441388220936959,-0.0782267544583332,0.0106046009252346,0.260305776824743,-0.0356556969127586,0.067634331919275,-0.0184475874205375,-0.00917359042786679,0.0363795177887712,-5.89660178803212e-05,0.00047746556885394,0.000466058415779683,0.000388170132246794,-0.000269762807829144,0.000363737019304058,0.000124011882289795,-5.26427192850485e-05,1.68754975129783e-14,-8.33331400901655e-16,6.26887428217614e-16,-5.24804107633661e-19,4.35128949482461e-17,-1.71909945381594e-16,3.01236801591188e-16,-2.15468009397403e-16,4.87192339905131e-16,"Cosmo AF1b","MT454639"
"MT454641",3.4591146411762,2.2202986790844,-0.713795105400042,-0.226493766208784,-0.0591114150593405,1.22587060707854,1.04876661805848,-0.788869403175112,-2.26154965897852,0.475892499016385,-2.11144528020408,-0.135520391738186,-1.00907599997602,-0.278551813151253,0.134721007148466,-0.399363907777652,-0.429670128125408,-0.69256341030716,0.687135354883955,0.314377656323416,-0.343690566712838,0.0938708774228816,0.637770940876173,0.141318273386626,-0.35457413935831,-0.503915770825113,-0.00587029427839748,-0.00179551847469747,-0.473459397258718,0.444474052707515,-0.189125400925963,0.03181453436967,-0.193164363551118,-0.0655766886867725,0.205970900093134,0.000244930200816312,0.108205876098066,0.0157038792483317,-0.00108266914840375,-0.0315155551169501,-0.000127862193877023,0.000368325025723448,0.000356592645212154,0.000321017524553383,-0.000387362727786528,0.000270153576897994,7.53448215895697e-05,-7.77725924719728e-05,1.7874698235141e-14,-2.78219888589076e-16,6.26887428217614e-16,5.49863471236242e-17,4.35128949482461e-17,-1.71909945381594e-16,3.28992377206817e-16,-1.04445706934888e-16,4.87192339905131e-16,"Cosmo AF1b","MT454641"
"MT454643",2.7875910191474,3.64474632287635,-0.530811561931164,-1.03057772792738,1.58255199691694,1.72270253861601,-1.0019507526187,0.396819524737252,-1.18564221372889,-0.0214681501573039,-1.67949489558312,-1.72217699858616,-1.09534922505999,-0.43011603094757,-0.873959767458606,1.39328641129067,1.27873702825764,-0.350016349860152,-0.242324644700531,-0.761959719135871,0.803943738074286,-0.82039110946181,1.05021426089286,-0.242238486646014,1.01002280810631,-0.639591104745586,-0.700544414237385,-0.492373578518233,-1.50017769078216,-0.0250297729300587,0.68680419885423,-0.208024032511505,-0.0557884987967356,-0.46365392071115,-0.2388278022135,-0.134289946998134,-0.13299672921783,-0.0630326857457859,0.0110057406147086,0.0415546466533685,3.15306767009402e-05,-0.000666076110471604,0.000732698919710197,0.000973534048374023,0.000243701383806656,0.00035697242365855,-0.000278192465385339,1.27882327182731e-05,2.01920428839623e-14,-1.12641856492096e-16,1.38548354459272e-16,1.14968186486742e-16,-3.95887952959783e-16,1.84238694599466e-16,1.09525980040674e-16,4.74647827209695e-16,1.07530700452082e-15,"Cosmo AF1b","MT454643"
"MT454644",4.30366469806462,3.22668892056032,-0.620191459397393,-1.99080453394783,-0.395902115508378,1.88998750223895,0.0752354303448099,-0.805062616005454,-0.585892180523176,1.18897057451482,-0.824727182057397,1.69696660443881,-1.15770415992064,0.500732878845405,1.39974824980669,0.909838202535021,-0.138706774010329,2.13230720345842,0.681078815342192,0.699771200072664,-1.10261647969757,-0.906185801241433,0.16942613198386,0.228835221550884,-0.121410444418603,-0.123737277698262,-1.05840334928,-0.244360846698162,0.900996327161777,-0.211294032655442,0.051155163608468,-0.324015778879681,0.445230069129089,-0.118132730369203,0.18743126006271,0.428527459193762,-0.285442047801542,-0.582159448875135,-0.138744950278878,0.282587553836722,0.00294469755471363,-0.000488610404260696,0.000568233958767158,0.000231517774388404,-0.000573933755881588,0.000288238512430132,-0.000379324089747974,-2.77064189323671e-05,1.65173798497115e-14,-1.39946125665326e-15,-2.9192362722522e-16,-5.08538126427992e-16,-6.38245211322006e-16,-3.56106459595791e-16,3.20385301037944e-16,2.05515323108505e-16,5.1229739992951e-16,"Cosmo AF1b","MT454644"
"MT454645",2.96558150671048,3.39483012903401,-0.638295736553472,-1.1294735834635,1.3995149876802,1.92279397321123,-1.12121897214251,0.349570941543502,-1.15301532461607,-0.121284384540851,-1.55770026004471,-1.63701947007812,-1.30825586040166,-0.455882262208181,-1.17753124355377,1.03918954707207,1.07485308665019,-0.144204761674542,-0.414297731384227,-0.750997537365554,0.510939790068553,-0.697670705304931,0.886076068507374,-0.101941476107167,0.924844750554098,-0.540584723663363,-0.675736352390083,-0.24783915959033,-1.54903726324722,-0.0472675434300224,0.472376229242473,-0.130340689414193,-0.0155937862137717,-0.40671714579827,-0.316164307168694,-0.111463387756501,-0.180315419279803,-0.0492255540127443,0.0359093738204456,0.0380877298013207,6.62511292712404e-05,-0.000853614437334808,0.000835666689393267,0.000949716533516357,0.000258927634874497,0.000485210606739103,-0.000165697530732743,3.7718723008168e-05,2.01365317327311e-14,-5.71307052608384e-17,-5.57406748501306e-17,-1.07076418438289e-16,-6.73443709116072e-16,3.78527723908869e-16,-5.70074736530997e-17,3.05586173596325e-17,9.64284702058301e-16,"Cosmo AF1b","MT454645"
"AF351828",3.558506067892,-5.49932897699486,-5.31626068573007,3.06239443020811,-0.137024854275158,1.0633835250963,-0.564510843143724,-1.31987012121265,0.247328777135196,0.862923470863308,0.389679859028666,-1.46446940072356,1.77009863889877,-0.42168870425771,-0.111624292329438,0.00896876640304135,0.170629995642431,-1.63144323959391,-0.505634907853719,1.74309890867833,0.0105115968342237,1.79026178460833,-0.0602283096083695,-1.01634237829166,-0.210635171990093,-0.456601956782949,0.428232235834948,-1.07613819033729,0.321062833781237,-0.233411554008751,0.02007669085194,-0.228101292948988,-0.458714366142105,0.480376834543633,-0.564352585966466,0.109212170244961,0.408530983139327,-0.298349208923519,0.135093686717156,-0.377345588893593,-0.000150514876613535,-0.000677633940506939,-0.00150120970778391,-0.000787136135579237,-0.00242151910796417,-0.000479558478234099,-0.000711428494236606,-0.000227856856675504,2.07780466688838e-14,7.31474904431018e-16,-2.83832726915723e-16,7.36012832916272e-16,1.06158420385584e-15,-3.42133846259099e-16,5.14010561139664e-16,-5.92833405769246e-16,-2.29607754989689e-16,"Bat LC","AF351845"
"AF351831",2.13912751621561,-2.86926172736313,-3.61787248574399,3.66510588481811,-0.22402838784943,2.69485921817182,1.5844341470279,-1.81208984310155,0.43424212883326,0.89870045326646,1.51139787520416,-0.788154532233799,-1.78704318009303,-3.04433051138078,0.76845195016424,-0.218526289206806,1.87956173891202,0.732344826623885,-0.862295321578448,1.70301219069134,-1.20783749808917,0.842182703163414,1.32216905797847,1.78797912242738,0.244017962519162,0.418384327161376,-0.381174841386539,-0.581996735588668,0.803683310098265,0.125428106629455,-0.5703301281227,-0.246799301790168,-0.314397739527403,0.196544094658013,0.41315714860738,0.354114530085741,0.792112698220144,0.019032314906298,0.192269687807073,0.173956237825148,0.00115929991735368,0.00109112816790648,-0.00231774390411063,5.62592140879906e-05,-0.00215914271631496,0.000188563816174768,1.68395566663375e-05,5.7824902451749e-05,1.98194031658846e-14,7.74431131616645e-16,-9.69055116174889e-17,5.50889582549862e-16,3.6013989823016e-16,-5.19834519396788e-16,-2.28645574073205e-16,2.63949935710553e-16,-6.81279114496307e-16,"Bat LC","AF351846"
"AF351832",1.73115922531121,-4.33954078956642,-4.39254028897762,3.62944023879017,-0.924856654213645,1.12595220742547,1.53447228690474,0.432582468665755,0.0074109222107736,-0.606584991791708,0.552530014389779,1.06259023728784,-0.513685793960007,-0.851274929047189,1.20755080232397,-0.896218032697277,2.14706746348471,0.000229930996154001,-1.33920848707722,1.98932202880288,-0.49077092173553,-0.215347909535503,-0.176518585008295,-0.105642923864028,-0.454554702478857,0.30924945187692,-0.399053427631835,-0.0701998991482518,0.6661470636857,0.249231110153506,0.313364682890868,0.324624719113857,0.444102219603254,0.164442545684616,-0.0244621359739894,-0.434822958049279,-0.862068116155843,0.468655033439883,0.291904365173769,0.204825150943465,-0.000655446668681899,-0.000467976752748612,0.000482373700883696,0.00102679425375476,0.00115008939490587,-0.000205390126195942,-0.000900412670551627,0.000207987441396452,1.99614619497163e-14,5.46003192078794e-17,-1.65357264611499e-15,6.57231516545723e-16,2.34083311202581e-16,2.27492023849946e-16,4.68403727205578e-17,-2.91450163043767e-16,-2.8712448917019e-17,"Bat LC","AF351858"
"AF351833",3.02950243657613,-5.59003521614923,-4.58430473116856,4.68602734649081,-0.303518320493422,1.16867994795267,0.0361765813676304,-0.7622447737641,0.642918162640703,0.761521451699386,0.730077968543363,0.330422580285719,-0.587879342230302,-0.551981001912525,-0.560352763835207,-0.410739956299716,0.599270386219367,0.333069927368206,-0.242137170152565,-0.356198850540472,-0.730890817468218,0.11843083881711,-0.208061056310629,-0.348873984238339,0.549883636509941,-0.0993374192235599,0.187735654656907,0.727303077437172,-0.0962976022105238,0.13864431569163,-0.179749453347772,-0.345710578248731,-0.143494363704826,-0.291228901575476,-0.162647787387804,0.410013833133143,0.338477229479625,-0.0692457163131143,-0.331568088105179,-0.344377731026492,0.000773405967224137,-0.00109942408683474,0.000319400167859671,0.000697774488113893,-0.000184932884763163,4.74060733779981e-05,-1.59790325023848e-05,-0.000185510858471625,2.03399805010769e-14,9.12523932662568e-16,-2.91586650361876e-16,5.86233529180463e-16,6.98131040475251e-16,2.01455067298198e-17,-5.14302529501807e-16,-2.21127497045055e-16,2.06700931036561e-16,"Bat LC","AF394883"
"AF351855",2.97960079447693,-4.88880590249038,-5.51535201956759,5.23774289151581,-0.15149120241249,1.43381976601251,0.255263417699582,-0.406932167318645,0.0166331057241855,1.04610275249987,0.98472358550875,0.315244759705188,-1.04684363182649,-0.401238933212545,-1.07987350111608,0.438269726198359,0.913488616966438,1.20122093902796,1.22704448266804,0.557157075693465,-0.0258565052928572,0.56429849082239,0.147477745690803,-0.682650777335699,0.364202699656222,0.374022249328176,-0.939260011508543,0.276916864585918,-0.259731115153868,-0.848700732011912,-0.0232374365245167,-0.232444542270909,-0.318833461235835,0.372426257607334,-0.404628721950792,0.173803547767295,-0.354124434401409,0.248088379135034,0.0157270914900191,0.108896594186065,-0.00549289298853625,6.88396342690182e-05,-0.00149018805415686,0.000206095207119753,-0.00258359006137073,7.26821900883388e-05,0.000563628065507004,0.00128177610095638,2.03534910113215e-14,1.7779563372021e-16,-1.15376946217391e-15,5.23665108572977e-16,4.95096088868191e-16,-1.13970017838281e-16,1.39758612044148e-16,5.05393743465687e-18,2.74151644266086e-16,"Bat LC","AF394884"
"AF351861",3.51893625657378,-4.14803512458967,-2.42846422939539,3.61413250429235,-0.880480843450979,0.473249522606227,0.317191693542759,-1.30775510349117,0.245833315343863,1.61784230244105,-0.268189449251077,-0.418006606974613,-0.147266229598934,-0.935427459304523,-0.29883495349857,-0.67060785790293,0.231016300663246,-0.204985263830993,0.230572233841669,1.05077276811499,-0.822554180818045,-0.591715831517608,-0.762826582965189,-0.209575969032421,0.217906839958254,0.122427555589689,-0.162509664150486,-1.69434906908308,-0.222446071524537,0.0978994616072817,0.260277000513958,0.361723639051026,-0.00921682693239978,-0.0622661255323412,0.236177236077823,0.322941038451254,0.144002402898857,0.049904160095451,0.224928018206106,-0.196523818033772,-0.000790379587819485,0.000262567267803837,-0.000368549239068903,-0.000594822326600771,-0.000526386809333908,0.000113692814573435,0.000498339787802231,9.00801701406014e-06,2.04822959738765e-14,7.37247469587418e-16,-4.85048565133273e-16,9.78277662662026e-16,-4.57258627363885e-16,-2.43995965848808e-16,4.35892975245719e-18,1.99477732683485e-16,-9.342356357176e-16,"Bat LC","GU644712"
"AF351862",3.01964194297265,-5.23159940597259,-4.80196049204776,2.9188704280551,-0.581179917358692,0.840127517179738,0.091647562297947,-1.54870801781766,0.238933678618573,0.316745286115216,0.659601696290423,0.546626063194831,1.48459557954541,0.112918612201443,-0.671453571630766,0.468862128984468,-0.425008038911473,-0.17439865519283,-0.329373928872198,-0.327897480985198,0.734224570567586,0.166572675704974,-0.311123882571856,-0.868183106046615,-0.0122254083832031,-0.416790299077264,0.101305461627015,-0.0976425614258955,0.397929416853792,0.369232366953539,-0.101176210579,-0.375776239393702,0.18404787221098,-0.0734553686230466,-0.304277600610622,-0.194327937424009,0.349669334632256,0.168193865736294,-0.112274706811871,-0.230920843649347,-7.53524598517158e-05,-0.000395998126236644,-7.19443651164171e-07,0.000500973225925348,0.000309109199496575,0.000500489962630496,0.000422545293219838,-0.000171472164431861,1.96496287054076e-14,6.8173631835616e-16,-5.12804140748902e-16,6.27863520514711e-16,1.18725922786213e-15,3.1111554646377e-16,-2.45441250788203e-16,-3.07061522301743e-16,-1.57079518479991e-16,"Bat LC","GU644713"
"AY039227",2.11380541282466,-4.24994033385681,-3.00607351059158,2.68596158255909,0.70160220256853,1.50872914044219,0.393657342245863,-1.20805572287853,-0.0944715005982673,0.677344661638825,1.97524083064032,-0.25536628575466,-2.17591181453122,-1.70654341967171,1.58136949378474,-1.82986844017433,1.79099358431787,0.945507521163905,-0.377675446659234,1.37521797533351,-0.208898806478599,-0.517630385321195,1.27880514742592,0.778929699865831,-0.105763395583003,-0.0898438556110067,0.100704718789439,0.329363654951234,0.492212450830194,-0.3096615793814,-0.566574843057059,0.522874250907876,-0.420425560707832,-0.0758726708798978,-0.0406258768993067,0.136763238937023,0.136907098461153,0.201883485328049,0.298254061193314,0.382247755712089,0.00164010899679101,0.00167148250533388,-0.000683955312828398,0.00042967183170446,0.000512850546323435,-0.000146362423435062,-0.000560028143269185,-0.000165298709709314,1.95956371793052e-14,1.12062496144638e-15,-3.24289268829202e-16,9.62916879380045e-16,3.36896826688563e-17,3.96010642072226e-17,6.48686163696925e-17,5.67756859067237e-16,-2.27896159485261e-16,"Bat LC","GU644714"
"AY039228",3.5004530736097,-5.18872883400499,-4.80304396670362,3.63301606558346,-1.12741418234562,0.803345641577613,0.199593388361791,-0.948403213910712,-0.00414824432315427,0.580505310455553,1.14541523649206,-0.0628126727573697,-0.328122662141943,0.213153796026828,-0.389473427984519,-0.297580340419258,-0.0625353998133367,0.12416745640901,0.199645008837752,-0.058446477246553,0.103884978810376,-0.153928070956555,-0.35166685867954,-0.705117430626932,0.209057343064116,-0.0468819836638781,-0.126621908207662,0.309919659454885,0.0799734578510588,0.00935446640985015,-0.0657221455092007,-0.187954192237594,-0.107052650492365,-0.0412168498201744,0.136812580240338,0.0621627404244117,0.126918978481117,0.179472891970012,0.0870955633368256,-0.111757413460022,-3.88171056544424e-05,-0.000353959329160522,0.000299075286676217,0.000155544159418956,-9.47460386780941e-05,0.000213621076557258,0.000336627385980952,-0.000191617404586874,1.9843917734717e-14,9.3153649889682e-16,-3.46270687055129e-16,4.33574491205309e-16,7.70925593627694e-16,5.8042146918522e-18,1.9864795906186e-16,-6.12372854073661e-16,-1.57079518479991e-16,"Bat LC","GU644715"
"AY039229",3.21523437480785,-4.48725317220751,-3.75797431444204,2.60711199880534,-1.09633496900707,0.856482149041235,1.04162616807303,-0.41463518792176,0.62007134108284,1.0578272235822,0.860455432461382,-1.64491131905571,0.258424845904831,-0.86617177666121,-0.0814468247916192,-0.144951961131399,0.637335268652948,-1.03507413037783,-0.259100873668089,-0.606308642385877,-1.0349281358747,-0.0273069100329059,-0.19004353394843,-0.0132184693653101,0.300378234058998,0.459648963269882,-0.24196331456555,-0.324521531207241,-0.180323632511343,0.280584241640619,0.0440133446826986,0.192437694220561,0.225750138871001,-0.424669241005012,0.090849054821965,0.123613596550711,-0.009270899683171,-0.0352127831046978,0.0547518295687045,-0.00122113386085954,-0.000355603509636343,-2.31023941942469e-05,0.00192876001474826,0.000318522298002581,0.00124625365212502,0.00032221559929993,-0.000210904984837774,0.000117032487702429,2.07598517300328e-14,6.26225167124902e-16,-4.01781838286386e-16,4.16227256445541e-16,2.22752975219023e-16,1.16826517154368e-16,4.35892975245719e-18,-2.30733689358764e-16,-3.23612972173764e-16,"Bat LC","GU644716"
"GU644652",2.94258182026739,-4.66778440505101,-4.55552121637397,2.60782558628457,-1.34923525155767,1.22007644799687,0.575879431844769,-0.173730074296489,-0.721697521151633,0.677148868904124,-0.146472178837575,0.8675104627743,0.570809453314011,-0.919141070275624,0.515879160958832,-0.649793786321037,0.553979556712048,-1.22840743471858,-0.515510480988306,-0.774773987771468,0.0618861481369479,-2.05082458014197,0.183576616263156,1.2226563909933,0.425541347497365,1.10170858367997,-1.07956373842544,0.244771682227886,-0.121889720784379,0.294186745034584,0.129592925554575,0.263216622051904,0.340529683699625,0.255680133006034,0.281466200082918,0.275723564391426,0.219965369460398,-0.120124804979016,0.0187407346199249,-0.121010887999469,0.000821165360526192,0.0022216000531786,0.00113047171838906,-0.00262330453673937,0.000582253596190512,0.000617141258941972,0.000708697708375925,0.000330159529730373,2.04354167875431e-14,6.2802625963946e-16,2.27742713454245e-16,7.79425024766389e-17,5.85983338981125e-16,-1.5499004155467e-16,1.79799482646709e-16,-4.65727331093453e-16,-1.17657360030333e-16,"Bat LC","GU644717"
"GU644654",3.20199495832379,-5.22665156932952,-4.3400666282664,3.22363080085815,-1.20941121977868,0.906017747421754,-0.403735463806331,-1.32316324857465,0.073813496697533,0.437099630651488,0.892229629390437,-0.223919426475212,-0.929913523444905,0.879852954961675,-0.456576293476216,-0.0161654740459328,0.00697144776162224,0.409075443038542,0.37112631086124,-0.0599792496466972,0.205321958795563,-0.0418496531901652,-0.148219266178602,-1.06515551747127,0.19702899343146,-0.0290650919679392,-0.451306119336753,0.224349530143532,-0.0895558760973299,-0.00440459041871211,-0.0799907565305513,-0.0592955613772922,-0.375991842599652,0.0705545634110174,0.165943941327436,0.180920421018354,-0.116316905588519,0.361390305231804,0.22607060909748,-0.0253569173321053,0.000291358224668511,-0.00104637715501822,-1.72400841376187e-05,2.70368985196817e-05,-0.000147016070823568,0.000441081587915698,0.000188022947053561,-9.90796357969636e-05,1.99549400371795e-14,1.37562570874688e-15,-6.51582018827047e-16,6.97252459553783e-16,3.26836383777632e-16,-1.8848481461755e-16,2.95792473716561e-16,-2.95057661454539e-17,-3.23612972173764e-16,"Bat LC","GU644718"
"GU644655",3.51795554890039,-5.16413814390576,-4.52742011478686,3.62740395091687,-1.47823525237302,0.717920418575814,0.67500689524765,-1.08034928522471,-0.173268871222964,0.393823639967014,1.06523749659169,-0.184368926799271,-0.275898830290138,0.406087980728567,-0.531801149556325,-0.408886838171046,-0.184388909406279,-0.016522249948965,0.165333256686847,-0.242203157887435,-0.0110888284527288,-0.256327617286075,-0.475698509018664,-0.887009260554915,0.0662892457984674,-0.140040213586371,-0.1102705234327,0.262628313398997,0.15798286291326,0.118932827083825,0.0343821260019438,-0.196654633911238,-0.139600085920531,0.0641720139599599,0.218992550901892,0.1042342981656,0.208054336783458,0.19293186254264,0.137496796807322,-0.0813742470706633,-6.80625464763203e-05,-6.17307015146372e-05,8.75298821253027e-05,0.000122875697440015,-0.000268693893752696,0.000275774024399628,0.00029935610973764,-0.000187857243368351,1.97051398566389e-14,9.87047650128078e-16,-2.63003960208242e-16,4.61330066820938e-16,7.36231124108158e-16,-2.19513609237767e-17,2.68036898100932e-16,-7.37272944343991e-16,-2.68101820942506e-16,"Bat LC","GU644719"
"GU644656",3.50788421612672,-4.89093686185063,-4.80257911936574,3.08793918900623,-1.11307352799253,0.233345803692203,-0.60579748163382,-0.0320424040775507,0.467349427743878,0.509120342994935,1.33970888425031,-1.26708340936197,-0.265393540011301,0.513248689323559,0.230179437005675,0.445223555350343,0.186815325801751,-0.136982408304491,0.944198982120355,0.423267157420768,-0.110258485461285,-0.296085553235616,-0.0497225137711762,0.18503817395409,0.232266448688519,0.032837156497104,-0.383864722364865,-0.0525558136669313,-0.321142836193614,-0.1750223842284,0.0168632438856065,-0.154325971972359,0.00221486056923814,-0.190625284153812,-0.061946394594801,0.0399710950857185,0.158629661008754,0.245545675298118,-0.0205516755363026,-0.04063557550599,-0.000671939410976689,-0.000612846212165969,0.000912421420496534,-0.000497524234336246,-0.000121392041263129,-9.420534558624e-05,0.000174699086569534,-0.000137642837440012,2.03157625201827e-14,6.8173631835616e-16,-3.185151114395e-16,1.62834568708382e-18,1.88058505699487e-16,-4.93796146389468e-16,2.68036898100932e-16,1.02333218028783e-16,5.64565447526361e-16,"Bat LC","GU644720"
"GU644657",3.17648270115137,-4.51369852009278,-4.64291078670695,2.38885986716474,-0.0395630179514727,0.157923796198716,-0.0397984488684094,-2.13834308033813,0.470058680941621,0.772470165096335,0.96265745758795,0.837097068267378,1.3633826286652,-0.285501551541312,0.93756848230708,0.805886323402074,-0.168094092677653,-0.380781606149104,-0.320664286326145,-0.29904210481245,-0.485810942212916,0.183233867053875,0.966143340263258,-0.182369920631631,0.37444815057837,-0.327510208880647,-0.0594477663293885,-0.156689425972681,-0.207939672888654,-0.153578754560813,0.380990901311616,0.633686117592542,-0.251059339576499,-0.138610051531804,-0.135131237128323,-0.553057864737261,0.396462707436357,-0.572453770656821,-0.166767118910723,0.625470797373183,0.000107275235908076,-0.000856242563122673,0.000547502488877769,0.000221015539737215,-0.00095867276710966,-0.00126429542734198,-0.00155108263074765,-0.000147449496425115,1.97243997902967e-14,2.63923767916592e-16,-9.02068260308911e-17,1.82857723598123e-16,8.16649915268484e-16,3.43974661489809e-17,1.00037753142499e-16,6.67767722469057e-16,8.26319222613678e-16,"Bat LC","GU644721"
"GU644658",2.51609722320047,-4.61152889934615,-4.57964429124524,1.52672791278657,0.00808343110945027,0.057282591254759,-0.542953134523671,-1.72205720965533,1.12192320745599,0.413146122726805,0.861078260158636,-0.548598430840473,0.911600805845844,0.732299859292799,0.811387322971654,0.423274279004098,-0.272690588251871,0.312140765054084,-0.833904971633357,-0.050278696066476,-0.694954496171885,-0.488513597037206,0.323878336094158,0.40650674247094,-0.119862536830171,-0.233099155788337,0.545326511560417,-0.0722143377753734,-0.416563234081542,-0.435725327006228,-0.0217252979623659,0.507487909819998,0.0636118665359849,-0.313355081008061,-0.232520460942057,-0.202492467623479,0.438283971673465,-0.13398563624288,-0.139598632200751,0.778366990518364,-8.33156587201805e-05,-0.000603540402381496,-8.44173230406817e-05,-0.000142395012819988,-0.00089036428606104,-0.00116521057631712,-0.00140882333555935,0.00155165460621179,1.97185554667297e-14,-3.53077344402203e-17,-4.98127908193928e-17,-5.90492452382832e-16,3.63133470780871e-16,5.09184802513671e-16,-3.35913130322253e-16,3.84795803244295e-16,6.04685581513071e-16,"Bat LC","JQ685947"
"GU644659",2.94079615442368,-4.60042062552364,-4.30224952283987,2.44861368143127,-0.871948235882146,0.20825117806844,-0.855022987926237,-0.33872988174373,0.168077443021655,0.23068574513266,0.354772892935542,-1.26823983231807,0.50673558164264,1.32987119213976,0.540521034285676,0.279800100899023,-0.293284655653154,0.36300276901318,-0.43832724652342,-0.733890441899135,0.0150203777567278,-0.841257563791174,-0.0343061402262047,0.250777530419673,-1.07975234750206,-0.615083649709696,0.459032308278552,0.0683780384515437,-0.0578791847657459,0.00325055827623871,-0.587685008039128,-0.702487358283476,-0.015617298856753,-0.05207840553011,0.184143739997757,-0.270732556414929,-0.215243205629276,0.0375932291386084,-0.040604026172982,0.100800189440231,-0.000116716330439688,-0.000560976121253487,-0.000609344943847092,0.000275420278938369,1.2337547409037e-05,-0.000811597436225886,3.20260496923283e-05,-0.000212984136784866,1.85671612563981e-14,-4.00731130653368e-16,-6.9321538225049e-16,2.11529886280277e-16,8.54192320474581e-16,-2.19513609237767e-17,-5.11522214788007e-17,-6.12372854073661e-16,-4.60572160174751e-17,"Cosmo AM2a","AY854505"
"GU644660",3.34501437266287,-4.27619893404928,-4.81714251252719,2.49673850729611,-0.282737381230223,0.130025582096934,-1.2266318639889,-0.740565701961216,-0.346046812669503,0.981835829718403,0.0454852530313418,-0.480753958791601,0.314789534587389,1.28645179693896,0.255239156688424,-0.12863677470328,-0.10641406796331,0.363574158589916,0.0172647062948054,-0.267294956060543,0.242314656529915,-0.171334913179698,0.152043754339911,0.362511434378221,-0.587834617294935,-0.436905266781084,0.751201562028965,-0.0835211342860962,0.412255830691321,-0.518641701569957,-0.279680058463304,-0.371757487833114,0.419780406979974,0.0400161058601668,0.196507048779594,-0.209122731024824,-0.242898111649601,0.0546381311511344,-0.0587630426097729,0.119249928527446,0.00104713037211917,0.000109353065049622,0.000545727177801426,0.000300918539460902,0.00073756748511987,0.000556733524480852,0.000405524866159528,-2.27190327838024e-05,1.77067384123136e-14,-5.39509008731512e-16,-3.74026262670757e-16,1.62834568708382e-18,2.99080808162003e-16,-2.71751541464437e-16,-1.76052311749131e-16,-2.30733689358764e-16,3.98031993832587e-16,"Cosmo AM2a","AY854525"
"GU644661",3.74758742200927,-5.41133957530994,-4.22098131023985,3.72144842317955,-0.962381646979476,0.369384479250878,0.132646029212442,-1.18731663728272,0.0101027041874865,0.818586950176961,0.666197008800016,-0.355218990269336,0.393878168161322,0.0540705876519084,0.567124681460339,-0.133275437916699,-0.281009441267088,-0.179301916071835,0.335351407817987,-0.346784407819313,-0.195320846804726,-0.17702942310784,0.370861926700846,0.201171556349083,-0.0013308437566305,-0.150578514324313,-0.0146161546761675,-0.256987173020401,-0.299647329480135,0.504686258139394,0.459346040381105,0.468934353884394,0.173170635689029,-0.226733113465088,0.0752782526872596,0.126752265361742,-0.115546119649946,0.17088900404119,-0.0206649754203242,-0.141590676743003,0.000496927094991963,-0.000448396937157248,1.59210658408244e-05,-0.000707313425589414,-6.87402152149952e-05,1.74393578745714e-05,-6.81828886871474e-05,8.71731527816048e-05,1.98994288859483e-14,4.319361378155e-16,-1.38103869937912e-16,2.11529886280277e-16,7.70362032369716e-17,-2.19513609237767e-17,5.03959290833778e-16,-5.72613417610828e-17,-1.01568367248733e-16,"Cosmo AM2a","AY854531"
"GU644662",3.74566612280838,-4.79066257627043,-4.44336078653088,2.91986118467266,-0.64278265322461,0.347367785240134,-0.552499473224495,-1.09613371189225,0.123273918966023,0.830604465687884,0.776376939245903,0.599136555539331,0.860034073567728,-0.099191411546664,-0.153093521845606,0.433787735315807,-0.12072019168692,-0.352101024405002,-0.128426494822926,0.081128257817562,0.0881052415593744,0.442191965328346,0.307407177587635,-0.0908254032930735,0.36891248070847,-0.0908578086913441,0.0718280733149555,-0.225911018701213,0.243953635688425,-0.0515259640849314,-0.123907689564195,-0.0484195240937977,-0.0692764489159655,0.020221744917639,0.00769010228020323,-0.639399262126253,-0.122008249002802,-0.320364620978215,-0.0654841116765887,-0.195763404639178,-0.000115009491258285,-0.000944027008501522,0.00138504851792678,0.000417389884764473,0.000257723232279795,0.000409799369790659,0.000791368821001508,-0.000157650334867433,1.98220064826684e-14,7.03412064556689e-16,-3.86664722266627e-16,2.19867009355462e-16,5.30552647724584e-16,-4.1347197044158e-16,-2.67457364981329e-16,5.22382298659988e-17,5.08643332470679e-16,"Cosmo AM2a","AY854544"
"GU644663",3.0791295576137,-4.46198477894737,-4.65974568182722,2.55875560743072,-0.275821772545618,0.283053815107306,-0.963729449008901,-1.01493714791155,-0.463861961049321,0.573404870122504,0.167285211767978,-0.589231988076805,0.253388005895754,1.46896120161283,0.117924980285036,-0.241656667146707,-0.203936410835381,0.0611270122413105,0.0683655764809378,-0.206464093265975,0.251326183654614,-0.149975323277761,0.0741964753327852,-0.0576214621220349,-0.535096854996493,-0.289632515136644,0.545479157850653,-0.0865297480632854,0.171546459609194,-0.171371194982109,-0.12719809564045,-0.2608162202926,0.134238092613025,0.179196344170061,0.277304145947953,-0.119477556066042,-0.221965180047256,0.196953483291909,-0.0723724487047891,0.12874692513291,0.000602325093201118,-0.000311111584086425,0.000192129650526471,0.00020304739019501,0.000443268929175333,0.000608034716881748,0.00038730819264946,-2.81019886821039e-05,1.83282662790192e-14,-2.53982610475855e-16,-8.8538391344373e-16,6.21001091633619e-16,7.22645790982631e-16,4.29592962415817e-17,-1.30503810277426e-16,-3.4508230035208e-16,-4.54496680154282e-18,"Cosmo AM2a","AY854546"
"GU644664",3.37768649685672,-4.01023900065312,-4.65398807327336,3.43483869059694,-0.590165812168455,1.00014660943516,-0.464800053308314,-1.42385191048033,0.219556889975475,0.574593698545177,0.436883556142963,0.587876872597668,0.363051341329061,-0.304499839423059,0.610884137757878,0.286045115083754,-0.85439351799601,-0.362619381293323,-0.750577221999548,-0.250243191076817,0.153325696348017,-0.202590798154837,0.649102750351167,0.871582189532915,0.0668458794280983,-1.28463419689018,0.795136926039157,0.353138597326244,0.448487277241856,-1.14436869560855,0.214181456396241,0.589912049072368,-0.384716602771519,-0.166246220955094,0.580439546390244,-0.0106775896583348,-0.246945145229601,0.151831462360295,-0.212703975267447,-0.0370543133173651,0.00052132830820996,0.000940366759984667,0.000638491209757858,-0.000320152051617535,-0.00046143360479911,0.000376199493673513,0.000394144951196389,-0.000219791972599555,1.82623036573902e-14,5.54068517389411e-17,-1.24925543443459e-16,6.22859143473953e-16,5.11153932680084e-17,-8.75861254428997e-17,2.70228549490083e-16,-1.55531803079361e-16,7.03597883450522e-16,"Cosmo AM2a","AY854558"
"GU644665",2.83917173206977,-4.14573195053531,-5.11293507435379,2.8218426984129,-0.353312176465945,0.037697053752843,-1.54667352817196,0.0190348249744671,0.645005211882327,0.588063329490387,0.719747599234731,-0.800002965725046,-0.213370603047044,0.824295863376658,-0.0570972597010735,0.406536402448419,0.0928497218517038,0.708593076801422,-0.0736278187110328,0.401425497338643,0.66687367000089,-0.326194579925406,-0.530408870553128,0.726209199515141,-0.47095354204335,-0.20724752498554,0.447072458266985,-0.317382110261066,0.166951132068723,-0.685133246150296,0.144949532483344,-0.180860591535235,0.368669493837129,-0.0252623912460225,0.056009508345634,-0.434045195490244,-0.45744314718976,-0.0024117576172483,-0.0443313234674837,0.1633306243004,7.71688399952744e-05,0.000715804129124278,-0.000453173065107542,0.00106773130370627,0.00059810171392967,0.000483586629195038,0.00060879495152522,0.000122625788303866,1.84006278027043e-14,-6.78286886809657e-16,-7.48726533481748e-16,7.27520082021329e-17,5.62758776510478e-16,3.35597903074811e-17,-3.72744336709862e-17,-6.67884005304919e-16,1.75987388907556e-16,"Cosmo AM2a","AY854567"
"GU644666",3.14725013953998,-4.50524777228975,-4.41060633696986,2.60287709622478,-0.234047114737786,-0.122418574169271,-1.09472016730841,-1.00701506067818,-0.276960362588498,0.798883555916022,0.299812532466658,-0.41711515126697,0.230574565891259,0.978760918161859,0.347627397907853,-0.286153113313551,0.00754095108520396,0.217109970340915,0.0545208096762886,-0.209510488418782,0.642521179266599,-0.00363985164519441,0.109721463955894,0.435541679258531,-0.751726583975904,-0.217270985689398,0.563788138974944,0.185342989242528,0.315851317333423,-0.587195789483521,-0.381624099084821,-0.400896417903627,0.37558984422795,-0.141304915146099,0.0317671218239346,-0.145407301803708,-0.174457321111329,0.184567443265864,-0.0883032967992219,0.0290282391671572,0.00118813527515717,-3.55279890851377e-05,0.00058572590419381,-9.99185976375355e-05,0.000580547401396722,0.000523145971308377,-0.000945185218292903,3.8648615599461e-05,1.82082820486219e-14,-1.86223061032037e-16,-3.94406717113098e-16,6.68325187542212e-17,4.24755974632886e-16,-2.04263018931698e-16,-2.04623418598112e-16,-1.6530166939548e-16,3.82286656827224e-16,"Cosmo AM2a","AY854573"
"GU644667",3.27351195697878,-5.17932798249188,-4.36955880843979,2.43083791197212,0.244385185375872,0.919351740282763,-0.218476617029284,-1.87940467261053,1.22277524257217,0.973744675348663,0.650914880169851,-0.617442691447186,1.28665299952034,-0.145924842080507,0.216322616418545,0.0482033424574455,0.130078395410452,-0.749027966149459,-0.344074284509978,-1.17601923267176,-0.352298248721696,0.811047901131151,-0.0408101004988684,0.450333543079179,0.700761762346497,0.14611731918802,0.0854127534926816,-0.501898736351561,0.42031282717258,0.189343095029338,-0.321185269767259,0.0901078170126923,-0.00632020185565619,-0.533853997832971,-0.0368893814811079,0.019295324967104,-0.20066364615375,-0.116518021251281,-0.107375849918572,-0.142351125219512,0.0015247338460644,-0.00264721325598006,0.000669038477257664,-0.000131072004024792,0.000283129543220352,0.00052918956814238,0.000213254990044325,0.000119766449415875,1.98161621591014e-14,9.03780923281191e-16,-1.51981657745726e-16,1.12650648149599e-16,7.70362032369716e-17,-2.71751541464437e-16,-3.42585765442904e-16,3.24377822953815e-16,1.75987388907556e-16,"Cosmo AM2a","AY854576"
"GU644668",3.57642469333892,-5.68562107580827,-4.50390199877164,3.76735809985991,-0.25880186925786,1.16495686173779,-0.493196750390425,-0.997061356293368,-0.116082305911404,0.792708170524496,0.621526568740094,-0.0283522011784182,-0.0541814772836131,-0.0431913176706556,0.713476123985444,-0.344979471323512,-0.860560763202648,-0.533903780239246,-0.38290816197148,0.0635452325799864,-0.109013439142898,-0.0452431170914897,-0.11578353311409,0.477922424133769,0.214652817119051,0.077104233469202,-0.148025700005904,0.159480372552474,-0.388338803810882,0.444090090144607,0.151969728238522,0.410684194038179,0.22023257445879,0.00880665450839874,0.0130840427885571,-0.160034173961573,-0.39441139070927,0.228527931245679,0.0991981527459333,0.0395885102493593,-3.98773679319069e-05,-0.000467058189387945,0.000126904108862038,5.49999473004309e-05,0.000217730994620969,-0.000900969912169203,7.34668566455585e-05,7.68863231322018e-05,2.02602513689515e-14,2.09891532890468e-16,-4.15659626094201e-16,-1.6490510800669e-16,1.32547354468229e-16,6.131536592311e-17,2.68036898100932e-16,-8.68908443373225e-18,2.87009691370072e-16,"RAC-SK SCSK","EU345002"
"GU644669",3.05917319390827,-4.31642361099923,-4.56827879172579,2.46181946679474,-0.514066827160427,0.162443237964774,-1.18921179317865,-0.413749331563569,0.527373592660274,0.448425222997817,0.609361779319853,-0.900128707571507,0.392297260799355,1.25282810487915,0.411806400119665,0.17242707631161,-0.0753401841142412,0.308002950187309,-0.251814501270343,-0.213221590421448,0.193815762617752,-0.338313059454126,-0.197161153440707,0.529838424117833,-0.365960102885796,-0.233116870849524,0.74562526731471,-0.153060967400421,0.163232265834258,-0.367100174612912,-0.286533278221167,-0.380704431499259,0.28989880419919,-0.0252246358167081,0.118669815962204,-0.225961784768779,-0.148413089725526,0.067282138278791,-0.0458595420006226,0.0544413630989474,0.000291111872570928,-0.000353076997303737,0.000580263660080783,0.000138680796735622,0.000518759049368143,0.000522705535074136,0.000514330705242764,-5.350475217355e-05,1.842838337832e-14,-2.61953252575223e-16,-3.74026262670757e-16,1.62834568708382e-18,4.10103110624519e-16,-3.27262692695695e-16,-2.31563462980389e-16,-2.30733689358764e-16,3.98031993832587e-16,"RAC-SK SCSK","EU345003"
"GU644670",2.98034838971732,-5.10581872923325,-4.14834555916736,4.14392270902864,0.0606713572836523,0.628906926069512,-0.374500803480117,-1.05913329679249,-0.470255621979901,0.847433251048654,0.640617529377526,-0.524390343388519,0.246934554203398,-0.136256095067552,1.10213872925728,-0.241077390169427,-0.897969224841337,-0.277790908980901,-0.25723765318414,0.133611340809149,0.24208893702677,-0.0748245758458063,0.0532663572568286,0.393605680209242,0.366988660008878,0.220420786542998,-0.196273581111068,0.0988762503823735,0.0915933148242509,0.524619439250478,-0.205181140523813,0.730725948746753,0.0968919656273092,0.231869441896557,-0.397523221197426,-0.376760348411887,-0.322107114048858,0.34898695693074,-0.0299860086967565,-0.160913296213836,-0.000773952962717289,-0.00011294696687367,0.00061576910556636,-0.000290908926719681,0.000192895296363864,-0.00100305987673402,0.000243854947053705,4.25320355659771e-05,2.0379911038754e-14,1.5561300458116e-16,-5.99756133975227e-16,-2.15673141757069e-16,2.32686634940086e-16,-6.76749532567688e-17,-1.20798743907201e-16,1.95734209964649e-16,3.40962509359229e-16,"RAC-SK SCSK","EU345004"
"GU644671",3.11635642991844,-5.74319818420123,-5.37104714049495,2.73222750332727,-0.443238312437226,0.704855834260287,0.187114679005113,-2.38768332061348,-0.60058740502386,1.5993341179393,0.178260031079863,0.255179655455246,0.59114917385574,0.574940916542804,-0.125991012043908,0.0985976061146829,-0.130976827888027,0.208414865853687,0.000745637468220935,-1.13207545612666,1.54651817866878,-0.791065826097013,-0.694630368900935,-0.625101939560605,-0.206134344671408,-0.77725078681272,0.0266857011858926,0.602358239303765,0.184281382150886,0.252298512851331,-0.248561206906886,-0.217169898724716,-0.171369317525375,0.05670991807562,-0.0637894423832698,-0.0522872854852089,0.0566602747954592,0.0881211130373484,-0.0387855570462457,-0.269225632849455,0.00109458028178329,0.00227778097232542,0.000196052815586694,0.000323532273554637,0.000229839838738561,-4.53120214946588e-05,-0.000133881861587355,-0.000316110363630247,1.95663619785607e-14,8.76025347665562e-16,-4.15659626094201e-16,1.5601873504902e-16,9.65214622937097e-16,3.94382273310657e-16,-5.11522214788007e-17,-7.23395156536177e-16,-3.23612972173764e-16,"RAC-SK SCSK","JQ685938"
"GU644676",2.84753723093148,-4.46286087419089,-3.53706012847543,2.46689671476097,-1.50700255097991,0.292399990800348,0.939732288888366,0.0738031368929924,0.220290697498774,1.245091107106,1.4585555276269,-1.21084312328932,0.470130263866199,-0.525533110666201,-0.00952078241968207,-0.555997093219324,-0.451398376067238,-0.349116115593039,-0.328075787997782,-0.245093788296604,-0.400673593482573,-0.336312139896469,0.397541393081268,0.0715581149117437,1.10385094144208,0.115476924760671,-0.3942404603974,-0.154553950235569,-0.462944408834097,0.63059720777624,0.120539034295719,0.104848600784839,0.409827178482499,-0.229115809011439,0.233198194394024,0.0936969988465367,0.291988972167409,0.0378479006771312,0.0320919030556895,-0.0966946672801487,-9.83690441232408e-05,0.00258593171211756,0.00213475528157064,-0.00070476760306329,0.00135534316550348,7.48445970033819e-05,-0.000584066532219647,-0.000145257735880659,2.09697481533293e-14,9.53481988647734e-16,-2.05455283218925e-16,2.01317716708488e-16,4.52232969691342e-16,9.69392532408773e-17,5.2787506304224e-17,-1.73571262442683e-16,-2.81728229069246e-16,"RAC-SK SCSK","JQ685968"
"GU644677",3.21394844665003,-4.36482433107171,-4.30588577731008,3.10658543422576,-1.43994995763935,0.394816639717176,0.737350192743351,1.13492306045744,0.61456362232494,0.943122401379447,1.35388398911869,-1.18230718640079,-0.310348040981241,-0.64908502159596,-0.31886548239801,0.628814043136592,0.267166320177172,-0.477560406159049,-0.164960972868391,0.802136418380103,-0.415844039331554,-0.625766466550891,-0.0668558965058262,0.113661737852933,0.20581081829838,0.455459972538234,0.244209756525355,0.122590506366016,-0.436756842046441,0.0602010689527888,0.0520042377505055,0.0380691070710067,0.374167614902204,-0.27587326877158,0.0888286831663141,-0.0397413273125047,0.261703174075796,0.106166540837101,-0.0134467741492778,-0.0363665418265665,-0.00212603684632257,0.00145687520739473,0.00219179869013185,0.000372236335891006,0.0014465067519279,-1.36250718938134e-05,0.000310105703021595,-7.81912757593145e-05,2.0815362881264e-14,2.65402684121726e-16,-3.32392899247314e-16,2.02856268900393e-16,7.15414442396437e-16,3.35597903074811e-17,8.76256565993439e-17,-5.77678384554125e-16,1.20476237676298e-16,"RAC-SK SCSK","MW055084"
"GU644684",2.87373720657785,-5.57948366555169,-4.86725487100461,3.76065994739489,-0.954388054171696,1.45338527808347,0.191060330256044,-0.91490524905783,-0.236617863430362,-0.0740325118372973,0.872937427773003,-0.0841032996263404,0.0717933644884098,0.128538244494419,-0.424716100370316,-0.319758175255939,-0.366422694259024,0.195830805325301,0.645382486325436,0.114462377813657,0.0556620798458312,-0.194546190265025,-0.0881603787569292,-0.686808018491127,-0.0853327622599988,0.0311296772053513,-0.0467447846853474,0.21641381015269,-0.218867641584494,0.0708657816785474,0.183166543688217,-0.255211301823084,0.0739470512476702,0.101225572254377,-0.182332035734813,0.0613002815767252,0.115440826853748,-0.219884013233861,-0.244736886822079,-0.0162886753468202,-8.49799571903992e-05,-0.0004251790749152,0.000391628475136973,0.000889634998425841,-0.000224872408822032,0.000225034794266055,0.000167104163979807,-0.000242653344284771,1.95941175541764e-14,7.37247469587418e-16,-4.57292989517644e-16,3.78063339974051e-16,9.37459047321468e-16,5.8042146918522e-18,1.70892383446231e-16,-7.23395156536177e-16,-4.60572160174751e-17,"RAC-SK SCSK","MW055085"
"GU644689",2.86750852434156,-5.47540337201962,-4.72396982755528,3.86180025479802,-1.28325504817628,1.31737340204091,0.728810985340093,-0.97899277109193,-0.400685681725999,-0.320811395172984,0.816873113088937,-0.184192893570227,0.087499583757914,0.339652905857321,-0.580568562788034,-0.470802115817901,-0.591198662673346,0.131902999598891,0.630584423839763,-0.207573862002967,0.0825073528234178,-0.23912410982987,-0.340012982972148,-0.840355334353383,-0.350556329904277,-0.0773491753955209,-0.22017518990181,-0.0313068383824631,-0.283912765821297,0.0776019265132592,0.217250211634886,-0.101001584144264,0.0708957740042468,0.163364460706306,-0.00374563553542062,0.143462268131063,0.0885854260443569,-0.325847748556955,-0.208495840963481,0.0690740941197668,7.46645245235929e-06,0.000940376040659896,-0.00204862481249047,-0.000644391697767395,0.000675758807671957,0.000284586118743241,0.000251565584745377,-8.4115159168606e-05,1.95108508273295e-14,6.8173631835616e-16,-3.74026262670757e-16,4.02349468637726e-16,8.0562006314723e-16,5.8042146918522e-18,2.81914685908746e-16,-6.12372854073661e-16,-2.68101820942506e-16,"RAC-SK SCSK","MW055086"
"GU644690",2.85000604905086,-5.49999406211885,-4.99959367947204,3.86741236946461,-0.932433978148878,1.40279862504271,0.253397478454234,-0.847046699777927,-0.23156505482619,-0.134129724684445,0.897050852989298,-0.0626366395283263,0.035275751906109,0.146718721155583,-0.438240841216227,-0.359495618066113,-0.469345153080403,0.272592705956866,0.664896175990668,-0.023817181362085,0.197481160086522,-0.13672456350035,-0.215981332633025,-0.6584635044254,-0.207788232638628,0.0158090545269724,-0.236526574676772,0.0159845076734255,-0.361922170883498,-0.0319764341607153,0.117145940123741,-0.0923011424706201,0.103443209432413,0.0579755969261719,-0.0859256061969745,0.101390710389874,0.0074500677420158,-0.339306719129582,-0.258897074433977,0.0386909277304077,3.67118932742372e-05,0.000648147413013996,-0.00183707940793955,-0.000611723235788427,0.000849706662746573,0.000222433170900871,0.000288836860988799,-8.78753203871292e-05,1.96496287054076e-14,6.26225167124902e-16,-4.57292989517644e-16,3.78063339974051e-16,8.26436744858952e-16,3.35597903074811e-17,2.26403534677488e-16,-5.01350551611146e-16,-1.01568367248733e-16,"RAC-SK SCSK","MW055087"
"GU644695",3.21997281187062,-5.26810351261048,-4.78516435692418,3.96469654554097,-1.14205153547514,0.833668444360512,0.34900571931297,-0.913106539956028,0.119563600000692,0.403195888932118,1.1134236391396,0.0744613159801523,-0.239256939904569,0.297675051376987,-0.412339511192318,-0.438216846654537,-0.0203393967102099,0.477943230489682,0.425008334967237,-0.0930958462792498,0.0113013385979817,-0.106326219946842,-0.19186698778195,-0.639079199063954,-0.0215236264863507,-0.0710812485680706,-0.156826611190663,0.033482835656927,-0.171321780324371,-0.125996488958772,0.0452796483892812,-0.00274238774139414,0.0708712667523036,-0.0553492275345784,-0.00131257817444258,0.31169045643386,-0.06186700107614,-0.359022594006331,-0.27672537813032,0.0699008360535266,0.000850754958552483,2.73733669483269e-05,-0.00110856493273992,0.00100794955436426,-0.000387159141944703,2.86795371057526e-05,2.65161580983484e-05,-0.000220654015019505,1.96773842810233e-14,6.53980742740531e-16,-5.6831529198016e-16,3.22552188742793e-16,7.70925593627694e-16,1.16826517154368e-16,2.54159110293117e-16,-5.01350551611146e-16,-1.01568367248733e-16,"Bat TB1","AF351849"
"JQ685925",2.86750852434156,-5.47540337201962,-4.72396982755528,3.86180025479802,-1.28325504817628,1.31737340204091,0.728810985340093,-0.97899277109193,-0.400685681725999,-0.320811395172984,0.816873113088937,-0.184192893570227,0.087499583757914,0.339652905857321,-0.580568562788034,-0.470802115817901,-0.591198662673346,0.131902999598891,0.630584423839763,-0.207573862002967,0.0825073528234178,-0.23912410982987,-0.340012982972148,-0.840355334353383,-0.350556329904277,-0.0773491753955209,-0.22017518990181,-0.0313068383824631,-0.283912765821297,0.0776019265132592,0.217250211634886,-0.101001584144264,0.0708957740042468,0.163364460706306,-0.00374563553542062,0.143462268131063,0.0885854260443569,-0.325847748556955,-0.208495840963481,0.0690740941197668,7.46645245235929e-06,0.000940376040659896,-0.00204862481249047,-0.000644391697767395,0.000675758807671957,0.000284586118743241,0.000251565584745377,-8.4115159168606e-05,1.95108508273295e-14,6.8173631835616e-16,-3.74026262670757e-16,4.02349468637726e-16,8.0562006314723e-16,5.8042146918522e-18,2.81914685908746e-16,-6.12372854073661e-16,-2.68101820942506e-16,"Bat TB1","AF394876"
"AF351845",0.122863183107919,-2.84065380067899,3.62218296712041,4.81116804544111,4.68820227552534,0.0696124942521868,0.95489725143168,1.61483541928605,1.32728471037903,-0.410961485864581,-0.857976412611158,1.61689470367925,0.560170314509558,0.557890489450503,-0.361908383014019,0.0818061415570623,0.1762240653326,-0.39495513869093,-0.0338290122640568,-0.589100885330819,-0.0178541900208283,-0.530587723147674,0.0996201300361678,-0.307216546435003,-0.579136047543143,-0.0834976996510374,-0.641016566103793,0.12423783895317,0.0175386085518075,-0.0907385392976533,0.150037422907211,0.299907898732099,-0.0877601182052524,0.0172412274843274,-0.232276022569699,0.124404842418939,-0.0952116694875918,-0.206386043118093,0.0850164613604787,-0.0279102039112655,-0.000114118121537137,0.00157942712808507,0.000849807576594282,-0.000272999478994861,-0.000445503049192666,0.000237774033942779,-0.000159822528498397,-7.47675352800314e-05,1.9049514035377e-14,-1.0131747337041e-15,-7.74503444129968e-16,3.10554249231277e-16,-2.61803500243155e-17,-1.77953722277267e-16,4.03320091636667e-16,-2.15500717031872e-16,3.3434023685468e-16,"Bat TB1","GU644760"
"AF351846",0.0181507331914114,-2.88058513259648,2.882724038957,4.32857093819721,4.91454361790849,-0.445860577700988,1.81980741671296,1.33814030224237,0.909078761125285,-0.815742522908735,-1.14950820607988,0.692009349798852,0.025882247431099,0.446275247060445,0.204263950474783,0.105478473381424,0.363401168237681,-0.0637873705357479,-0.835480741571086,-0.0769233250664462,0.325298759661914,0.22312933771435,-0.320062871816416,0.12032493227302,-0.122195018699299,-0.446902808890625,-0.328769629255021,0.242043855957502,-0.257753915147846,-0.0221437722836728,-0.18839533542517,-0.00471842591516861,-0.138383059031803,-0.394189593134141,0.00606471785998818,-0.167741734923797,0.15420346391195,0.403986586070719,0.241609953011043,-0.172153345238723,-0.000861562585516385,-0.00041765068664711,0.00106946065593812,-0.000663527693239318,0.000441250643825009,-0.00122672470629661,-8.52883606366577e-05,-4.61667694673645e-05,1.93270697915333e-14,-2.63774192082122e-16,-6.63481141667453e-16,3.66065400462535e-16,1.26475315861644e-16,-1.14202685834938e-17,2.64542213558523e-16,-7.67228389537275e-17,3.89851388085938e-16,"Bat TB1","GU644761"
"AF351858",-0.539814853445644,-1.98642572619853,2.62094433137193,4.62556491612249,6.23009106391229,0.3248229290747,2.22681940965848,1.77619999754661,1.75399700968657,-0.99238123116568,-0.298814757574977,1.11549148340651,0.740044375263486,-0.269052495907348,0.157975560526177,0.590877279255801,0.424583256335586,-0.450448059744273,-0.319748391537899,-0.921497329836295,0.656879805389962,0.784354572143967,-0.559767256652926,-0.251553778669645,-0.065198521091552,-0.073007286303866,0.0166239484857382,-0.229189981380583,-0.000304292635976401,0.372817020691809,-0.130701861334986,0.0519810021360618,-0.546828458539202,0.0369187403174511,0.519827440151962,0.233755082641348,0.22175463298445,0.206143743418163,-0.0183728791826598,-0.355224307140666,-0.00109264537977765,0.000387569089830454,0.000941893430278252,-0.00102681521656778,-0.000235697405634716,-0.000978053317116562,-0.000106231520371833,0.00014704242101393,1.93176277016845e-14,-5.91542689372645e-16,-6.75523145518681e-16,6.88635272152846e-16,2.55293731778789e-16,-3.06889893998742e-16,4.20262654573581e-16,2.3514834762211e-16,1.78292974537006e-17,"Bat TB1","GU644762"
"AF394883",0.0657810600924186,-2.03067476099723,2.92453080917476,4.90642345809915,4.6001840405428,0.0214667487226347,1.84484774609218,1.86441569376058,2.05830939565339,-1.43538481583726,-1.07035758091839,0.583333462685823,-0.0788321819023454,0.681122623740772,1.46410137948619,0.847541212337012,0.55403078294795,-0.0729088792570436,0.0862023745566156,-0.363540361633285,0.126487799056042,-0.00269124680765245,-0.136706704887009,-0.390104015564278,-0.490487254949697,0.00716163424747684,0.0819585164130811,-0.200028633576952,0.0356828340217008,0.175106664991203,-0.0364079244910097,0.20009730176153,-0.412826328202895,0.392429528056957,-0.130432320048379,-0.0713739991675055,-0.17945411157713,-0.644426518204577,0.188613915831119,-0.198345740505954,-0.0010597974412935,-0.000404516296806062,-0.000432131993708922,-0.00130717844940458,0.000883352558823774,0.000344180849213911,0.000453606025475832,0.000166221279987155,1.90852053247213e-14,-9.49344843633566e-16,-8.26348904684591e-16,5.12368378239029e-16,1.63293342583347e-16,-5.2888473263569e-16,2.61342254709635e-16,-9.29087692105539e-17,4.58149052215304e-16,"Bat TB1","GU644763"
"AF394884",-0.265549618260223,-1.59665889586021,3.11349811957525,5.02127912033135,4.36012921776975,-0.0373336769321383,1.79819684988332,1.73794829820695,1.99099992781683,-0.973698359178804,-0.989003533211191,0.596548579920869,0.0157056454809192,0.878800865234712,1.06228148492015,0.688005512102413,0.0702957980408751,0.0462353849079289,0.126443827646686,-0.583067602866312,0.260920809305609,0.0544656391005151,0.338314601497721,0.266075185443946,-0.377984178301132,0.268719388865128,-0.222778304126943,-0.120186139663518,-0.218594243814198,-0.0841730119423222,0.0482997802105197,-0.745417645541241,-0.00699437580289751,0.492061086473838,0.174648999762092,-0.268372764796172,-0.0936627261417326,-0.351351448728574,0.0259593724529463,0.0397868868206937,-0.00071235796414212,0.000598669744462743,-0.000314131633611202,-0.0012974553622615,0.00154974857767988,0.000321955441884568,4.88917582829116e-05,0.00017420096586201,1.82050731277899e-14,-1.40328928851054e-15,-1.02863062757699e-15,6.74055440512452e-16,1.88388493839334e-16,-7.19211806665564e-16,-1.91192351682956e-17,-2.28104612157155e-16,4.1186973371487e-16,"Bat TB1","GU644764"
"GU644712",-0.14745192584083,-2.87112089348076,3.27129598495138,4.35280239297803,5.14731910320095,-0.280521612481943,2.15395673924958,1.47708162247477,1.25618011314475,-0.54148485023089,-1.27233974660943,1.09565232399965,0.198802535186472,0.272789939491821,-0.450454382801738,0.386848216487596,-0.0437525415845846,-0.0195806762534503,-0.28295639527482,0.269500081176996,-0.228862364225711,0.371585367058695,0.263748671920413,-0.168539218481345,-0.0301978722378618,-0.0178031199424537,0.0633497299897803,0.0149039035178993,0.00837383839923759,-0.0463244816742077,-0.225704008730547,0.0484194542383688,0.0629698255855355,-0.208958933440837,-0.12654120379967,0.144138917581822,0.0450984138175259,-0.018931924841198,-0.0116955588796575,0.0712075129578973,-0.000254314120018387,3.39953997454501e-05,-3.78745704450887e-05,0.000239446020423313,0.000119789459357504,0.000137123249274621,0.000200684993004232,-4.80431179753626e-05,1.85499136742957e-14,-4.85818797007154e-16,-6.63481141667453e-16,5.88110005387566e-16,1.54530133991279e-17,-1.22442571046009e-16,2.09031062327265e-16,-7.67228389537275e-17,2.78829085623422e-16,"Bat TB1","GU644765"
"GU644713",-0.82983293673291,-2.80381988681747,3.73357613805616,3.50242156140966,4.50735333538913,-0.54466038438431,1.90329847756693,1.46627809353636,1.68141944051405,-0.620875822288564,-0.607313899108633,0.922754661302694,-0.200019739542557,0.776669437882887,0.22057852801391,0.707153046663095,-0.217187413965662,0.618924709197187,-0.670618755317378,1.14841318540722,-0.911999938663692,0.701313581267506,-0.421365160077731,0.0785085525968762,0.0632807141279897,0.0267422054695315,0.41630677953768,-0.0869961985117956,-0.249423384719088,-0.148503510764582,-0.152491396487489,-0.0389719594377785,0.0924027831024488,0.275387789361235,-0.362313832353666,0.0226467657554297,0.262572419051774,0.296768075409835,0.240582477828069,-0.095576248608174,-0.000980132398185981,0.000656790265267198,0.00226517900294139,-0.00124183050650336,0.000328465884897986,0.000131933276906863,0.000468012826340171,7.29006657082937e-06,1.9049514035377e-14,-5.6908552385404e-16,-2.74903083048648e-16,5.88110005387566e-16,3.62397708594489e-16,-3.44487175971041e-16,6.80875847792956e-16,-4.37545321956903e-16,6.67407144242227e-16,"Bat TB1","GU644766"
"GU644714",-0.600704246630883,-2.49199672671679,3.14338302452776,4.90805441903852,5.7594829206421,0.126439297707203,1.97228319286908,1.26568753684758,0.836148138492987,-1.11091830501368,-1.34012295189722,1.17985783328212,-0.110802164797515,0.475346432501087,0.433333699165646,0.189094105441287,-0.56269643937898,0.0246381350601678,-0.558712712742802,0.30373956022962,-0.359517109214919,0.461937421055261,-0.322376337094212,-0.22447009886689,-0.321846934263787,0.0530096047930878,0.202912580524316,0.43157302536554,-0.373849287160167,0.262491134739376,0.223183795764371,-0.241199209773535,0.28946988467811,-0.189956983800299,0.329407235258061,0.0967726172130597,-0.0327488175989649,-0.303708258177849,0.267070467672664,0.116641197010437,-0.000171235303757193,0.000680355280358782,-0.000497088121133545,0.00137634853816283,-2.05868459602234e-05,0.000323524607205101,0.000321584049745518,-1.26825046630711e-05,1.79948021619831e-14,-4.58063221391525e-16,5.8163824338899e-17,-3.13946202120372e-16,-8.16915012555733e-17,-2.33464873508525e-16,8.61287089294544e-16,-8.67756743999152e-16,1.12295631929649e-16,"Bat TB1","GU644767"
"GU644715",0.139414179545116,-2.65007154729065,3.14267875920275,4.68971438238207,4.72661233042329,-0.647561566736625,2.05052587207392,1.59650164852187,1.40800691371076,-0.507292422623642,-1.23818785607708,1.13620695741535,-0.135059120676836,0.251176599255712,-0.0132579478798232,0.294207930286568,0.352874218250047,0.463055828066693,-0.238588356204454,-0.537775586778107,-0.159465834956819,0.267321155690703,0.220707037541486,-0.132159989548215,-0.0043796139401347,-0.200821132542284,0.0258610353657371,0.304907737638193,0.016890307466578,-0.123514363234384,-0.264532266602966,0.0432929512327523,0.0755930042216227,-0.271057913592479,0.00542161262005358,0.365340040218534,-0.00463837474318786,-0.0306861014494118,-0.0652875124226572,0.0845741863059039,0.000683980647332602,-0.000105193530335644,-0.000160422801662672,0.000158920797762175,9.02083916322192e-05,8.11158150572957e-05,-0.000125351736601285,1.99743515797441e-05,1.86331804011426e-14,-4.02552070160267e-16,-7.88381231937783e-16,5.5341553586803e-16,-1.6495822810246e-16,-1.14202685834938e-17,2.36786637942894e-16,2.04216757009737e-17,2.23317934392164e-16,"Bat TB1","GU644768"
"GU644716",-0.0250757986318621,-2.80852245438563,3.01714536875194,4.80174007813262,5.0008477838529,-0.0389872669299271,2.04268348082425,1.55137700965485,1.17456690411693,-0.828549251173387,-1.12714336761593,1.14033452055279,0.113313057426043,0.0178079819152742,-0.0134034204480107,0.325030239680647,-0.0994065166919234,0.0395127438849554,0.011134952258577,-0.320806298666848,-0.162846868889586,0.276800228134886,0.304795468098096,-0.166174287316787,0.00405631464608119,0.00416941769740231,0.212393946378849,0.365559202479719,0.135244599777481,0.15159708290362,-0.0433693917787903,-0.144299356804513,0.0779335412109686,-0.00141277279618062,-0.0959398329092679,0.247109718875819,0.108450184684448,0.0432894575153152,0.032732555456617,0.0441688986571763,0.000268243185078465,0.000381148064876765,-0.000200208451299194,0.000545468774900088,0.000127202901944011,0.000360299355645816,-0.000107103699750486,8.49059863266699e-05,1.85499136742957e-14,-4.85818797007154e-16,-6.63481141667453e-16,5.88110005387566e-16,1.54530133991279e-17,-1.22442571046009e-16,2.09031062327265e-16,-1.87745141416243e-16,5.67844806983909e-17,"Bat TB1","GU644769"
"GU644717",-0.294376785794496,-2.7439812971734,2.85632287241409,5.29408000261796,4.69366261030079,-0.201799186050634,2.1280409567131,1.23919944257352,1.6138764245484,-0.8084057308335,-1.49053989125681,1.05443447294797,0.323422868757622,0.595691867384959,0.0151831558018844,0.0120413924780481,0.0853844756022358,0.410215924957133,-0.102592353210847,0.0690847062752236,-0.2960758429278,0.460541585553406,0.701541323223925,0.111066425832384,-0.339641089398258,0.214999285650616,-0.16652642313364,0.0668742443052617,-0.176651566107874,-0.0972171342797929,-0.0711071075770555,-0.360099660952052,0.190177849635896,-0.0337389433415633,0.158612364481902,0.115961208030896,-0.071354171859921,0.155394999945369,-0.0273747459994198,0.0595195873405313,-0.000150549297310786,5.84376797605115e-05,-0.000395880378529998,0.000259828644970511,0.000228156039910861,0.000327069689629838,-0.000282626845045673,5.71844412857138e-05,1.81437176529917e-14,-6.23522788809783e-16,-1.02032897667106e-15,8.4428641524563e-16,-1.35457370819012e-16,-4.86418395199639e-16,1.56419906648777e-16,-4.22675119991857e-17,1.52072176142774e-16,"Bat TB1","GU644770"
"GU644718",-0.575163253258833,-2.37884357580522,3.43590408764747,4.60457065199657,5.04218260882142,-1.21963580470502,2.11439867704084,1.69016256175554,1.24724921525107,-0.115510676685978,-1.60048582216699,0.699259653132362,0.276892867678568,0.603857823228043,0.715928293179231,1.08065007621234,1.06229370773004,0.0853580456286689,-0.127339938777267,-0.488472059962021,0.422990573179175,-0.191492910402417,0.61266823182459,-0.403678254992892,-0.196158941714052,-0.702628449289114,-0.213836988172197,-0.036443990061664,-0.158502305131962,-0.0452059351189143,0.12788881798967,-0.0382167740821354,0.0773691292552227,-0.340838119436967,0.139808608034034,0.0790615662445183,-0.22215035891843,0.0465777704263978,-0.0609969848090225,0.179409489496003,-3.09453732110334e-06,-0.000567296586994202,0.000871842803494281,-0.00063414121456034,0.000144966141045128,-0.000332296282689517,-0.00027544337029035,-0.000160521684788559,1.88552250060676e-14,-6.24596675085298e-16,-1.05205920028626e-15,7.19948989561803e-16,-6.09047437952523e-16,-1.22442571046009e-16,3.75564516021038e-16,4.64510885551036e-16,3.3434023685468e-16,"Bat TB1","GU644771"
"GU644719",-0.219162043173863,-2.60297653130679,2.83670672904282,4.97282069360921,5.25982390323253,0.058030458624702,1.84155584921137,0.971685619610197,1.2010878730274,-0.513921008802078,-0.526675331863662,1.32560052369713,-0.151604055997147,-0.524316996167987,0.727609169267185,0.713536875740892,-0.207250600305007,0.688758268376301,0.0331449510440105,0.116112924811151,-0.315534946210511,0.76986142840131,-0.107896487016572,-0.176659606137088,0.251854719508754,0.212162889778085,-0.0603039866275953,-0.004025911944551,-0.127595971885841,0.171067607123428,-0.257724661352269,-0.0650577614349974,-0.029068829780866,-0.176085352901455,-0.142410909495764,0.352244902511876,-0.0475551340574007,-0.0517487583085494,0.0754127735099166,0.0595307769935857,0.00014580978666238,-0.000463416178838539,4.53307944790329e-05,0.000252839389303073,-8.95945957855461e-05,4.5245407498968e-05,5.3385624501458e-05,5.62661363796435e-05,1.93548253671489e-14,-4.02552070160267e-16,-8.57770170976855e-16,2.56777821475996e-16,-2.55163848853254e-16,-3.91758441991227e-17,3.75564516021038e-16,4.81772513166026e-17,3.89851388085938e-16,"Bat TB1","GU644772"
"GU644720",-0.851728733535951,-2.27934200276404,3.37478906028563,4.31635212754655,4.98413690839126,0.119025284137692,1.80154914066672,1.29747635374481,1.32587026603783,-1.04683395413175,-0.290913457813835,0.373359605933157,-0.146975958818887,1.24653597622235,0.806661876750361,0.534941346333568,-0.116919483429596,0.23419939112158,-0.440217627008735,0.7559612062637,-0.584832549753931,0.740317853081522,-0.580525939372757,0.228145573683449,-0.400394369069362,-0.0871824966908978,0.015391150540978,-0.138816378647915,-0.338576399943718,0.150326113066374,-0.0289107065833372,-0.237879220495869,-0.175440896875884,-0.0212330485753978,-0.198400679395373,0.0522287253300166,-0.139895748935916,0.0396734978077278,0.158714337486724,0.207377585431551,-0.000890007172541139,-0.00110651832668971,0.00129795705612339,-0.000598728701636541,-1.41570486073177e-06,-5.85558838164444e-06,0.000339728700241284,-0.000124259494215531,1.8605424825527e-14,-4.02552070160267e-16,5.8163824338899e-17,1.91207052671731e-17,-3.45369469604048e-16,-5.11020629664814e-16,8.61287089294544e-16,-7.01223290305378e-16,5.00873690548453e-16,"Bat TB1","GU644773"
"GU644721",-0.0932613583232543,-2.82633374893602,2.71496814759453,4.48454454705853,4.88062492104017,0.0266188024978448,1.89302867856235,1.53699291593896,1.16145732549621,-0.736517067123924,-1.39933805077053,0.992041857595713,0.188141215738944,0.39158294846989,-0.182589001486356,0.391702750129025,0.152083010116302,0.157513976973888,-0.209499321477061,-0.117055693996484,-0.409443338982348,0.145345709979616,0.172755817873743,-0.257480015418485,0.36212161056652,-0.21764357053207,0.264762927805577,0.100803985092102,-0.0167612406497962,0.163538475638399,0.219383396950413,0.129828042875228,0.192398047312589,0.126921871715498,-0.0373439523721653,0.0764161868919882,0.0204071387501932,0.0532654744205536,0.0866143308213095,0.0816748222726881,0.00014383921423931,1.20424006744111e-05,0.000445054872319498,0.00257604492347107,-0.000953593883435426,0.000593823145423039,-0.000391156856367765,-4.48948083037861e-05,1.85517146626625e-14,-4.24897489715852e-16,-9.27635573900796e-16,3.93843845559733e-16,-1.16909518916965e-16,3.07443467429669e-17,1.87504983626451e-16,-3.93416526245405e-16,1.36209677525152e-16,"Bat TB1","GU644774"
"JQ685947",0.465353657890132,-2.75403153394156,3.20403133226185,4.65440445333554,4.98654536787201,-0.0829147418668087,1.85565877819812,1.78917548871334,1.54452672086391,-0.904656043613633,-1.25193748306282,1.19017889161932,0.0405536344124676,0.50448271436385,-0.346548312280549,-0.261020547729336,0.308798246504097,-0.338163320650554,-0.109380827032574,-0.357359160653799,0.4179753118351,0.004197846022526,0.595877684209254,-0.0898494166242891,-0.15000574137847,-0.14354630342142,-0.0858407017121532,0.192498321816006,-0.220398941931092,-0.0107070521847777,-0.0725881670306833,-0.00184835818991678,-0.133944488225773,0.21689643420706,-0.095217223683452,-0.177725407375026,-0.188806095135469,-0.383875130668571,-0.0374041371736,-0.0388692087696104,-0.000253046201342346,0.00023831472972725,0.000514675978058333,0.000478090601163501,0.000245960071794516,0.000199905428622502,-5.39931938790633e-05,-0.000104746013173631,1.86112691490939e-14,-4.05162452623413e-16,-9.49338548729669e-16,5.84412484348161e-16,1.31132060940257e-16,-2.99724831280677e-16,-4.97748063366943e-17,-1.23782061033553e-16,2.6107088703923e-16,"Bat TB1","GU644775"
"AY854505",1.10175768598452,3.58619639653213,2.72021054379023,-0.747827128799449,0.370312822634937,-2.29564851384581,-1.96034868546433,-0.248793172128033,-0.192890083065407,1.07227465734763,-0.259325594532368,-2.0624790226357,2.30169958992197,-0.196728739499468,0.548014668171763,-0.905002911678452,1.16098386196592,1.14120770766756,0.670623265016479,0.621778621272006,-0.957739236311138,-0.0688936672367242,1.17928787198166,-1.70642384826066,0.44369848878474,-0.62447975720082,0.453818913639653,0.713857369753416,1.09308264609001,-0.203880033567454,0.178394054236813,-0.0576558001983395,0.355196625074726,-0.0104980559520268,-0.12402428732116,0.295027740217453,0.143008663853616,0.572805013744411,0.313056049481917,0.0173777943774685,-0.00413931819755731,-0.00140252849351051,0.0005219253717182,2.82423213803309e-05,0.00224343401440488,0.000142613090743412,-3.99228272114047e-05,-0.000351650478801724,1.91888012636857e-14,-2.90741067905887e-16,-7.71771684099267e-16,1.01582099078934e-15,-7.17772778677931e-16,-9.38450922573596e-17,3.043460400223e-16,4.61221423577035e-16,-1.38850893395644e-16,"Bat TB1","GU644776"
"AY854525",0.587398454890801,3.96145566349446,2.0895250158706,-0.348137274642087,1.0859184574274,-1.68477357351499,-1.35008727456774,0.0443964272542816,-0.0864276006682918,1.925267667249,-0.976875876271252,-2.51791540064345,2.60224379218216,-0.510881252231056,0.111304401674484,-1.23862214822024,1.6668759607497,1.04532780293514,0.296219568416864,-0.233973855702138,-1.49458233752939,-0.611669109776457,-0.132498467626429,-1.03897790291818,0.320057281427481,-0.545658825411454,0.279087223198089,0.84607522218233,0.814455048329407,-0.18780241425976,0.737800752173792,0.478880491785868,-0.0549573360020092,-0.339247417284044,0.193739046465887,-0.104125546282436,-0.546960420494232,-0.0341508120624577,0.218576973038076,0.195231587153188,-0.00460420423395321,0.00338923918041106,0.00124556118508384,0.000964446067165399,0.000759760000803374,-0.00026466512698107,-0.000211751940343248,-0.00049162399601237,1.88951629582281e-14,-8.35111809770407e-16,-1.15063302868463e-15,8.23985444907503e-16,-1.19478393995923e-15,2.2470745733372e-16,3.41304806399161e-16,-3.53639968037582e-16,-5.89546380008978e-16,"Bat TB1","GU644777"
"AY854531",0.26586304380295,3.37151716135849,2.3079331757922,-0.447275696310507,0.777685137019178,-2.1557387004389,-2.09675572696001,0.149474449974549,0.821199481924325,-0.980103513411171,-0.81856671826957,-3.32042057759782,3.26563977870749,1.59478486831295,1.14800452267068,0.916003054497929,0.283132370694637,0.265864790086094,-1.70281242590954,-0.176993488295766,-0.658831060639509,-0.471306023596342,0.978830216216858,0.135251407472353,0.530720603780854,-0.823348823115775,0.595629195363948,0.209757010962286,0.00690154109539427,0.824275036768875,0.394586534272562,-0.269845741474922,-0.103283580184124,-0.219177659099755,0.127169472321484,-0.344163045280738,0.557230415908922,0.423764529758488,0.0478503058989816,-0.0561408547800787,4.86701535845617e-05,-0.00245245580558974,-0.00301578584221148,-0.00091304806929946,-0.00178127938496025,-0.000110173457044714,0.000955554834100045,-0.00029820510257745,1.94413528203499e-14,-4.98815689636933e-16,1.26691094988558e-16,4.07656727278154e-16,-3.11129948438283e-17,-2.26869657437351e-17,1.56628948661608e-16,2.08973827238447e-17,4.41764598264087e-16,"Bat TB1","GU644778"
"AY854544",0.798996114374338,3.2006784800433,0.710267356769868,1.08729990738889,1.08514521282371,-2.83150828548021,-2.27003647189469,-0.573104921117263,0.484205087662362,0.653568715991547,-0.881692950772678,-2.18769313687031,3.05995928409484,-0.103562038883504,0.662980605646951,-0.0772275117923552,-0.487918177132293,0.596580012171647,-1.57736815048144,-0.0107267854423244,0.011537189580836,-0.40227076988039,0.424052174249923,0.336490505456321,0.645802931742727,-0.338256419323684,-0.992977505592563,0.772850421853237,0.848459233308825,0.674202936002786,0.112521382893972,-0.165311355603582,-0.352750508383199,0.147513620273924,0.0021871278705391,-0.162840197166934,0.182323175905837,-0.0560071446788861,0.149988282624189,-0.0510216063683008,5.66880684418435e-06,0.00141002299251105,0.000743756125563975,0.000828597569431616,0.00139007513496088,0.000106610163827555,-4.03766392984088e-05,9.61425141435286e-05,1.98959484427178e-14,-1.99435581295052e-16,-1.99115507771689e-16,7.36153599379914e-17,1.36065838438161e-16,-1.12904350127999e-16,-4.88626497588969e-18,-2.53545509749114e-17,1.8782943373496e-17,"Bat TB1","GU644779"
"AY854546",0.871479727637707,3.18377036830199,0.132682579358861,0.965297063536343,1.65454776574889,-2.45979521477142,-2.34860967709336,-0.208953032042797,0.692889830152293,0.951147682208335,-1.2517480809586,-2.48613694474086,2.73379495512283,-0.168134200592279,0.943321214940308,0.0196440954887763,-0.876900221042617,1.1335661657039,-1.17779829308403,-0.197577624741308,0.510066926053889,-0.564391041293592,0.547241267885354,0.679599465832439,0.406177771051808,-0.34601020571839,-0.875529874170447,0.764870477708122,0.644916744410627,0.544814095917163,-0.354069732268343,-0.371100552441731,-0.325801626189851,-0.0371919689868972,0.00394758863959027,-0.058989120771499,0.101305068611995,-0.212640262654973,-0.0462244151729006,-0.0497727532500305,-0.000166806417079114,0.00292667872636554,0.00158594278228452,0.000625155156249518,0.00108654866021184,-0.0003582800560165,-0.000308787314440681,-3.78970899422969e-05,1.89453199778825e-14,-8.10058244838888e-16,-2.75443340714668e-16,-1.80955310161605e-16,2.453534174247e-16,-1.58007160503396e-16,-1.50603036957941e-16,9.33991854462479e-18,1.15927458028197e-16,"Bat TB1","GU644780"
"AY854558",0.975114712043409,4.48041340998611,0.545803278785,0.888317788831298,0.401852887611276,-1.20241346913229,-1.66484695730577,2.24615259080537,-0.0297643781231111,-0.456091919210615,-1.66709048359525,-2.02668284962574,1.69907572634108,-0.797013815421301,0.459472883211692,-0.175640426930861,0.302666966903867,-0.48881281893247,-2.15376997698842,0.11710867674548,0.461601073271423,-0.425857820312415,0.92702058769753,-0.644669987404664,-1.42800918938263,0.344095419286412,-0.392227505071254,0.054600105289227,0.029052579782763,-0.556944134772672,-0.356409329523112,-0.612239461022907,0.644952704093848,0.0402925748112339,0.320555708064958,0.0378741999349348,0.184417030541062,-0.0359350921237973,0.117665491214235,0.477380385175233,-0.00141497176063131,-0.00152516241940072,-0.000669705205532368,-0.00081688628782766,-0.00258284528719977,2.04078717388724e-05,0.00162564197622291,-4.92174494389057e-05,1.8350115093134e-14,-1.710999352292e-15,-2.13198415802527e-16,1.72182808076917e-16,4.32845849474082e-16,1.36146511565335e-16,5.33353291537571e-16,-2.13040229484787e-17,1.42648956847678e-16,"Bat TB1","GU644781"
"AY854567",0.559877620144415,1.82941632785775,-1.83891546614464,-0.630493685501915,2.21191572151787,-0.701839376061124,-0.778341755943673,-1.43288518397382,-1.77370203957913,1.56792405295102,-1.79140098328932,-2.79179816498074,1.76627214214395,-0.0396735846159395,0.613342311112269,-0.604521492764131,-1.83508413476016,2.8480448597607,0.320465305533991,1.11564503080669,0.620192098877319,2.05632644085854,-0.229832619086276,-0.037926585049207,0.151008180592542,1.19808791889261,-1.05907162443552,-0.995712274371437,0.105726965859952,1.04819321811037,0.490298915023977,-0.230048641659274,0.180382000963571,-0.160854187228941,0.0395647516010422,-0.350751558222271,-0.268733260380546,-0.0485840408718852,0.266967233855135,-0.354853375477008,0.000928030353496992,0.000861725390910026,0.00103284609920454,-0.000515847000732141,0.000923033896706854,0.00101600686234774,0.000446259349706252,0.000704760069184286,1.88153274296964e-14,-2.2256144993719e-16,-2.27006163238695e-16,-4.06080370202406e-16,-6.22377443789772e-16,-6.63170888930475e-16,3.58327284488685e-17,2.20109443110341e-16,-5.04952446058965e-16,"Bat TB1","GU644782"
"AY854573",0.424830121023799,1.90626234426811,-2.10701918031376,-0.639431317409429,2.59540949114828,-0.572670121969558,-0.847012145314992,-2.74508524873738,-1.39891518739284,0.971853069231493,-1.8137610214925,-3.00195643941401,0.70304276616873,-0.222437581625543,0.970892141462196,0.203232120325166,-1.96665254793463,2.06977587148053,0.0837236076919092,1.11905748137673,-0.0258878775567493,0.751883211933747,0.748322163495841,-0.510905934362264,-0.581151872876716,0.938066211532294,0.211206356421726,-0.632829030122452,-0.311438580424082,-0.236272733368774,-0.00845954921105491,0.604764579275206,-0.239458580632287,0.0544054048372035,-0.0178727367158471,0.101866924475874,-0.443947664036763,-0.155173849235898,0.104284358587145,-0.306663494969721,-0.000584639027505733,0.000942042375665245,0.000752105301851409,-0.000356544060461974,-0.000321640532915541,-0.00190602017992251,-0.00115014232191287,0.000578466450207965,1.8811373839577e-14,-1.45251122132809e-15,-7.42966487511319e-16,-1.69958236617532e-16,-2.02659040582131e-17,-2.29967914622675e-16,1.79769955270207e-16,1.00389900775927e-16,-1.12849033763149e-16,"Bat TB1","GU644783"
"AY854576",0.369508867484571,3.30615961844327,-0.891233276132464,-0.0687655721088524,1.09710361781313,-0.839163838948737,-4.08232918579555,0.0803573792763557,-0.525451468120756,-0.0584197699459301,0.0648520198267793,-3.276964093184,2.69166017942543,-0.684921077779519,1.61519878262073,-0.0993065343228358,-0.717741950468589,1.38805216445514,-0.0434954761645983,-0.500680743911577,0.43580650571886,-0.417402819568731,1.22208652197087,-0.291393492761238,-0.432138533165096,-0.515611406917777,-2.06741754486455,-0.0128635509873648,-0.213491478360047,0.465067997125284,-0.942637547395752,-0.0173268402272949,-0.289177660750329,0.456009858774164,0.230435331807648,0.0768766309589184,-0.0593840739045832,-0.526692623613446,-0.0891871197802127,-0.370166238945688,-0.0007132980266349,-0.00373167882172178,-0.000420471119609085,-0.00126815107128436,-0.000552082108544102,0.000123883119749137,0.00136298226431922,-0.000200073548784184,2.01170556050535e-14,-4.43414174453758e-16,-5.52861232174739e-16,1.04562602333888e-16,-2.19091500775108e-16,-6.57126899052828e-16,4.03346051828686e-16,1.49349973901887e-15,4.75645288046649e-16,"Bat TB1","GU644784"
"EU345002",0.228389178631923,-2.44062646884305,0.336660034417513,1.94813994379641,-5.33728162819902,-2.18094328881364,1.06853110775801,1.48373547435634,-4.32978077413422,-2.77538047694217,-1.18915467741267,-0.258912195732013,0.847936616145111,1.55569792178521,2.31258239547091,0.596766356021687,0.71230474449674,-0.3436937571487,-0.770606180887166,1.38409683323412,0.697014664424872,-0.0103824758079308,-1.23324590901984,0.304665146159574,0.213099224167006,0.412848494046927,0.265670213904409,0.197237069299281,0.103194672891394,-0.527492933511893,-0.320127277237192,-0.123509689355014,-0.628897694509858,-0.462939066754327,0.125751864771731,0.0183335497188482,-0.00870680977545891,-0.218299384557037,-0.0936316429198679,-0.15343117092809,0.00200347307110952,0.000751749238569661,-0.000729034942473596,0.00173571822866691,-0.000729654426656344,0.00037160021215361,0.000346544371088092,-0.000248720211835837,2.07383004174605e-14,1.46554699983922e-15,-4.91739887076576e-16,6.78144707421841e-16,1.53199006829525e-15,2.92021487565512e-17,-1.12229729435335e-16,-9.15036192387284e-16,3.7246807363555e-16,"Bat TB1","GU644785"
"EU345003",-0.26939065920598,-3.57250993378127,3.75448070626437,2.76951298588639,-2.6969626349211,-2.60245858362398,3.10875654979204,1.71140380776626,-3.74452884923624,-2.33674901349467,-0.167562548885009,-3.75455500359374,-0.276565679678619,1.13868033060499,-1.36940403645206,1.38590076251715,1.62680288086221,-1.4677994063136,-0.225644635159874,0.535566449164549,-0.0736542857353416,0.263781694820786,0.493526526934797,0.236326141944529,-0.500083489956436,2.73056662162351,1.09556599172657,-0.412882215599209,1.02818174726775,1.04616675900743,0.942865242833187,-0.445153636313853,0.170422624351494,0.234048424977804,0.478293951230303,0.545950401332321,-0.745367162405608,0.0675539060414184,-0.635987668826391,0.215573132318562,-0.00320190501541587,0.000161768845505153,-0.000172507336422942,-0.00127249480268657,-1.92369096141102e-05,-0.00104729431688152,-0.000533198294288506,-0.000917367889384189,2.15982766841307e-14,-5.97065538185766e-16,-2.53325866700449e-16,5.31725936232679e-16,7.09918823445248e-16,-9.16292629259969e-16,-1.02412801938665e-16,-3.95668590462223e-16,-9.435030317403e-17,"Bat TB1","GU644786"
"EU345004",-0.240965147044537,-2.12378353218258,0.668920330272441,1.88061694532791,-5.02170795993909,-3.02326527603282,1.6871560884914,1.82342844274202,-3.35149579602172,-2.20640278854604,-1.79912103912878,-0.200699939270085,0.805959463440242,1.71095229618393,2.25321547482796,0.0248962699629577,0.87156599668241,0.828786910532685,0.25806449056634,1.14488844658139,0.40794106406648,-0.755240053284833,-0.851870334212241,-1.08737447371495,-0.0792847150494662,0.847287570708097,0.750631845961064,0.191962562290126,-0.895690799874425,-0.114666712706676,-0.0857432381528671,-0.170758635641632,-0.158087833590039,-0.0463898942545718,-0.5906138449488,0.577185683553909,0.283610826258504,0.359336162480961,0.101744876135495,-0.427347086808446,0.00142779012338551,0.00131529728250742,-0.00123862450196395,0.000734268686378223,0.000302356660934885,-3.82297918665279e-05,-0.000332321459459873,4.53065531601676e-05,2.14461982926009e-14,1.51209188770029e-15,-4.35624859391713e-16,5.80765418968612e-16,7.56472754381496e-16,-4.57373947897461e-16,-7.36307033049702e-17,-4.8568701892031e-16,3.23319615782423e-16,"Bat TB1","GU644787"
"JQ685938",0.240630233176807,-3.18468121941408,3.34974786278932,4.83849704944518,-4.79071704137648,-2.88553669630133,2.56694536978179,1.86720239514468,-4.90746581311638,-4.479303384061,-0.266670799538253,-0.0981932014809304,0.508797263133162,-2.22423787654165,-1.03855841964232,0.033511314824274,-0.663716653175789,0.68561800509273,0.616719854764767,-0.30520748341753,-0.141285891865141,-0.322628610911866,0.756788413264664,-0.403774671459869,0.948440774369169,-0.354145557856567,0.72607442957085,-0.479957118177871,0.5178663673921,0.357688273231763,-0.180452165600917,-0.467056818818155,-0.0714931705725738,-0.453326318220488,-0.22129730178371,-0.109436791057926,0.142740768065525,-0.255098450518307,0.0129858918222891,-0.136725376989772,0.00081139558842758,-0.00148967771084491,-0.000487608524772323,-0.000858318121925898,0.000335925719478425,0.000229919514710374,5.31929534795333e-05,8.79085525728308e-05,2.0643562619549e-14,9.15199857192168e-16,1.25784038409425e-16,9.91657420663516e-16,4.79839086343577e-16,-4.53686767469907e-16,-5.79715308593509e-16,3.95599727101485e-16,7.14328990966082e-16,"Bat TB1","GU644788"
"JQ685968",0.115190682684434,-3.38210002904181,2.59328167578871,4.56576799713392,-4.85747928376211,-3.09208522434636,2.15399459001183,1.34315359366627,-4.68882618107564,-3.76682899124792,0.343907567343267,-0.223024140460189,0.0457863301044749,-1.69809050969703,-1.23920363955827,-0.162007951353664,-0.369068260478916,0.798407126328177,-0.617677620869373,0.0364260337173519,0.110713820917936,-0.204275853885894,0.394909544376235,0.119909073154079,0.862251338951251,0.453870674495691,-0.288922659933504,-0.262820663755586,-0.159882274025998,-0.38014695598826,-0.0936573388177956,0.185554616884995,0.36098501664654,-0.0372089674753864,-0.220728765727094,-0.247608606572933,-0.353784169254373,-0.178931011910966,0.148045685588442,-0.0133321423265093,0.000801444323355163,-0.00208509302286924,0.000976392739124463,0.000522735418318937,-0.000100141726570004,-0.000951654036726102,4.10848912309721e-05,0.000268236225774776,2.15280008643718e-14,6.38717987311395e-16,-7.58419733291131e-16,7.4216193727434e-16,5.7178998876219e-16,2.78682645193806e-16,-4.51915222770409e-16,-4.7894004735582e-16,5.32060930254176e-16,"Bat TB1","JQ685905"
"MW055084",0.311342016647811,-2.76121856585567,0.531101012161218,0.92680244186657,-6.38542429005145,-2.54337898270108,1.25236092502638,1.65067808464079,-5.31874102552505,-2.03165218943775,-1.63384286406848,-0.629533626698162,1.13189135460222,2.21867758997821,2.22962105955767,0.850249432786615,0.524130154810669,-1.12566480699935,-0.0945500778403732,0.773232993370103,-0.0962876248766648,0.279423535963215,-0.71258781791035,0.640586386672872,-0.753176636927333,-0.194221610189399,-0.483929262897222,0.248082949425542,-0.138653990051645,-0.45672063546951,0.0586794914082505,0.546310793147216,0.0680876390917824,-0.116185041811368,-0.218326417114237,-0.138444915823772,-0.224820522684756,-0.104541865199319,0.166507754350367,-0.0183996521780693,0.00220245194823294,0.000573780677132592,0.000911239552069527,-2.50405824177485e-05,-0.000202253641705156,-0.00084554114327581,-0.000367825822110746,7.97773343415147e-05,1.9947397209357e-14,1.2431310691884e-16,-1.85824678851053e-16,9.85122926470609e-17,8.39739481228382e-16,3.33659957147963e-16,5.99442005374031e-16,-6.52220472614084e-16,3.78830767013681e-16,"Bat EF-E2","AF351828"
"MW055085",0.473996878091772,-2.71600693217765,0.563671819376355,0.577812857188779,-6.22723380878637,-2.52673933818392,1.17931451495516,1.41604347124062,-5.17793784333631,-2.209545494175,-1.79244407854584,-0.497523638808631,1.47930121127777,2.37322285756637,2.59791454954151,0.531440678107579,0.318852881758694,-1.30015526238131,-0.114719251665181,0.373815632842822,-0.266071211661498,0.620131239118653,-0.518329721263268,0.741257799545895,-0.366438445115768,0.0190126128282115,-0.267734373075261,0.143619646333723,0.025785538160075,-0.372048061314844,-0.039265604813279,0.386804110975208,-0.177148525655587,-0.363669216442188,-0.343457669195159,0.0903307361431787,0.0701368838838892,-0.162881046848218,0.0706829209184145,-0.144273669771268,-0.00175722351054269,0.001509580952414,-0.00167291777016419,0.00105544241854822,-0.000769702594658842,0.00085672062987591,-0.000542196011467811,-6.28390380267309e-05,1.95865747263538e-14,1.06800267785022e-15,-1.92912251572796e-17,2.09534595109577e-16,6.17694876303351e-16,1.11615352222931e-16,3.21886249217742e-16,-6.52220472614084e-16,1.5678616208865e-16,"Bat EF-E2","AF351831"
"MW055086",0.767341953966515,-3.76723768821056,2.71489642908101,3.99355801774848,-5.36206496089132,-3.05520828005963,2.87522924473052,2.26760967094647,-4.96259254218887,-3.69602665921358,-0.0156253616665319,-0.0572387642794397,-0.029605260825662,-2.06735486150813,-1.37475251401916,0.600313271289487,-0.574190085846247,0.688172227855583,-0.385311627245556,-1.01723333423862,-0.144268280949753,-0.222680108713574,0.224840419459219,-0.192982818034898,1.20709145927465,-0.53754800378514,-0.111249491428771,0.363641268875981,0.39175586124382,-0.13131204688626,-0.310370540520277,0.112052702494732,0.11492584067296,-0.165998571286413,-0.13446579319914,-0.187886775868707,-0.0920607953074647,-0.222687486399596,0.0391500426541635,0.331213432652925,0.00151810602104787,-0.00156909832855407,-0.000364270717166696,-0.0013656503953055,0.000368335529311259,0.000573068187391403,-0.00091484284376451,0.000210141053425648,2.10576439756943e-14,1.31557351844407e-15,-2.79626082213256e-16,5.59717061091526e-16,-2.74912704723983e-16,2.59828246747259e-16,-4.35757368895819e-16,-5.03205453914051e-17,6.55431403661154e-16,"Bat EF-E2","AF351832"
"MW055087",0.510447337121504,-3.81704915093733,3.19163409969614,3.88224389692709,-4.51336886441996,-2.32515143017712,2.7487873052135,2.1072505643213,-5.14025817059194,-3.90579361468064,0.141848490205755,-0.465092181947291,-0.0920373329803243,-2.31882428044055,-1.38425518023279,0.373829895315008,-0.486705705002764,0.296476341852927,-0.0617277622335966,-0.982224045347748,-0.249475225026324,0.216357887944593,-0.230142280606465,-0.167605525668751,0.729173937448688,-0.751334880204482,-0.315038490049615,0.151758143971971,0.518768957008452,-0.145640109766344,-0.169570132356542,0.081618202496261,-0.052040266895537,0.290109021319199,-0.196241904835707,-0.177565646467277,-0.127971512980443,-0.197521819103442,-0.0959912586475224,-0.0328186984029894,0.00128067679526479,8.98301626999082e-05,0.00106336141807069,-0.00174853804974096,8.93097610588133e-05,0.000404915922057295,0.000151991583327529,0.000189039549433998,2.09223988862183e-14,1.05195764005016e-15,-1.60938614803221e-16,6.46107263512594e-16,-2.57060209027188e-16,-1.47524754608052e-16,-2.12601324666129e-16,-1.23167983084662e-16,5.70119446001509e-16,"Bat EF-E2","AF351833"
"AF351849",0.313124138175156,-5.78584908032497,2.46244935290047,-3.19789724062831,0.288828103061513,-1.24764422586176,0.73216367732389,-2.55412451702341,0.286726517418637,-0.461993367066507,-0.0419331622411334,0.66287583965529,0.318975364986217,-0.352018930668046,0.134293628444048,0.353744395999333,0.401884107586213,0.130696453652604,0.386778508707264,0.0498130636531171,0.265094757409526,0.0377975609318747,0.197307675298682,0.234859610850985,-0.209646453624491,0.0263601214460727,0.160187786650732,0.167494166230054,0.146624376671424,-0.181067154545113,-0.115513698114696,-0.255243555211653,0.147211409686969,-0.249204257518056,-0.0044477909304984,-0.0206237738533635,-0.00159405738939411,0.115602812380711,-0.0311073598808772,0.00588768346349324,-0.000875535251710294,7.2856452805462e-05,0.000123886667508649,-0.000287954585731168,-9.09166778032046e-05,0.000591836239940904,-0.000117578888255833,-4.62377518890045e-05,1.96374714290823e-14,1.70830775281991e-15,-2.40159763897877e-16,4.74782222630308e-16,-2.34988209667212e-16,-1.90893967159983e-16,3.84937487498099e-17,2.82209977484173e-16,-1.46240561160175e-16,"Bat EF-E2","AF351855"
"AF394876",0.758342161414956,-5.64677740759281,2.44340322937655,-2.79296785026038,0.321904667012503,-0.519060267905161,-0.761884815257928,-2.50704014657873,-0.853356269808505,-0.878812767190477,0.385953957313448,1.28246613069268,0.389212273800164,0.721536602972571,-0.991413757304358,0.342080352620585,0.767279803830745,-1.2133879339918,-0.383180365483496,0.494828861000899,0.155315591163111,-0.0276036996794646,0.483888904027714,-0.21929987621235,-0.124713310876749,-0.179894594808244,-0.605676102518944,-0.0723473943089343,-0.0200463779693242,-0.321686191527541,0.149092270997757,0.378143966840652,0.0142078821410109,0.376352535351456,0.275386613541734,-0.163752859454967,-0.0379503534012884,-0.0287796191473052,0.294039936752715,0.0237964142823971,0.0038078263607344,-0.000929427222342252,0.00127213200521336,-0.000874533946404112,0.000209715663512576,-4.78815675309959e-05,7.54228831586028e-05,0.000128837324506905,2.03656183539066e-14,1.18890035998683e-15,3.68231859623234e-16,1.70651195552339e-16,2.65512391662988e-16,-1.49285457496223e-16,6.15128590473788e-16,2.17096589277435e-17,2.64934996985962e-16,"Bat EF-E2","AF351861"
"GU644760",0.542538907665623,-5.7504340657842,1.10385783228511,-2.99484417355281,0.442617188671784,-0.501745747032667,-0.103413041286449,-2.49328179585343,0.0368238956824442,-0.53549056090166,0.296885950228973,0.5595555198336,-0.0238158735303974,-0.272156731657677,0.571234941023558,0.449838027202643,0.537284156092794,0.117032717246466,-0.13497290044923,-0.255044443502489,0.229759521179215,-0.309948123556164,-0.189279720120131,0.247905724580596,0.439411637250348,-0.0669394557094744,-0.0749712198608946,0.174069380431195,-0.323225740627032,0.188126213673566,0.0411964740206923,0.00128986939571642,-0.149112104619888,-0.0104317515293895,-0.0592843543262548,0.120782474442108,-0.0750701490005632,-0.106102620054118,0.07151737940608,-0.204584647994451,-0.000870494159469788,-0.000395693990090796,-3.90045141161461e-05,0.000158829459399706,9.06076534735906e-05,-0.000628666102680055,0.00073868488636774,-1.21210290752931e-06,2.0809508934695e-14,1.68018965938286e-15,-2.90758687160156e-16,3.06739122391609e-16,3.77066032868745e-17,3.59045083409034e-17,1.39656957048724e-16,1.88546334298202e-16,-2.36865717809344e-18,"Bat EF-E2","AF351862"
"GU644761",0.189713654551652,-5.70521350134995,1.51792111500354,-3.33516359506854,0.422116606555459,-0.938282816038999,0.675149332972432,-2.44255511191186,-0.0217267423495012,-0.450886549226378,0.0791355380556073,0.721363933675415,0.304137390080282,-0.0253955775074389,-0.434588338365717,0.537668947392659,0.286234063768792,-0.304340445633756,-0.205463214098347,-0.142069819625114,0.182464824765542,-0.109318934476072,-0.15716958541189,0.19466821248396,0.111116516575595,-0.141149317163404,0.429820210244714,0.32839389908229,0.0131121427483677,0.198689437887273,-0.27646159451813,-0.198606345528525,0.0182308507796136,-0.0959952367034794,-0.00522759816570222,-0.109313194922332,0.198064497402631,-0.0893224283951862,0.0384964699096583,-0.0823105277050041,-0.00149923956518744,-0.000117090577378201,-9.0201649455553e-05,0.000142081645795898,5.02310958396381e-05,-0.000492991383275273,-0.000177865181901484,-6.37005257914267e-05,2.02754127331558e-14,1.15420589046729e-15,-1.76471311833484e-16,-2.36378337570636e-17,4.04290269741132e-16,2.11537025506953e-16,2.82061683086241e-16,-3.11357248459804e-16,2.09423845754704e-16,"Bat EF-E2","AY039227"
"GU644762",0.0835405989161474,-6.00367321723676,1.72456732297891,-3.121824203113,0.795039140749568,-0.610160747833944,0.293686050246194,-2.40532181826715,0.352134439959614,-0.313466987384888,0.0938762986455634,0.781935150317259,0.514503444484918,0.317614621760555,-0.0337719191202981,0.100871518871691,0.043631420611043,-0.0259760372437833,0.97711882491789,0.3451190067905,-0.368329758519948,-0.316382690003251,-0.295031071106992,-0.376763444723842,0.171573312918675,0.29321586931405,-0.211101399636054,0.244598221070396,-0.167469795007553,-0.086297989164529,-0.0462689015588838,-0.302142811714511,-0.133445521322833,-0.154862352724586,-0.186280359548484,-0.298196848416148,-0.0706133127464347,0.0911897578932323,0.0545318677339221,0.0733366360288108,-0.00220513675654556,7.25914635958808e-05,0.000322917125674904,0.000190307966202251,-0.000174095089132882,0.000605051881271827,-0.000155983915005977,-0.000280452651996842,1.9741117902555e-14,2.00422039369593e-15,-7.06429333744399e-16,5.30172635948532e-16,-2.53169927654079e-16,-3.09747379024077e-16,7.97537388190518e-18,9.76038110017288e-17,-3.19666814418222e-16,"Bat EF-E2","AY039228"
"GU644763",0.973286831493395,-5.36901132389687,1.09607929529058,-2.93714749509331,0.744602682941077,-0.605184420325402,-0.00869028219351846,-2.55151892996131,0.387237274888961,0.0624184414080582,0.395215623167721,0.531378065580517,-0.173650178482924,0.401331459454773,0.586839604087651,0.282331160959725,0.395969709762045,0.0800997254207346,-0.0435995767346939,-0.0188358520086948,0.205333336421791,-0.268275780315987,-0.388473318527809,0.276502923503191,0.221868688635722,-0.230067532365831,0.0446520146082448,0.16084498778567,-0.140402915473098,0.372569028360622,0.0699002275746769,-0.152562195611975,0.155802670646098,0.129646155878327,-0.384231340846111,0.298135736271114,-0.0983745289168915,0.0212824619285507,-0.0176222839054017,-0.0606907269344433,-0.000577247934742128,-0.00166885501866152,-0.000924854163299542,0.000202798629539529,0.000937089938739828,-0.000832099382481129,0.000800212769811231,4.97719976649833e-05,2.04764420273074e-14,1.40263390322657e-15,-1.7973638469764e-16,1.40205668697835e-16,-1.78045479443834e-17,1.05293447379976e-16,8.41458058174659e-17,2.4405748552946e-16,-5.78798084093513e-17,"Bat EF-E2","AY039229"
"GU644764",0.304416212128581,-6.55781900458269,1.83026895860951,-3.11075637463274,0.684036442705454,-0.56797082200601,0.383595913388923,-3.62291407910885,0.853041311508326,0.965693790861201,-0.217583854796954,0.168724785597186,1.18406271713525,-0.0586875720363171,0.879103599630683,-0.640799102612818,-1.18918014722768,-0.31895960020645,0.903669508715852,-0.395611936455879,0.342733225423808,0.66089686887152,0.268432143560433,-0.782735083119086,0.0850453976227464,1.28140301807866,0.0566025143299347,0.328694293676597,-0.216566837321092,-0.72701576286387,-0.026809698215427,-0.663740646288825,-0.181078593188877,0.2041020076076,-0.198364823462953,0.2034430719281,-0.219463886913108,-0.075413205403723,-0.0111374423919032,0.242445483484724,0.00528373256399031,-0.00149384980313111,0.000710097121942848,-5.27489779921284e-07,0.00159680926427792,-0.000510896795138021,-0.000770596954514403,0.000315849344398452,2.03623151141152e-14,2.05285688733883e-15,-7.69612584761179e-16,8.54557680151721e-16,6.49731321272805e-16,-2.29609139567961e-16,9.34354485818839e-17,1.4275927597204e-16,-7.18821403966863e-16,"Bat EF-E2","GU644652"
"GU644765",0.282175491972442,-6.12949009981879,1.62005460455966,-3.34838224433173,0.885327169435912,-0.65610474998162,0.449879070412649,-2.26448358737414,0.417574791844526,-0.43699649611046,0.347589924426802,0.583574145144661,0.240068572627757,-0.259895552529856,0.226804229072438,0.177908182327606,0.523481740246384,0.418214873924624,0.290380356674164,0.333752402909853,-0.167420590433172,-0.0305004752028853,0.319937602272565,-0.528123709269284,0.458927118524554,0.586387385389324,-0.355720271440467,0.265747753481217,-0.291154820373754,-0.373482869971729,0.144290176798171,-0.154860804412082,-0.101312490821859,-0.226995392475528,-0.120833661248117,-0.128238180245676,-0.166685897350651,0.139833612248172,0.0210034557005819,0.0644354706751099,-0.00123439571906343,-9.11943670538068e-05,0.000284458130978303,-5.95841881092033e-05,-0.000199249551134027,0.000601417651570608,-9.14800991764126e-05,-0.00013640707443617,2.03864350356183e-14,2.35289981236727e-15,-7.98369677971169e-16,7.1134281897086e-16,-3.45543952749844e-16,-2.13470226107365e-16,6.69559720651166e-17,3.8773631235885e-16,-1.98236171099846e-16,"Bat EF-E2","GU644654"
"GU644766",0.58093717073859,-5.79691311105918,1.76830482867203,-3.03255136499656,0.310129067710674,-0.553419313726984,0.551324539471156,-2.40819123610578,-0.119274899661246,-0.485488625800558,0.438103382653962,0.413734142641208,0.297754474752979,0.0343240149402675,0.489142427298095,0.346568304198034,0.297531685213529,0.441030392233232,-0.0033965651356486,-0.527364823087736,0.021740006365023,-0.348061827914656,0.195604413828623,0.12582367951174,-0.467311708380756,0.122992166469684,0.00085055788175728,0.398844175330365,-0.206670419837222,-0.00829453005394204,0.506435394881847,0.0440710995066606,0.0903340761729517,0.14391733183851,0.00755032792436401,-0.00169714184846398,-0.215785812724666,-0.0260833240230699,0.0381098755394288,0.0289265008743228,-0.000535954222431704,0.000240153127863185,-0.000316174241353359,-0.0003012204644968,-5.69869344781024e-05,0.00082300076539228,-0.000182752348875261,0.000119403246326332,1.99423458257683e-14,1.45951722223921e-15,-4.40149280181959e-16,5.175958907477e-16,-5.39399301190252e-16,-9.3774306264965e-17,2.40428319662797e-16,7.72208101590013e-17,-3.17932090942245e-16,"Bat EF-E2","GU644655"
"GU644767",0.309813715553962,-5.64314731554411,2.03655349566427,-2.93310085290405,0.67229707752797,-0.39378819306601,0.691966519849305,-2.5530611034185,0.406096412132749,-0.53026590147371,-0.416361821808892,0.310681931160957,0.625835595776674,-0.195201082537776,-0.185029752252639,0.360103656844066,0.790888782425923,0.354709257612137,0.360242024064372,-0.0533646570547407,-0.684923660901879,0.136768473594594,0.201643963186013,0.126518179055557,-0.107353272824428,-0.274226613940644,0.247852870967854,-0.491779757708861,-0.106399253517212,0.00661757112242348,0.448468165160885,-0.0635266699458977,-0.0330921823346339,0.0326841475107388,0.0445551045555143,-0.0758126709321232,0.0306594700174399,-0.0757337730450351,-0.0188630421705143,-0.423597559348442,-0.00145074468946649,0.00157390970726872,0.00102858917427905,-0.000410716579770632,-0.000322136479040235,-0.000752330357002975,0.000519450502864388,-3.50124980765933e-06,1.98935749393792e-14,1.0643628254111e-15,-1.26827318680348e-16,5.84836979634141e-16,-1.28393169537905e-16,-4.1338887193709e-16,2.57618153415147e-16,-1.09468654391308e-17,-9.43090014048642e-17,"Bat EF-E2","GU644656"
"GU644768",0.666584199391409,-5.95872767326919,1.99923898649863,-3.35295368225759,0.470433624103038,-0.718216626743838,0.746488444537945,-2.4746579332472,0.113343348563597,-0.603397004823702,0.048421120412592,0.474891327829608,0.554077009711323,-0.0729649738759197,0.0605853414320939,0.378947293412368,0.182960108596623,0.408963941551478,0.00328703030737795,0.166792221945197,-0.0866131426195158,-0.0804701056532681,0.195670587754585,0.0512791398380805,-0.046166158125336,0.161040431086281,0.036900610318966,0.0995731564449975,0.0728857517179927,-0.23921380465403,0.320642048671384,-0.119189843731166,0.0345967750744694,0.0515995425797026,0.0332937830777317,-0.0602819466597859,-0.114991709656978,0.072718075109517,-0.00614979405416342,0.10707671769809,-0.000858272110229623,0.000318839366092047,1.28701874349308e-05,-0.000172368288365511,-0.000154058771475189,0.000861630074427659,5.55935316609117e-05,1.80619651480189e-06,1.9664790069612e-14,1.7370729783955e-15,-4.40149280181959e-16,6.28618193210216e-16,-3.72865847496479e-16,-2.3255218434311e-16,1.29406017200282e-16,1.32731961390259e-16,-2.34665364095359e-16,"Bat EF-E2","GU644657"
"GU644769",0.0815532120423486,-5.6317067790261,1.32174517591856,-3.62268556009217,0.474474821476266,-0.340935213026638,0.147037694626304,-2.02924319234896,1.00903601188828,-1.78258255910299,0.072142658933171,0.791811067118599,-0.250387509461842,0.555502505736813,1.24189356865797,0.790636777489429,1.33464950442978,0.585347461282367,0.151256826891138,0.312621065164881,-0.523990483723724,-0.973385420218255,-0.16984876394969,0.955233606463656,-0.362783355576255,0.151636069649575,-0.295841899688015,-0.179164638705596,0.393541602051952,0.218342877767335,-0.389181160874538,0.266535192393619,0.176793172235212,0.156500277522678,-0.331562530722842,0.0774277728515766,-0.212687106261844,-0.289117739205816,0.0363522365652712,-0.165811448339688,0.00422616100215098,-0.00146862254100616,0.00115351675443472,-0.000546011586846776,-0.00035291173392428,-0.000575717195260663,-5.92101728061015e-05,0.000341996195435148,1.97687390449543e-14,5.91396921275671e-16,-3.25623734863499e-16,-2.40316721419767e-16,1.02556293053499e-16,-1.39928231009678e-16,4.29350664756984e-17,2.29076408983688e-16,4.00835813338633e-16,"Bat EF-E2","GU644658"
"GU644770",0.35781467584506,-5.5931988855279,1.83479904383085,-3.66333989685479,0.178256864292241,-0.633034571240114,0.665297841504541,-2.35178701512337,-0.251693591707876,-0.554512727382716,0.100388030651453,0.352828482946653,-0.179474532533366,-0.461155028102739,-0.00402976126025623,0.408086363290232,0.30578503947631,-0.212496348891697,-0.412991432176225,0.0231809813313823,0.136016522993238,0.0860985934474332,0.354651603992631,0.15341542143214,0.127911537734158,0.0238330884524654,0.26489234691,-0.119816427155278,0.00551467231273223,0.0597051489538699,-0.118684050944354,-0.110538382237268,0.159618269780394,0.0408676376706006,0.115953725476555,0.0519194693726933,0.0915219903621373,-0.074130395942476,0.158577150252253,-0.00839744849278494,-0.000845336382117323,-0.000126525487761389,-5.5591838345487e-05,-0.000313827581999167,-0.000137418704698052,-0.000307076089389473,-0.000255978850006213,0.000103329753575487,2.0414190611234e-14,1.45951722223921e-15,-1.07082372794412e-16,2.95551285822669e-16,7.12233623535856e-17,-1.05075794180782e-17,1.29406017200282e-16,2.43754263852775e-16,-1.51398637248472e-16,"Bat EF-E2","GU644659"
"GU644771",0.580249615831284,-5.27550765531234,1.6462108582737,-3.43578849159691,0.202075393506563,-0.687523382529286,0.825061687116896,-2.09644991551734,-0.238855354062143,-0.0829879094850511,0.16777447776111,0.596142599509527,0.623610310345659,-0.413417577113068,0.293864323660492,-0.120329843688936,0.375400798054701,-0.137584439480292,-0.22930312803191,0.142607446813431,0.0822927872312252,-0.363103413567303,-0.507679099707998,0.398494435935825,-0.221491577551747,-0.0152671516131734,-0.122553131898025,0.0332921326916483,-0.255377421019222,0.0780526991590109,-0.308815238268001,-0.290220247584867,-0.256503138330307,-0.125702508415219,0.0220351906029671,0.26736155772624,0.0590408988884109,-0.245862299795579,0.0220994206220534,0.112241193979703,-0.00120941985631764,-0.000355262581418395,1.2430566694682e-05,-0.000673791635503081,-0.000389257216064283,-0.000696086515619131,-0.000131192872534426,-0.000184078732130158,2.0414190611234e-14,1.68156182716424e-15,-2.18104675256927e-16,4.06573588285185e-16,1.57122111223277e-17,-6.6018730649336e-17,2.95939470894055e-16,7.72208101590013e-17,-3.17932090942245e-16,"Bat EF-E2","GU644660"
"GU644772",0.606022525527649,-6.07463570758481,2.41156338112329,-3.11345810759772,-0.599618454111326,-0.848584649907522,1.15614299394416,-2.4494534029034,-0.184499315357503,-0.50283863772491,-0.155830411554995,-0.646970530860824,0.581151720480427,-0.270682015437442,-0.09211536543916,0.0482986437248114,-0.243712909592947,-0.0890205846401389,-0.58970193034018,-0.0320690227899096,0.0807247846836955,0.714130903658777,0.3469567053136,-0.887583298995026,-0.284107874373803,-0.130991240068949,0.706990799787658,0.0289159411130761,-0.181022518762739,-0.378594591600757,0.560037882005024,-0.210900898732415,-0.129346484051674,0.390196108165402,0.395908585893734,0.132354473396864,-0.122550476754854,-0.16309787986654,-0.0781302043784183,0.349086370687658,-0.000686550395050492,-1.09179201646741e-05,-0.000702059100138896,9.17759144146933e-05,-0.000227991811329845,-8.52232367256367e-05,-0.000376864474477921,-3.05625706844109e-05,2.03621967938594e-14,1.80189741735387e-15,-4.97170237959819e-16,9.20788869187262e-16,1.25934179844668e-16,-5.85675900914081e-17,5.34009457605599e-16,-1.34303948037501e-16,-5.56964529164372e-16,"Bat EF-E2","GU644661"
"GU644773",0.507652399029258,-5.848305415428,1.73233162494662,-3.22361771419372,0.247005307366245,-0.63434526436749,0.567116768218997,-2.48896400408992,0.186380188011308,-0.56024634661449,-0.194618683973065,0.540503131177919,0.44549919973403,-0.0502772139325736,-0.0279487242437652,0.371126346703898,0.242517193208257,0.214814659185785,0.0965654506723797,0.218453846283377,-0.305764882550437,-0.196418044611319,0.0750889857385628,0.0392281455303811,0.155866339301795,-0.183466202210978,0.244810040709076,-0.187501657003986,0.00397943550247721,0.123042277264924,0.0733504003008676,-0.0518172155332023,0.0253501511640203,0.00795668398825475,0.0790490531420523,-0.0560752777562279,-0.152109732542907,-0.0314918217429522,0.0573094023883105,-0.0891763270642533,-0.0013750370586393,-8.31380847488221e-05,-9.44558854227788e-05,2.37604347232349e-05,-9.64951963392768e-05,0.00075164851262147,0.00113330900306951,-0.000126169052110227,1.97270414856855e-14,1.73049664018619e-15,-3.2111634798975e-16,5.57081404018512e-16,-4.33704501309823e-16,-2.46855418243316e-16,9.10846997213731e-17,2.11097739485901e-16,-2.0533130386738e-16,"Bat EF-E2","GU644662"
"GU644774",0.186682712147435,-5.98915929455834,2.17348448966991,-3.36203967593786,0.289894134946973,-0.597177241295378,0.624597023361267,-1.90032678392804,0.813745302235283,-0.916836989836866,0.512018327222901,-0.0155452709428962,0.68046074396725,0.0774659357907993,0.153012499725155,0.724352976497714,0.0354744824271272,0.390286316042183,-0.228025986738644,0.161892705295858,-0.299424657445833,-0.277293753286361,-0.142242076689451,0.296431474226243,-0.036356360089618,0.294370699388389,0.144456217460847,-0.0401872534704696,0.243602818542593,-0.279995627418089,0.29865126874212,-0.128066191219578,0.159644632582536,-0.181898092117747,0.105843528521449,0.393468077793362,0.0926242623694558,0.370589497434673,0.0485689611398115,0.193875485038885,0.00457829476870005,-0.000217255009647921,0.00054035706124515,-0.00117828813362556,4.76215861597003e-05,0.000836171684564164,2.82684845842134e-05,0.00031786960999928,1.9811601411931e-14,1.38233032480743e-15,6.34159231153471e-17,4.65565420121352e-16,-1.5764639199503e-16,-1.09046351863723e-16,3.97752864982114e-16,6.57331149246093e-17,-2.2558078289105e-16,"Bat EF-E2","GU644663"
"GU644775",0.0243879200019993,-5.56336122968826,1.78810783690619,-3.45829969905177,-0.103929251411051,-0.45356852921019,0.588293551374685,-2.1532262242751,-0.2491148793675,-0.396049251171525,-0.0175131356192633,0.349437413920761,0.507712746860927,-0.237702147952295,0.823234639214275,-0.507418577255826,1.04387690035319,0.489978782236397,0.082660846679856,-0.00985458663855506,-0.0746420589680441,-0.40628168780373,-0.144783992749887,0.602627926545806,-0.608120266645027,-0.302514810671852,0.0674258315772951,0.132314047018885,-0.458356302388107,-0.00931676659442943,0.136587405904177,-0.184740503859505,-0.123004085037224,0.0974639158357234,0.272351610677647,-0.0411798246855323,-0.283334711409318,0.0458303163642375,0.21301707190124,-0.0326472141598983,-0.00077549105498811,-0.000100907111879683,-0.000538008202274609,-0.000877759854476808,-9.93336561165716e-06,-0.000323599590792938,-0.000597856578820101,-4.26138454846991e-05,2.02129626880207e-14,1.50115058566266e-15,-6.48316097299176e-16,7.53518283480546e-16,-5.39399301190252e-16,-1.49285457496223e-16,3.23695046509684e-16,2.17096589277435e-17,-3.73443242173503e-16,"Bat EF-E2","GU644664"
"GU644776",0.29941673628865,-6.10526643494492,1.89156466764184,-3.35391059609285,0.53974223478205,-0.740254969655034,0.918196853315137,-2.39446031434018,0.250978353405907,-0.620891873009617,0.26860886721152,0.463832163551146,0.29151294430267,-0.0698409825251582,0.0866008018524488,0.0682629755870381,0.403446939751843,0.279625013930201,0.256580720227004,0.152738359293461,-0.2806783707222,-0.131371670094651,0.197757170595219,-0.707300735765506,0.318289888382273,0.494619576808957,-0.339612937184534,0.219162248411237,-0.214309734790093,-0.265540007218262,0.242900354704672,-0.163431388747313,-0.133374143631695,-0.123179496811515,-0.0398802573128554,-0.0867945562021174,-0.0867615145453599,0.153091702662998,0.0706524319551009,0.0943651569691054,-0.00126320466076856,0.000196672639283954,7.60701205251607e-05,-9.17650611034008e-05,-0.000370601169565736,0.000662642943475037,-0.000128195087714602,-0.000132703035026878,2.02476571575402e-14,2.4032067931706e-15,-7.17705036338248e-16,7.39640495672732e-16,-3.72865847496479e-16,-2.60307759958738e-16,1.29406017200282e-16,2.99265415084033e-16,-3.17932090942245e-16,"Bat EF-E2","GU644665"
"GU644777",0.442885197573603,-6.13203631190701,1.93878880391236,-3.29736772110098,-0.0390955254558338,-0.369427229684592,0.886567904112414,-2.3340129541918,0.282343907175159,-0.330513587401317,-0.0643346045454714,0.807490616464203,0.359480991178885,0.0135378418475248,0.0739662429926639,0.52861854398821,0.261064197233358,0.0170850507907372,0.330665846195023,0.196923387690557,-0.0383723601540842,0.345810633097939,0.144272768411256,0.327965685977516,0.0772959550691847,-0.352481439981669,-0.115740560863641,0.0968516926420957,0.0753237894291637,0.0539390378362971,0.133482220115999,-0.0872759228929615,-0.0238546371076444,-0.195722043462445,0.024443820832288,-0.114679224229892,-0.0248017741288765,0.0393156884099345,-0.0438379448120505,-0.0090431795852474,-0.000850164825827529,-0.000387165471259318,-0.000280637974040005,-0.000354669401242631,-7.79201874017991e-05,0.000784751602900977,-0.000315784216765748,-0.000109446986059545,1.96925456452276e-14,1.84809528085802e-15,-2.18104675256927e-16,4.62084739516442e-16,-4.28376998727736e-16,-2.60307759958738e-16,2.40428319662797e-16,2.43754263852775e-16,-6.8131910401585e-17,"Bat EF-E2","GU644666"
"GU644778",0.732666089963789,-5.67651249444494,2.37231267152339,-3.02720391507258,0.398801259947079,-0.908425129998545,0.951069802778035,-2.65536275843958,0.3620518254492,-0.651522499682346,0.256322006054604,0.941326486900032,0.302318592317152,-0.68398074395215,0.0192522432646656,0.225205903583975,-0.0368488320168752,-0.0836399858816074,0.599275367557328,0.0964410511813352,0.220939891923168,0.210486853812229,0.235103535859552,0.237577792368539,-0.149368849656095,0.298554116241729,0.295432120110397,0.230465295977503,0.0292253039943259,0.057140347759191,-0.176619884160428,-0.329363768119137,0.035496965946643,0.193673487525463,-0.081238858069737,-0.451319896214424,-0.142284150320961,-0.26014742265903,-0.000837763996010578,-0.0727501459153314,-0.00178529401412153,0.000133468200825235,0.000969731938306031,0.000185954792353557,-6.78289728428873e-05,0.000611572468591467,0.0001727481050787,-9.16258279304696e-05,1.95784017607549e-14,1.68394464544345e-15,-4.53850432147463e-16,4.85423586237993e-16,-6.11792328447882e-17,-3.278363939573e-16,-1.61438543121951e-16,7.22455505250317e-17,-2.48052254554575e-16,"Bat EF-E2","GU644667"
"GU644779",0.521134543237584,-6.16916724844688,1.20935461537481,-2.98993614892153,0.543582546769344,-0.229876564523165,0.26901707661615,-2.37243034842066,0.408918698715028,-0.682962882586726,-0.158043479123992,0.778247050713528,0.633671045143424,-1.0518024449627,0.00861274560958979,0.716880594527823,0.0696163775297647,0.480227585178759,0.276802693708767,0.0185872567933714,-0.138731006048008,-0.298257972922699,0.200843371626763,-0.0312505290205682,0.716958849933142,0.060232967570727,0.151205655509654,-0.256588037664714,-0.23821416531862,0.29553504433687,0.0283739108729494,-0.00642472417975747,0.0428256132403626,-0.0659831592876712,0.0539259119905282,-0.111327679969327,0.00545789803795388,-0.090331075660725,0.0285878832205332,-0.0874829328765697,-0.0018664606993634,-0.00051499879024852,9.85481371663271e-05,-3.95266203307964e-05,-0.000397010975432876,0.00101526887683035,-0.000173552241341824,-4.65843461226119e-05,2.03096702675894e-14,2.08329260007486e-15,-3.98144871567288e-16,4.62722943124147e-16,-4.27910439347855e-16,-1.44106140827976e-16,-8.66521317818479e-18,4.04791749958705e-16,-2.03394247188144e-16,"Bat EF-E2","GU644668"
"GU644780",0.336121817724539,-5.8224288598653,2.51718679848757,-3.12499151267649,0.69714172003058,-0.642598999283585,0.860009476959203,-2.36876411952032,0.334494985164188,-0.256402809624667,-0.472576654805527,0.930397320538255,0.29981271466925,-0.0910929243518135,-0.165395846417917,0.310323627016037,-0.105037499686168,0.123826440254855,-0.471753719268589,0.539643820446267,-0.220969834678809,-0.0959890317510611,-0.0208758561208104,0.0419425602576122,0.0352011268611357,0.0088035989563232,0.129689529669912,-0.277679819029705,-0.0550736920993029,-0.0236437057009466,-0.210717196747797,-0.0880548876192555,-0.0737481789173055,-0.398162479728151,0.123052188079652,-0.217406977030173,-0.145284492773503,-0.122925606374497,-0.0500029038477097,0.0879657887475126,-0.0018778858013,-0.00053542716865751,-0.00018458147080801,-5.1675903857025e-05,-0.000374050489727816,0.000636191515025834,0.000282261699367135,-0.000250158593011542,1.9664790069612e-14,1.79258412962676e-15,-3.84638128950701e-16,4.62084739516442e-16,-3.17354696265221e-16,-2.04796608727481e-16,1.8383714737766e-17,3.5477656631529e-16,-2.0690978847973e-16,"Bat EF-E2","GU644669"
"GU644781",0.564201305528213,-5.85934443027594,2.01143917919507,-3.1513803947361,0.138167356245541,-0.534244706861573,0.675595712803354,-2.58796963650797,0.0663123092698046,-0.623143607564707,0.260304067179961,0.496152741001252,0.196321538081689,-0.710182682697639,0.103769707667237,0.379062403790334,0.246501392041252,-0.0860137850031013,-0.308885632661712,0.160502824679975,-0.0353789991453064,-0.0335319937406283,0.557399904967993,-0.197000955494916,0.176768187659718,0.0646339832131907,0.309217599840199,0.0785125574235053,-0.063556159708162,0.564523696199866,0.00938691334507923,-0.327941739795982,0.0304107197001111,-0.205957129855259,-0.251988939653538,0.16674668988323,0.173492694376554,-0.0247569770035706,-0.0150145420749325,-0.0265839173746869,-0.000871470850270236,0.0015651619314881,0.000139492794860096,-0.000233939710829197,-0.00105760612223907,0.000479110841555259,-0.000356097581427563,-0.000178078439777496,2.04697017624652e-14,2.12565103701431e-15,3.93992966810398e-18,3.51062437053927e-16,1.57122111223277e-17,-1.05075794180782e-17,1.8383714737766e-17,1.32731961390259e-16,-4.01198817789132e-16,"Bat EF-E2","GU644670"
"GU644782",-0.0636100182116382,-5.55842205182016,1.75796863456299,-3.35741872047034,0.0511229288902648,-0.715377549001689,0.311578614343711,-2.69775951330726,0.0799811068557269,-0.315489204999804,-0.0108556677404891,0.852941418245648,0.0368881392534044,-0.200956750923269,-0.321276887244036,0.378945576941445,0.282429261221616,-0.405347530203113,0.104889261004316,-0.0470397580754823,0.201690909972666,-0.179783523765572,-0.325279933772687,0.195324625930494,0.117242190627276,-0.404519002697563,0.465839584617416,-0.107187949652276,0.046927934103489,0.442714219086213,-0.598094586554106,-0.280391244664627,0.0308503125082974,-0.116719624815703,0.0172169304546146,-0.0924790954441456,0.216445896006761,-0.155084675687921,0.172680883768378,-0.155524011820114,-0.00174926456061055,-0.000538945467297186,-0.000135705023109038,-9.75398187054514e-05,-9.82916635537693e-05,-0.000437370374228629,-0.000403864735146355,-0.000141518071193377,2.02199015819246e-14,1.51502837347047e-15,3.93992966810398e-18,1.29017832128895e-16,1.82245664816101e-16,4.50035718131796e-17,-6.48830121091207e-17,1.32731961390259e-16,-1.79154212864101e-16,"Bat EF-E2","GU644671"
"GU644783",-0.0636100182116382,-5.55842205182016,1.75796863456299,-3.35741872047034,0.0511229288902648,-0.715377549001689,0.311578614343711,-2.69775951330726,0.0799811068557269,-0.315489204999804,-0.0108556677404891,0.852941418245648,0.0368881392534044,-0.200956750923269,-0.321276887244036,0.378945576941445,0.282429261221616,-0.405347530203113,0.104889261004316,-0.0470397580754823,0.201690909972666,-0.179783523765572,-0.325279933772687,0.195324625930494,0.117242190627276,-0.404519002697563,0.465839584617416,-0.107187949652276,0.046927934103489,0.442714219086213,-0.598094586554106,-0.280391244664627,0.0308503125082974,-0.116719624815703,0.0172169304546146,-0.0924790954441456,0.216445896006761,-0.155084675687921,0.172680883768378,-0.155524011820114,-0.00174926456061055,-0.000538945467297186,-0.000135705023109038,-9.75398187054514e-05,-9.82916635537693e-05,-0.000437370374228629,-0.000403864735146355,-0.000141518071193377,2.02199015819246e-14,1.51502837347047e-15,3.93992966810398e-18,1.29017832128895e-16,1.82245664816101e-16,4.50035718131796e-17,-6.48830121091207e-17,1.32731961390259e-16,-1.79154212864101e-16,"Bat EF-E2","GU644676"
"GU644784",0.1857551735747,-5.80632259470062,2.15419509608659,-3.31915421648033,0.826368681624795,-0.4862868828912,0.552734755340045,-2.55380905718543,0.297603346513296,-0.576495834222955,-0.00646565771800313,0.512944184650082,0.334225898072068,-0.416908405988046,-0.368102289736763,0.236925902190247,0.742031439576494,0.116619880625603,0.236150677207939,-0.213008225131814,-0.30420997310503,0.29760450901618,-0.301961080760288,0.0288002600479664,-0.200759124622161,-0.608176516166197,0.34783438791879,-0.155323090655293,0.170510418165482,0.111710242800978,-0.0907709450993723,-0.175598925291346,-0.102015258821727,0.177237887418689,0.194563497701233,-0.118326678107453,0.0504037166149569,-0.00402889838340527,-0.183498226025557,-0.195202827533583,-0.00144214914940813,0.00104674993170749,0.000995691817337434,-0.000744054487201321,-0.000768934989167437,0.00076140662782501,-0.000293066032182981,-0.000166968067854567,1.95582791091368e-14,1.76519503381472e-15,-2.30762744206813e-16,5.05636356797595e-16,-3.86050411844084e-16,-2.09296693295829e-16,4.06227553496666e-16,2.22559550693711e-17,-2.27724402349929e-16,"Bat EF-E2","GU644677"
"GU644785",-0.0975442651417221,-5.93339929065529,1.49551855525771,-2.9763326613636,0.246281076054178,-0.62059945714381,0.14709126680708,-2.73222967398255,0.405862745958751,0.118044598234158,-0.0297424729245858,0.6892891741056,0.314824775114248,-0.26918916635639,0.0737560894795976,0.655065538600147,0.328982800904286,0.110866989582562,-0.106967228795903,0.273321961874166,-0.131257810372352,-0.362482645139254,0.606490441124115,0.567085654115701,-0.123146768991152,0.478475069210705,-0.109875536468477,0.130596504759797,-0.308744120572936,-0.0687397050375593,-0.11188804982883,-0.328937163888497,0.427596321692899,0.239311506998135,-0.178605827490075,-0.0419309625511056,-0.161211016447005,-0.347988983973551,-0.19342018061004,0.0859786482178907,-0.00111613370355328,-0.00041255746735582,0.000118073532183704,0.000196379665789656,0.000129065928208954,-0.000564169534381771,-0.00037010412683769,1.85447034485441e-05,2.03410614973175e-14,1.10497279593948e-15,-5.44594849430944e-16,2.45874262822572e-16,1.14168326575854e-16,-1.19479052603117e-16,-9.66774860758871e-17,2.0014703438836e-16,-1.02948475655463e-16,"Bat EF-E2","GU644684"
"GU644786",0.348236581838647,-5.76846908472358,1.5454473222999,-3.26893854413886,0.356412380499036,-1.37872948030141,0.609602504680046,-2.19016131273258,-0.0996348251551282,-0.4217608662468,-0.209358540622405,0.436003196959043,-0.0810982711114783,-0.277098275204099,-0.308657268066374,0.378913276182873,-0.0452002367729178,-0.536649070894266,0.0617185390409792,-0.0363704984943719,-0.094164157266937,-0.104132888054298,-0.204825852821114,0.614291862772369,0.175081770283493,0.0494007487319922,0.0407763465416477,0.0464161210376448,-0.12346256393521,0.263341098245436,0.213746409851679,0.17201599051664,0.0349190231175835,-0.17030458510736,-0.14914746495613,-0.0970889665465499,0.00748222379501151,-0.0753740776925976,0.0591416348309272,0.0805117007972357,-0.00150066438491068,0.000302952456559813,0.000449646349116987,-8.11845398801595e-05,-0.000181648185588997,-0.000635797828129352,-0.000314771953181127,0.000218903623344068,2.0337862778291e-14,1.0640002697165e-15,-1.20960160602226e-16,-2.17926863066466e-16,-3.97989401089301e-17,1.28270298660066e-16,5.5961743924253e-16,-8.93126435347721e-17,2.09423845754704e-16,"Bat EF-E2","GU644689"
"GU644787",1.56391639434835,-5.79611395487177,1.00390152072221,-3.00049824794886,1.01913004982718,-0.527801663308009,-0.18860695196881,-2.68165349052395,-0.123360613481817,0.345370558304161,-0.165549258716989,0.840997454367748,-0.0603787182766533,0.61285606874704,0.105486545277288,-0.487351778557753,0.807566480360313,-0.107557937546073,-0.113061651265259,-0.1840061204077,0.888443084568392,-0.554969837718526,0.218581484344792,-0.00303270272513739,0.0649975178352153,-0.325668711567203,-0.405547281750935,0.174658956265666,-0.0554959075834113,-0.0976276232462922,0.434196804540783,0.1711261788772,0.217012841689671,0.270713131780433,-0.309001115538246,0.383942810102457,-0.272099324805734,0.0376725655381939,-0.0578978177571422,-0.0413834789786438,0.00633616454601771,-0.00030395438481446,-0.0015766365624978,0.000326678196111534,0.0016173177479478,-0.000825867498988632,0.000447517067129526,0.000336860499599097,2.04486864516918e-14,1.18058929830154e-15,-2.90758687160156e-16,2.7898354677598e-16,2.04240056980648e-16,3.13460264497193e-16,1.67412532664353e-16,2.99568636760718e-16,2.53869184375355e-17,"Bat EF-E2","GU644690"
"GU644788",0.296686162084492,-5.61555211522214,1.5161452087321,-3.49699275824415,0.187621190232602,-0.553417153925621,0.443698410502086,-2.60557464970201,0.026577253392533,-0.354338417743101,0.00242008734459428,0.685680152338619,0.255949279686566,-0.0499913272087017,-0.223928942027229,0.568006235792666,0.261737217095869,-0.113722758197501,-0.197764054630584,-0.0494268441630874,0.0369841184089142,-0.312522179959735,-0.249705303123058,-0.0461517408487692,0.22519802503518,-0.235984442593169,0.319279115929532,-0.0874823060068237,0.116419949904945,0.206379108860325,-0.20439997253426,-0.148813199563992,-0.0529558855649039,0.0613079363552177,0.0310415061495042,-0.028442465844141,0.0500334977749843,-0.174874222097119,0.125886350400873,-0.192154401840683,-0.00140019558869771,-0.000246405135264575,-0.000108338914528291,0.000252361176524767,0.000117770344443106,-0.000480501468915341,0.00102692872493703,-0.000104025853989969,2.01988862711512e-14,1.4529408840299e-15,-2.65605196758492e-16,2.79525647862223e-16,1.21407011002755e-16,-2.48108133182849e-17,2.85373729030776e-16,1.00075437023385e-16,-1.22064577020493e-16,"Bat EF-E2","GU644695"
"JQ685905",0.455970612706184,-5.71912836790368,1.87787232668267,-3.49605271324785,0.283252189602201,-0.755197564159164,0.492387413493933,-2.53383816695205,-0.0917228464966401,-0.362279001766136,0.0584322214630613,0.543408987996189,0.160173316026188,-0.174105822532717,-0.0742209625130996,0.495301813648992,0.138314786328467,-0.17891303121185,-0.0581956503928937,-0.0143297351758923,0.0754976462874195,-0.229255428595984,-0.14589679609049,0.18422302719842,0.118692935876953,0.029386309476629,0.100888542425078,0.0739845332744562,0.0244996477403945,0.0454617305395487,-0.0755070798571765,-0.118808595602285,0.0200670769150807,0.0101370329877278,-0.0382750601286884,-0.0215729667730443,0.128999508564735,-0.0588011562062074,0.085140217853829,-0.0120812978788304,-0.00122537729470863,7.17677578802868e-06,7.09741815206719e-05,-8.19839933309322e-05,-5.42357464138624e-05,-0.000453299506307571,-0.000196422127922304,1.7437466738734e-05,2.02754127331558e-14,1.45951722223921e-15,-1.62593524025669e-16,2.40040134591411e-16,1.26734513584843e-16,-3.82631550337071e-17,7.38948659690238e-17,7.72208101590013e-17,-1.51398637248472e-16,"Bat EF-E2","JQ685925"
"AY352488",-0.801478155412844,0.544105956067224,-6.92733630279425,-1.29561861900699,1.51990836348558,-5.095695017113,-1.86818791785874,2.16875238972969,0.731008493224348,-0.607506680842852,-0.603534224199688,2.00778747209127,-0.218407895047857,-2.3538648949073,0.720789479506031,-0.12741613374885,-0.690446733241402,-0.341542671571138,0.435196697057506,-0.0294177386865892,0.694374910718109,-0.353739720136386,0.294590727570204,-0.370843039272288,-0.0713634282647484,0.365293444585273,0.337693465148842,0.153423592473611,0.291206005436416,0.503891274984341,0.163616037041124,0.0795320703236983,0.00383641799918911,-0.141609876841228,-0.0245987269819805,0.190465356277693,-0.0417051243212481,-0.0477725594217439,-0.0521453554209955,0.0266851550195725,0.000402188884095922,0.000192465877085552,-0.00062576636688969,0.00071213120444619,-0.000129079106158305,-0.00039264768109394,-0.000461936666238357,-0.000200906738277122,1.8457445790335e-14,-2.15072402933625e-16,-1.78477667581128e-16,-3.17624448557901e-16,6.57229961877816e-16,1.6358199632177e-16,4.0691325913485e-16,3.56925569113161e-16,1.78346937427643e-16,"Arctic A","AY352488"
"AY352501",-1.1796690092806,-0.082536331019045,-6.05351684560593,-2.48822340439763,0.219484233236219,-4.96643694191145,-2.35667882147932,0.476597553723687,1.37502020504645,-1.59596902035173,-0.952150295926358,-0.424773032810458,-0.966222617299432,0.659600458692128,-0.435344154683601,-0.742230227563018,0.409543112597658,0.197036082072704,0.0589849386589116,0.101755551139967,-0.348519191907455,-0.136525305997521,-0.837966467686601,0.647349390391774,-0.726272679407015,0.0435259246074903,-0.516988850283713,0.320117686554972,-0.11263682646009,-0.565511283846046,-0.462390799232606,-0.124109994920392,-0.385166704543606,-0.0662056739549161,0.293360939434781,-0.266457126029918,-0.184873868944118,0.218766376433518,-0.0103023242499378,-0.0201018714233728,-0.000503615737569907,0.0014411772547888,0.00156493325778293,-0.0023864326389444,0.000232438845056474,0.000806263777538658,-5.0350398700437e-05,-0.00057172039372716,1.76098934347037e-14,5.94388009845461e-16,-3.24740393667616e-16,1.17929837913244e-16,1.56561250398992e-17,-3.84257420501238e-16,1.42929245801396e-16,-3.8772061667112e-16,3.66601147121718e-16,"Arctic A","AY352501"
"KX954123",-0.0832216740622438,0.426250971293712,-5.79796269852596,-1.65617297273976,1.14364984769488,-5.03571920003367,-1.19160291784174,1.63418270018275,0.0195495286397481,-0.849642673052049,-0.774425440829501,2.00990810654051,0.573769366802428,-1.34676424555381,0.885523253536294,0.576216017039053,-1.00568864714985,-0.242967544330089,0.762878551576284,-0.0967136636914613,0.327787402637058,-0.386685946628871,-0.915768589197427,-0.212044625936104,-0.583666997787987,-0.877070942172821,0.750468357888871,0.759400524180535,0.201191254081916,0.697668435344228,0.118561068839132,0.327704751973333,0.4008486961578,-0.185464119455765,0.47051000073776,0.387163932184766,0.365145960575096,-0.323783587092359,-0.0606571177195826,-0.0294102675717481,0.000109444173073839,-0.000527111953736283,0.000284753437441133,0.000252451732562042,-0.00019501702495239,-0.000575107724606001,0.00020153011266057,0.00100737655584799,1.72753716790735e-14,-1.24310797368579e-15,5.52386869909544e-16,-1.11161597325275e-15,3.41236439976536e-16,6.99278348812941e-16,8.92941877393335e-16,1.99515547389502e-16,5.07040323574656e-16,"Arctic A","KX954123"
"LT598537",-1.07078146173384,0.550436442238719,-5.98359559178383,-2.13174704805561,0.351575291616359,-5.0492231801982,-2.15741846165554,0.745499267389544,1.38923548001224,-1.71202166005878,-0.807042976881558,-0.25245287905324,-0.762635612790652,0.0775644587626815,-0.178716511515319,-0.308393974083915,0.457343952586165,-0.225465945404037,-0.0173971826231343,-0.0142701004341018,-0.167016263611343,0.185195709267056,-0.295170940694349,0.138413511860334,-0.638196869648772,0.000399820911481527,-0.600562978424114,-0.148572422414861,0.0800981826801524,-0.243183215403844,-0.236868336835498,-0.265116045800837,0.0353479357428334,0.0316485496081848,0.193237964716938,-0.101514803461257,-0.0425538920904728,0.271127818659615,-0.0147988992237869,0.056129805437544,6.72002781831906e-05,0.000643434072456471,-0.00100386979684507,-0.00159252228543124,0.000525056785035799,0.00109476759953494,-0.000272824559735373,-0.00034150419247055,1.78319380396288e-14,4.83365707382945e-16,8.32651371993089e-18,1.17929837913244e-16,2.3770072996493e-16,-3.84257420501238e-16,3.37218275110798e-16,3.8943550056649e-16,4.77623449584234e-16,"Arctic A","LT598537"
"LT598538",-0.731673146894156,-0.185293490443692,-6.3308123331457,-1.42966013407326,0.104531379111101,-5.13215561549369,-1.77207041893256,-0.54662517299629,0.940180127807806,-2.00948915515959,-1.31482667027743,0.163549077697092,-1.21355836934992,1.0205570479217,-1.36046688417898,-0.702786248624411,0.524568936358153,0.0114397138241296,-0.302211443559307,0.0495777859679361,-0.972536366264148,0.543957699932024,0.338868312018201,-0.149369144143015,0.156578794034169,-0.0130190577501714,-0.248943411409343,-0.120563702221191,0.0811962347555954,-0.150573175014385,0.377940352756914,0.0683978356521072,0.169964246413244,0.149885196014603,-0.19847718792296,0.11716200418257,0.173793520252052,-0.0351427704353372,0.12152395491063,-0.030781172065166,0.001633982009323,0.00153536666972331,-0.000279650180337339,0.00178174924248195,-0.000346212523615132,-0.000318127657091761,0.000144050965479485,-0.000302997662179075,1.75856268610494e-14,4.36703174599423e-17,-3.90040056006052e-17,-3.85119537915544e-16,6.16938450324705e-16,1.09853647380114e-16,1.14821315024938e-16,-5.7015613176354e-16,7.0023885160997e-16,"Arctic A","LT598538"
"LT598539",-1.08029232098961,0.0155466019061303,-6.3409615336443,-1.33973913333763,0.59468844408027,-5.21785405327711,-1.65310821839432,-0.573284406020386,1.15846067916593,-1.86780302553291,-1.56469625255975,-0.150202600385875,-1.32941505291482,0.675668721944941,-1.61545872036587,-0.660128308771745,0.884571301128537,-0.136351401442022,-0.211481016050888,-0.373124602573409,-1.12159305003884,0.875875335717054,0.0685685619461424,0.0422801365312966,-0.0299326393026667,-0.157834359955898,-0.571192321420398,-0.523639961087575,0.24085599950875,-0.316709700202717,0.867480178390152,0.0412444079973946,-0.0291873485528714,0.411724928969038,-0.209887555873369,0.0539943226963762,0.109512413003939,-0.1227524401389,0.19969398050842,-0.144741317027129,0.00150867419374348,-0.000562197756158726,0.00153015866759916,0.000946577057379545,0.000169301450229645,-0.000122328494748237,0.00019377129357873,7.82402017639253e-05,1.75856268610494e-14,-1.78374287465089e-16,-9.4515156831863e-17,-2.74097235453029e-16,-4.91953644503893e-17,-1.67702108776175e-16,1.70332466256195e-16,-6.81178434226056e-16,4.78194246684938e-16,"Arctic A","LT598539"
"LT598540",-0.937060067141609,0.0429099230286952,-6.77836640344777,-1.38333005045033,0.429423501112191,-5.10134529702451,-2.10780017589357,0.631486296015524,1.62688624017659,-2.44567249185329,-1.15629490363092,-0.171620568903542,-1.07129046952961,1.07247230950335,-1.26038849607223,-0.102653093973474,0.202120379557867,0.177376034405652,-0.313392112710933,-0.231454423280903,-0.974796084274013,0.535757135345701,0.318743927615012,0.410888855787955,-0.0383204517517078,0.129812814040585,-0.134124581657927,0.067767472581387,-0.215901832892723,-0.287279757883051,-0.0928832546442827,-0.112221129010929,0.175876106267514,-0.133858194443166,-0.189851188350588,-0.00370838693975032,0.173040732119212,-0.232372194833054,-0.099756405290129,-0.00546800318976593,0.000521223272981212,0.00106989435789854,-0.000668183271534656,-7.50981269417626e-05,0.000827286319185331,-0.000434129612434154,0.000606356867746964,-0.000243773796690619,1.76047088192851e-14,-1.22863136233831e-16,1.08447489857423e-16,-4.95816579726314e-16,8.19901097013991e-16,1.27091327254128e-17,1.50747151562712e-17,-4.38317147589303e-16,9.29222350438908e-16,"Arctic A","LT598540"
"LT598541",-0.382074382214052,-0.0828072319915693,-6.14625811351624,-1.1106469989061,-0.398588130850969,-5.15370558730925,-2.33161143070069,-0.55504056881064,1.0253932370601,-1.45978377327385,-1.66494627039331,-0.518406658871323,-0.578757947455732,0.690841078113129,-1.50552346657265,-0.632462799673512,0.10795272913667,-0.0444968743478974,-0.62876027233512,0.141591980274364,-0.354632586428106,1.35522615582345,0.0658354579658984,-0.318399216758949,-0.0470559472502268,-0.144949227411316,0.436811978521051,0.127233776599108,-0.425129220267911,-0.126189174435345,0.63474654345614,0.250250526664716,-0.399997589947865,0.260861462493113,0.03649746225247,0.366982028888844,0.0219134770451423,0.133930086654875,0.305052003164937,0.0250508623231179,0.00143272252153651,0.000719818265655141,-0.000835738564558615,0.001419286336758,6.71164611174591e-05,0.000183200405378319,0.000257341963109063,-0.00019386906587511,1.8362782978287e-14,2.65714922384974e-16,7.20182968619105e-17,5.89696719345184e-17,6.16938450324705e-16,2.2087594984263e-16,6.14421676106258e-16,-9.03223039151087e-16,3.67171944222423e-16,"Arctic A","LT598541"
"LT598542",-0.937060067141609,0.0429099230286952,-6.77836640344777,-1.38333005045033,0.429423501112191,-5.10134529702451,-2.10780017589357,0.631486296015524,1.62688624017659,-2.44567249185329,-1.15629490363092,-0.171620568903542,-1.07129046952961,1.07247230950335,-1.26038849607223,-0.102653093973474,0.202120379557867,0.177376034405652,-0.313392112710933,-0.231454423280903,-0.974796084274013,0.535757135345701,0.318743927615012,0.410888855787955,-0.0383204517517078,0.129812814040585,-0.134124581657927,0.067767472581387,-0.215901832892723,-0.287279757883051,-0.0928832546442827,-0.112221129010929,0.175876106267514,-0.133858194443166,-0.189851188350588,-0.00370838693975032,0.173040732119212,-0.232372194833054,-0.099756405290129,-0.00546800318976593,0.000521223272981212,0.00106989435789854,-0.000668183271534656,-7.50981269417626e-05,0.000827286319185331,-0.000434129612434154,0.000606356867746964,-0.000243773796690619,1.76047088192851e-14,-1.22863136233831e-16,1.08447489857423e-16,-4.95816579726314e-16,8.19901097013991e-16,1.27091327254128e-17,1.50747151562712e-17,-4.38317147589303e-16,9.29222350438908e-16,"Arctic A","LT598542"
"LT598543",-1.01210609770478,0.0399086171160396,-6.13041540077629,-1.80090995074467,0.477481791903517,-3.75514092744879,-1.84601228901215,0.436810017444967,1.98164634669999,-1.57696624763332,-1.68249394923448,-0.058160303040522,-1.57125040753397,0.0610345258583621,0.169907247359893,-0.850382768084727,0.114538189226281,0.434447402098115,-1.36127543312095,0.127216123134681,-0.496930042206156,-0.528577055511261,-1.11539232759868,-0.293137209001189,0.411806943345853,-0.0465366270995686,-0.431067884617007,-0.282622889489602,-0.416220668049616,0.218463198578823,0.00664903913780037,0.255781267145113,-0.179650116460674,0.0185429352390565,0.243723092895947,-0.176570405545835,-0.341809578383716,0.216829663347252,0.025955104465835,-0.138168908937749,-0.000432707094486441,8.07284041429251e-05,-0.00205102718249929,-0.00124173163750847,0.000341534972263701,0.00149087794405852,-0.00166844696470866,-0.000411271087741822,1.88505697390783e-14,1.21697418886851e-15,-7.23414787427747e-16,-5.81276467438985e-17,-1.39498761934069e-16,5.06488560161016e-17,1.3257177172064e-17,-6.72143125685038e-17,1.64155467126856e-16,"Arctic A","LT598543"
"LT909550",-1.01614662627563,0.685046090614711,-6.70943306374137,-1.41418947100004,1.32075068196436,-5.03610836586648,-1.89172527215651,2.64804130818166,1.47863548540018,-0.987273194924521,-0.183254623031685,1.62507456621831,-0.155217505481567,-2.23839808060314,0.834584004630387,0.188847108482314,-0.794941254839629,-0.384196118356843,0.303922505193555,-0.0190497095421968,0.568161308553444,-0.475409655719171,0.0292013731316315,-0.139457736226291,-0.0194968596960979,0.523292177465113,0.460723970240508,0.0948743390473511,0.224871868662861,0.538777728806352,0.112378004664101,0.00099929270390035,-0.00998677616221004,-0.131489870001231,-0.0463384063613289,0.141681151484477,0.00816484259313847,-0.0676669594973652,-0.0476937195410348,0.0295401744360032,-0.000233399265188794,-0.000134326928195588,-0.000492564283006346,0.000624177454541633,-0.000222696983267847,-0.000337558887069571,-0.000316274233938559,-0.000206138396014814,1.85684680927976e-14,-2.15072402933625e-16,-1.78477667581128e-16,-3.17624448557901e-16,6.57229961877816e-16,1.6358199632177e-16,3.51402107903592e-16,3.56925569113161e-16,1.78346937427643e-16,"Arctic A","LT909550"
"MN384717",-0.551908813606184,-0.0383724226962544,-5.40406873610315,-3.26742749900195,1.61588678728137,-4.46627571415956,-1.68026805995224,0.12831522115409,0.690287149744764,-1.94556748406074,0.0557999398912526,-0.542550409162823,-1.6662594677956,0.138217187830191,-0.380753081216324,0.250768107473195,-0.275231816622485,-0.160423001828595,-0.0218746571864059,0.688887459103412,-0.284735412758529,0.682699925800571,-1.17087585944981,-0.212185276197849,-0.193483249883432,-0.433461151405246,0.213384702593806,0.242437503334174,-0.556305521463345,0.519614692871769,-0.970426083267551,0.317802541147745,-0.528161000235395,0.0523368143082917,-0.366926889523718,-0.304858116075942,-0.101258742646892,-0.106490045687553,-0.0218934213975419,-0.0591353092557605,-0.0014450497970957,-0.00139396981431573,0.00167082126134511,0.000130474841565978,-0.000979463567815902,0.000337791922383983,0.000528714277056103,0.000713100741311345,1.85277529585846e-14,5.36641333953632e-16,-1.92996543726931e-16,-7.81351809196342e-16,9.80720442071229e-18,4.47844172601154e-16,-9.02180638819541e-17,4.46285907926261e-17,5.92578765585748e-16,"Arctic A","MN384717"
"AY352487",-0.858260436435437,0.694584236504231,-6.86625162841373,-1.35684983086633,1.35919542195066,-4.96286475437959,-2.00983155669916,2.05501056524941,0.790613053258982,-0.57410956580524,-0.543275508426407,2.0364165590558,-0.398304944255704,-2.42303654994963,0.8928239893581,-0.265406644654714,-0.841015301769567,-0.111474970035215,0.538625053756976,-0.109219775617625,0.900917462984257,-0.348864760841562,0.0694356475277015,-0.425301617633477,-0.268176114848334,0.341878493209793,-0.0286080186697913,-0.348479940444638,0.275426688188356,0.343716881765463,0.19553659591485,0.213057723673524,-0.0272740664169993,-0.103114926538257,0.0554973052139785,0.264110769898002,-0.24985552309727,-0.20065717554972,0.016847747575845,0.114434170589515,-0.00022032055964501,-0.00224183372848133,0.0038993497935601,0.00080029328094518,-0.00145907949777538,-0.000544539520390254,-0.000438714695104,-0.000299806895113304,1.84019346391038e-14,-1.04050100471109e-16,-2.89499970043644e-16,-2.62113297326643e-16,2.13140752027754e-16,5.25596938592547e-17,6.84469015291139e-16,8.01014778963224e-16,-4.36976674973886e-17,"Arctic A","AY352487"
"EF611828",-1.1631267505325,1.52236236457135,-5.93161968777208,-1.23896870023242,1.75058360414466,-4.72661689136624,-2.09124374945671,2.19062474467446,1.83626594348453,-0.97507157951087,-0.465076723499262,0.80289732633466,-0.040145092519586,-2.10096290994452,1.01831247267007,0.0757424845672272,0.673160021875236,-0.458370432933892,0.158089637757089,0.143534740254461,0.145036688646307,0.329396174679919,0.329801066633543,-0.364091167381584,-0.427408185974478,-0.0497594559918363,-0.117180608027896,-0.65383995842498,0.445610284302711,0.526467866679514,0.549234136146411,-0.27140820349037,0.276169501692682,-0.323701353976047,-0.141494502671458,0.0225119430304632,-0.446504550765235,0.0684526065502489,-0.124816935728892,0.256278653890799,-1.85801051129834e-06,-0.000280862246926653,0.000712822783032965,-0.00234231475458922,0.0003419387770251,0.000551980994289701,-0.000137626988599667,-0.000270475851138351,1.84019346391038e-14,6.97220199140619e-18,-1.19442138873548e-17,3.48509366217193e-16,-8.90385289727761e-18,-1.69484911065777e-16,6.84469015291139e-16,1.02305938388825e-15,6.73246349651271e-17,"Arctic A","EF611828"
"EF611830",-0.801478155412844,0.544105956067224,-6.92733630279425,-1.29561861900699,1.51990836348558,-5.095695017113,-1.86818791785874,2.16875238972969,0.731008493224348,-0.607506680842852,-0.603534224199688,2.00778747209127,-0.218407895047857,-2.3538648949073,0.720789479506031,-0.12741613374885,-0.690446733241402,-0.341542671571138,0.435196697057506,-0.0294177386865892,0.694374910718109,-0.353739720136386,0.294590727570204,-0.370843039272288,-0.0713634282647484,0.365293444585273,0.337693465148842,0.153423592473611,0.291206005436416,0.503891274984341,0.163616037041124,0.0795320703236983,0.00383641799918911,-0.141609876841228,-0.0245987269819805,0.190465356277693,-0.0417051243212481,-0.0477725594217439,-0.0521453554209955,0.0266851550195725,0.000402188884095922,0.000192465877085552,-0.00062576636688969,0.00071213120444619,-0.000129079106158305,-0.00039264768109394,-0.000461936666238357,-0.000200906738277122,1.8457445790335e-14,-2.15072402933625e-16,-1.78477667581128e-16,-3.17624448557901e-16,6.57229961877816e-16,1.6358199632177e-16,4.0691325913485e-16,3.56925569113161e-16,1.78346937427643e-16,"Arctic A","EF611830"
"EF611851",-0.890340045104173,-0.119580607499991,-6.93411375550825,-1.51482219336897,0.65101477854188,-4.95391916368428,-1.68099224705319,0.490514894735462,1.85990293663974,-2.18351866649577,-1.30720142097582,-0.527376107428462,-1.38101873396871,1.17431319779653,-1.16874978842655,-0.233618897687242,0.0738413125450236,0.36099860704041,-0.134586653234311,-0.192985796329055,-0.646156129066075,0.335839543581666,0.260997532472685,0.538692248578806,0.0093843881761636,0.135154624733832,0.132410550670412,0.07910439582852,-0.290676677508325,-0.182278030189613,-0.151329754051368,-0.169062617706757,0.207110585250994,-0.116814440584179,-0.223025300860636,0.125108108288497,0.189284798868808,-0.191580153162407,-0.144585937384022,-0.0357954161814825,0.000597420549329712,0.00144595570160148,-0.000843515976326409,-0.000135502652701823,0.00105458045639018,-0.000696585638542652,0.000481884792011004,-0.000257934233734894,1.74936865168226e-14,-1.22863136233831e-16,1.08447489857423e-16,-4.95816579726314e-16,8.19901097013991e-16,1.27091327254128e-17,-4.04364360749867e-17,-4.38317147589303e-16,9.29222350438908e-16,"Arctic A","EF611851"
"L20675",-1.90551511115021,0.658649846571254,-4.44038815975086,-1.73927932158393,0.47743903364788,-5.04447266390232,-1.64633716727151,2.2884136710225,1.54398952180189,-1.03526352755353,-0.469509822583026,0.981449480885304,-0.301076776318557,-0.154746008876597,1.31375436252179,1.50842048178945,-0.464020244663931,-1.28585208314742,-0.629362771563493,0.182676466150488,0.437388321996554,-1.02478833635547,-0.231331114193673,-0.356967307258657,0.28868671129873,0.253187939062989,-0.0276905554693115,-0.555330710180286,0.350074194859852,-0.178861604112311,-0.298174427866631,0.00371649079684824,-0.843526958546654,0.136757513275916,0.942275040985918,-0.580214777824691,0.265464377519238,0.200317895716896,-0.360042659222411,-0.0775201254130573,-0.0021702156143165,-0.000248886052334193,-0.000693746881650693,0.000253367124792835,-0.000940556280230844,-0.000106022149311763,9.39566645719109e-05,0.000857018266495454,1.9139691433755e-14,-3.18403270093659e-16,-4.04480915362762e-16,-2.77217488445716e-16,6.40048221070145e-16,-5.1564558887308e-16,-8.92231753233036e-17,8.18689221371453e-16,7.07903700510023e-16,"Arctic A","L20675"
