Reference,Name,Length,CAI,%G+C,%G+C(1),%G+C(2),%G+C(3),Nc
Vulpes lagopus,AY352488,1353,0.768,46,47.7,39.5,50.8,54.3
Vulpes lagopus,AY352501,1353,0.766,44.9,47.7,39.5,47.7,53.6
Vulpes lagopus,JN258588,1353,0.76,44.9,47.9,39.5,47.5,53.2
Vulpes lagopus,JN258592,1353,0.768,46,47.9,39.5,50.8,54.1
Vulpes lagopus,JX987747,1353,0.767,45.9,47.7,39.5,50.6,54.4
Vulpes lagopus,KU198460,1353,0.767,45.8,47.7,39.5,50.3,54.4
Vulpes lagopus,KU198462,1353,0.767,45.8,48.1,39.2,50.1,55.4
Vulpes lagopus,KU198464,1353,0.77,45.9,47.5,39.5,50.8,54.3
Vulpes lagopus,KU198466,1353,0.762,44.9,47.9,39.5,47.2,53.5
Vulpes lagopus,KU198467,1353,0.761,45,47.9,39.5,47.7,53.6
Vulpes lagopus,KU198472,1353,0.76,45,47.9,39.7,47.5,53.8
Vulpes lagopus,KU198476,1353,0.76,45.1,47.9,39.5,47.9,53.3
Vulpes lagopus,KU198477,1353,0.761,45,47.9,39.5,47.7,53.8
Vulpes lagopus,KU198478,1353,0.767,44.8,47.7,39.5,47.2,54.3
Vulpes lagopus,KX036361,1353,0.765,44.9,47.7,39.5,47.5,53.2
Vulpes lagopus,KX036362,1353,0.764,44.9,47.7,39.5,47.7,53.4
Vulpes lagopus,KX036364,1353,0.764,44.7,47.7,39.5,47,53.4
Vulpes lagopus,KX036365,1353,0.763,44.9,48.1,39.5,47,53.3
Vulpes lagopus,KX036366,1353,0.762,45,47.7,39.5,47.9,53.6
Vulpes lagopus,KX954123,1353,0.775,46,47.7,39.5,50.8,53.9
Vulpes lagopus,LT598537,1353,0.764,45.2,47.7,39.5,48.3,54
Vulpes lagopus,LT598538,1353,0.76,44.9,47.9,39.5,47.5,53.8
Vulpes lagopus,LT598539,1353,0.758,45.1,47.9,39.7,47.7,53.7
Vulpes lagopus,LT598540,1353,0.76,45,47.9,39.5,47.7,53.3
Vulpes lagopus,LT598541,1353,0.762,45.1,47.9,39.5,47.9,53.7
Vulpes lagopus,LT598543,1353,0.764,44.8,47.7,39.2,47.5,53.3
Vulpes lagopus,LT909550,1353,0.767,45.9,47.7,39.5,50.6,54.3
Vulpes lagopus,MG458313,1353,0.768,45.9,47.7,39.5,50.6,54.2
Vulpes lagopus,MN233885,1353,0.766,45,47.9,39.5,47.7,54.2
Vulpes lagopus,MN233886,1353,0.765,45,47.9,39.5,47.7,54.3
Vulpes lagopus,MN233892,1353,0.763,45,47.9,39.5,47.7,53.6
Vulpes lagopus,MN233896,1353,0.761,44.9,47.9,39.5,47.5,53.7
Vulpes lagopus,MN233900,1353,0.76,44.9,47.9,39.5,47.2,53.3
Vulpes lagopus,MN233948,1353,0.76,44.9,47.9,39.5,47.5,53.5
Vulpes lagopus,MN233949,1353,0.764,44.9,47.7,39.5,47.7,53.2
Vulpes lagopus,MN233950,1353,0.764,45,47.7,39.5,47.9,53.2
Vulpes lagopus,MN233952,1353,0.764,44.9,47.7,39.7,47.2,53.7
Vulpes lagopus,MN233953,1353,0.765,44.9,47.5,39.5,47.9,53.2
Vulpes lagopus,MN233955,1353,0.764,44.9,47.5,39.5,47.9,53.4
Vulpes lagopus,MN233956,1353,0.762,44.9,47.9,39.5,47.2,53.5
Vulpes lagopus,MN233958,1353,0.764,44.9,47.5,39.5,47.7,53.4
Vulpes lagopus,MN233960,1353,0.762,45.1,47.9,39.5,47.9,53.8
Vulpes lagopus,MN233963,1353,0.759,45,47.9,39.5,47.7,54.1
Vulpes lagopus,MN233967,1353,0.758,44.9,47.9,39.5,47.2,53.3
Vulpes lagopus,MN233968,1353,0.766,44.9,47.7,39.5,47.7,54.2
Vulpes lagopus,MN233969,1353,0.765,45,47.7,39.7,47.7,54.2
Vulpes lagopus,MN233973,1353,0.761,45,47.9,39.5,47.7,53.7
Vulpes lagopus,MN233974,1353,0.762,45.1,47.9,39.5,47.9,53.8
Vulpes lagopus,MN233975,1353,0.76,44.9,47.9,39.5,47.5,53.7
Vulpes lagopus,MN233977,1353,0.761,44.8,47.9,39.5,47,53.7
Vulpes lagopus,MN233978,1353,0.759,45.2,48.1,39.5,47.9,54.1
Vulpes lagopus,MN233982,1353,0.76,44.9,47.9,39.5,47.5,53.7
Vulpes lagopus,MN233985,1353,0.76,45,47.9,39.5,47.7,53.6
Vulpes lagopus,MN233988,1353,0.76,45,47.9,39.5,47.7,53.1
Vulpes lagopus,MN233991,1353,0.761,44.9,47.7,39.5,47.5,53.8
Vulpes lagopus,MN233992,1353,0.766,44.9,47.5,39.5,47.7,54.1
Vulpes lagopus,MN233998,1353,0.76,44.9,47.9,39.5,47.2,53.7
Vulpes lagopus,MN234000,1353,0.766,45,47.9,39.5,47.7,54.1
Vulpes lagopus,MN234002,1353,0.76,44.9,47.9,39.5,47.2,53.5
Vulpes lagopus,MN234004,1353,0.762,44.7,47.9,39.5,46.8,53.2
Vulpes lagopus,MN234008,1353,0.76,44.9,47.9,39.5,47.2,53.7
Vulpes lagopus,MN234016,1353,0.761,45,47.9,39.5,47.7,53.7
Vulpes lagopus,MN234017,1353,0.763,45,47.7,39.5,47.9,53.6
Vulpes lagopus,MN234018,1353,0.762,44.8,47.5,39.5,47.5,53.3
Vulpes lagopus,MN234023,1353,0.761,45,47.9,39.5,47.7,53.9
Vulpes lagopus,MN234043,1353,0.761,45,47.9,39.5,47.7,53.7
Vulpes lagopus,MN234046,1353,0.76,44.9,47.9,39.5,47.5,53.8
Vulpes lagopus,MN234055,1353,0.76,44.9,47.9,39.5,47.5,53.3
Vulpes lagopus,MN384717,1353,0.766,45.2,47.9,39.2,48.3,53.6
Vulpes lagopus,DQ666289,1353,0.748,44.9,47.2,39.7,47.7,56.9
Vulpes lagopus,DQ666290,1353,0.749,44.7,47.5,39,47.7,56.7
Vulpes lagopus,DQ866105,1353,0.75,44.8,47.7,38.6,48.1,57
Vulpes lagopus,DQ866106,1353,0.751,44.6,47.2,38.8,47.7,56.5
Vulpes lagopus,DQ866108,1353,0.748,44.4,47.5,38.8,47,56.8
Vulpes lagopus,DQ866109,1353,0.747,44.6,47.7,38.8,47.2,56.5
Vulpes lagopus,DQ866110,1353,0.747,44.3,47.7,38.8,46.3,57.3
Vulpes lagopus,DQ866112,1353,0.747,44.6,47.5,38.8,47.5,57.1
Vulpes lagopus,DQ866116,1353,0.747,44.3,47.9,38.8,46.3,56.7
Vulpes lagopus,DQ866119,1353,0.748,44.6,47.7,38.8,47.2,57.3
Vulpes lagopus,EU086182,1353,0.749,44.6,47.7,38.8,47.2,56.3
Vulpes lagopus,EU086183,1353,0.748,44.6,47.9,39,46.8,56.3
Vulpes lagopus,EU828653,1353,0.744,44.3,48.1,38.6,46.1,56.6
Vulpes lagopus,FJ561726,1353,0.744,44.5,48.1,38.8,46.6,57
Vulpes lagopus,FJ561727,1353,0.745,44.6,48.1,39,46.6,57
Vulpes lagopus,FJ561728,1353,0.747,44.9,48.3,38.8,47.7,57.2
Vulpes lagopus,FJ866829,1353,0.744,45.2,48.8,39,47.7,57.4
Vulpes lagopus,FJ866830,1353,0.744,44.8,48.1,39,47.2,57.6
Vulpes lagopus,FJ866831,1353,0.746,44.8,48.3,38.8,47.2,57.4
Vulpes lagopus,GQ472468,1353,0.749,44.6,47.5,39,47.5,56.1
Vulpes lagopus,GQ472470,1353,0.751,44.9,47.7,39,47.9,56.3
Vulpes lagopus,GQ472473,1353,0.75,44.4,47.5,38.8,47,56.4
Vulpes lagopus,GQ472477,1353,0.748,44.6,47.5,38.6,47.7,56.9
Vulpes lagopus,GU358653,1353,0.749,44.7,48.1,38.8,47.2,56.2
Vulpes lagopus,HM486355,1353,0.748,44.5,47.5,39,47,59.6
Vulpes lagopus,HM486356,1353,0.748,44.5,47.5,39,47,59.7
Vulpes lagopus,HM486368,1353,0.749,44.4,47.2,38.8,47.2,56.6
Vulpes lagopus,HM486369,1353,0.748,44.6,47.7,39,47,59.6
Vulpes lagopus,HM486374,1353,0.748,44.6,47.5,39.2,47,59.4
Vulpes lagopus,HM486379,1353,0.748,44.6,47.5,39.2,47,59.7
Vulpes lagopus,HM486381,1353,0.745,44.9,48.6,39.5,46.6,56.5
Vulpes lagopus,JF819605,1353,0.745,44.9,47.9,39.7,47,59.1
Vulpes lagopus,JF819615,1353,0.748,44.6,47.5,39.2,47,59.5
Vulpes lagopus,JN974823,1353,0.75,44.8,47.9,38.6,47.9,57
Vulpes lagopus,JN974824,1353,0.747,44.5,47.9,38.8,46.8,56.5
Vulpes lagopus,JN974828,1353,0.75,44.6,47.5,38.8,47.7,56.6
Vulpes lagopus,JN974829,1353,0.751,44.6,47.5,38.8,47.7,56.2
Vulpes lagopus,JN974838,1353,0.745,44.6,48.3,38.8,46.6,56.9
Vulpes lagopus,JN974842,1353,0.751,44.8,47.9,38.6,47.9,57
Vulpes lagopus,JN974845,1353,0.753,44.7,47.7,38.6,47.9,56.8
Vulpes lagopus,JN974870,1353,0.747,44.3,47.2,38.8,47,58.9
Vulpes lagopus,JN974871,1353,0.75,44.4,47.2,39,47,59.8
Vulpes lagopus,JN974872,1353,0.748,44.5,47.5,39,47,59.5
Vulpes lagopus,JN974873,1353,0.747,44.4,47.5,38.8,47,60.5
Vulpes lagopus,JQ970480,1353,0.755,44.8,47.7,38.6,48.1,56.8
Vulpes lagopus,KT221107,1353,0.752,44.6,47.7,38.4,47.9,56.9
Vulpes lagopus,KT894558,1353,0.753,45,48.1,39,47.9,57.4
Vulpes lagopus,KT894572,1353,0.751,44.7,48.1,38.6,47.5,57
Vulpes lagopus,KT894573,1353,0.752,44.5,47.9,38.6,47,57.3
Vulpes lagopus,KT894577,1353,0.748,44.7,47.5,38.8,47.9,55.8
Vulpes lagopus,KT894578,1353,0.748,44.8,47.5,38.8,48.1,55.8
Vulpes lagopus,KX148264,1353,0.75,44.7,47.9,38.8,47.5,56.2
Vulpes lagopus,KY451767,1353,0.75,45,47.9,38.8,48.3,56.8
Vulpes lagopus,MG201879,1353,0.749,44.7,47.5,39,47.7,56.4
Vulpes lagopus,MG201880,1353,0.748,44.4,47.5,38.8,47,56.3
Vulpes lagopus,MG201884,1353,0.749,44.6,47.5,38.8,47.7,56.3
Vulpes lagopus,MG201919,1353,0.75,44.8,47.5,38.8,48.1,56.5
Vulpes lagopus,MG201921,1353,0.755,44.5,47.2,38.8,47.5,56.4
Vulpes lagopus,MN784132,1353,0.75,44.6,47.5,38.8,47.7,56.6
Vulpes lagopus,FJ598135,1353,0.754,43.9,47.2,39,45.5,59.5
Vulpes lagopus,FJ712195,1353,0.76,44.6,47.5,39.2,47,57.2
Vulpes lagopus,FJ712196,1353,0.756,44.1,47.5,39,45.7,58.7
Vulpes lagopus,FJ719751,1353,0.754,44.5,47.5,39,47,58.9
Vulpes lagopus,FJ719753,1353,0.754,44.1,47.5,38.8,46.1,59.6
Vulpes lagopus,FJ719755,1353,0.755,44.6,47.5,39,47.2,59.5
Vulpes lagopus,GU647092,1353,0.755,44.2,47.5,38.8,46.3,59.9
Vulpes lagopus,HQ118114,1353,0.755,44.1,47.5,39,45.7,59.4
Vulpes lagopus,JN974877,1353,0.756,44.1,47.5,39.2,45.7,59.4
Vulpes lagopus,JQ950446,1353,0.752,44.6,47.9,39,46.8,59.4
Vulpes lagopus,JQ950448,1353,0.756,44.3,47.7,39,46.3,59.3
Vulpes lagopus,KF726852,1353,0.755,44.7,47.9,39.2,47,59.5
Vulpes lagopus,KP319185,1353,0.756,44.4,47.5,38.8,47,59.6
Vulpes lagopus,KP319186,1353,0.753,44.5,47.5,39,47,58.8
Vulpes lagopus,KP319187,1353,0.757,44.1,47.5,38.8,46.1,59.7
Vulpes lagopus,KP319188,1353,0.754,44.6,47.5,39,47.2,58.9
Vulpes lagopus,KP319191,1353,0.755,44.1,47.5,38.8,46.1,59.6
Vulpes lagopus,KP319193,1353,0.756,44.2,47.5,39,46.1,59.4
Vulpes lagopus,KP319194,1353,0.753,44.6,48.1,39,46.8,59.4
Vulpes lagopus,KP319195,1353,0.754,44.7,47.9,39,47.2,59.3
Vulpes lagopus,KP319199,1353,0.752,44.4,47.5,39.2,46.6,58.5
Vulpes lagopus,KP319201,1353,0.752,44.3,47.5,39.2,46.3,58.4
Vulpes lagopus,KP319203,1353,0.756,44.3,47.5,39,46.6,59.3
Vulpes lagopus,KP319204,1353,0.757,44.3,47.5,39,46.6,59.3
Vulpes lagopus,KP319205,1353,0.753,44.5,47.7,39.5,46.3,59.4
Vulpes lagopus,KP319206,1353,0.763,44.3,47.5,38.8,46.8,59.6
Vulpes lagopus,KP319207,1353,0.762,44.4,47.5,38.8,47,59.6
Vulpes lagopus,MT068612,1353,0.755,44.5,47.2,39.2,47,57.9
Vulpes lagopus,MT068615,1353,0.758,44.5,47.7,39,46.8,59
Vulpes lagopus,AY854505,1353,0.764,44.1,47.5,39,45.7,56
Vulpes lagopus,AY854525,1353,0.764,44.2,47.7,39,45.9,55.7
Vulpes lagopus,AY854531,1353,0.767,44.2,47.9,39.2,45.5,54.5
Vulpes lagopus,AY854544,1353,0.77,44.5,47.7,39.2,46.6,55.8
Vulpes lagopus,AY854546,1353,0.77,44.5,47.7,39.2,46.6,55.5
Vulpes lagopus,AY854558,1353,0.762,44.8,47.5,39.2,47.7,55.6
Vulpes lagopus,AY854567,1353,0.756,44.8,48.1,39,47.2,55.9
Vulpes lagopus,AY854573,1353,0.759,44.4,48.1,39,46.1,55.6
Vulpes lagopus,AY854576,1353,0.765,43.9,47.9,39,44.8,54.5
Vulpes lagopus,AB284509,1353,0.767,44.9,47.9,38.8,48.1,53.2
Vulpes lagopus,AB284511,1353,0.768,44.9,47.7,38.8,48.1,53.2
Vulpes lagopus,AB284512,1353,0.765,44.9,47.9,38.8,47.9,53.3
Vulpes lagopus,AB284513,1353,0.768,44.9,47.7,38.8,48.1,52.2
Vulpes lagopus,AB284514,1353,0.768,44.9,47.7,38.8,48.1,53.5
Vulpes lagopus,EU853582,1353,0.763,44.7,48.1,39,47,52.8
Vulpes lagopus,EU853584,1353,0.758,44.6,48.3,38.8,46.6,52.4
Vulpes lagopus,EU853586,1353,0.76,44.5,48.3,38.8,46.3,52.2
Vulpes lagopus,EU853587,1353,0.756,44.2,48.1,38.8,45.7,51.4
Vulpes lagopus,EU853590,1353,0.756,44.1,48.1,38.6,45.7,51.8
Vulpes lagopus,HM179504,1353,0.755,44.1,48.1,39,45,53.8
Vulpes lagopus,HM179505,1353,0.757,44.6,48.1,39,46.6,53.3
Vulpes lagopus,HM179506,1353,0.766,44.5,48.1,38.8,46.6,52.9
Vulpes lagopus,KF155002,1353,0.767,44.9,48.1,38.6,48.1,53.4
Vulpes lagopus,KR534217,1353,0.765,44.6,48.1,38.8,47,52.8
Vulpes lagopus,KR534218,1353,0.764,44.6,48.1,38.8,46.8,52.8
Vulpes lagopus,KR534219,1353,0.755,43.8,47.9,38.6,45,52.3
Vulpes lagopus,KR534228,1353,0.754,43.9,47.9,38.6,45.2,52.8
Vulpes lagopus,KR534229,1353,0.763,44.7,48.1,38.8,47.2,54
Vulpes lagopus,KR534230,1353,0.752,44.3,48.1,38.8,46.1,52.8
Vulpes lagopus,KR534233,1353,0.762,44.6,48.1,38.8,47,53.9
Vulpes lagopus,KR534238,1353,0.753,43.8,47.9,38.6,45,52.8
Vulpes lagopus,KR534244,1353,0.763,44.7,48.1,38.8,47.2,53.9
Vulpes lagopus,KR534250,1353,0.763,44.9,48.1,38.8,47.7,53.8
Vulpes lagopus,KR534251,1353,0.753,43.9,47.9,38.6,45.2,52.7
Vulpes lagopus,KR534252,1353,0.749,44.1,47.9,38.6,45.7,52.7
Vulpes lagopus,KR534253,1353,0.764,44.6,48.1,38.8,46.8,53.4
Vulpes lagopus,KR906735,1353,0.761,44.9,48.3,38.8,47.5,54.4
Vulpes lagopus,KR906736,1353,0.76,44.8,48.3,38.8,47.2,54.5
Vulpes lagopus,KR906739,1353,0.759,44.1,47.9,38.6,45.7,52.9
Vulpes lagopus,KR906741,1353,0.76,44.4,48.1,38.8,46.3,53.8
Vulpes lagopus,KR906742,1353,0.766,44.9,48.1,38.8,47.9,53.9
Vulpes lagopus,KR906744,1353,0.758,44,47.9,38.6,45.5,53
Vulpes lagopus,KR906745,1353,0.767,44.6,47.9,38.8,47.2,53.4
Vulpes lagopus,KR906746,1353,0.754,44.1,48.1,38.8,45.2,52.2
Vulpes lagopus,KR906747,1353,0.755,44.2,48.1,38.8,45.7,52.3
Vulpes lagopus,KR906748,1353,0.76,43.5,47.5,38.8,44.3,54.3
Vulpes lagopus,KR906749,1353,0.76,44.4,47.9,38.8,46.6,53.7
Vulpes lagopus,KR906751,1353,0.755,44.2,48.1,38.6,45.9,52.5
Vulpes lagopus,KR906756,1353,0.764,44.8,48.1,38.8,47.5,53.7
Vulpes lagopus,KR906757,1353,0.76,44.2,48.1,38.4,46.1,52.2
Vulpes lagopus,KR906759,1353,0.753,43.9,47.9,38.6,45.2,53.2
Vulpes lagopus,KR906762,1353,0.768,44.9,47.9,38.8,47.9,54
Vulpes lagopus,KR906763,1353,0.762,44.8,48.1,38.8,47.5,54.3
Vulpes lagopus,KR906765,1353,0.763,44.9,48.3,38.8,47.7,55
Vulpes lagopus,KR906766,1353,0.76,44.9,48.3,38.8,47.5,54.4
Vulpes lagopus,KR906767,1353,0.762,44.6,48.1,38.8,47,53.3
Vulpes lagopus,KR906770,1353,0.75,44.1,47.9,38.8,45.7,53
Vulpes lagopus,KR906773,1353,0.764,44.6,48.1,38.8,47,54.4
Vulpes lagopus,KR906780,1353,0.764,44.6,48.1,38.8,47,53.4
Vulpes lagopus,KR906784,1353,0.749,44.2,47.9,38.8,45.9,53.2
Vulpes lagopus,KR906790,1353,0.752,44.4,48.3,38.6,46.3,53.1
Vulpes lagopus,KR906792,1353,0.764,45,48.3,38.8,47.9,53.8
Vulpes lagopus,KT336432,1353,0.762,44.6,47.9,39,47,53.4
Vulpes lagopus,KT336433,1353,0.763,44.4,48.1,39,46.1,53.1
Vulpes lagopus,KT336434,1353,0.761,44.9,48.1,39,47.7,52.9
Vulpes lagopus,KT336435,1353,0.76,44.2,47.9,39,45.7,53.7
Vulpes lagopus,KT336436,1353,0.759,44.4,47.9,39,46.3,53
Vulpes lagopus,KT336437,1353,0.76,44.3,47.9,39.2,45.7,54.4
Vulpes lagopus,KX148203,1353,0.755,44.6,48.1,39,46.6,53.1
Vulpes lagopus,KX148204,1353,0.756,43.9,47.9,39,44.8,52.2
Vulpes lagopus,KX148206,1353,0.757,43.9,47.9,38.6,45.2,53.5
Vulpes lagopus,KX148208,1353,0.762,44.3,47.9,38.8,46.1,53.2
Vulpes lagopus,KY210224,1353,0.764,44.9,48.1,38.8,47.9,53.9
Vulpes lagopus,KY210243,1353,0.764,44.8,48.1,38.8,47.5,53.7
Vulpes lagopus,KY210247,1353,0.761,44.8,48.1,38.8,47.5,54.1
Vulpes lagopus,KY210249,1353,0.763,44.8,48.1,38.8,47.5,53.9
Vulpes lagopus,KY210253,1353,0.75,43.8,47.9,38.8,44.8,53.1
Vulpes lagopus,KY210263,1353,0.752,44.3,48.1,38.6,46.3,53.2
Vulpes lagopus,KY210264,1353,0.754,44.1,47.9,38.8,45.7,52.9
Vulpes lagopus,KY210279,1353,0.75,44.2,48.1,38.8,45.7,53.4
Vulpes lagopus,KY210287,1353,0.764,44.6,48.1,38.8,46.8,53.4
Vulpes lagopus,KY210304,1353,0.751,44.2,47.9,38.8,45.9,53.1
Vulpes lagopus,KY563717,1353,0.759,45,48.3,39.2,47.5,52.9
Vulpes lagopus,LC029890,1353,0.759,44.2,47.7,38.8,46.1,53.6
Vulpes lagopus,MN726804,1353,0.766,44.9,48.1,38.6,47.9,53.7
Vulpes lagopus,MN726826,1353,0.766,44.8,47.9,38.8,47.7,54.1
Vulpes lagopus,MN726827,1353,0.766,44.9,47.9,38.8,47.9,54.1
Vulpes lagopus,MT454631,1353,0.762,44.7,47.9,39,47.2,53.6
Vulpes lagopus,MT454635,1353,0.764,44.6,47.9,39,47,53.2
Vulpes lagopus,MT454637,1353,0.763,44.8,47.9,39,47.5,53.4
Vulpes lagopus,MT454641,1353,0.762,44.6,47.9,39,46.8,53.5
Vulpes lagopus,MT454643,1353,0.753,44.3,48.3,39,45.5,51.6
Vulpes lagopus,MT454644,1353,0.758,44.1,48.1,38.8,45.2,51.9
Vulpes lagopus,MT454645,1353,0.753,44.2,48.3,39,45.2,51.6
Vulpes lagopus,OK317992,1353,0.764,44.2,48.1,39,45.5,51.6
Vulpes lagopus,OK317993,1353,0.764,44.3,48.1,39,45.9,51.6
Vulpes lagopus,OK317995,1353,0.763,44.1,48.1,39,45.2,51.7
Vulpes lagopus,OK317996,1353,0.763,44.1,48.1,39,45.2,51.6
Vulpes lagopus,OK317998,1353,0.763,44.3,48.3,39,45.5,52.3
Vulpes lagopus,OK317999,1353,0.76,44.1,48.3,39,44.8,51.4
Vulpes lagopus,OP375406,1353,0.764,44.9,48.1,39,47.5,54
Vulpes lagopus,OP375407,1353,0.765,44.9,48.1,38.6,47.9,54.1
Vulpes lagopus,OP375410,1353,0.764,44.9,48.1,38.8,47.9,53.8
Vulpes lagopus,OP375413,1353,0.766,44.9,47.9,38.8,47.9,54.2
Vulpes lagopus,OP375414,1353,0.768,44.5,47.9,38.8,46.8,53.2
Vulpes lagopus,OP375415,1353,0.767,44.6,47.9,38.8,47,53.5
Vulpes lagopus,OP375418,1353,0.766,44.9,47.9,38.8,47.9,54.1
Vulpes lagopus,OP375421,1353,0.763,44.7,48.1,38.8,47.2,53.9
Vulpes lagopus,OP375423,1353,0.758,44.5,48.1,38.8,46.6,54.3
Vulpes lagopus,OR045939,1353,0.761,43.8,47.7,38.8,44.8,54.3
Vulpes lagopus,OR045949,1353,0.765,44.7,48.1,38.8,47.2,53.3
Vulpes lagopus,OR270973,1353,0.767,44.6,47.9,38.8,47.2,54.8
Vulpes lagopus,OR270979,1353,0.765,44.6,48.1,38.8,47,55.3
Vulpes lagopus,OR270997,1353,0.767,44.6,47.9,38.8,47,54.7
Vulpes lagopus,OR270998,1353,0.767,44.6,47.7,38.8,47.2,54.4
Vulpes lagopus,OR270999,1353,0.767,44.7,47.9,38.8,47.5,54.4
Vulpes lagopus,OR271001,1353,0.767,44.6,47.9,38.8,47,54.8
Vulpes lagopus,OR271003,1353,0.767,44.6,47.7,38.8,47.2,54.4
Vulpes lagopus,PV855388,1353,0.759,44.4,47.9,39,46.3,53.4
Vulpes lagopus,PV855390,1353,0.758,44.6,48.1,39,46.8,53.3
Vulpes lagopus,PV855392,1353,0.759,44.5,47.9,39,46.6,53.5
Vulpes lagopus,PV855393,1353,0.762,44.3,47.7,38.8,46.6,53.5
Vulpes lagopus,PV855394,1353,0.76,44.4,47.7,39,46.6,53.6
Vulpes lagopus,PV855397,1353,0.758,44.5,48.1,39,46.3,53.4
Vulpes lagopus,PV855415,1353,0.759,44.6,48.1,39,46.6,53.2
Vulpes lagopus,EU345002,1353,0.777,44.3,46.8,38.8,47.5,57.7
Vulpes lagopus,EU345003,1353,0.77,44.2,46.8,38.8,47,58.9
Vulpes lagopus,EU345004,1353,0.77,44,46.8,38.8,46.3,58.4
Vulpes lagopus,JQ685938,1353,0.772,44.1,45.9,38.8,47.5,58
Vulpes lagopus,JQ685968,1353,0.772,43.8,45.9,38.8,46.8,58.6
Vulpes lagopus,MW055084,1353,0.777,44.3,46.8,38.4,47.7,57.1
Vulpes lagopus,MW055085,1353,0.776,44.4,47,38.6,47.7,57.1
Vulpes lagopus,MW055086,1353,0.774,44.1,45.9,39,47.2,57.7
Vulpes lagopus,MW055087,1353,0.775,44,45.7,38.8,47.5,58.2
Vulpes lagopus,AB519642,1353,0.775,43.5,46.3,39.9,44.3,55.4
Vulpes lagopus,AF070449,1353,0.776,44,46.3,40.1,45.5,56.1
Vulpes lagopus,AF351847,1353,0.771,43.7,46.3,40.1,44.6,56.8
Vulpes lagopus,AF351852,1353,0.772,43.5,46.1,39.9,44.6,55.4
Vulpes lagopus,AY854587,1353,0.775,43.8,46.1,40.6,44.6,55.9
Vulpes lagopus,AY854592,1353,0.777,44.1,46.3,39.9,46.1,56.5
Vulpes lagopus,AY854594,1353,0.779,44.1,46.3,39.9,46.1,56.3
Vulpes lagopus,AY877433,1353,0.778,44.6,46.3,40.4,47.2,55.5
Vulpes lagopus,AY877434,1353,0.773,43.6,46.3,39.9,44.6,56.8
Vulpes lagopus,AY877435,1353,0.777,43.7,46.6,39.9,44.6,55.9
Vulpes lagopus,GU592648,1353,0.779,43.3,46.1,39.9,43.9,55.6
Vulpes lagopus,KF656696,1353,0.783,43.8,46.3,39.9,45.2,56.1
Vulpes lagopus,KF864234,1353,0.776,44.3,46.6,40.1,46.3,56.1
Vulpes lagopus,KF864322,1353,0.772,44.3,46.6,40.1,46.1,56.9
Vulpes lagopus,KF864397,1353,0.767,43.6,46.6,39.7,44.6,56.5
Vulpes lagopus,KM594040,1353,0.773,43.7,46.1,39.9,45,56.5
Vulpes lagopus,KM594041,1353,0.783,43.5,46.1,39.9,44.6,53.4
Vulpes lagopus,KM594042,1353,0.775,44,46.1,39.9,45.9,56.9
Vulpes lagopus,KP202393,1353,0.774,43.6,46.6,39.7,44.6,56.4
Vulpes lagopus,KT023101,1353,0.782,43.5,46.3,39.7,44.3,53.7
Vulpes lagopus,MN968374,1353,0.779,44.5,46.1,39.9,47.5,56.7
Vulpes lagopus,MN968375,1353,0.779,44.6,46.3,39.9,47.5,56.8
Vulpes lagopus,MN968377,1353,0.779,44.6,46.3,39.9,47.5,56.6
Vulpes lagopus,MN968386,1353,0.779,44.6,46.3,39.9,47.7,56.7
Vulpes lagopus,MT891038,1353,0.774,43.6,45.9,39.5,45.5,55.5
Vulpes lagopus,MW249020,1353,0.777,43.9,46.1,39.9,45.7,56.3
Vulpes lagopus,MW579786,1353,0.776,43.2,46.3,39.9,43.2,55.4
Vulpes lagopus,MW579820,1353,0.773,43.2,46.3,39.9,43.2,55.5
Vulpes lagopus,MW579824,1353,0.782,44.2,46.1,40.1,46.3,55.9
Vulpes lagopus,MW579833,1353,0.773,43.2,46.3,39.9,43.2,55.3
Vulpes lagopus,PQ379829,1353,0.77,44.3,46.6,39.7,46.8,56.5
Vulpes lagopus,PQ379831,1353,0.778,43.7,45.2,40.4,45.5,54.6
Vulpes lagopus,PQ379832,1353,0.775,44.2,46.3,39.9,46.3,56
Vulpes lagopus,PQ379834,1353,0.778,44.7,46.6,39.7,47.9,56.3
Vulpes lagopus,PQ379836,1353,0.776,44.6,46.3,39.9,47.5,56.7
Vulpes lagopus,PQ379849,1353,0.777,43.7,46.1,40.1,44.8,55.8
Vulpes lagopus,PQ510120,1353,0.774,43.8,46.6,40.1,44.6,54.9
Vulpes lagopus,PQ603086,1353,0.772,44.3,46.3,39.7,46.8,56.4
Vulpes lagopus,PQ671599,1353,0.786,43.6,45.9,40.1,44.8,53.2
Vulpes lagopus,PQ671601,1353,0.786,43.4,46.1,40.1,43.9,52.2
Vulpes lagopus,AF351849,1353,0.78,43.3,45.7,39.7,44.6,56.3
Vulpes lagopus,AF394876,1353,0.781,43.6,45.9,39.9,45,55.8
Vulpes lagopus,GU644760,1353,0.781,43.1,45.7,39.5,44.1,55.9
Vulpes lagopus,GU644761,1353,0.779,43.3,45.7,39.7,44.6,56.1
Vulpes lagopus,GU644762,1353,0.779,43.1,45.5,39.7,44.1,56
Vulpes lagopus,GU644763,1353,0.781,43.2,45.7,39.5,44.3,55.9
Vulpes lagopus,GU644764,1353,0.781,43.1,45.5,39.7,44.1,55.8
Vulpes lagopus,GU644765,1353,0.777,43,45.5,39.7,43.9,56
Vulpes lagopus,GU644766,1353,0.78,42.9,45.5,39.7,43.7,55.8
Vulpes lagopus,GU644767,1353,0.776,43,45.5,39.7,43.9,56.1
Vulpes lagopus,GU644768,1353,0.779,43.1,45.5,39.7,44.1,55.9
Vulpes lagopus,GU644769,1353,0.78,43,45.7,39.7,43.7,56
Vulpes lagopus,GU644770,1353,0.778,43.3,45.7,39.7,44.6,56.4
Vulpes lagopus,GU644771,1353,0.78,43.3,45.7,39.7,44.6,56.3
Vulpes lagopus,GU644772,1353,0.778,43.3,45.5,40.1,44.3,56.1
Vulpes lagopus,GU644773,1353,0.779,43,45.5,39.5,44.1,55.9
Vulpes lagopus,GU644774,1353,0.779,43.1,45.5,39.7,44.1,56.2
Vulpes lagopus,GU644775,1353,0.78,43,45.5,39.5,44.1,55.9
Vulpes lagopus,GU644776,1353,0.777,42.9,45.5,39.7,43.7,56
Vulpes lagopus,GU644777,1353,0.778,43.2,45.5,39.7,44.6,55.9
Vulpes lagopus,GU644778,1353,0.78,43.2,45.5,39.7,44.6,55.6
Vulpes lagopus,GU644779,1353,0.78,43.1,45.5,39.7,44.1,55.7
Vulpes lagopus,GU644780,1353,0.779,43.3,45.5,39.7,44.8,56.5
Vulpes lagopus,GU644781,1353,0.778,43.2,45.5,39.9,44.1,56.3
Vulpes lagopus,GU644782,1353,0.779,43.3,45.7,39.7,44.6,56.3
Vulpes lagopus,GU644784,1353,0.779,43.1,45.2,39.7,44.3,56
Vulpes lagopus,GU644785,1353,0.779,43.1,45.5,39.7,44.1,56.1
Vulpes lagopus,GU644786,1353,0.779,43.5,45.7,39.7,45,56.5
Vulpes lagopus,GU644787,1353,0.781,43.1,45.5,39.7,44.1,55.2
Vulpes lagopus,GU644788,1353,0.778,43.2,45.7,39.5,44.3,56.1
Vulpes lagopus,JQ685905,1353,0.78,43.2,45.7,39.7,44.3,56.2
Vulpes lagopus,AF351828,1353,0.783,44.6,46.6,39.7,47.7,53.5
Vulpes lagopus,AF351831,1353,0.77,44.2,46.8,39.5,46.3,55
Vulpes lagopus,AF351832,1353,0.779,44.1,45.7,39,47.7,55.2
Vulpes lagopus,AF351833,1353,0.78,43.8,46.1,39.7,45.7,53.1
Vulpes lagopus,AF351855,1353,0.771,43.9,47,39,45.7,53.1
Vulpes lagopus,AF351861,1353,0.78,44.1,46.3,39.5,46.3,54.9
Vulpes lagopus,AF351862,1353,0.78,43.8,45.9,39.2,46.3,53.2
Vulpes lagopus,AY039227,1353,0.779,43.8,46.1,39.5,45.9,55.6
Vulpes lagopus,AY039228,1353,0.781,43.6,46.1,39.2,45.5,53.2
Vulpes lagopus,AY039229,1353,0.779,43.8,46.1,39.2,45.9,54.2
Vulpes lagopus,GU644652,1353,0.783,43.9,46.3,39.5,45.9,53.2
Vulpes lagopus,GU644654,1353,0.778,43.4,46.1,39.2,44.8,53.4
Vulpes lagopus,GU644655,1353,0.78,43.6,46.1,39.5,45.2,53.3
Vulpes lagopus,GU644656,1353,0.782,43.7,46.1,39.2,45.7,53.2
Vulpes lagopus,GU644657,1353,0.783,44.1,46.1,39.2,46.8,53
Vulpes lagopus,GU644658,1353,0.783,43.8,46.1,39.2,45.9,53.4
Vulpes lagopus,GU644659,1353,0.786,43.5,45.9,39.2,45.5,53.2
Vulpes lagopus,GU644660,1353,0.786,44,46.1,39.2,46.6,53.4
Vulpes lagopus,GU644661,1353,0.785,43.8,45.9,39.2,46.1,53.3
Vulpes lagopus,GU644662,1353,0.784,44.1,46.1,39.2,46.8,53.4
Vulpes lagopus,GU644663,1353,0.785,44.1,46.1,39.5,46.6,53.4
Vulpes lagopus,GU644664,1353,0.787,44.2,46.1,39.2,47.2,53.2
Vulpes lagopus,GU644665,1353,0.783,43.9,46.1,39,46.6,53.7
Vulpes lagopus,GU644666,1353,0.786,44,46.1,39.2,46.6,54.1
Vulpes lagopus,GU644667,1353,0.784,43.8,46.1,39.2,46.1,53.5
Vulpes lagopus,GU644668,1353,0.789,44,45.9,39.2,46.8,53.1
Vulpes lagopus,GU644669,1353,0.785,43.8,46.1,39.2,45.9,53.5
Vulpes lagopus,GU644670,1353,0.788,44.1,46.1,39.2,47,54.4
Vulpes lagopus,GU644671,1353,0.785,43.5,46.1,39.2,45.2,52.5
Vulpes lagopus,GU644676,1353,0.779,43.7,46.1,39.2,45.7,54.4
Vulpes lagopus,GU644677,1353,0.779,44,46.1,39.2,46.6,54
Vulpes lagopus,GU644684,1353,0.778,43.5,46.1,39.2,45.2,53.3
Vulpes lagopus,GU644689,1353,0.777,43.5,46.3,39.2,45,53.2
Vulpes lagopus,GU644690,1353,0.778,43.6,46.3,39.2,45.2,53.2
Vulpes lagopus,GU644695,1353,0.778,43.6,46.3,39.2,45.2,53.3
Vulpes lagopus,AF351845,1353,0.775,44.8,46.1,39.9,48.3,57
Vulpes lagopus,AF351846,1353,0.776,45,46.3,39.9,48.8,57.3
Vulpes lagopus,AF351858,1353,0.773,45.3,46.3,40.1,49.4,56.8
Vulpes lagopus,AF394883,1353,0.775,44.9,46.3,39.9,48.3,57.1
Vulpes lagopus,AF394884,1353,0.774,44.8,46.1,39.9,48.3,56.7
Vulpes lagopus,GU644712,1353,0.774,45.1,46.1,39.9,49.2,57.6
Vulpes lagopus,GU644713,1353,0.774,45.1,46.1,40.1,49,58.4
Vulpes lagopus,GU644714,1353,0.777,45.2,46.1,39.9,49.4,57.1
Vulpes lagopus,GU644715,1353,0.775,44.9,46.1,39.9,48.8,57.4
Vulpes lagopus,GU644716,1353,0.775,45.1,46.3,39.9,49,57.3
Vulpes lagopus,GU644717,1353,0.774,44.9,45.9,39.9,48.8,57
Vulpes lagopus,GU644718,1353,0.777,44.9,45.9,39.9,49,57.2
Vulpes lagopus,GU644719,1353,0.776,45.1,46.1,39.9,49.2,57.6
Vulpes lagopus,GU644720,1353,0.775,45,46.1,39.9,49,57.7
Vulpes lagopus,GU644721,1353,0.775,44.9,46.1,39.9,48.8,57.3
Vulpes lagopus,JQ685947,1353,0.774,44.9,46.1,39.9,48.6,56.5
Desmodus rotundus,AY352488,1353,0.746,46,47.7,39.5,50.8,54.3
Desmodus rotundus,AY352501,1353,0.743,44.9,47.7,39.5,47.7,53.6
Desmodus rotundus,JN258588,1353,0.736,44.9,47.9,39.5,47.5,53.2
Desmodus rotundus,JN258592,1353,0.747,46,47.9,39.5,50.8,54.1
Desmodus rotundus,JX987747,1353,0.746,45.9,47.7,39.5,50.6,54.4
Desmodus rotundus,KU198460,1353,0.745,45.8,47.7,39.5,50.3,54.4
Desmodus rotundus,KU198462,1353,0.745,45.8,48.1,39.2,50.1,55.4
Desmodus rotundus,KU198464,1353,0.748,45.9,47.5,39.5,50.8,54.3
Desmodus rotundus,KU198466,1353,0.738,44.9,47.9,39.5,47.2,53.5
Desmodus rotundus,KU198467,1353,0.737,45,47.9,39.5,47.7,53.6
Desmodus rotundus,KU198472,1353,0.737,45,47.9,39.7,47.5,53.8
Desmodus rotundus,KU198476,1353,0.737,45.1,47.9,39.5,47.9,53.3
Desmodus rotundus,KU198477,1353,0.738,45,47.9,39.5,47.7,53.8
Desmodus rotundus,KU198478,1353,0.743,44.8,47.7,39.5,47.2,54.3
Desmodus rotundus,KX036361,1353,0.742,44.9,47.7,39.5,47.5,53.2
Desmodus rotundus,KX036362,1353,0.741,44.9,47.7,39.5,47.7,53.4
Desmodus rotundus,KX036364,1353,0.74,44.7,47.7,39.5,47,53.4
Desmodus rotundus,KX036365,1353,0.739,44.9,48.1,39.5,47,53.3
Desmodus rotundus,KX036366,1353,0.739,45,47.7,39.5,47.9,53.6
Desmodus rotundus,KX954123,1353,0.753,46,47.7,39.5,50.8,53.9
Desmodus rotundus,LT598537,1353,0.742,45.2,47.7,39.5,48.3,54
Desmodus rotundus,LT598538,1353,0.737,44.9,47.9,39.5,47.5,53.8
Desmodus rotundus,LT598539,1353,0.735,45.1,47.9,39.7,47.7,53.7
Desmodus rotundus,LT598540,1353,0.737,45,47.9,39.5,47.7,53.3
Desmodus rotundus,LT598541,1353,0.739,45.1,47.9,39.5,47.9,53.7
Desmodus rotundus,LT598543,1353,0.741,44.8,47.7,39.2,47.5,53.3
Desmodus rotundus,LT909550,1353,0.746,45.9,47.7,39.5,50.6,54.3
Desmodus rotundus,MG458313,1353,0.747,45.9,47.7,39.5,50.6,54.2
Desmodus rotundus,MN233885,1353,0.743,45,47.9,39.5,47.7,54.2
Desmodus rotundus,MN233886,1353,0.741,45,47.9,39.5,47.7,54.3
Desmodus rotundus,MN233892,1353,0.74,45,47.9,39.5,47.7,53.6
Desmodus rotundus,MN233896,1353,0.738,44.9,47.9,39.5,47.5,53.7
Desmodus rotundus,MN233900,1353,0.736,44.9,47.9,39.5,47.2,53.3
Desmodus rotundus,MN233948,1353,0.737,44.9,47.9,39.5,47.5,53.5
Desmodus rotundus,MN233949,1353,0.741,44.9,47.7,39.5,47.7,53.2
Desmodus rotundus,MN233950,1353,0.741,45,47.7,39.5,47.9,53.2
Desmodus rotundus,MN233952,1353,0.74,44.9,47.7,39.7,47.2,53.7
Desmodus rotundus,MN233953,1353,0.742,44.9,47.5,39.5,47.9,53.2
Desmodus rotundus,MN233955,1353,0.741,44.9,47.5,39.5,47.9,53.4
Desmodus rotundus,MN233956,1353,0.738,44.9,47.9,39.5,47.2,53.5
Desmodus rotundus,MN233958,1353,0.741,44.9,47.5,39.5,47.7,53.4
Desmodus rotundus,MN233960,1353,0.738,45.1,47.9,39.5,47.9,53.8
Desmodus rotundus,MN233963,1353,0.735,45,47.9,39.5,47.7,54.1
Desmodus rotundus,MN233967,1353,0.735,44.9,47.9,39.5,47.2,53.3
Desmodus rotundus,MN233968,1353,0.742,44.9,47.7,39.5,47.7,54.2
Desmodus rotundus,MN233969,1353,0.742,45,47.7,39.7,47.7,54.2
Desmodus rotundus,MN233973,1353,0.737,45,47.9,39.5,47.7,53.7
Desmodus rotundus,MN233974,1353,0.738,45.1,47.9,39.5,47.9,53.8
Desmodus rotundus,MN233975,1353,0.737,44.9,47.9,39.5,47.5,53.7
Desmodus rotundus,MN233977,1353,0.737,44.8,47.9,39.5,47,53.7
Desmodus rotundus,MN233978,1353,0.736,45.2,48.1,39.5,47.9,54.1
Desmodus rotundus,MN233982,1353,0.736,44.9,47.9,39.5,47.5,53.7
Desmodus rotundus,MN233985,1353,0.737,45,47.9,39.5,47.7,53.6
Desmodus rotundus,MN233988,1353,0.737,45,47.9,39.5,47.7,53.1
Desmodus rotundus,MN233991,1353,0.738,44.9,47.7,39.5,47.5,53.8
Desmodus rotundus,MN233992,1353,0.742,44.9,47.5,39.5,47.7,54.1
Desmodus rotundus,MN233998,1353,0.736,44.9,47.9,39.5,47.2,53.7
Desmodus rotundus,MN234000,1353,0.743,45,47.9,39.5,47.7,54.1
Desmodus rotundus,MN234002,1353,0.737,44.9,47.9,39.5,47.2,53.5
Desmodus rotundus,MN234004,1353,0.739,44.7,47.9,39.5,46.8,53.2
Desmodus rotundus,MN234008,1353,0.736,44.9,47.9,39.5,47.2,53.7
Desmodus rotundus,MN234016,1353,0.737,45,47.9,39.5,47.7,53.7
Desmodus rotundus,MN234017,1353,0.739,45,47.7,39.5,47.9,53.6
Desmodus rotundus,MN234018,1353,0.739,44.8,47.5,39.5,47.5,53.3
Desmodus rotundus,MN234023,1353,0.738,45,47.9,39.5,47.7,53.9
Desmodus rotundus,MN234043,1353,0.737,45,47.9,39.5,47.7,53.7
Desmodus rotundus,MN234046,1353,0.736,44.9,47.9,39.5,47.5,53.8
Desmodus rotundus,MN234055,1353,0.737,44.9,47.9,39.5,47.5,53.3
Desmodus rotundus,MN384717,1353,0.742,45.2,47.9,39.2,48.3,53.6
Desmodus rotundus,DQ666289,1353,0.726,44.9,47.2,39.7,47.7,56.9
Desmodus rotundus,DQ666290,1353,0.727,44.7,47.5,39,47.7,56.7
Desmodus rotundus,DQ866105,1353,0.727,44.8,47.7,38.6,48.1,57
Desmodus rotundus,DQ866106,1353,0.728,44.6,47.2,38.8,47.7,56.5
Desmodus rotundus,DQ866108,1353,0.725,44.4,47.5,38.8,47,56.8
Desmodus rotundus,DQ866109,1353,0.724,44.6,47.7,38.8,47.2,56.5
Desmodus rotundus,DQ866110,1353,0.724,44.3,47.7,38.8,46.3,57.3
Desmodus rotundus,DQ866112,1353,0.725,44.6,47.5,38.8,47.5,57.1
Desmodus rotundus,DQ866116,1353,0.724,44.3,47.9,38.8,46.3,56.7
Desmodus rotundus,DQ866119,1353,0.726,44.6,47.7,38.8,47.2,57.3
Desmodus rotundus,EU086182,1353,0.727,44.6,47.7,38.8,47.2,56.3
Desmodus rotundus,EU086183,1353,0.725,44.6,47.9,39,46.8,56.3
Desmodus rotundus,EU828653,1353,0.721,44.3,48.1,38.6,46.1,56.6
Desmodus rotundus,FJ561726,1353,0.721,44.5,48.1,38.8,46.6,57
Desmodus rotundus,FJ561727,1353,0.722,44.6,48.1,39,46.6,57
Desmodus rotundus,FJ561728,1353,0.725,44.9,48.3,38.8,47.7,57.2
Desmodus rotundus,FJ866829,1353,0.722,45.2,48.8,39,47.7,57.4
Desmodus rotundus,FJ866830,1353,0.721,44.8,48.1,39,47.2,57.6
Desmodus rotundus,FJ866831,1353,0.724,44.8,48.3,38.8,47.2,57.4
Desmodus rotundus,GQ472468,1353,0.726,44.6,47.5,39,47.5,56.1
Desmodus rotundus,GQ472470,1353,0.729,44.9,47.7,39,47.9,56.3
Desmodus rotundus,GQ472473,1353,0.727,44.4,47.5,38.8,47,56.4
Desmodus rotundus,GQ472477,1353,0.725,44.6,47.5,38.6,47.7,56.9
Desmodus rotundus,GU358653,1353,0.727,44.7,48.1,38.8,47.2,56.2
Desmodus rotundus,HM486355,1353,0.724,44.5,47.5,39,47,59.6
Desmodus rotundus,HM486356,1353,0.724,44.5,47.5,39,47,59.7
Desmodus rotundus,HM486368,1353,0.726,44.4,47.2,38.8,47.2,56.6
Desmodus rotundus,HM486369,1353,0.724,44.6,47.7,39,47,59.6
Desmodus rotundus,HM486374,1353,0.724,44.6,47.5,39.2,47,59.4
Desmodus rotundus,HM486379,1353,0.724,44.6,47.5,39.2,47,59.7
Desmodus rotundus,HM486381,1353,0.723,44.9,48.6,39.5,46.6,56.5
Desmodus rotundus,JF819605,1353,0.721,44.9,47.9,39.7,47,59.1
Desmodus rotundus,JF819615,1353,0.724,44.6,47.5,39.2,47,59.5
Desmodus rotundus,JN974823,1353,0.727,44.8,47.9,38.6,47.9,57
Desmodus rotundus,JN974824,1353,0.725,44.5,47.9,38.8,46.8,56.5
Desmodus rotundus,JN974828,1353,0.727,44.6,47.5,38.8,47.7,56.6
Desmodus rotundus,JN974829,1353,0.728,44.6,47.5,38.8,47.7,56.2
Desmodus rotundus,JN974838,1353,0.722,44.6,48.3,38.8,46.6,56.9
Desmodus rotundus,JN974842,1353,0.728,44.8,47.9,38.6,47.9,57
Desmodus rotundus,JN974845,1353,0.73,44.7,47.7,38.6,47.9,56.8
Desmodus rotundus,JN974870,1353,0.723,44.3,47.2,38.8,47,58.9
Desmodus rotundus,JN974871,1353,0.726,44.4,47.2,39,47,59.8
Desmodus rotundus,JN974872,1353,0.724,44.5,47.5,39,47,59.5
Desmodus rotundus,JN974873,1353,0.723,44.4,47.5,38.8,47,60.5
Desmodus rotundus,JQ970480,1353,0.733,44.8,47.7,38.6,48.1,56.8
Desmodus rotundus,KT221107,1353,0.729,44.6,47.7,38.4,47.9,56.9
Desmodus rotundus,KT894558,1353,0.731,45,48.1,39,47.9,57.4
Desmodus rotundus,KT894572,1353,0.728,44.7,48.1,38.6,47.5,57
Desmodus rotundus,KT894573,1353,0.729,44.5,47.9,38.6,47,57.3
Desmodus rotundus,KT894577,1353,0.725,44.7,47.5,38.8,47.9,55.8
Desmodus rotundus,KT894578,1353,0.725,44.8,47.5,38.8,48.1,55.8
Desmodus rotundus,KX148264,1353,0.727,44.7,47.9,38.8,47.5,56.2
Desmodus rotundus,KY451767,1353,0.728,45,47.9,38.8,48.3,56.8
Desmodus rotundus,MG201879,1353,0.726,44.7,47.5,39,47.7,56.4
Desmodus rotundus,MG201880,1353,0.725,44.4,47.5,38.8,47,56.3
Desmodus rotundus,MG201884,1353,0.727,44.6,47.5,38.8,47.7,56.3
Desmodus rotundus,MG201919,1353,0.728,44.8,47.5,38.8,48.1,56.5
Desmodus rotundus,MG201921,1353,0.732,44.5,47.2,38.8,47.5,56.4
Desmodus rotundus,MN784132,1353,0.727,44.6,47.5,38.8,47.7,56.6
Desmodus rotundus,FJ598135,1353,0.731,43.9,47.2,39,45.5,59.5
Desmodus rotundus,FJ712195,1353,0.737,44.6,47.5,39.2,47,57.2
Desmodus rotundus,FJ712196,1353,0.733,44.1,47.5,39,45.7,58.7
Desmodus rotundus,FJ719751,1353,0.731,44.5,47.5,39,47,58.9
Desmodus rotundus,FJ719753,1353,0.73,44.1,47.5,38.8,46.1,59.6
Desmodus rotundus,FJ719755,1353,0.732,44.6,47.5,39,47.2,59.5
Desmodus rotundus,GU647092,1353,0.731,44.2,47.5,38.8,46.3,59.9
Desmodus rotundus,HQ118114,1353,0.731,44.1,47.5,39,45.7,59.4
Desmodus rotundus,JN974877,1353,0.733,44.1,47.5,39.2,45.7,59.4
Desmodus rotundus,JQ950446,1353,0.729,44.6,47.9,39,46.8,59.4
Desmodus rotundus,JQ950448,1353,0.732,44.3,47.7,39,46.3,59.3
Desmodus rotundus,KF726852,1353,0.732,44.7,47.9,39.2,47,59.5
Desmodus rotundus,KP319185,1353,0.733,44.4,47.5,38.8,47,59.6
Desmodus rotundus,KP319186,1353,0.73,44.5,47.5,39,47,58.8
Desmodus rotundus,KP319187,1353,0.733,44.1,47.5,38.8,46.1,59.7
Desmodus rotundus,KP319188,1353,0.731,44.6,47.5,39,47.2,58.9
Desmodus rotundus,KP319191,1353,0.731,44.1,47.5,38.8,46.1,59.6
Desmodus rotundus,KP319193,1353,0.732,44.2,47.5,39,46.1,59.4
Desmodus rotundus,KP319194,1353,0.73,44.6,48.1,39,46.8,59.4
Desmodus rotundus,KP319195,1353,0.731,44.7,47.9,39,47.2,59.3
Desmodus rotundus,KP319199,1353,0.729,44.4,47.5,39.2,46.6,58.5
Desmodus rotundus,KP319201,1353,0.729,44.3,47.5,39.2,46.3,58.4
Desmodus rotundus,KP319203,1353,0.733,44.3,47.5,39,46.6,59.3
Desmodus rotundus,KP319204,1353,0.733,44.3,47.5,39,46.6,59.3
Desmodus rotundus,KP319205,1353,0.73,44.5,47.7,39.5,46.3,59.4
Desmodus rotundus,KP319206,1353,0.74,44.3,47.5,38.8,46.8,59.6
Desmodus rotundus,KP319207,1353,0.738,44.4,47.5,38.8,47,59.6
Desmodus rotundus,MT068612,1353,0.732,44.5,47.2,39.2,47,57.9
Desmodus rotundus,MT068615,1353,0.735,44.5,47.7,39,46.8,59
Desmodus rotundus,AY854505,1353,0.74,44.1,47.5,39,45.7,56
Desmodus rotundus,AY854525,1353,0.74,44.2,47.7,39,45.9,55.7
Desmodus rotundus,AY854531,1353,0.743,44.2,47.9,39.2,45.5,54.5
Desmodus rotundus,AY854544,1353,0.747,44.5,47.7,39.2,46.6,55.8
Desmodus rotundus,AY854546,1353,0.747,44.5,47.7,39.2,46.6,55.5
Desmodus rotundus,AY854558,1353,0.739,44.8,47.5,39.2,47.7,55.6
Desmodus rotundus,AY854567,1353,0.733,44.8,48.1,39,47.2,55.9
Desmodus rotundus,AY854573,1353,0.735,44.4,48.1,39,46.1,55.6
Desmodus rotundus,AY854576,1353,0.742,43.9,47.9,39,44.8,54.5
Desmodus rotundus,AB284509,1353,0.742,44.9,47.9,38.8,48.1,53.2
Desmodus rotundus,AB284511,1353,0.743,44.9,47.7,38.8,48.1,53.2
Desmodus rotundus,AB284512,1353,0.74,44.9,47.9,38.8,47.9,53.3
Desmodus rotundus,AB284513,1353,0.743,44.9,47.7,38.8,48.1,52.2
Desmodus rotundus,AB284514,1353,0.742,44.9,47.7,38.8,48.1,53.5
Desmodus rotundus,EU853582,1353,0.738,44.7,48.1,39,47,52.8
Desmodus rotundus,EU853584,1353,0.734,44.6,48.3,38.8,46.6,52.4
Desmodus rotundus,EU853586,1353,0.735,44.5,48.3,38.8,46.3,52.2
Desmodus rotundus,EU853587,1353,0.731,44.2,48.1,38.8,45.7,51.4
Desmodus rotundus,EU853590,1353,0.731,44.1,48.1,38.6,45.7,51.8
Desmodus rotundus,HM179504,1353,0.729,44.1,48.1,39,45,53.8
Desmodus rotundus,HM179505,1353,0.733,44.6,48.1,39,46.6,53.3
Desmodus rotundus,HM179506,1353,0.741,44.5,48.1,38.8,46.6,52.9
Desmodus rotundus,KF155002,1353,0.743,44.9,48.1,38.6,48.1,53.4
Desmodus rotundus,KR534217,1353,0.741,44.6,48.1,38.8,47,52.8
Desmodus rotundus,KR534218,1353,0.739,44.6,48.1,38.8,46.8,52.8
Desmodus rotundus,KR534219,1353,0.729,43.8,47.9,38.6,45,52.3
Desmodus rotundus,KR534228,1353,0.728,43.9,47.9,38.6,45.2,52.8
Desmodus rotundus,KR534229,1353,0.739,44.7,48.1,38.8,47.2,54
Desmodus rotundus,KR534230,1353,0.727,44.3,48.1,38.8,46.1,52.8
Desmodus rotundus,KR534233,1353,0.738,44.6,48.1,38.8,47,53.9
Desmodus rotundus,KR534238,1353,0.728,43.8,47.9,38.6,45,52.8
Desmodus rotundus,KR534244,1353,0.738,44.7,48.1,38.8,47.2,53.9
Desmodus rotundus,KR534250,1353,0.739,44.9,48.1,38.8,47.7,53.8
Desmodus rotundus,KR534251,1353,0.728,43.9,47.9,38.6,45.2,52.7
Desmodus rotundus,KR534252,1353,0.723,44.1,47.9,38.6,45.7,52.7
Desmodus rotundus,KR534253,1353,0.739,44.6,48.1,38.8,46.8,53.4
Desmodus rotundus,KR906735,1353,0.736,44.9,48.3,38.8,47.5,54.4
Desmodus rotundus,KR906736,1353,0.736,44.8,48.3,38.8,47.2,54.5
Desmodus rotundus,KR906739,1353,0.733,44.1,47.9,38.6,45.7,52.9
Desmodus rotundus,KR906741,1353,0.734,44.4,48.1,38.8,46.3,53.8
Desmodus rotundus,KR906742,1353,0.742,44.9,48.1,38.8,47.9,53.9
Desmodus rotundus,KR906744,1353,0.732,44,47.9,38.6,45.5,53
Desmodus rotundus,KR906745,1353,0.743,44.6,47.9,38.8,47.2,53.4
Desmodus rotundus,KR906746,1353,0.728,44.1,48.1,38.8,45.2,52.2
Desmodus rotundus,KR906747,1353,0.729,44.2,48.1,38.8,45.7,52.3
Desmodus rotundus,KR906748,1353,0.734,43.5,47.5,38.8,44.3,54.3
Desmodus rotundus,KR906749,1353,0.735,44.4,47.9,38.8,46.6,53.7
Desmodus rotundus,KR906751,1353,0.729,44.2,48.1,38.6,45.9,52.5
Desmodus rotundus,KR906756,1353,0.739,44.8,48.1,38.8,47.5,53.7
Desmodus rotundus,KR906757,1353,0.734,44.2,48.1,38.4,46.1,52.2
Desmodus rotundus,KR906759,1353,0.727,43.9,47.9,38.6,45.2,53.2
Desmodus rotundus,KR906762,1353,0.744,44.9,47.9,38.8,47.9,54
Desmodus rotundus,KR906763,1353,0.737,44.8,48.1,38.8,47.5,54.3
Desmodus rotundus,KR906765,1353,0.738,44.9,48.3,38.8,47.7,55
Desmodus rotundus,KR906766,1353,0.736,44.9,48.3,38.8,47.5,54.4
Desmodus rotundus,KR906767,1353,0.738,44.6,48.1,38.8,47,53.3
Desmodus rotundus,KR906770,1353,0.724,44.1,47.9,38.8,45.7,53
Desmodus rotundus,KR906773,1353,0.74,44.6,48.1,38.8,47,54.4
Desmodus rotundus,KR906780,1353,0.74,44.6,48.1,38.8,47,53.4
Desmodus rotundus,KR906784,1353,0.723,44.2,47.9,38.8,45.9,53.2
Desmodus rotundus,KR906790,1353,0.727,44.4,48.3,38.6,46.3,53.1
Desmodus rotundus,KR906792,1353,0.739,45,48.3,38.8,47.9,53.8
Desmodus rotundus,KT336432,1353,0.737,44.6,47.9,39,47,53.4
Desmodus rotundus,KT336433,1353,0.738,44.4,48.1,39,46.1,53.1
Desmodus rotundus,KT336434,1353,0.736,44.9,48.1,39,47.7,52.9
Desmodus rotundus,KT336435,1353,0.735,44.2,47.9,39,45.7,53.7
Desmodus rotundus,KT336436,1353,0.735,44.4,47.9,39,46.3,53
Desmodus rotundus,KT336437,1353,0.735,44.3,47.9,39.2,45.7,54.4
Desmodus rotundus,KX148203,1353,0.73,44.6,48.1,39,46.6,53.1
Desmodus rotundus,KX148204,1353,0.731,43.9,47.9,39,44.8,52.2
Desmodus rotundus,KX148206,1353,0.731,43.9,47.9,38.6,45.2,53.5
Desmodus rotundus,KX148208,1353,0.737,44.3,47.9,38.8,46.1,53.2
Desmodus rotundus,KY210224,1353,0.739,44.9,48.1,38.8,47.9,53.9
Desmodus rotundus,KY210243,1353,0.739,44.8,48.1,38.8,47.5,53.7
Desmodus rotundus,KY210247,1353,0.737,44.8,48.1,38.8,47.5,54.1
Desmodus rotundus,KY210249,1353,0.739,44.8,48.1,38.8,47.5,53.9
Desmodus rotundus,KY210253,1353,0.724,43.8,47.9,38.8,44.8,53.1
Desmodus rotundus,KY210263,1353,0.727,44.3,48.1,38.6,46.3,53.2
Desmodus rotundus,KY210264,1353,0.729,44.1,47.9,38.8,45.7,52.9
Desmodus rotundus,KY210279,1353,0.724,44.2,48.1,38.8,45.7,53.4
Desmodus rotundus,KY210287,1353,0.739,44.6,48.1,38.8,46.8,53.4
Desmodus rotundus,KY210304,1353,0.725,44.2,47.9,38.8,45.9,53.1
Desmodus rotundus,KY563717,1353,0.734,45,48.3,39.2,47.5,52.9
Desmodus rotundus,LC029890,1353,0.734,44.2,47.7,38.8,46.1,53.6
Desmodus rotundus,MN726804,1353,0.742,44.9,48.1,38.6,47.9,53.7
Desmodus rotundus,MN726826,1353,0.742,44.8,47.9,38.8,47.7,54.1
Desmodus rotundus,MN726827,1353,0.742,44.9,47.9,38.8,47.9,54.1
Desmodus rotundus,MT454631,1353,0.738,44.7,47.9,39,47.2,53.6
Desmodus rotundus,MT454635,1353,0.739,44.6,47.9,39,47,53.2
Desmodus rotundus,MT454637,1353,0.738,44.8,47.9,39,47.5,53.4
Desmodus rotundus,MT454641,1353,0.737,44.6,47.9,39,46.8,53.5
Desmodus rotundus,MT454643,1353,0.728,44.3,48.3,39,45.5,51.6
Desmodus rotundus,MT454644,1353,0.732,44.1,48.1,38.8,45.2,51.9
Desmodus rotundus,MT454645,1353,0.728,44.2,48.3,39,45.2,51.6
Desmodus rotundus,OK317992,1353,0.738,44.2,48.1,39,45.5,51.6
Desmodus rotundus,OK317993,1353,0.739,44.3,48.1,39,45.9,51.6
Desmodus rotundus,OK317995,1353,0.737,44.1,48.1,39,45.2,51.7
Desmodus rotundus,OK317996,1353,0.737,44.1,48.1,39,45.2,51.6
Desmodus rotundus,OK317998,1353,0.737,44.3,48.3,39,45.5,52.3
Desmodus rotundus,OK317999,1353,0.734,44.1,48.3,39,44.8,51.4
Desmodus rotundus,OP375406,1353,0.74,44.9,48.1,39,47.5,54
Desmodus rotundus,OP375407,1353,0.741,44.9,48.1,38.6,47.9,54.1
Desmodus rotundus,OP375410,1353,0.74,44.9,48.1,38.8,47.9,53.8
Desmodus rotundus,OP375413,1353,0.742,44.9,47.9,38.8,47.9,54.2
Desmodus rotundus,OP375414,1353,0.743,44.5,47.9,38.8,46.8,53.2
Desmodus rotundus,OP375415,1353,0.742,44.6,47.9,38.8,47,53.5
Desmodus rotundus,OP375418,1353,0.742,44.9,47.9,38.8,47.9,54.1
Desmodus rotundus,OP375421,1353,0.738,44.7,48.1,38.8,47.2,53.9
Desmodus rotundus,OP375423,1353,0.733,44.5,48.1,38.8,46.6,54.3
Desmodus rotundus,OR045939,1353,0.735,43.8,47.7,38.8,44.8,54.3
Desmodus rotundus,OR045949,1353,0.741,44.7,48.1,38.8,47.2,53.3
Desmodus rotundus,OR270973,1353,0.743,44.6,47.9,38.8,47.2,54.8
Desmodus rotundus,OR270979,1353,0.741,44.6,48.1,38.8,47,55.3
Desmodus rotundus,OR270997,1353,0.743,44.6,47.9,38.8,47,54.7
Desmodus rotundus,OR270998,1353,0.742,44.6,47.7,38.8,47.2,54.4
Desmodus rotundus,OR270999,1353,0.743,44.7,47.9,38.8,47.5,54.4
Desmodus rotundus,OR271001,1353,0.743,44.6,47.9,38.8,47,54.8
Desmodus rotundus,OR271003,1353,0.743,44.6,47.7,38.8,47.2,54.4
Desmodus rotundus,PV855388,1353,0.734,44.4,47.9,39,46.3,53.4
Desmodus rotundus,PV855390,1353,0.733,44.6,48.1,39,46.8,53.3
Desmodus rotundus,PV855392,1353,0.734,44.5,47.9,39,46.6,53.5
Desmodus rotundus,PV855393,1353,0.737,44.3,47.7,38.8,46.6,53.5
Desmodus rotundus,PV855394,1353,0.735,44.4,47.7,39,46.6,53.6
Desmodus rotundus,PV855397,1353,0.733,44.5,48.1,39,46.3,53.4
Desmodus rotundus,PV855415,1353,0.734,44.6,48.1,39,46.6,53.2
Desmodus rotundus,EU345002,1353,0.751,44.3,46.8,38.8,47.5,57.7
Desmodus rotundus,EU345003,1353,0.744,44.2,46.8,38.8,47,58.9
Desmodus rotundus,EU345004,1353,0.744,44,46.8,38.8,46.3,58.4
Desmodus rotundus,JQ685938,1353,0.747,44.1,45.9,38.8,47.5,58
Desmodus rotundus,JQ685968,1353,0.747,43.8,45.9,38.8,46.8,58.6
Desmodus rotundus,MW055084,1353,0.752,44.3,46.8,38.4,47.7,57.1
Desmodus rotundus,MW055085,1353,0.751,44.4,47,38.6,47.7,57.1
Desmodus rotundus,MW055086,1353,0.749,44.1,45.9,39,47.2,57.7
Desmodus rotundus,MW055087,1353,0.749,44,45.7,38.8,47.5,58.2
Desmodus rotundus,AB519642,1353,0.749,43.5,46.3,39.9,44.3,55.4
Desmodus rotundus,AF070449,1353,0.75,44,46.3,40.1,45.5,56.1
Desmodus rotundus,AF351847,1353,0.745,43.7,46.3,40.1,44.6,56.8
Desmodus rotundus,AF351852,1353,0.746,43.5,46.1,39.9,44.6,55.4
Desmodus rotundus,AY854587,1353,0.749,43.8,46.1,40.6,44.6,55.9
Desmodus rotundus,AY854592,1353,0.75,44.1,46.3,39.9,46.1,56.5
Desmodus rotundus,AY854594,1353,0.753,44.1,46.3,39.9,46.1,56.3
Desmodus rotundus,AY877433,1353,0.753,44.6,46.3,40.4,47.2,55.5
Desmodus rotundus,AY877434,1353,0.747,43.6,46.3,39.9,44.6,56.8
Desmodus rotundus,AY877435,1353,0.75,43.7,46.6,39.9,44.6,55.9
Desmodus rotundus,GU592648,1353,0.752,43.3,46.1,39.9,43.9,55.6
Desmodus rotundus,KF656696,1353,0.757,43.8,46.3,39.9,45.2,56.1
Desmodus rotundus,KF864234,1353,0.751,44.3,46.6,40.1,46.3,56.1
Desmodus rotundus,KF864322,1353,0.747,44.3,46.6,40.1,46.1,56.9
Desmodus rotundus,KF864397,1353,0.74,43.6,46.6,39.7,44.6,56.5
Desmodus rotundus,KM594040,1353,0.746,43.7,46.1,39.9,45,56.5
Desmodus rotundus,KM594041,1353,0.758,43.5,46.1,39.9,44.6,53.4
Desmodus rotundus,KM594042,1353,0.749,44,46.1,39.9,45.9,56.9
Desmodus rotundus,KP202393,1353,0.747,43.6,46.6,39.7,44.6,56.4
Desmodus rotundus,KT023101,1353,0.756,43.5,46.3,39.7,44.3,53.7
Desmodus rotundus,MN968374,1353,0.752,44.5,46.1,39.9,47.5,56.7
Desmodus rotundus,MN968375,1353,0.752,44.6,46.3,39.9,47.5,56.8
Desmodus rotundus,MN968377,1353,0.752,44.6,46.3,39.9,47.5,56.6
Desmodus rotundus,MN968386,1353,0.753,44.6,46.3,39.9,47.7,56.7
Desmodus rotundus,MT891038,1353,0.749,43.6,45.9,39.5,45.5,55.5
Desmodus rotundus,MW249020,1353,0.751,43.9,46.1,39.9,45.7,56.3
Desmodus rotundus,MW579786,1353,0.749,43.2,46.3,39.9,43.2,55.4
Desmodus rotundus,MW579820,1353,0.746,43.2,46.3,39.9,43.2,55.5
Desmodus rotundus,MW579824,1353,0.756,44.2,46.1,40.1,46.3,55.9
Desmodus rotundus,MW579833,1353,0.746,43.2,46.3,39.9,43.2,55.3
Desmodus rotundus,PQ379829,1353,0.743,44.3,46.6,39.7,46.8,56.5
Desmodus rotundus,PQ379831,1353,0.751,43.7,45.2,40.4,45.5,54.6
Desmodus rotundus,PQ379832,1353,0.748,44.2,46.3,39.9,46.3,56
Desmodus rotundus,PQ379834,1353,0.752,44.7,46.6,39.7,47.9,56.3
Desmodus rotundus,PQ379836,1353,0.75,44.6,46.3,39.9,47.5,56.7
Desmodus rotundus,PQ379849,1353,0.75,43.7,46.1,40.1,44.8,55.8
Desmodus rotundus,PQ510120,1353,0.748,43.8,46.6,40.1,44.6,54.9
Desmodus rotundus,PQ603086,1353,0.745,44.3,46.3,39.7,46.8,56.4
Desmodus rotundus,PQ671599,1353,0.761,43.6,45.9,40.1,44.8,53.2
Desmodus rotundus,PQ671601,1353,0.76,43.4,46.1,40.1,43.9,52.2
Desmodus rotundus,AF351849,1353,0.752,43.3,45.7,39.7,44.6,56.3
Desmodus rotundus,AF394876,1353,0.754,43.6,45.9,39.9,45,55.8
Desmodus rotundus,GU644760,1353,0.753,43.1,45.7,39.5,44.1,55.9
Desmodus rotundus,GU644761,1353,0.752,43.3,45.7,39.7,44.6,56.1
Desmodus rotundus,GU644762,1353,0.752,43.1,45.5,39.7,44.1,56
Desmodus rotundus,GU644763,1353,0.754,43.2,45.7,39.5,44.3,55.9
Desmodus rotundus,GU644764,1353,0.753,43.1,45.5,39.7,44.1,55.8
Desmodus rotundus,GU644765,1353,0.749,43,45.5,39.7,43.9,56
Desmodus rotundus,GU644766,1353,0.752,42.9,45.5,39.7,43.7,55.8
Desmodus rotundus,GU644767,1353,0.748,43,45.5,39.7,43.9,56.1
Desmodus rotundus,GU644768,1353,0.752,43.1,45.5,39.7,44.1,55.9
Desmodus rotundus,GU644769,1353,0.752,43,45.7,39.7,43.7,56
Desmodus rotundus,GU644770,1353,0.751,43.3,45.7,39.7,44.6,56.4
Desmodus rotundus,GU644771,1353,0.753,43.3,45.7,39.7,44.6,56.3
Desmodus rotundus,GU644772,1353,0.751,43.3,45.5,40.1,44.3,56.1
Desmodus rotundus,GU644773,1353,0.752,43,45.5,39.5,44.1,55.9
Desmodus rotundus,GU644774,1353,0.751,43.1,45.5,39.7,44.1,56.2
Desmodus rotundus,GU644775,1353,0.753,43,45.5,39.5,44.1,55.9
Desmodus rotundus,GU644776,1353,0.749,42.9,45.5,39.7,43.7,56
Desmodus rotundus,GU644777,1353,0.751,43.2,45.5,39.7,44.6,55.9
Desmodus rotundus,GU644778,1353,0.753,43.2,45.5,39.7,44.6,55.6
Desmodus rotundus,GU644779,1353,0.752,43.1,45.5,39.7,44.1,55.7
Desmodus rotundus,GU644780,1353,0.751,43.3,45.5,39.7,44.8,56.5
Desmodus rotundus,GU644781,1353,0.75,43.2,45.5,39.9,44.1,56.3
Desmodus rotundus,GU644782,1353,0.752,43.3,45.7,39.7,44.6,56.3
Desmodus rotundus,GU644784,1353,0.752,43.1,45.2,39.7,44.3,56
Desmodus rotundus,GU644785,1353,0.752,43.1,45.5,39.7,44.1,56.1
Desmodus rotundus,GU644786,1353,0.752,43.5,45.7,39.7,45,56.5
Desmodus rotundus,GU644787,1353,0.753,43.1,45.5,39.7,44.1,55.2
Desmodus rotundus,GU644788,1353,0.751,43.2,45.7,39.5,44.3,56.1
Desmodus rotundus,JQ685905,1353,0.752,43.2,45.7,39.7,44.3,56.2
Desmodus rotundus,AF351828,1353,0.757,44.6,46.6,39.7,47.7,53.5
Desmodus rotundus,AF351831,1353,0.744,44.2,46.8,39.5,46.3,55
Desmodus rotundus,AF351832,1353,0.754,44.1,45.7,39,47.7,55.2
Desmodus rotundus,AF351833,1353,0.753,43.8,46.1,39.7,45.7,53.1
Desmodus rotundus,AF351855,1353,0.744,43.9,47,39,45.7,53.1
Desmodus rotundus,AF351861,1353,0.754,44.1,46.3,39.5,46.3,54.9
Desmodus rotundus,AF351862,1353,0.754,43.8,45.9,39.2,46.3,53.2
Desmodus rotundus,AY039227,1353,0.753,43.8,46.1,39.5,45.9,55.6
Desmodus rotundus,AY039228,1353,0.754,43.6,46.1,39.2,45.5,53.2
Desmodus rotundus,AY039229,1353,0.752,43.8,46.1,39.2,45.9,54.2
Desmodus rotundus,GU644652,1353,0.758,43.9,46.3,39.5,45.9,53.2
Desmodus rotundus,GU644654,1353,0.751,43.4,46.1,39.2,44.8,53.4
Desmodus rotundus,GU644655,1353,0.753,43.6,46.1,39.5,45.2,53.3
Desmodus rotundus,GU644656,1353,0.755,43.7,46.1,39.2,45.7,53.2
Desmodus rotundus,GU644657,1353,0.757,44.1,46.1,39.2,46.8,53
Desmodus rotundus,GU644658,1353,0.757,43.8,46.1,39.2,45.9,53.4
Desmodus rotundus,GU644659,1353,0.76,43.5,45.9,39.2,45.5,53.2
Desmodus rotundus,GU644660,1353,0.76,44,46.1,39.2,46.6,53.4
Desmodus rotundus,GU644661,1353,0.759,43.8,45.9,39.2,46.1,53.3
Desmodus rotundus,GU644662,1353,0.757,44.1,46.1,39.2,46.8,53.4
Desmodus rotundus,GU644663,1353,0.759,44.1,46.1,39.5,46.6,53.4
Desmodus rotundus,GU644664,1353,0.762,44.2,46.1,39.2,47.2,53.2
Desmodus rotundus,GU644665,1353,0.757,43.9,46.1,39,46.6,53.7
Desmodus rotundus,GU644666,1353,0.76,44,46.1,39.2,46.6,54.1
Desmodus rotundus,GU644667,1353,0.758,43.8,46.1,39.2,46.1,53.5
Desmodus rotundus,GU644668,1353,0.763,44,45.9,39.2,46.8,53.1
Desmodus rotundus,GU644669,1353,0.759,43.8,46.1,39.2,45.9,53.5
Desmodus rotundus,GU644670,1353,0.763,44.1,46.1,39.2,47,54.4
Desmodus rotundus,GU644671,1353,0.759,43.5,46.1,39.2,45.2,52.5
Desmodus rotundus,GU644676,1353,0.752,43.7,46.1,39.2,45.7,54.4
Desmodus rotundus,GU644677,1353,0.753,44,46.1,39.2,46.6,54
Desmodus rotundus,GU644684,1353,0.752,43.5,46.1,39.2,45.2,53.3
Desmodus rotundus,GU644689,1353,0.751,43.5,46.3,39.2,45,53.2
Desmodus rotundus,GU644690,1353,0.751,43.6,46.3,39.2,45.2,53.2
Desmodus rotundus,GU644695,1353,0.751,43.6,46.3,39.2,45.2,53.3
Desmodus rotundus,AF351845,1353,0.752,44.8,46.1,39.9,48.3,57
Desmodus rotundus,AF351846,1353,0.753,45,46.3,39.9,48.8,57.3
Desmodus rotundus,AF351858,1353,0.75,45.3,46.3,40.1,49.4,56.8
Desmodus rotundus,AF394883,1353,0.752,44.9,46.3,39.9,48.3,57.1
Desmodus rotundus,AF394884,1353,0.751,44.8,46.1,39.9,48.3,56.7
Desmodus rotundus,GU644712,1353,0.75,45.1,46.1,39.9,49.2,57.6
Desmodus rotundus,GU644713,1353,0.75,45.1,46.1,40.1,49,58.4
Desmodus rotundus,GU644714,1353,0.755,45.2,46.1,39.9,49.4,57.1
Desmodus rotundus,GU644715,1353,0.751,44.9,46.1,39.9,48.8,57.4
Desmodus rotundus,GU644716,1353,0.752,45.1,46.3,39.9,49,57.3
Desmodus rotundus,GU644717,1353,0.751,44.9,45.9,39.9,48.8,57
Desmodus rotundus,GU644718,1353,0.754,44.9,45.9,39.9,49,57.2
Desmodus rotundus,GU644719,1353,0.752,45.1,46.1,39.9,49.2,57.6
Desmodus rotundus,GU644720,1353,0.751,45,46.1,39.9,49,57.7
Desmodus rotundus,GU644721,1353,0.752,44.9,46.1,39.9,48.8,57.3
Desmodus rotundus,JQ685947,1353,0.751,44.9,46.1,39.9,48.6,56.5
Canis familiaris,AY352488,1353,0.774,46,47.7,39.5,50.8,54.3
Canis familiaris,AY352501,1353,0.773,44.9,47.7,39.5,47.7,53.6
Canis familiaris,JN258588,1353,0.767,44.9,47.9,39.5,47.5,53.2
Canis familiaris,JN258592,1353,0.775,46,47.9,39.5,50.8,54.1
Canis familiaris,JX987747,1353,0.774,45.9,47.7,39.5,50.6,54.4
Canis familiaris,KU198460,1353,0.774,45.8,47.7,39.5,50.3,54.4
Canis familiaris,KU198462,1353,0.774,45.8,48.1,39.2,50.1,55.4
Canis familiaris,KU198464,1353,0.777,45.9,47.5,39.5,50.8,54.3
Canis familiaris,KU198466,1353,0.769,44.9,47.9,39.5,47.2,53.5
Canis familiaris,KU198467,1353,0.768,45,47.9,39.5,47.7,53.6
Canis familiaris,KU198472,1353,0.767,45,47.9,39.7,47.5,53.8
Canis familiaris,KU198476,1353,0.767,45.1,47.9,39.5,47.9,53.3
Canis familiaris,KU198477,1353,0.768,45,47.9,39.5,47.7,53.8
Canis familiaris,KU198478,1353,0.774,44.8,47.7,39.5,47.2,54.3
Canis familiaris,KX036361,1353,0.772,44.9,47.7,39.5,47.5,53.2
Canis familiaris,KX036362,1353,0.771,44.9,47.7,39.5,47.7,53.4
Canis familiaris,KX036364,1353,0.771,44.7,47.7,39.5,47,53.4
Canis familiaris,KX036365,1353,0.77,44.9,48.1,39.5,47,53.3
Canis familiaris,KX036366,1353,0.769,45,47.7,39.5,47.9,53.6
Canis familiaris,KX954123,1353,0.782,46,47.7,39.5,50.8,53.9
Canis familiaris,LT598537,1353,0.771,45.2,47.7,39.5,48.3,54
Canis familiaris,LT598538,1353,0.767,44.9,47.9,39.5,47.5,53.8
Canis familiaris,LT598539,1353,0.765,45.1,47.9,39.7,47.7,53.7
Canis familiaris,LT598540,1353,0.767,45,47.9,39.5,47.7,53.3
Canis familiaris,LT598541,1353,0.769,45.1,47.9,39.5,47.9,53.7
Canis familiaris,LT598543,1353,0.771,44.8,47.7,39.2,47.5,53.3
Canis familiaris,LT909550,1353,0.774,45.9,47.7,39.5,50.6,54.3
Canis familiaris,MG458313,1353,0.775,45.9,47.7,39.5,50.6,54.2
Canis familiaris,MN233885,1353,0.774,45,47.9,39.5,47.7,54.2
Canis familiaris,MN233886,1353,0.772,45,47.9,39.5,47.7,54.3
Canis familiaris,MN233892,1353,0.77,45,47.9,39.5,47.7,53.6
Canis familiaris,MN233896,1353,0.768,44.9,47.9,39.5,47.5,53.7
Canis familiaris,MN233900,1353,0.767,44.9,47.9,39.5,47.2,53.3
Canis familiaris,MN233948,1353,0.767,44.9,47.9,39.5,47.5,53.5
Canis familiaris,MN233949,1353,0.771,44.9,47.7,39.5,47.7,53.2
Canis familiaris,MN233950,1353,0.771,45,47.7,39.5,47.9,53.2
Canis familiaris,MN233952,1353,0.771,44.9,47.7,39.7,47.2,53.7
Canis familiaris,MN233953,1353,0.773,44.9,47.5,39.5,47.9,53.2
Canis familiaris,MN233955,1353,0.772,44.9,47.5,39.5,47.9,53.4
Canis familiaris,MN233956,1353,0.769,44.9,47.9,39.5,47.2,53.5
Canis familiaris,MN233958,1353,0.771,44.9,47.5,39.5,47.7,53.4
Canis familiaris,MN233960,1353,0.769,45.1,47.9,39.5,47.9,53.8
Canis familiaris,MN233963,1353,0.766,45,47.9,39.5,47.7,54.1
Canis familiaris,MN233967,1353,0.765,44.9,47.9,39.5,47.2,53.3
Canis familiaris,MN233968,1353,0.773,44.9,47.7,39.5,47.7,54.2
Canis familiaris,MN233969,1353,0.772,45,47.7,39.7,47.7,54.2
Canis familiaris,MN233973,1353,0.768,45,47.9,39.5,47.7,53.7
Canis familiaris,MN233974,1353,0.768,45.1,47.9,39.5,47.9,53.8
Canis familiaris,MN233975,1353,0.767,44.9,47.9,39.5,47.5,53.7
Canis familiaris,MN233977,1353,0.768,44.8,47.9,39.5,47,53.7
Canis familiaris,MN233978,1353,0.766,45.2,48.1,39.5,47.9,54.1
Canis familiaris,MN233982,1353,0.767,44.9,47.9,39.5,47.5,53.7
Canis familiaris,MN233985,1353,0.767,45,47.9,39.5,47.7,53.6
Canis familiaris,MN233988,1353,0.767,45,47.9,39.5,47.7,53.1
Canis familiaris,MN233991,1353,0.768,44.9,47.7,39.5,47.5,53.8
Canis familiaris,MN233992,1353,0.773,44.9,47.5,39.5,47.7,54.1
Canis familiaris,MN233998,1353,0.767,44.9,47.9,39.5,47.2,53.7
Canis familiaris,MN234000,1353,0.773,45,47.9,39.5,47.7,54.1
Canis familiaris,MN234002,1353,0.767,44.9,47.9,39.5,47.2,53.5
Canis familiaris,MN234004,1353,0.769,44.7,47.9,39.5,46.8,53.2
Canis familiaris,MN234008,1353,0.767,44.9,47.9,39.5,47.2,53.7
Canis familiaris,MN234016,1353,0.768,45,47.9,39.5,47.7,53.7
Canis familiaris,MN234017,1353,0.77,45,47.7,39.5,47.9,53.6
Canis familiaris,MN234018,1353,0.769,44.8,47.5,39.5,47.5,53.3
Canis familiaris,MN234023,1353,0.768,45,47.9,39.5,47.7,53.9
Canis familiaris,MN234043,1353,0.768,45,47.9,39.5,47.7,53.7
Canis familiaris,MN234046,1353,0.767,44.9,47.9,39.5,47.5,53.8
Canis familiaris,MN234055,1353,0.767,44.9,47.9,39.5,47.5,53.3
Canis familiaris,MN384717,1353,0.773,45.2,47.9,39.2,48.3,53.6
Canis familiaris,DQ666289,1353,0.755,44.9,47.2,39.7,47.7,56.9
Canis familiaris,DQ666290,1353,0.756,44.7,47.5,39,47.7,56.7
Canis familiaris,DQ866105,1353,0.756,44.8,47.7,38.6,48.1,57
Canis familiaris,DQ866106,1353,0.757,44.6,47.2,38.8,47.7,56.5
Canis familiaris,DQ866108,1353,0.754,44.4,47.5,38.8,47,56.8
Canis familiaris,DQ866109,1353,0.753,44.6,47.7,38.8,47.2,56.5
Canis familiaris,DQ866110,1353,0.754,44.3,47.7,38.8,46.3,57.3
Canis familiaris,DQ866112,1353,0.754,44.6,47.5,38.8,47.5,57.1
Canis familiaris,DQ866116,1353,0.754,44.3,47.9,38.8,46.3,56.7
Canis familiaris,DQ866119,1353,0.755,44.6,47.7,38.8,47.2,57.3
Canis familiaris,EU086182,1353,0.756,44.6,47.7,38.8,47.2,56.3
Canis familiaris,EU086183,1353,0.755,44.6,47.9,39,46.8,56.3
Canis familiaris,EU828653,1353,0.75,44.3,48.1,38.6,46.1,56.6
Canis familiaris,FJ561726,1353,0.75,44.5,48.1,38.8,46.6,57
Canis familiaris,FJ561727,1353,0.751,44.6,48.1,39,46.6,57
Canis familiaris,FJ561728,1353,0.753,44.9,48.3,38.8,47.7,57.2
Canis familiaris,FJ866829,1353,0.75,45.2,48.8,39,47.7,57.4
Canis familiaris,FJ866830,1353,0.75,44.8,48.1,39,47.2,57.6
Canis familiaris,FJ866831,1353,0.753,44.8,48.3,38.8,47.2,57.4
Canis familiaris,GQ472468,1353,0.755,44.6,47.5,39,47.5,56.1
Canis familiaris,GQ472470,1353,0.758,44.9,47.7,39,47.9,56.3
Canis familiaris,GQ472473,1353,0.756,44.4,47.5,38.8,47,56.4
Canis familiaris,GQ472477,1353,0.754,44.6,47.5,38.6,47.7,56.9
Canis familiaris,GU358653,1353,0.755,44.7,48.1,38.8,47.2,56.2
Canis familiaris,HM486355,1353,0.754,44.5,47.5,39,47,59.6
Canis familiaris,HM486356,1353,0.754,44.5,47.5,39,47,59.7
Canis familiaris,HM486368,1353,0.755,44.4,47.2,38.8,47.2,56.6
Canis familiaris,HM486369,1353,0.754,44.6,47.7,39,47,59.6
Canis familiaris,HM486374,1353,0.754,44.6,47.5,39.2,47,59.4
Canis familiaris,HM486379,1353,0.754,44.6,47.5,39.2,47,59.7
Canis familiaris,HM486381,1353,0.752,44.9,48.6,39.5,46.6,56.5
Canis familiaris,JF819605,1353,0.751,44.9,47.9,39.7,47,59.1
Canis familiaris,JF819615,1353,0.754,44.6,47.5,39.2,47,59.5
Canis familiaris,JN974823,1353,0.756,44.8,47.9,38.6,47.9,57
Canis familiaris,JN974824,1353,0.754,44.5,47.9,38.8,46.8,56.5
Canis familiaris,JN974828,1353,0.756,44.6,47.5,38.8,47.7,56.6
Canis familiaris,JN974829,1353,0.757,44.6,47.5,38.8,47.7,56.2
Canis familiaris,JN974838,1353,0.751,44.6,48.3,38.8,46.6,56.9
Canis familiaris,JN974842,1353,0.757,44.8,47.9,38.6,47.9,57
Canis familiaris,JN974845,1353,0.759,44.7,47.7,38.6,47.9,56.8
Canis familiaris,JN974870,1353,0.754,44.3,47.2,38.8,47,58.9
Canis familiaris,JN974871,1353,0.756,44.4,47.2,39,47,59.8
Canis familiaris,JN974872,1353,0.754,44.5,47.5,39,47,59.5
Canis familiaris,JN974873,1353,0.753,44.4,47.5,38.8,47,60.5
Canis familiaris,JQ970480,1353,0.761,44.8,47.7,38.6,48.1,56.8
Canis familiaris,KT221107,1353,0.758,44.6,47.7,38.4,47.9,56.9
Canis familiaris,KT894558,1353,0.76,45,48.1,39,47.9,57.4
Canis familiaris,KT894572,1353,0.757,44.7,48.1,38.6,47.5,57
Canis familiaris,KT894573,1353,0.759,44.5,47.9,38.6,47,57.3
Canis familiaris,KT894577,1353,0.754,44.7,47.5,38.8,47.9,55.8
Canis familiaris,KT894578,1353,0.754,44.8,47.5,38.8,48.1,55.8
Canis familiaris,KX148264,1353,0.756,44.7,47.9,38.8,47.5,56.2
Canis familiaris,KY451767,1353,0.756,45,47.9,38.8,48.3,56.8
Canis familiaris,MG201879,1353,0.755,44.7,47.5,39,47.7,56.4
Canis familiaris,MG201880,1353,0.754,44.4,47.5,38.8,47,56.3
Canis familiaris,MG201884,1353,0.756,44.6,47.5,38.8,47.7,56.3
Canis familiaris,MG201919,1353,0.756,44.8,47.5,38.8,48.1,56.5
Canis familiaris,MG201921,1353,0.761,44.5,47.2,38.8,47.5,56.4
Canis familiaris,MN784132,1353,0.756,44.6,47.5,38.8,47.7,56.6
Canis familiaris,FJ598135,1353,0.761,43.9,47.2,39,45.5,59.5
Canis familiaris,FJ712195,1353,0.767,44.6,47.5,39.2,47,57.2
Canis familiaris,FJ712196,1353,0.763,44.1,47.5,39,45.7,58.7
Canis familiaris,FJ719751,1353,0.76,44.5,47.5,39,47,58.9
Canis familiaris,FJ719753,1353,0.761,44.1,47.5,38.8,46.1,59.6
Canis familiaris,FJ719755,1353,0.762,44.6,47.5,39,47.2,59.5
Canis familiaris,GU647092,1353,0.761,44.2,47.5,38.8,46.3,59.9
Canis familiaris,HQ118114,1353,0.761,44.1,47.5,39,45.7,59.4
Canis familiaris,JN974877,1353,0.763,44.1,47.5,39.2,45.7,59.4
Canis familiaris,JQ950446,1353,0.758,44.6,47.9,39,46.8,59.4
Canis familiaris,JQ950448,1353,0.762,44.3,47.7,39,46.3,59.3
Canis familiaris,KF726852,1353,0.761,44.7,47.9,39.2,47,59.5
Canis familiaris,KP319185,1353,0.763,44.4,47.5,38.8,47,59.6
Canis familiaris,KP319186,1353,0.759,44.5,47.5,39,47,58.8
Canis familiaris,KP319187,1353,0.764,44.1,47.5,38.8,46.1,59.7
Canis familiaris,KP319188,1353,0.76,44.6,47.5,39,47.2,58.9
Canis familiaris,KP319191,1353,0.761,44.1,47.5,38.8,46.1,59.6
Canis familiaris,KP319193,1353,0.762,44.2,47.5,39,46.1,59.4
Canis familiaris,KP319194,1353,0.759,44.6,48.1,39,46.8,59.4
Canis familiaris,KP319195,1353,0.76,44.7,47.9,39,47.2,59.3
Canis familiaris,KP319199,1353,0.759,44.4,47.5,39.2,46.6,58.5
Canis familiaris,KP319201,1353,0.758,44.3,47.5,39.2,46.3,58.4
Canis familiaris,KP319203,1353,0.763,44.3,47.5,39,46.6,59.3
Canis familiaris,KP319204,1353,0.763,44.3,47.5,39,46.6,59.3
Canis familiaris,KP319205,1353,0.76,44.5,47.7,39.5,46.3,59.4
Canis familiaris,KP319206,1353,0.77,44.3,47.5,38.8,46.8,59.6
Canis familiaris,KP319207,1353,0.768,44.4,47.5,38.8,47,59.6
Canis familiaris,MT068612,1353,0.761,44.5,47.2,39.2,47,57.9
Canis familiaris,MT068615,1353,0.764,44.5,47.7,39,46.8,59
Canis familiaris,AY854505,1353,0.771,44.1,47.5,39,45.7,56
Canis familiaris,AY854525,1353,0.771,44.2,47.7,39,45.9,55.7
Canis familiaris,AY854531,1353,0.774,44.2,47.9,39.2,45.5,54.5
Canis familiaris,AY854544,1353,0.777,44.5,47.7,39.2,46.6,55.8
Canis familiaris,AY854546,1353,0.777,44.5,47.7,39.2,46.6,55.5
Canis familiaris,AY854558,1353,0.768,44.8,47.5,39.2,47.7,55.6
Canis familiaris,AY854567,1353,0.763,44.8,48.1,39,47.2,55.9
Canis familiaris,AY854573,1353,0.766,44.4,48.1,39,46.1,55.6
Canis familiaris,AY854576,1353,0.773,43.9,47.9,39,44.8,54.5
Canis familiaris,AB284509,1353,0.774,44.9,47.9,38.8,48.1,53.2
Canis familiaris,AB284511,1353,0.774,44.9,47.7,38.8,48.1,53.2
Canis familiaris,AB284512,1353,0.772,44.9,47.9,38.8,47.9,53.3
Canis familiaris,AB284513,1353,0.775,44.9,47.7,38.8,48.1,52.2
Canis familiaris,AB284514,1353,0.774,44.9,47.7,38.8,48.1,53.5
Canis familiaris,EU853582,1353,0.77,44.7,48.1,39,47,52.8
Canis familiaris,EU853584,1353,0.765,44.6,48.3,38.8,46.6,52.4
Canis familiaris,EU853586,1353,0.766,44.5,48.3,38.8,46.3,52.2
Canis familiaris,EU853587,1353,0.763,44.2,48.1,38.8,45.7,51.4
Canis familiaris,EU853590,1353,0.763,44.1,48.1,38.6,45.7,51.8
Canis familiaris,HM179504,1353,0.761,44.1,48.1,39,45,53.8
Canis familiaris,HM179505,1353,0.764,44.6,48.1,39,46.6,53.3
Canis familiaris,HM179506,1353,0.773,44.5,48.1,38.8,46.6,52.9
Canis familiaris,KF155002,1353,0.774,44.9,48.1,38.6,48.1,53.4
Canis familiaris,KR534217,1353,0.772,44.6,48.1,38.8,47,52.8
Canis familiaris,KR534218,1353,0.771,44.6,48.1,38.8,46.8,52.8
Canis familiaris,KR534219,1353,0.762,43.8,47.9,38.6,45,52.3
Canis familiaris,KR534228,1353,0.76,43.9,47.9,38.6,45.2,52.8
Canis familiaris,KR534229,1353,0.77,44.7,48.1,38.8,47.2,54
Canis familiaris,KR534230,1353,0.759,44.3,48.1,38.8,46.1,52.8
Canis familiaris,KR534233,1353,0.769,44.6,48.1,38.8,47,53.9
Canis familiaris,KR534238,1353,0.76,43.8,47.9,38.6,45,52.8
Canis familiaris,KR534244,1353,0.77,44.7,48.1,38.8,47.2,53.9
Canis familiaris,KR534250,1353,0.77,44.9,48.1,38.8,47.7,53.8
Canis familiaris,KR534251,1353,0.76,43.9,47.9,38.6,45.2,52.7
Canis familiaris,KR534252,1353,0.755,44.1,47.9,38.6,45.7,52.7
Canis familiaris,KR534253,1353,0.771,44.6,48.1,38.8,46.8,53.4
Canis familiaris,KR906735,1353,0.767,44.9,48.3,38.8,47.5,54.4
Canis familiaris,KR906736,1353,0.767,44.8,48.3,38.8,47.2,54.5
Canis familiaris,KR906739,1353,0.766,44.1,47.9,38.6,45.7,52.9
Canis familiaris,KR906741,1353,0.767,44.4,48.1,38.8,46.3,53.8
Canis familiaris,KR906742,1353,0.773,44.9,48.1,38.8,47.9,53.9
Canis familiaris,KR906744,1353,0.765,44,47.9,38.6,45.5,53
Canis familiaris,KR906745,1353,0.774,44.6,47.9,38.8,47.2,53.4
Canis familiaris,KR906746,1353,0.761,44.1,48.1,38.8,45.2,52.2
Canis familiaris,KR906747,1353,0.762,44.2,48.1,38.8,45.7,52.3
Canis familiaris,KR906748,1353,0.767,43.5,47.5,38.8,44.3,54.3
Canis familiaris,KR906749,1353,0.767,44.4,47.9,38.8,46.6,53.7
Canis familiaris,KR906751,1353,0.762,44.2,48.1,38.6,45.9,52.5
Canis familiaris,KR906756,1353,0.771,44.8,48.1,38.8,47.5,53.7
Canis familiaris,KR906757,1353,0.766,44.2,48.1,38.4,46.1,52.2
Canis familiaris,KR906759,1353,0.76,43.9,47.9,38.6,45.2,53.2
Canis familiaris,KR906762,1353,0.775,44.9,47.9,38.8,47.9,54
Canis familiaris,KR906763,1353,0.768,44.8,48.1,38.8,47.5,54.3
Canis familiaris,KR906765,1353,0.769,44.9,48.3,38.8,47.7,55
Canis familiaris,KR906766,1353,0.767,44.9,48.3,38.8,47.5,54.4
Canis familiaris,KR906767,1353,0.769,44.6,48.1,38.8,47,53.3
Canis familiaris,KR906770,1353,0.757,44.1,47.9,38.8,45.7,53
Canis familiaris,KR906773,1353,0.771,44.6,48.1,38.8,47,54.4
Canis familiaris,KR906780,1353,0.771,44.6,48.1,38.8,47,53.4
Canis familiaris,KR906784,1353,0.756,44.2,47.9,38.8,45.9,53.2
Canis familiaris,KR906790,1353,0.759,44.4,48.3,38.6,46.3,53.1
Canis familiaris,KR906792,1353,0.771,45,48.3,38.8,47.9,53.8
Canis familiaris,KT336432,1353,0.769,44.6,47.9,39,47,53.4
Canis familiaris,KT336433,1353,0.77,44.4,48.1,39,46.1,53.1
Canis familiaris,KT336434,1353,0.768,44.9,48.1,39,47.7,52.9
Canis familiaris,KT336435,1353,0.767,44.2,47.9,39,45.7,53.7
Canis familiaris,KT336436,1353,0.766,44.4,47.9,39,46.3,53
Canis familiaris,KT336437,1353,0.767,44.3,47.9,39.2,45.7,54.4
Canis familiaris,KX148203,1353,0.761,44.6,48.1,39,46.6,53.1
Canis familiaris,KX148204,1353,0.763,43.9,47.9,39,44.8,52.2
Canis familiaris,KX148206,1353,0.764,43.9,47.9,38.6,45.2,53.5
Canis familiaris,KX148208,1353,0.769,44.3,47.9,38.8,46.1,53.2
Canis familiaris,KY210224,1353,0.771,44.9,48.1,38.8,47.9,53.9
Canis familiaris,KY210243,1353,0.771,44.8,48.1,38.8,47.5,53.7
Canis familiaris,KY210247,1353,0.768,44.8,48.1,38.8,47.5,54.1
Canis familiaris,KY210249,1353,0.77,44.8,48.1,38.8,47.5,53.9
Canis familiaris,KY210253,1353,0.756,43.8,47.9,38.8,44.8,53.1
Canis familiaris,KY210263,1353,0.759,44.3,48.1,38.6,46.3,53.2
Canis familiaris,KY210264,1353,0.761,44.1,47.9,38.8,45.7,52.9
Canis familiaris,KY210279,1353,0.756,44.2,48.1,38.8,45.7,53.4
Canis familiaris,KY210287,1353,0.771,44.6,48.1,38.8,46.8,53.4
Canis familiaris,KY210304,1353,0.757,44.2,47.9,38.8,45.9,53.1
Canis familiaris,KY563717,1353,0.765,45,48.3,39.2,47.5,52.9
Canis familiaris,LC029890,1353,0.766,44.2,47.7,38.8,46.1,53.6
Canis familiaris,MN726804,1353,0.773,44.9,48.1,38.6,47.9,53.7
Canis familiaris,MN726826,1353,0.773,44.8,47.9,38.8,47.7,54.1
Canis familiaris,MN726827,1353,0.773,44.9,47.9,38.8,47.9,54.1
Canis familiaris,MT454631,1353,0.769,44.7,47.9,39,47.2,53.6
Canis familiaris,MT454635,1353,0.771,44.6,47.9,39,47,53.2
Canis familiaris,MT454637,1353,0.769,44.8,47.9,39,47.5,53.4
Canis familiaris,MT454641,1353,0.768,44.6,47.9,39,46.8,53.5
Canis familiaris,MT454643,1353,0.76,44.3,48.3,39,45.5,51.6
Canis familiaris,MT454644,1353,0.765,44.1,48.1,38.8,45.2,51.9
Canis familiaris,MT454645,1353,0.76,44.2,48.3,39,45.2,51.6
Canis familiaris,OK317992,1353,0.771,44.2,48.1,39,45.5,51.6
Canis familiaris,OK317993,1353,0.772,44.3,48.1,39,45.9,51.6
Canis familiaris,OK317995,1353,0.77,44.1,48.1,39,45.2,51.7
Canis familiaris,OK317996,1353,0.77,44.1,48.1,39,45.2,51.6
Canis familiaris,OK317998,1353,0.77,44.3,48.3,39,45.5,52.3
Canis familiaris,OK317999,1353,0.767,44.1,48.3,39,44.8,51.4
Canis familiaris,OP375406,1353,0.771,44.9,48.1,39,47.5,54
Canis familiaris,OP375407,1353,0.772,44.9,48.1,38.6,47.9,54.1
Canis familiaris,OP375410,1353,0.771,44.9,48.1,38.8,47.9,53.8
Canis familiaris,OP375413,1353,0.773,44.9,47.9,38.8,47.9,54.2
Canis familiaris,OP375414,1353,0.775,44.5,47.9,38.8,46.8,53.2
Canis familiaris,OP375415,1353,0.774,44.6,47.9,38.8,47,53.5
Canis familiaris,OP375418,1353,0.773,44.9,47.9,38.8,47.9,54.1
Canis familiaris,OP375421,1353,0.77,44.7,48.1,38.8,47.2,53.9
Canis familiaris,OP375423,1353,0.765,44.5,48.1,38.8,46.6,54.3
Canis familiaris,OR045939,1353,0.768,43.8,47.7,38.8,44.8,54.3
Canis familiaris,OR045949,1353,0.772,44.7,48.1,38.8,47.2,53.3
Canis familiaris,OR270973,1353,0.774,44.6,47.9,38.8,47.2,54.8
Canis familiaris,OR270979,1353,0.772,44.6,48.1,38.8,47,55.3
Canis familiaris,OR270997,1353,0.774,44.6,47.9,38.8,47,54.7
Canis familiaris,OR270998,1353,0.774,44.6,47.7,38.8,47.2,54.4
Canis familiaris,OR270999,1353,0.774,44.7,47.9,38.8,47.5,54.4
Canis familiaris,OR271001,1353,0.774,44.6,47.9,38.8,47,54.8
Canis familiaris,OR271003,1353,0.774,44.6,47.7,38.8,47.2,54.4
Canis familiaris,PV855388,1353,0.765,44.4,47.9,39,46.3,53.4
Canis familiaris,PV855390,1353,0.764,44.6,48.1,39,46.8,53.3
Canis familiaris,PV855392,1353,0.765,44.5,47.9,39,46.6,53.5
Canis familiaris,PV855393,1353,0.769,44.3,47.7,38.8,46.6,53.5
Canis familiaris,PV855394,1353,0.767,44.4,47.7,39,46.6,53.6
Canis familiaris,PV855397,1353,0.765,44.5,48.1,39,46.3,53.4
Canis familiaris,PV855415,1353,0.766,44.6,48.1,39,46.6,53.2
Canis familiaris,EU345002,1353,0.783,44.3,46.8,38.8,47.5,57.7
Canis familiaris,EU345003,1353,0.776,44.2,46.8,38.8,47,58.9
Canis familiaris,EU345004,1353,0.776,44,46.8,38.8,46.3,58.4
Canis familiaris,JQ685938,1353,0.778,44.1,45.9,38.8,47.5,58
Canis familiaris,JQ685968,1353,0.779,43.8,45.9,38.8,46.8,58.6
Canis familiaris,MW055084,1353,0.784,44.3,46.8,38.4,47.7,57.1
Canis familiaris,MW055085,1353,0.783,44.4,47,38.6,47.7,57.1
Canis familiaris,MW055086,1353,0.781,44.1,45.9,39,47.2,57.7
Canis familiaris,MW055087,1353,0.781,44,45.7,38.8,47.5,58.2
Canis familiaris,AB519642,1353,0.782,43.5,46.3,39.9,44.3,55.4
Canis familiaris,AF070449,1353,0.782,44,46.3,40.1,45.5,56.1
Canis familiaris,AF351847,1353,0.778,43.7,46.3,40.1,44.6,56.8
Canis familiaris,AF351852,1353,0.779,43.5,46.1,39.9,44.6,55.4
Canis familiaris,AY854587,1353,0.782,43.8,46.1,40.6,44.6,55.9
Canis familiaris,AY854592,1353,0.783,44.1,46.3,39.9,46.1,56.5
Canis familiaris,AY854594,1353,0.785,44.1,46.3,39.9,46.1,56.3
Canis familiaris,AY877433,1353,0.785,44.6,46.3,40.4,47.2,55.5
Canis familiaris,AY877434,1353,0.78,43.6,46.3,39.9,44.6,56.8
Canis familiaris,AY877435,1353,0.783,43.7,46.6,39.9,44.6,55.9
Canis familiaris,GU592648,1353,0.785,43.3,46.1,39.9,43.9,55.6
Canis familiaris,KF656696,1353,0.79,43.8,46.3,39.9,45.2,56.1
Canis familiaris,KF864234,1353,0.783,44.3,46.6,40.1,46.3,56.1
Canis familiaris,KF864322,1353,0.779,44.3,46.6,40.1,46.1,56.9
Canis familiaris,KF864397,1353,0.773,43.6,46.6,39.7,44.6,56.5
Canis familiaris,KM594040,1353,0.779,43.7,46.1,39.9,45,56.5
Canis familiaris,KM594041,1353,0.79,43.5,46.1,39.9,44.6,53.4
Canis familiaris,KM594042,1353,0.782,44,46.1,39.9,45.9,56.9
Canis familiaris,KP202393,1353,0.781,43.6,46.6,39.7,44.6,56.4
Canis familiaris,KT023101,1353,0.789,43.5,46.3,39.7,44.3,53.7
Canis familiaris,MN968374,1353,0.785,44.5,46.1,39.9,47.5,56.7
Canis familiaris,MN968375,1353,0.785,44.6,46.3,39.9,47.5,56.8
Canis familiaris,MN968377,1353,0.785,44.6,46.3,39.9,47.5,56.6
Canis familiaris,MN968386,1353,0.785,44.6,46.3,39.9,47.7,56.7
Canis familiaris,MT891038,1353,0.781,43.6,45.9,39.5,45.5,55.5
Canis familiaris,MW249020,1353,0.783,43.9,46.1,39.9,45.7,56.3
Canis familiaris,MW579786,1353,0.782,43.2,46.3,39.9,43.2,55.4
Canis familiaris,MW579820,1353,0.78,43.2,46.3,39.9,43.2,55.5
Canis familiaris,MW579824,1353,0.788,44.2,46.1,40.1,46.3,55.9
Canis familiaris,MW579833,1353,0.78,43.2,46.3,39.9,43.2,55.3
Canis familiaris,PQ379829,1353,0.776,44.3,46.6,39.7,46.8,56.5
Canis familiaris,PQ379831,1353,0.784,43.7,45.2,40.4,45.5,54.6
Canis familiaris,PQ379832,1353,0.781,44.2,46.3,39.9,46.3,56
Canis familiaris,PQ379834,1353,0.784,44.7,46.6,39.7,47.9,56.3
Canis familiaris,PQ379836,1353,0.782,44.6,46.3,39.9,47.5,56.7
Canis familiaris,PQ379849,1353,0.783,43.7,46.1,40.1,44.8,55.8
Canis familiaris,PQ510120,1353,0.781,43.8,46.6,40.1,44.6,54.9
Canis familiaris,PQ603086,1353,0.778,44.3,46.3,39.7,46.8,56.4
Canis familiaris,PQ671599,1353,0.793,43.6,45.9,40.1,44.8,53.2
Canis familiaris,PQ671601,1353,0.793,43.4,46.1,40.1,43.9,52.2
Canis familiaris,AF351849,1353,0.786,43.3,45.7,39.7,44.6,56.3
Canis familiaris,AF394876,1353,0.788,43.6,45.9,39.9,45,55.8
Canis familiaris,GU644760,1353,0.788,43.1,45.7,39.5,44.1,55.9
Canis familiaris,GU644761,1353,0.786,43.3,45.7,39.7,44.6,56.1
Canis familiaris,GU644762,1353,0.786,43.1,45.5,39.7,44.1,56
Canis familiaris,GU644763,1353,0.788,43.2,45.7,39.5,44.3,55.9
Canis familiaris,GU644764,1353,0.788,43.1,45.5,39.7,44.1,55.8
Canis familiaris,GU644765,1353,0.784,43,45.5,39.7,43.9,56
Canis familiaris,GU644766,1353,0.787,42.9,45.5,39.7,43.7,55.8
Canis familiaris,GU644767,1353,0.783,43,45.5,39.7,43.9,56.1
Canis familiaris,GU644768,1353,0.786,43.1,45.5,39.7,44.1,55.9
Canis familiaris,GU644769,1353,0.786,43,45.7,39.7,43.7,56
Canis familiaris,GU644770,1353,0.785,43.3,45.7,39.7,44.6,56.4
Canis familiaris,GU644771,1353,0.787,43.3,45.7,39.7,44.6,56.3
Canis familiaris,GU644772,1353,0.785,43.3,45.5,40.1,44.3,56.1
Canis familiaris,GU644773,1353,0.786,43,45.5,39.5,44.1,55.9
Canis familiaris,GU644774,1353,0.786,43.1,45.5,39.7,44.1,56.2
Canis familiaris,GU644775,1353,0.787,43,45.5,39.5,44.1,55.9
Canis familiaris,GU644776,1353,0.784,42.9,45.5,39.7,43.7,56
Canis familiaris,GU644777,1353,0.785,43.2,45.5,39.7,44.6,55.9
Canis familiaris,GU644778,1353,0.787,43.2,45.5,39.7,44.6,55.6
Canis familiaris,GU644779,1353,0.787,43.1,45.5,39.7,44.1,55.7
Canis familiaris,GU644780,1353,0.785,43.3,45.5,39.7,44.8,56.5
Canis familiaris,GU644781,1353,0.784,43.2,45.5,39.9,44.1,56.3
Canis familiaris,GU644782,1353,0.786,43.3,45.7,39.7,44.6,56.3
Canis familiaris,GU644784,1353,0.786,43.1,45.2,39.7,44.3,56
Canis familiaris,GU644785,1353,0.786,43.1,45.5,39.7,44.1,56.1
Canis familiaris,GU644786,1353,0.786,43.5,45.7,39.7,45,56.5
Canis familiaris,GU644787,1353,0.788,43.1,45.5,39.7,44.1,55.2
Canis familiaris,GU644788,1353,0.785,43.2,45.7,39.5,44.3,56.1
Canis familiaris,JQ685905,1353,0.786,43.2,45.7,39.7,44.3,56.2
Canis familiaris,AF351828,1353,0.789,44.6,46.6,39.7,47.7,53.5
Canis familiaris,AF351831,1353,0.777,44.2,46.8,39.5,46.3,55
Canis familiaris,AF351832,1353,0.786,44.1,45.7,39,47.7,55.2
Canis familiaris,AF351833,1353,0.787,43.8,46.1,39.7,45.7,53.1
Canis familiaris,AF351855,1353,0.778,43.9,47,39,45.7,53.1
Canis familiaris,AF351861,1353,0.787,44.1,46.3,39.5,46.3,54.9
Canis familiaris,AF351862,1353,0.787,43.8,45.9,39.2,46.3,53.2
Canis familiaris,AY039227,1353,0.786,43.8,46.1,39.5,45.9,55.6
Canis familiaris,AY039228,1353,0.788,43.6,46.1,39.2,45.5,53.2
Canis familiaris,AY039229,1353,0.786,43.8,46.1,39.2,45.9,54.2
Canis familiaris,GU644652,1353,0.791,43.9,46.3,39.5,45.9,53.2
Canis familiaris,GU644654,1353,0.785,43.4,46.1,39.2,44.8,53.4
Canis familiaris,GU644655,1353,0.788,43.6,46.1,39.5,45.2,53.3
Canis familiaris,GU644656,1353,0.789,43.7,46.1,39.2,45.7,53.2
Canis familiaris,GU644657,1353,0.79,44.1,46.1,39.2,46.8,53
Canis familiaris,GU644658,1353,0.79,43.8,46.1,39.2,45.9,53.4
Canis familiaris,GU644659,1353,0.793,43.5,45.9,39.2,45.5,53.2
Canis familiaris,GU644660,1353,0.793,44,46.1,39.2,46.6,53.4
Canis familiaris,GU644661,1353,0.793,43.8,45.9,39.2,46.1,53.3
Canis familiaris,GU644662,1353,0.791,44.1,46.1,39.2,46.8,53.4
Canis familiaris,GU644663,1353,0.792,44.1,46.1,39.5,46.6,53.4
Canis familiaris,GU644664,1353,0.794,44.2,46.1,39.2,47.2,53.2
Canis familiaris,GU644665,1353,0.79,43.9,46.1,39,46.6,53.7
Canis familiaris,GU644666,1353,0.793,44,46.1,39.2,46.6,54.1
Canis familiaris,GU644667,1353,0.791,43.8,46.1,39.2,46.1,53.5
Canis familiaris,GU644668,1353,0.796,44,45.9,39.2,46.8,53.1
Canis familiaris,GU644669,1353,0.793,43.8,46.1,39.2,45.9,53.5
Canis familiaris,GU644670,1353,0.795,44.1,46.1,39.2,47,54.4
Canis familiaris,GU644671,1353,0.793,43.5,46.1,39.2,45.2,52.5
Canis familiaris,GU644676,1353,0.786,43.7,46.1,39.2,45.7,54.4
Canis familiaris,GU644677,1353,0.786,44,46.1,39.2,46.6,54
Canis familiaris,GU644684,1353,0.786,43.5,46.1,39.2,45.2,53.3
Canis familiaris,GU644689,1353,0.784,43.5,46.3,39.2,45,53.2
Canis familiaris,GU644690,1353,0.785,43.6,46.3,39.2,45.2,53.2
Canis familiaris,GU644695,1353,0.785,43.6,46.3,39.2,45.2,53.3
Canis familiaris,AF351845,1353,0.782,44.8,46.1,39.9,48.3,57
Canis familiaris,AF351846,1353,0.783,45,46.3,39.9,48.8,57.3
Canis familiaris,AF351858,1353,0.779,45.3,46.3,40.1,49.4,56.8
Canis familiaris,AF394883,1353,0.782,44.9,46.3,39.9,48.3,57.1
Canis familiaris,AF394884,1353,0.781,44.8,46.1,39.9,48.3,56.7
Canis familiaris,GU644712,1353,0.78,45.1,46.1,39.9,49.2,57.6
Canis familiaris,GU644713,1353,0.78,45.1,46.1,40.1,49,58.4
Canis familiaris,GU644714,1353,0.783,45.2,46.1,39.9,49.4,57.1
Canis familiaris,GU644715,1353,0.781,44.9,46.1,39.9,48.8,57.4
Canis familiaris,GU644716,1353,0.781,45.1,46.3,39.9,49,57.3
Canis familiaris,GU644717,1353,0.78,44.9,45.9,39.9,48.8,57
Canis familiaris,GU644718,1353,0.783,44.9,45.9,39.9,49,57.2
Canis familiaris,GU644719,1353,0.782,45.1,46.1,39.9,49.2,57.6
Canis familiaris,GU644720,1353,0.781,45,46.1,39.9,49,57.7
Canis familiaris,GU644721,1353,0.782,44.9,46.1,39.9,48.8,57.3
Canis familiaris,JQ685947,1353,0.781,44.9,46.1,39.9,48.6,56.5
Eptesicus fuscus,AY352488,1353,0.745,46,47.7,39.5,50.8,54.3
Eptesicus fuscus,AY352501,1353,0.742,44.9,47.7,39.5,47.7,53.6
Eptesicus fuscus,JN258588,1353,0.736,44.9,47.9,39.5,47.5,53.2
Eptesicus fuscus,JN258592,1353,0.746,46,47.9,39.5,50.8,54.1
Eptesicus fuscus,JX987747,1353,0.745,45.9,47.7,39.5,50.6,54.4
Eptesicus fuscus,KU198460,1353,0.745,45.8,47.7,39.5,50.3,54.4
Eptesicus fuscus,KU198462,1353,0.744,45.8,48.1,39.2,50.1,55.4
Eptesicus fuscus,KU198464,1353,0.748,45.9,47.5,39.5,50.8,54.3
Eptesicus fuscus,KU198466,1353,0.737,44.9,47.9,39.5,47.2,53.5
Eptesicus fuscus,KU198467,1353,0.737,45,47.9,39.5,47.7,53.6
Eptesicus fuscus,KU198472,1353,0.736,45,47.9,39.7,47.5,53.8
Eptesicus fuscus,KU198476,1353,0.736,45.1,47.9,39.5,47.9,53.3
Eptesicus fuscus,KU198477,1353,0.737,45,47.9,39.5,47.7,53.8
Eptesicus fuscus,KU198478,1353,0.742,44.8,47.7,39.5,47.2,54.3
Eptesicus fuscus,KX036361,1353,0.741,44.9,47.7,39.5,47.5,53.2
Eptesicus fuscus,KX036362,1353,0.74,44.9,47.7,39.5,47.7,53.4
Eptesicus fuscus,KX036364,1353,0.739,44.7,47.7,39.5,47,53.4
Eptesicus fuscus,KX036365,1353,0.739,44.9,48.1,39.5,47,53.3
Eptesicus fuscus,KX036366,1353,0.738,45,47.7,39.5,47.9,53.6
Eptesicus fuscus,KX954123,1353,0.752,46,47.7,39.5,50.8,53.9
Eptesicus fuscus,LT598537,1353,0.741,45.2,47.7,39.5,48.3,54
Eptesicus fuscus,LT598538,1353,0.736,44.9,47.9,39.5,47.5,53.8
Eptesicus fuscus,LT598539,1353,0.735,45.1,47.9,39.7,47.7,53.7
Eptesicus fuscus,LT598540,1353,0.736,45,47.9,39.5,47.7,53.3
Eptesicus fuscus,LT598541,1353,0.738,45.1,47.9,39.5,47.9,53.7
Eptesicus fuscus,LT598543,1353,0.74,44.8,47.7,39.2,47.5,53.3
Eptesicus fuscus,LT909550,1353,0.745,45.9,47.7,39.5,50.6,54.3
Eptesicus fuscus,MG458313,1353,0.746,45.9,47.7,39.5,50.6,54.2
Eptesicus fuscus,MN233885,1353,0.742,45,47.9,39.5,47.7,54.2
Eptesicus fuscus,MN233886,1353,0.74,45,47.9,39.5,47.7,54.3
Eptesicus fuscus,MN233892,1353,0.739,45,47.9,39.5,47.7,53.6
Eptesicus fuscus,MN233896,1353,0.737,44.9,47.9,39.5,47.5,53.7
Eptesicus fuscus,MN233900,1353,0.736,44.9,47.9,39.5,47.2,53.3
Eptesicus fuscus,MN233948,1353,0.736,44.9,47.9,39.5,47.5,53.5
Eptesicus fuscus,MN233949,1353,0.74,44.9,47.7,39.5,47.7,53.2
Eptesicus fuscus,MN233950,1353,0.74,45,47.7,39.5,47.9,53.2
Eptesicus fuscus,MN233952,1353,0.739,44.9,47.7,39.7,47.2,53.7
Eptesicus fuscus,MN233953,1353,0.742,44.9,47.5,39.5,47.9,53.2
Eptesicus fuscus,MN233955,1353,0.741,44.9,47.5,39.5,47.9,53.4
Eptesicus fuscus,MN233956,1353,0.737,44.9,47.9,39.5,47.2,53.5
Eptesicus fuscus,MN233958,1353,0.74,44.9,47.5,39.5,47.7,53.4
Eptesicus fuscus,MN233960,1353,0.738,45.1,47.9,39.5,47.9,53.8
Eptesicus fuscus,MN233963,1353,0.735,45,47.9,39.5,47.7,54.1
Eptesicus fuscus,MN233967,1353,0.734,44.9,47.9,39.5,47.2,53.3
Eptesicus fuscus,MN233968,1353,0.742,44.9,47.7,39.5,47.7,54.2
Eptesicus fuscus,MN233969,1353,0.741,45,47.7,39.7,47.7,54.2
Eptesicus fuscus,MN233973,1353,0.737,45,47.9,39.5,47.7,53.7
Eptesicus fuscus,MN233974,1353,0.738,45.1,47.9,39.5,47.9,53.8
Eptesicus fuscus,MN233975,1353,0.736,44.9,47.9,39.5,47.5,53.7
Eptesicus fuscus,MN233977,1353,0.736,44.8,47.9,39.5,47,53.7
Eptesicus fuscus,MN233978,1353,0.736,45.2,48.1,39.5,47.9,54.1
Eptesicus fuscus,MN233982,1353,0.735,44.9,47.9,39.5,47.5,53.7
Eptesicus fuscus,MN233985,1353,0.736,45,47.9,39.5,47.7,53.6
Eptesicus fuscus,MN233988,1353,0.736,45,47.9,39.5,47.7,53.1
Eptesicus fuscus,MN233991,1353,0.737,44.9,47.7,39.5,47.5,53.8
Eptesicus fuscus,MN233992,1353,0.742,44.9,47.5,39.5,47.7,54.1
Eptesicus fuscus,MN233998,1353,0.736,44.9,47.9,39.5,47.2,53.7
Eptesicus fuscus,MN234000,1353,0.742,45,47.9,39.5,47.7,54.1
Eptesicus fuscus,MN234002,1353,0.736,44.9,47.9,39.5,47.2,53.5
Eptesicus fuscus,MN234004,1353,0.738,44.7,47.9,39.5,46.8,53.2
Eptesicus fuscus,MN234008,1353,0.735,44.9,47.9,39.5,47.2,53.7
Eptesicus fuscus,MN234016,1353,0.737,45,47.9,39.5,47.7,53.7
Eptesicus fuscus,MN234017,1353,0.739,45,47.7,39.5,47.9,53.6
Eptesicus fuscus,MN234018,1353,0.738,44.8,47.5,39.5,47.5,53.3
Eptesicus fuscus,MN234023,1353,0.737,45,47.9,39.5,47.7,53.9
Eptesicus fuscus,MN234043,1353,0.736,45,47.9,39.5,47.7,53.7
Eptesicus fuscus,MN234046,1353,0.736,44.9,47.9,39.5,47.5,53.8
Eptesicus fuscus,MN234055,1353,0.736,44.9,47.9,39.5,47.5,53.3
Eptesicus fuscus,MN384717,1353,0.742,45.2,47.9,39.2,48.3,53.6
Eptesicus fuscus,DQ666289,1353,0.725,44.9,47.2,39.7,47.7,56.9
Eptesicus fuscus,DQ666290,1353,0.726,44.7,47.5,39,47.7,56.7
Eptesicus fuscus,DQ866105,1353,0.727,44.8,47.7,38.6,48.1,57
Eptesicus fuscus,DQ866106,1353,0.727,44.6,47.2,38.8,47.7,56.5
Eptesicus fuscus,DQ866108,1353,0.724,44.4,47.5,38.8,47,56.8
Eptesicus fuscus,DQ866109,1353,0.723,44.6,47.7,38.8,47.2,56.5
Eptesicus fuscus,DQ866110,1353,0.723,44.3,47.7,38.8,46.3,57.3
Eptesicus fuscus,DQ866112,1353,0.724,44.6,47.5,38.8,47.5,57.1
Eptesicus fuscus,DQ866116,1353,0.723,44.3,47.9,38.8,46.3,56.7
Eptesicus fuscus,DQ866119,1353,0.725,44.6,47.7,38.8,47.2,57.3
Eptesicus fuscus,EU086182,1353,0.726,44.6,47.7,38.8,47.2,56.3
Eptesicus fuscus,EU086183,1353,0.724,44.6,47.9,39,46.8,56.3
Eptesicus fuscus,EU828653,1353,0.719,44.3,48.1,38.6,46.1,56.6
Eptesicus fuscus,FJ561726,1353,0.72,44.5,48.1,38.8,46.6,57
Eptesicus fuscus,FJ561727,1353,0.721,44.6,48.1,39,46.6,57
Eptesicus fuscus,FJ561728,1353,0.723,44.9,48.3,38.8,47.7,57.2
Eptesicus fuscus,FJ866829,1353,0.721,45.2,48.8,39,47.7,57.4
Eptesicus fuscus,FJ866830,1353,0.72,44.8,48.1,39,47.2,57.6
Eptesicus fuscus,FJ866831,1353,0.723,44.8,48.3,38.8,47.2,57.4
Eptesicus fuscus,GQ472468,1353,0.726,44.6,47.5,39,47.5,56.1
Eptesicus fuscus,GQ472470,1353,0.728,44.9,47.7,39,47.9,56.3
Eptesicus fuscus,GQ472473,1353,0.726,44.4,47.5,38.8,47,56.4
Eptesicus fuscus,GQ472477,1353,0.724,44.6,47.5,38.6,47.7,56.9
Eptesicus fuscus,GU358653,1353,0.725,44.7,48.1,38.8,47.2,56.2
Eptesicus fuscus,HM486355,1353,0.725,44.5,47.5,39,47,59.6
Eptesicus fuscus,HM486356,1353,0.725,44.5,47.5,39,47,59.7
Eptesicus fuscus,HM486368,1353,0.725,44.4,47.2,38.8,47.2,56.6
Eptesicus fuscus,HM486369,1353,0.725,44.6,47.7,39,47,59.6
Eptesicus fuscus,HM486374,1353,0.724,44.6,47.5,39.2,47,59.4
Eptesicus fuscus,HM486379,1353,0.725,44.6,47.5,39.2,47,59.7
Eptesicus fuscus,HM486381,1353,0.721,44.9,48.6,39.5,46.6,56.5
Eptesicus fuscus,JF819605,1353,0.721,44.9,47.9,39.7,47,59.1
Eptesicus fuscus,JF819615,1353,0.725,44.6,47.5,39.2,47,59.5
Eptesicus fuscus,JN974823,1353,0.726,44.8,47.9,38.6,47.9,57
Eptesicus fuscus,JN974824,1353,0.723,44.5,47.9,38.8,46.8,56.5
Eptesicus fuscus,JN974828,1353,0.727,44.6,47.5,38.8,47.7,56.6
Eptesicus fuscus,JN974829,1353,0.727,44.6,47.5,38.8,47.7,56.2
Eptesicus fuscus,JN974838,1353,0.721,44.6,48.3,38.8,46.6,56.9
Eptesicus fuscus,JN974842,1353,0.727,44.8,47.9,38.6,47.9,57
Eptesicus fuscus,JN974845,1353,0.729,44.7,47.7,38.6,47.9,56.8
Eptesicus fuscus,JN974870,1353,0.724,44.3,47.2,38.8,47,58.9
Eptesicus fuscus,JN974871,1353,0.726,44.4,47.2,39,47,59.8
Eptesicus fuscus,JN974872,1353,0.724,44.5,47.5,39,47,59.5
Eptesicus fuscus,JN974873,1353,0.723,44.4,47.5,38.8,47,60.5
Eptesicus fuscus,JQ970480,1353,0.731,44.8,47.7,38.6,48.1,56.8
Eptesicus fuscus,KT221107,1353,0.728,44.6,47.7,38.4,47.9,56.9
Eptesicus fuscus,KT894558,1353,0.73,45,48.1,39,47.9,57.4
Eptesicus fuscus,KT894572,1353,0.727,44.7,48.1,38.6,47.5,57
Eptesicus fuscus,KT894573,1353,0.728,44.5,47.9,38.6,47,57.3
Eptesicus fuscus,KT894577,1353,0.724,44.7,47.5,38.8,47.9,55.8
Eptesicus fuscus,KT894578,1353,0.725,44.8,47.5,38.8,48.1,55.8
Eptesicus fuscus,KX148264,1353,0.726,44.7,47.9,38.8,47.5,56.2
Eptesicus fuscus,KY451767,1353,0.727,45,47.9,38.8,48.3,56.8
Eptesicus fuscus,MG201879,1353,0.726,44.7,47.5,39,47.7,56.4
Eptesicus fuscus,MG201880,1353,0.724,44.4,47.5,38.8,47,56.3
Eptesicus fuscus,MG201884,1353,0.726,44.6,47.5,38.8,47.7,56.3
Eptesicus fuscus,MG201919,1353,0.727,44.8,47.5,38.8,48.1,56.5
Eptesicus fuscus,MG201921,1353,0.731,44.5,47.2,38.8,47.5,56.4
Eptesicus fuscus,MN784132,1353,0.727,44.6,47.5,38.8,47.7,56.6
Eptesicus fuscus,FJ598135,1353,0.73,43.9,47.2,39,45.5,59.5
Eptesicus fuscus,FJ712195,1353,0.736,44.6,47.5,39.2,47,57.2
Eptesicus fuscus,FJ712196,1353,0.731,44.1,47.5,39,45.7,58.7
Eptesicus fuscus,FJ719751,1353,0.729,44.5,47.5,39,47,58.9
Eptesicus fuscus,FJ719753,1353,0.73,44.1,47.5,38.8,46.1,59.6
Eptesicus fuscus,FJ719755,1353,0.732,44.6,47.5,39,47.2,59.5
Eptesicus fuscus,GU647092,1353,0.73,44.2,47.5,38.8,46.3,59.9
Eptesicus fuscus,HQ118114,1353,0.73,44.1,47.5,39,45.7,59.4
Eptesicus fuscus,JN974877,1353,0.731,44.1,47.5,39.2,45.7,59.4
Eptesicus fuscus,JQ950446,1353,0.727,44.6,47.9,39,46.8,59.4
Eptesicus fuscus,JQ950448,1353,0.731,44.3,47.7,39,46.3,59.3
Eptesicus fuscus,KF726852,1353,0.73,44.7,47.9,39.2,47,59.5
Eptesicus fuscus,KP319185,1353,0.732,44.4,47.5,38.8,47,59.6
Eptesicus fuscus,KP319186,1353,0.729,44.5,47.5,39,47,58.8
Eptesicus fuscus,KP319187,1353,0.732,44.1,47.5,38.8,46.1,59.7
Eptesicus fuscus,KP319188,1353,0.73,44.6,47.5,39,47.2,58.9
Eptesicus fuscus,KP319191,1353,0.73,44.1,47.5,38.8,46.1,59.6
Eptesicus fuscus,KP319193,1353,0.731,44.2,47.5,39,46.1,59.4
Eptesicus fuscus,KP319194,1353,0.728,44.6,48.1,39,46.8,59.4
Eptesicus fuscus,KP319195,1353,0.73,44.7,47.9,39,47.2,59.3
Eptesicus fuscus,KP319199,1353,0.728,44.4,47.5,39.2,46.6,58.5
Eptesicus fuscus,KP319201,1353,0.727,44.3,47.5,39.2,46.3,58.4
Eptesicus fuscus,KP319203,1353,0.732,44.3,47.5,39,46.6,59.3
Eptesicus fuscus,KP319204,1353,0.732,44.3,47.5,39,46.6,59.3
Eptesicus fuscus,KP319205,1353,0.729,44.5,47.7,39.5,46.3,59.4
Eptesicus fuscus,KP319206,1353,0.739,44.3,47.5,38.8,46.8,59.6
Eptesicus fuscus,KP319207,1353,0.738,44.4,47.5,38.8,47,59.6
Eptesicus fuscus,MT068612,1353,0.73,44.5,47.2,39.2,47,57.9
Eptesicus fuscus,MT068615,1353,0.733,44.5,47.7,39,46.8,59
Eptesicus fuscus,AY854505,1353,0.738,44.1,47.5,39,45.7,56
Eptesicus fuscus,AY854525,1353,0.738,44.2,47.7,39,45.9,55.7
Eptesicus fuscus,AY854531,1353,0.741,44.2,47.9,39.2,45.5,54.5
Eptesicus fuscus,AY854544,1353,0.745,44.5,47.7,39.2,46.6,55.8
Eptesicus fuscus,AY854546,1353,0.745,44.5,47.7,39.2,46.6,55.5
Eptesicus fuscus,AY854558,1353,0.737,44.8,47.5,39.2,47.7,55.6
Eptesicus fuscus,AY854567,1353,0.732,44.8,48.1,39,47.2,55.9
Eptesicus fuscus,AY854573,1353,0.734,44.4,48.1,39,46.1,55.6
Eptesicus fuscus,AY854576,1353,0.74,43.9,47.9,39,44.8,54.5
Eptesicus fuscus,AB284509,1353,0.742,44.9,47.9,38.8,48.1,53.2
Eptesicus fuscus,AB284511,1353,0.742,44.9,47.7,38.8,48.1,53.2
Eptesicus fuscus,AB284512,1353,0.739,44.9,47.9,38.8,47.9,53.3
Eptesicus fuscus,AB284513,1353,0.742,44.9,47.7,38.8,48.1,52.2
Eptesicus fuscus,AB284514,1353,0.742,44.9,47.7,38.8,48.1,53.5
Eptesicus fuscus,EU853582,1353,0.737,44.7,48.1,39,47,52.8
Eptesicus fuscus,EU853584,1353,0.732,44.6,48.3,38.8,46.6,52.4
Eptesicus fuscus,EU853586,1353,0.733,44.5,48.3,38.8,46.3,52.2
Eptesicus fuscus,EU853587,1353,0.73,44.2,48.1,38.8,45.7,51.4
Eptesicus fuscus,EU853590,1353,0.729,44.1,48.1,38.6,45.7,51.8
Eptesicus fuscus,HM179504,1353,0.728,44.1,48.1,39,45,53.8
Eptesicus fuscus,HM179505,1353,0.731,44.6,48.1,39,46.6,53.3
Eptesicus fuscus,HM179506,1353,0.74,44.5,48.1,38.8,46.6,52.9
Eptesicus fuscus,KF155002,1353,0.741,44.9,48.1,38.6,48.1,53.4
Eptesicus fuscus,KR534217,1353,0.739,44.6,48.1,38.8,47,52.8
Eptesicus fuscus,KR534218,1353,0.738,44.6,48.1,38.8,46.8,52.8
Eptesicus fuscus,KR534219,1353,0.728,43.8,47.9,38.6,45,52.3
Eptesicus fuscus,KR534228,1353,0.727,43.9,47.9,38.6,45.2,52.8
Eptesicus fuscus,KR534229,1353,0.737,44.7,48.1,38.8,47.2,54
Eptesicus fuscus,KR534230,1353,0.726,44.3,48.1,38.8,46.1,52.8
Eptesicus fuscus,KR534233,1353,0.736,44.6,48.1,38.8,47,53.9
Eptesicus fuscus,KR534238,1353,0.727,43.8,47.9,38.6,45,52.8
Eptesicus fuscus,KR534244,1353,0.737,44.7,48.1,38.8,47.2,53.9
Eptesicus fuscus,KR534250,1353,0.738,44.9,48.1,38.8,47.7,53.8
Eptesicus fuscus,KR534251,1353,0.727,43.9,47.9,38.6,45.2,52.7
Eptesicus fuscus,KR534252,1353,0.722,44.1,47.9,38.6,45.7,52.7
Eptesicus fuscus,KR534253,1353,0.738,44.6,48.1,38.8,46.8,53.4
Eptesicus fuscus,KR906735,1353,0.735,44.9,48.3,38.8,47.5,54.4
Eptesicus fuscus,KR906736,1353,0.735,44.8,48.3,38.8,47.2,54.5
Eptesicus fuscus,KR906739,1353,0.733,44.1,47.9,38.6,45.7,52.9
Eptesicus fuscus,KR906741,1353,0.733,44.4,48.1,38.8,46.3,53.8
Eptesicus fuscus,KR906742,1353,0.74,44.9,48.1,38.8,47.9,53.9
Eptesicus fuscus,KR906744,1353,0.732,44,47.9,38.6,45.5,53
Eptesicus fuscus,KR906745,1353,0.741,44.6,47.9,38.8,47.2,53.4
Eptesicus fuscus,KR906746,1353,0.728,44.1,48.1,38.8,45.2,52.2
Eptesicus fuscus,KR906747,1353,0.729,44.2,48.1,38.8,45.7,52.3
Eptesicus fuscus,KR906748,1353,0.733,43.5,47.5,38.8,44.3,54.3
Eptesicus fuscus,KR906749,1353,0.734,44.4,47.9,38.8,46.6,53.7
Eptesicus fuscus,KR906751,1353,0.729,44.2,48.1,38.6,45.9,52.5
Eptesicus fuscus,KR906756,1353,0.738,44.8,48.1,38.8,47.5,53.7
Eptesicus fuscus,KR906757,1353,0.733,44.2,48.1,38.4,46.1,52.2
Eptesicus fuscus,KR906759,1353,0.727,43.9,47.9,38.6,45.2,53.2
Eptesicus fuscus,KR906762,1353,0.743,44.9,47.9,38.8,47.9,54
Eptesicus fuscus,KR906763,1353,0.736,44.8,48.1,38.8,47.5,54.3
Eptesicus fuscus,KR906765,1353,0.737,44.9,48.3,38.8,47.7,55
Eptesicus fuscus,KR906766,1353,0.735,44.9,48.3,38.8,47.5,54.4
Eptesicus fuscus,KR906767,1353,0.736,44.6,48.1,38.8,47,53.3
Eptesicus fuscus,KR906770,1353,0.724,44.1,47.9,38.8,45.7,53
Eptesicus fuscus,KR906773,1353,0.738,44.6,48.1,38.8,47,54.4
Eptesicus fuscus,KR906780,1353,0.738,44.6,48.1,38.8,47,53.4
Eptesicus fuscus,KR906784,1353,0.723,44.2,47.9,38.8,45.9,53.2
Eptesicus fuscus,KR906790,1353,0.726,44.4,48.3,38.6,46.3,53.1
Eptesicus fuscus,KR906792,1353,0.738,45,48.3,38.8,47.9,53.8
Eptesicus fuscus,KT336432,1353,0.736,44.6,47.9,39,47,53.4
Eptesicus fuscus,KT336433,1353,0.737,44.4,48.1,39,46.1,53.1
Eptesicus fuscus,KT336434,1353,0.736,44.9,48.1,39,47.7,52.9
Eptesicus fuscus,KT336435,1353,0.734,44.2,47.9,39,45.7,53.7
Eptesicus fuscus,KT336436,1353,0.733,44.4,47.9,39,46.3,53
Eptesicus fuscus,KT336437,1353,0.734,44.3,47.9,39.2,45.7,54.4
Eptesicus fuscus,KX148203,1353,0.729,44.6,48.1,39,46.6,53.1
Eptesicus fuscus,KX148204,1353,0.73,43.9,47.9,39,44.8,52.2
Eptesicus fuscus,KX148206,1353,0.73,43.9,47.9,38.6,45.2,53.5
Eptesicus fuscus,KX148208,1353,0.736,44.3,47.9,38.8,46.1,53.2
Eptesicus fuscus,KY210224,1353,0.738,44.9,48.1,38.8,47.9,53.9
Eptesicus fuscus,KY210243,1353,0.738,44.8,48.1,38.8,47.5,53.7
Eptesicus fuscus,KY210247,1353,0.736,44.8,48.1,38.8,47.5,54.1
Eptesicus fuscus,KY210249,1353,0.737,44.8,48.1,38.8,47.5,53.9
Eptesicus fuscus,KY210253,1353,0.723,43.8,47.9,38.8,44.8,53.1
Eptesicus fuscus,KY210263,1353,0.726,44.3,48.1,38.6,46.3,53.2
Eptesicus fuscus,KY210264,1353,0.728,44.1,47.9,38.8,45.7,52.9
Eptesicus fuscus,KY210279,1353,0.724,44.2,48.1,38.8,45.7,53.4
Eptesicus fuscus,KY210287,1353,0.737,44.6,48.1,38.8,46.8,53.4
Eptesicus fuscus,KY210304,1353,0.725,44.2,47.9,38.8,45.9,53.1
Eptesicus fuscus,KY563717,1353,0.733,45,48.3,39.2,47.5,52.9
Eptesicus fuscus,LC029890,1353,0.733,44.2,47.7,38.8,46.1,53.6
Eptesicus fuscus,MN726804,1353,0.74,44.9,48.1,38.6,47.9,53.7
Eptesicus fuscus,MN726826,1353,0.74,44.8,47.9,38.8,47.7,54.1
Eptesicus fuscus,MN726827,1353,0.741,44.9,47.9,38.8,47.9,54.1
Eptesicus fuscus,MT454631,1353,0.736,44.7,47.9,39,47.2,53.6
Eptesicus fuscus,MT454635,1353,0.738,44.6,47.9,39,47,53.2
Eptesicus fuscus,MT454637,1353,0.737,44.8,47.9,39,47.5,53.4
Eptesicus fuscus,MT454641,1353,0.736,44.6,47.9,39,46.8,53.5
Eptesicus fuscus,MT454643,1353,0.727,44.3,48.3,39,45.5,51.6
Eptesicus fuscus,MT454644,1353,0.731,44.1,48.1,38.8,45.2,51.9
Eptesicus fuscus,MT454645,1353,0.727,44.2,48.3,39,45.2,51.6
Eptesicus fuscus,OK317992,1353,0.736,44.2,48.1,39,45.5,51.6
Eptesicus fuscus,OK317993,1353,0.738,44.3,48.1,39,45.9,51.6
Eptesicus fuscus,OK317995,1353,0.736,44.1,48.1,39,45.2,51.7
Eptesicus fuscus,OK317996,1353,0.736,44.1,48.1,39,45.2,51.6
Eptesicus fuscus,OK317998,1353,0.736,44.3,48.3,39,45.5,52.3
Eptesicus fuscus,OK317999,1353,0.733,44.1,48.3,39,44.8,51.4
Eptesicus fuscus,OP375406,1353,0.738,44.9,48.1,39,47.5,54
Eptesicus fuscus,OP375407,1353,0.739,44.9,48.1,38.6,47.9,54.1
Eptesicus fuscus,OP375410,1353,0.738,44.9,48.1,38.8,47.9,53.8
Eptesicus fuscus,OP375413,1353,0.741,44.9,47.9,38.8,47.9,54.2
Eptesicus fuscus,OP375414,1353,0.742,44.5,47.9,38.8,46.8,53.2
Eptesicus fuscus,OP375415,1353,0.741,44.6,47.9,38.8,47,53.5
Eptesicus fuscus,OP375418,1353,0.74,44.9,47.9,38.8,47.9,54.1
Eptesicus fuscus,OP375421,1353,0.737,44.7,48.1,38.8,47.2,53.9
Eptesicus fuscus,OP375423,1353,0.732,44.5,48.1,38.8,46.6,54.3
Eptesicus fuscus,OR045939,1353,0.734,43.8,47.7,38.8,44.8,54.3
Eptesicus fuscus,OR045949,1353,0.739,44.7,48.1,38.8,47.2,53.3
Eptesicus fuscus,OR270973,1353,0.742,44.6,47.9,38.8,47.2,54.8
Eptesicus fuscus,OR270979,1353,0.739,44.6,48.1,38.8,47,55.3
Eptesicus fuscus,OR270997,1353,0.741,44.6,47.9,38.8,47,54.7
Eptesicus fuscus,OR270998,1353,0.741,44.6,47.7,38.8,47.2,54.4
Eptesicus fuscus,OR270999,1353,0.741,44.7,47.9,38.8,47.5,54.4
Eptesicus fuscus,OR271001,1353,0.741,44.6,47.9,38.8,47,54.8
Eptesicus fuscus,OR271003,1353,0.742,44.6,47.7,38.8,47.2,54.4
Eptesicus fuscus,PV855388,1353,0.733,44.4,47.9,39,46.3,53.4
Eptesicus fuscus,PV855390,1353,0.732,44.6,48.1,39,46.8,53.3
Eptesicus fuscus,PV855392,1353,0.733,44.5,47.9,39,46.6,53.5
Eptesicus fuscus,PV855393,1353,0.736,44.3,47.7,38.8,46.6,53.5
Eptesicus fuscus,PV855394,1353,0.734,44.4,47.7,39,46.6,53.6
Eptesicus fuscus,PV855397,1353,0.732,44.5,48.1,39,46.3,53.4
Eptesicus fuscus,PV855415,1353,0.734,44.6,48.1,39,46.6,53.2
Eptesicus fuscus,EU345002,1353,0.751,44.3,46.8,38.8,47.5,57.7
Eptesicus fuscus,EU345003,1353,0.745,44.2,46.8,38.8,47,58.9
Eptesicus fuscus,EU345004,1353,0.743,44,46.8,38.8,46.3,58.4
Eptesicus fuscus,JQ685938,1353,0.746,44.1,45.9,38.8,47.5,58
Eptesicus fuscus,JQ685968,1353,0.747,43.8,45.9,38.8,46.8,58.6
Eptesicus fuscus,MW055084,1353,0.752,44.3,46.8,38.4,47.7,57.1
Eptesicus fuscus,MW055085,1353,0.751,44.4,47,38.6,47.7,57.1
Eptesicus fuscus,MW055086,1353,0.749,44.1,45.9,39,47.2,57.7
Eptesicus fuscus,MW055087,1353,0.75,44,45.7,38.8,47.5,58.2
Eptesicus fuscus,AB519642,1353,0.749,43.5,46.3,39.9,44.3,55.4
Eptesicus fuscus,AF070449,1353,0.75,44,46.3,40.1,45.5,56.1
Eptesicus fuscus,AF351847,1353,0.745,43.7,46.3,40.1,44.6,56.8
Eptesicus fuscus,AF351852,1353,0.747,43.5,46.1,39.9,44.6,55.4
Eptesicus fuscus,AY854587,1353,0.75,43.8,46.1,40.6,44.6,55.9
Eptesicus fuscus,AY854592,1353,0.751,44.1,46.3,39.9,46.1,56.5
Eptesicus fuscus,AY854594,1353,0.754,44.1,46.3,39.9,46.1,56.3
Eptesicus fuscus,AY877433,1353,0.755,44.6,46.3,40.4,47.2,55.5
Eptesicus fuscus,AY877434,1353,0.747,43.6,46.3,39.9,44.6,56.8
Eptesicus fuscus,AY877435,1353,0.751,43.7,46.6,39.9,44.6,55.9
Eptesicus fuscus,GU592648,1353,0.752,43.3,46.1,39.9,43.9,55.6
Eptesicus fuscus,KF656696,1353,0.757,43.8,46.3,39.9,45.2,56.1
Eptesicus fuscus,KF864234,1353,0.751,44.3,46.6,40.1,46.3,56.1
Eptesicus fuscus,KF864322,1353,0.747,44.3,46.6,40.1,46.1,56.9
Eptesicus fuscus,KF864397,1353,0.741,43.6,46.6,39.7,44.6,56.5
Eptesicus fuscus,KM594040,1353,0.748,43.7,46.1,39.9,45,56.5
Eptesicus fuscus,KM594041,1353,0.757,43.5,46.1,39.9,44.6,53.4
Eptesicus fuscus,KM594042,1353,0.751,44,46.1,39.9,45.9,56.9
Eptesicus fuscus,KP202393,1353,0.748,43.6,46.6,39.7,44.6,56.4
Eptesicus fuscus,KT023101,1353,0.755,43.5,46.3,39.7,44.3,53.7
Eptesicus fuscus,MN968374,1353,0.754,44.5,46.1,39.9,47.5,56.7
Eptesicus fuscus,MN968375,1353,0.754,44.6,46.3,39.9,47.5,56.8
Eptesicus fuscus,MN968377,1353,0.753,44.6,46.3,39.9,47.5,56.6
Eptesicus fuscus,MN968386,1353,0.754,44.6,46.3,39.9,47.7,56.7
Eptesicus fuscus,MT891038,1353,0.749,43.6,45.9,39.5,45.5,55.5
Eptesicus fuscus,MW249020,1353,0.752,43.9,46.1,39.9,45.7,56.3
Eptesicus fuscus,MW579786,1353,0.749,43.2,46.3,39.9,43.2,55.4
Eptesicus fuscus,MW579820,1353,0.747,43.2,46.3,39.9,43.2,55.5
Eptesicus fuscus,MW579824,1353,0.757,44.2,46.1,40.1,46.3,55.9
Eptesicus fuscus,MW579833,1353,0.747,43.2,46.3,39.9,43.2,55.3
Eptesicus fuscus,PQ379829,1353,0.744,44.3,46.6,39.7,46.8,56.5
Eptesicus fuscus,PQ379831,1353,0.753,43.7,45.2,40.4,45.5,54.6
Eptesicus fuscus,PQ379832,1353,0.749,44.2,46.3,39.9,46.3,56
Eptesicus fuscus,PQ379834,1353,0.753,44.7,46.6,39.7,47.9,56.3
Eptesicus fuscus,PQ379836,1353,0.751,44.6,46.3,39.9,47.5,56.7
Eptesicus fuscus,PQ379849,1353,0.751,43.7,46.1,40.1,44.8,55.8
Eptesicus fuscus,PQ510120,1353,0.748,43.8,46.6,40.1,44.6,54.9
Eptesicus fuscus,PQ603086,1353,0.746,44.3,46.3,39.7,46.8,56.4
Eptesicus fuscus,PQ671599,1353,0.76,43.6,45.9,40.1,44.8,53.2
Eptesicus fuscus,PQ671601,1353,0.759,43.4,46.1,40.1,43.9,52.2
Eptesicus fuscus,AF351849,1353,0.753,43.3,45.7,39.7,44.6,56.3
Eptesicus fuscus,AF394876,1353,0.755,43.6,45.9,39.9,45,55.8
Eptesicus fuscus,GU644760,1353,0.754,43.1,45.7,39.5,44.1,55.9
Eptesicus fuscus,GU644761,1353,0.753,43.3,45.7,39.7,44.6,56.1
Eptesicus fuscus,GU644762,1353,0.753,43.1,45.5,39.7,44.1,56
Eptesicus fuscus,GU644763,1353,0.755,43.2,45.7,39.5,44.3,55.9
Eptesicus fuscus,GU644764,1353,0.754,43.1,45.5,39.7,44.1,55.8
Eptesicus fuscus,GU644765,1353,0.751,43,45.5,39.7,43.9,56
Eptesicus fuscus,GU644766,1353,0.753,42.9,45.5,39.7,43.7,55.8
Eptesicus fuscus,GU644767,1353,0.749,43,45.5,39.7,43.9,56.1
Eptesicus fuscus,GU644768,1353,0.753,43.1,45.5,39.7,44.1,55.9
Eptesicus fuscus,GU644769,1353,0.753,43,45.7,39.7,43.7,56
Eptesicus fuscus,GU644770,1353,0.752,43.3,45.7,39.7,44.6,56.4
Eptesicus fuscus,GU644771,1353,0.754,43.3,45.7,39.7,44.6,56.3
Eptesicus fuscus,GU644772,1353,0.752,43.3,45.5,40.1,44.3,56.1
Eptesicus fuscus,GU644773,1353,0.753,43,45.5,39.5,44.1,55.9
Eptesicus fuscus,GU644774,1353,0.753,43.1,45.5,39.7,44.1,56.2
Eptesicus fuscus,GU644775,1353,0.754,43,45.5,39.5,44.1,55.9
Eptesicus fuscus,GU644776,1353,0.75,42.9,45.5,39.7,43.7,56
Eptesicus fuscus,GU644777,1353,0.752,43.2,45.5,39.7,44.6,55.9
Eptesicus fuscus,GU644778,1353,0.754,43.2,45.5,39.7,44.6,55.6
Eptesicus fuscus,GU644779,1353,0.753,43.1,45.5,39.7,44.1,55.7
Eptesicus fuscus,GU644780,1353,0.753,43.3,45.5,39.7,44.8,56.5
Eptesicus fuscus,GU644781,1353,0.751,43.2,45.5,39.9,44.1,56.3
Eptesicus fuscus,GU644782,1353,0.753,43.3,45.7,39.7,44.6,56.3
Eptesicus fuscus,GU644784,1353,0.753,43.1,45.2,39.7,44.3,56
Eptesicus fuscus,GU644785,1353,0.753,43.1,45.5,39.7,44.1,56.1
Eptesicus fuscus,GU644786,1353,0.753,43.5,45.7,39.7,45,56.5
Eptesicus fuscus,GU644787,1353,0.754,43.1,45.5,39.7,44.1,55.2
Eptesicus fuscus,GU644788,1353,0.752,43.2,45.7,39.5,44.3,56.1
Eptesicus fuscus,JQ685905,1353,0.753,43.2,45.7,39.7,44.3,56.2
Eptesicus fuscus,AF351828,1353,0.757,44.6,46.6,39.7,47.7,53.5
Eptesicus fuscus,AF351831,1353,0.745,44.2,46.8,39.5,46.3,55
Eptesicus fuscus,AF351832,1353,0.755,44.1,45.7,39,47.7,55.2
Eptesicus fuscus,AF351833,1353,0.753,43.8,46.1,39.7,45.7,53.1
Eptesicus fuscus,AF351855,1353,0.745,43.9,47,39,45.7,53.1
Eptesicus fuscus,AF351861,1353,0.754,44.1,46.3,39.5,46.3,54.9
Eptesicus fuscus,AF351862,1353,0.754,43.8,45.9,39.2,46.3,53.2
Eptesicus fuscus,AY039227,1353,0.753,43.8,46.1,39.5,45.9,55.6
Eptesicus fuscus,AY039228,1353,0.754,43.6,46.1,39.2,45.5,53.2
Eptesicus fuscus,AY039229,1353,0.753,43.8,46.1,39.2,45.9,54.2
Eptesicus fuscus,GU644652,1353,0.758,43.9,46.3,39.5,45.9,53.2
Eptesicus fuscus,GU644654,1353,0.752,43.4,46.1,39.2,44.8,53.4
Eptesicus fuscus,GU644655,1353,0.754,43.6,46.1,39.5,45.2,53.3
Eptesicus fuscus,GU644656,1353,0.756,43.7,46.1,39.2,45.7,53.2
Eptesicus fuscus,GU644657,1353,0.757,44.1,46.1,39.2,46.8,53
Eptesicus fuscus,GU644658,1353,0.757,43.8,46.1,39.2,45.9,53.4
Eptesicus fuscus,GU644659,1353,0.759,43.5,45.9,39.2,45.5,53.2
Eptesicus fuscus,GU644660,1353,0.76,44,46.1,39.2,46.6,53.4
Eptesicus fuscus,GU644661,1353,0.759,43.8,45.9,39.2,46.1,53.3
Eptesicus fuscus,GU644662,1353,0.758,44.1,46.1,39.2,46.8,53.4
Eptesicus fuscus,GU644663,1353,0.759,44.1,46.1,39.5,46.6,53.4
Eptesicus fuscus,GU644664,1353,0.761,44.2,46.1,39.2,47.2,53.2
Eptesicus fuscus,GU644665,1353,0.757,43.9,46.1,39,46.6,53.7
Eptesicus fuscus,GU644666,1353,0.76,44,46.1,39.2,46.6,54.1
Eptesicus fuscus,GU644667,1353,0.758,43.8,46.1,39.2,46.1,53.5
Eptesicus fuscus,GU644668,1353,0.764,44,45.9,39.2,46.8,53.1
Eptesicus fuscus,GU644669,1353,0.759,43.8,46.1,39.2,45.9,53.5
Eptesicus fuscus,GU644670,1353,0.763,44.1,46.1,39.2,47,54.4
Eptesicus fuscus,GU644671,1353,0.759,43.5,46.1,39.2,45.2,52.5
Eptesicus fuscus,GU644676,1353,0.753,43.7,46.1,39.2,45.7,54.4
Eptesicus fuscus,GU644677,1353,0.753,44,46.1,39.2,46.6,54
Eptesicus fuscus,GU644684,1353,0.752,43.5,46.1,39.2,45.2,53.3
Eptesicus fuscus,GU644689,1353,0.751,43.5,46.3,39.2,45,53.2
Eptesicus fuscus,GU644690,1353,0.751,43.6,46.3,39.2,45.2,53.2
Eptesicus fuscus,GU644695,1353,0.752,43.6,46.3,39.2,45.2,53.3
Eptesicus fuscus,AF351845,1353,0.751,44.8,46.1,39.9,48.3,57
Eptesicus fuscus,AF351846,1353,0.752,45,46.3,39.9,48.8,57.3
Eptesicus fuscus,AF351858,1353,0.749,45.3,46.3,40.1,49.4,56.8
Eptesicus fuscus,AF394883,1353,0.751,44.9,46.3,39.9,48.3,57.1
Eptesicus fuscus,AF394884,1353,0.75,44.8,46.1,39.9,48.3,56.7
Eptesicus fuscus,GU644712,1353,0.75,45.1,46.1,39.9,49.2,57.6
Eptesicus fuscus,GU644713,1353,0.749,45.1,46.1,40.1,49,58.4
Eptesicus fuscus,GU644714,1353,0.753,45.2,46.1,39.9,49.4,57.1
Eptesicus fuscus,GU644715,1353,0.75,44.9,46.1,39.9,48.8,57.4
Eptesicus fuscus,GU644716,1353,0.751,45.1,46.3,39.9,49,57.3
Eptesicus fuscus,GU644717,1353,0.749,44.9,45.9,39.9,48.8,57
Eptesicus fuscus,GU644718,1353,0.753,44.9,45.9,39.9,49,57.2
Eptesicus fuscus,GU644719,1353,0.752,45.1,46.1,39.9,49.2,57.6
Eptesicus fuscus,GU644720,1353,0.751,45,46.1,39.9,49,57.7
Eptesicus fuscus,GU644721,1353,0.751,44.9,46.1,39.9,48.8,57.3
Eptesicus fuscus,JQ685947,1353,0.75,44.9,46.1,39.9,48.6,56.5