"","PC1","PC2","PC3","PC4","PC5","PC6","PC7","PC8","PC9","PC10","PC11","PC12","PC13","PC14","PC15","PC16","PC17","PC18","PC19","PC20","PC21","PC22","PC23","PC24","PC25","PC26","PC27","PC28","PC29","PC30","PC31","PC32","PC33","PC34","PC35","PC36","PC37","PC38","PC39","PC40","PC41","PC42","PC43","PC44","PC45","PC46","PC47","PC48","PC49","PC50","PC51","PC52","PC53","PC54","PC55","PC56","PC57","PC58","PC59","clade","Accession"
"DQ666289",-8.01893063723497,-0.938938383998104,-1.30993465271046,-0.397854309443413,2.18006969556752,-2.9001893820902,1.41597702093979,-0.599372298863197,0.582048074357885,0.101037573590753,0.420531362151135,0.706879831910583,-0.196881836956401,0.979039763616763,0.257020168875535,0.479687906247543,-0.497110096305113,1.07339921309492,0.300202700018103,0.390189213199112,0.157626505872637,0.502095218517868,0.709471322303251,-0.0749598767014988,0.381785606048917,0.245265304450646,-0.523040829679035,0.092161407861744,0.323466294764233,0.445112276032049,-0.403449678004867,-0.0698323243237554,0.108951406704792,-0.53707927333931,-0.378881603000376,-0.122212140646523,0.477748795235661,-0.25847718930807,0.00417683007546374,0.45054547987288,0.130525417544328,1.20771431135632e-14,-2.50144872469203e-16,-1.19803010926864e-15,-4.59996823628673e-16,2.38035518168353e-15,-1.24764159794749e-15,-3.80812197911555e-15,8.57346020007963e-16,9.75659507987766e-16,-2.79532736357148e-15,-1.33811673095648e-15,2.988672804998e-15,1.51287590015709e-15,-4.44184232386958e-16,4.47280776556468e-16,1.11493046695934e-15,6.1182659986916e-16,1.23614379594042e-15,"Asian SEA2a","DQ666289"
"DQ666290",-7.84445383155235,-0.636352109913851,-1.60006020313973,0.10313517099982,1.28067574202197,-2.77813161292857,0.889487332509485,-0.772718422525885,0.610824772624172,0.4896460961508,-0.718042805866827,0.3514852579137,-0.566866381842699,0.631721788814816,0.262656149316059,0.0700353944700203,0.0486773193134549,0.435987619585464,0.234585683375442,0.557134767423065,-0.269553512023689,0.569348693752381,0.309185038937732,0.0312840784683043,-0.163475206458409,0.195103754702361,-0.267060859872129,0.177383645809015,0.139688880137276,0.0536062463509446,-0.264074464218978,-0.118073878313281,-0.0475076471865754,-0.417015456897325,0.0856641333054467,-0.252627156971212,0.138993607826238,-0.151636258094838,-0.0690497158299036,0.0338334242875204,0.0777883978482852,1.55191462646241e-14,2.77331499293137e-15,9.81642035527443e-16,6.18684942697427e-16,2.29488918130564e-15,-1.13694322357711e-15,-2.3807656548288e-15,1.45265879611494e-15,2.01534805144221e-16,-2.10427941955024e-15,-1.5983939518925e-15,2.52001900795664e-15,7.21816903052475e-16,-5.6949020049085e-16,5.9332195586798e-16,1.21045824519145e-15,5.51389961837881e-16,1.01569480334238e-15,"Asian SEA2a","DQ666290"
"DQ866105",-7.00752786301443,-0.194066393698458,-1.58659414289245,0.598738155613976,2.39774175701772,-2.8387671457152,1.06205616109676,-0.0910479191210882,-0.488931902034745,0.777033792179772,-0.600447937999869,0.214070367727268,-0.368517436934251,-0.449109285902323,0.156618396153516,-0.340814885948224,-0.00650683468672375,-0.623408313037981,0.00679100180649744,1.04500276158532,0.559994896456379,0.178726377218766,0.774024472215639,-0.513510524909344,-0.0879001908832389,-0.190056073227306,0.380143856609348,0.368967713357021,0.556885978971873,-0.260394266403897,0.169097792973048,-0.784959495835631,0.232862849873414,0.132071546715534,0.220202320024865,0.161183060378067,0.336873924384061,0.33547995705198,0.317368362509243,-0.290858908190218,0.228026600061182,1.98143243350378e-14,6.46208385892521e-15,3.91820698578564e-15,2.39197451792366e-15,7.90850747842314e-16,-3.2021068025096e-17,-2.15141721981522e-15,2.33549533953435e-15,-8.08253731014994e-16,-2.3464255077083e-15,-3.82850838245471e-15,2.5147421374529e-15,5.59165768863667e-16,-3.05006985729177e-16,5.32799071578884e-16,8.86277196884844e-16,-3.00611373936809e-18,7.89872499688397e-16,"Asian SEA2a","DQ866105"
"DQ866106",-7.73899311362166,-0.78624219063152,-1.57608112069744,-0.858167646721939,1.83748200310036,-2.46183553745606,0.859030087134878,-0.89874150213269,1.04018366385704,0.902944824996011,-0.720998783636458,0.904236792458392,0.0160695264201128,0.258077017412255,0.104491312058572,0.0708668040187107,0.125079371396566,0.617771614424193,-0.126963594562347,0.0848884861480235,0.0464484319025403,0.250703462151612,-0.0360536052461039,0.0836107823170737,-0.00389563790306694,0.123379626814048,0.397472924779097,0.331950245866231,-0.0889067330195628,-0.0888642550501756,0.0800016259299396,0.0357519328883076,-0.158111544950425,-0.219271082455649,0.2699405787822,0.183888885401382,0.321738198906543,0.177554778318016,0.135132105184741,-0.205375450913556,-0.276107175197835,1.67903733118633e-14,4.86083785583496e-15,-6.12135158026248e-16,4.08813189465104e-15,2.10060015199623e-15,-8.22313501832095e-17,-1.96096257364241e-15,8.09076386527548e-16,-8.00268002232385e-16,-1.85025085053688e-15,-1.22759680890245e-15,1.70990314467547e-15,3.36708291385624e-16,-3.56119212945703e-16,7.11662622994772e-16,1.02852912064838e-15,2.30682959216669e-16,7.57681791345146e-16,"Asian SEA2a","DQ866106"
"DQ866108",-7.79834146956628,-0.92557694697296,-1.19077429085158,-0.581698514329155,0.476406800570236,-2.20930393371865,0.0428155075709235,-0.348495681366356,0.928700028640625,1.48078525496907,-0.154037965300299,0.797518655546107,-0.494010612247924,-0.0431990252205624,-0.0844224783485176,-0.0139461274993491,0.206257608819934,0.349927164798648,-0.540980302885259,-0.476852044152318,-0.545884852877062,0.599393056682851,-0.2439257637133,0.0217120555248075,0.170594682230646,-0.366594718543084,-0.010539906886778,0.173136664362618,0.130422938202817,-0.0782202984132809,0.00803442138699862,-0.393079804031831,0.0827329341527502,-0.101407638906117,-0.234344954132682,-0.119799830879828,-0.209747803831108,0.0301304578909601,0.126344806637884,0.0107373145653276,0.211026296262909,1.62963023818617e-14,4.32068833350268e-15,-3.14364744430119e-17,3.25546462618217e-15,3.08592308635106e-15,-6.92854013727046e-16,-1.84647082422794e-15,7.31013830108591e-16,-4.50721221823058e-16,-2.31244623666745e-15,-1.09879359081118e-15,1.63184058825651e-15,9.99372659208764e-16,-6.80512502953366e-16,7.32099833946124e-16,1.00402615155021e-15,1.07300751987819e-16,7.93650198417353e-16,"Asian SEA2a","DQ866108"
"DQ866109",-8.08062037607487,-1.03441137643286,-1.53210034445791,-0.672595296750074,1.1108330139621,-2.38610223740441,0.630558718874053,-0.656783538495749,0.939508097920683,1.17202567744256,-0.290945490382548,0.582461698078819,-0.146998118736782,0.0550785649798083,0.238758747158713,-0.0211793342784385,-0.0580867111662925,0.509992127698554,-0.291673002996887,-0.0728947159066287,-0.462639419658711,0.537382648493769,0.0784365110168913,0.125655415862178,-0.204238755183051,-0.0450035097823313,-0.140363797596482,0.116250423783463,-0.06618586690664,-0.011317040331345,-0.0755850109842588,-0.106146078761485,0.0446079469947608,0.0658601767117599,-0.215688992858762,-0.3205516124438,-0.062756785999346,0.284872701307862,0.197766420412657,0.154676036952434,-0.12740667055948,1.6573858138018e-14,3.80721018461355e-15,-1.00288162099002e-15,3.48444812501111e-15,3.62715681085583e-15,-8.03876316189561e-16,-1.81351107818438e-15,1.74409234007905e-15,-3.11943343744914e-16,-1.53529011942984e-15,-9.04504561501773e-16,2.02041864687532e-15,1.87522072451618e-16,-7.91534805415881e-16,8.70877712024269e-16,1.2286728416892e-15,2.18323054450334e-16,1.01569480334238e-15,"Asian SEA2a","DQ866109"
"DQ866110",-6.98773217556513,-0.917232324886334,-1.8224219923975,0.684516160695825,-0.142510951864231,-1.58738789859943,-0.29414747768003,0.943462134602426,0.505230796244052,1.16258539704292,0.465525141362768,-1.123752788017,-0.269057477529091,-0.576943388286574,-0.494686474849751,0.380692487341169,-0.139506665569716,-0.47350317910968,0.498033082443264,-0.904724818291248,0.0872392135595591,-0.113100634772563,-0.416557978050953,-0.270381492069541,-0.521277374548599,-0.00633999201334595,-0.167426948458543,0.142061492296827,-0.602537325589677,0.205908811367244,0.334972982630634,-0.221710442942065,0.00732415460011933,-0.0533114810943097,-0.0531389538398006,0.143449916796392,0.160332380672142,-0.117730832973661,0.256227275938258,0.223317728282122,0.113830718638108,1.33858728139368e-14,1.85812775368276e-15,-1.83326869881547e-15,3.0997416961222e-15,2.48394086039568e-15,-1.25326639511277e-15,-2.07367992404801e-15,1.08110396380131e-16,-9.79991355136698e-16,-3.17432228661823e-15,-5.42074757216645e-16,3.06291475586158e-15,6.56310283518368e-16,-5.25750548047226e-16,6.72552731612266e-16,1.39498485621504e-15,1.58323169526475e-16,4.62118182946029e-16,"Asian SEA2a","DQ866110"
"DQ866112",-8.10417344731925,-0.910013353145936,-1.63968345803935,-0.331148649609631,1.64389184630673,-2.11354292148279,0.873877701527292,-0.848616861094011,0.925010233240151,0.853002838797808,-0.860456909145997,0.979934356198281,0.308193722848266,0.230502345420946,-0.036594028092391,0.415783742124254,0.219488848091921,0.601543705415419,-0.206620787104662,0.103596021319266,-0.328977105532731,0.252590291824399,0.212523453573533,0.361084238934738,0.000278293818080082,-0.264693218191737,-0.533526853474866,-0.15624880323062,-0.380211831066032,0.282276293322875,-0.52752669489929,0.576548370457937,0.181871092275404,0.0892804034505026,0.0499256624717019,0.375362665677805,0.0916605640951787,0.0566425650860401,0.0858274285592775,0.122622758216976,0.200289815458492,1.60692162368346e-14,2.22427501278471e-15,-1.01415732358387e-15,2.49912519065629e-15,5.04654554097572e-16,-2.76520379492612e-16,-2.18972923203685e-15,1.79371764747967e-16,-4.03883687971685e-16,-1.9987865481674e-15,-9.78581451725573e-17,1.53990024402974e-15,9.4733095492946e-16,-4.83946649081744e-16,7.34864549485962e-16,1.29372497203833e-15,1.39609976727887e-16,8.61304413980448e-16,"Asian SEA2a","DQ866112"
"DQ866116",-6.68301893856165,-0.644735565381116,-1.88654375406253,0.52352450934428,-0.326069269736289,-0.934793710966027,0.621778271371197,1.11983698091708,0.402488412728074,2.40913139148495,-0.362275371545738,-0.254258375755316,-0.418359444479497,-0.92382767568563,-0.251201014863865,-0.47261769517803,0.253209138026892,-0.377295922364549,0.952812292740886,-0.1658010843231,-0.43953158013069,0.32966226237989,-0.0932706939283134,0.169858013670122,-0.0620172107532083,-0.271563657186564,0.286313575416215,-0.320708269074955,0.109549508188567,-0.315212563577684,0.110615042998688,-0.367086883118333,-0.129234258355149,-0.0287716131369819,0.0994945164664435,0.0747337628043821,-0.132293310961909,0.304013320958671,-0.128391143652675,-0.136317918516301,0.0611479731537671,1.59252476414113e-14,2.70657772366007e-15,5.16025643926025e-16,2.86669297742701e-15,2.72158873418293e-15,-1.24541858342117e-15,-1.55225347422373e-15,1.72137663371565e-15,-8.7309250815917e-17,-1.35164648351974e-15,-7.8690557794751e-16,2.18596771082461e-15,-1.06972244010572e-15,-4.91849432837572e-16,7.6851884512601e-16,1.22319056981505e-15,3.88186319047101e-16,5.36576830987196e-16,"Asian SEA2a","DQ866116"
"DQ866119",-7.72594653774205,-1.09862348535499,-1.84947177961598,-0.637675334596181,1.31970055621991,-2.52086184841422,1.03439066966659,-0.710132375798105,0.820222447083918,0.858656724012559,-0.369319922306118,0.606507067292333,-0.143423670719172,0.78781294977989,0.233858763474364,-0.0684642214850794,0.177077645746613,0.525993733313264,-0.143539616686402,0.094855054644175,-0.385789230649864,0.229846290741726,0.238542435229004,0.257355632649008,-0.133851867935762,0.254532357384165,-0.314002100704816,0.405316297204586,-0.388598249391247,0.1510987823949,0.13623836018621,-0.111038096555556,0.146489947795253,-0.096755600817267,0.0651278238654501,-0.319900662942526,0.046420581600796,-0.3030287951536,0.453067779288874,0.209882733492239,0.236631467931801,1.55191462646241e-14,2.89127618929779e-15,-3.78381169638373e-16,1.48604668068583e-15,3.11367866196669e-15,-1.09530986015366e-15,-2.69648532745658e-15,1.03632516188051e-15,-4.22965646207429e-16,-2.71490208309407e-15,-8.28176728558793e-16,1.60408501264088e-15,1.36019514221194e-15,-6.96125014237157e-16,6.9198435356416e-16,1.21219296866742e-15,1.81893861454821e-16,8.93396798286019e-16,"Asian SEA2a","DQ866119"
"EU086182",-7.84613021927523,-0.920837624456044,-1.77689624335133,0.120264297608218,0.414190021595869,-1.96793329930875,1.26605297594259,-1.01125383571433,0.455001546036081,0.597531342052746,-0.0790614585886255,-0.0726085060872172,-0.621499439309853,-0.516310270302168,-0.160772641623842,0.274150179481324,-0.562053425778073,-0.266083124807652,-0.257016431799889,0.629968139531752,-0.838406987705152,-0.251591481372841,-0.543622627752808,0.121160740451404,-0.200257766124455,-0.351825851507117,-0.0260322200463119,0.0356661572301241,0.121029039021504,0.138957001876405,0.0102488592649314,0.177192635736965,-0.006015570001141,0.0792171210939159,-0.159004316222802,0.144225404100237,0.135787942519446,-0.141840245040183,0.20842078176016,-0.366768781343828,-0.202516157472445,1.77192546474447e-14,6.01408471508025e-15,2.12743845291169e-15,2.87875865621053e-15,1.13795903963319e-15,-2.34135211685044e-15,3.57767482521027e-16,1.81255666683749e-16,-6.88462634991119e-16,-1.89262332357366e-15,-2.05763981883e-15,2.63634036353422e-15,3.39981858819076e-16,-5.45351198446796e-16,1.11522202990063e-15,7.89800649409493e-16,1.36759757330733e-16,1.2263581078451e-15,"Asian SEA2a","EU086182"
"EU086183",-7.87199099181995,-0.765766475349352,-1.98641836544054,-0.599347183485396,0.553169193105007,-1.62285420275999,1.45649676166609,-0.349567300258079,1.28597380415141,1.23038685801156,-0.979325553682924,0.771303199569292,0.213281452741297,-0.802459377917278,1.0826532345174,-0.214427650788555,0.34819921908544,-0.46641963065675,-0.622420143993611,0.329502586433225,-0.931454321821282,0.384157875877481,-0.559972829494234,0.776161106582652,-0.26245948024427,0.412255594758756,-0.608291057632639,0.002783838310484,-0.362993105880135,-0.0495448998089623,-0.681677312934466,0.158676109734589,0.114511083674141,0.061257505801527,0.0578125034795098,0.542204796747968,-0.313100267087342,-0.233003238372499,0.450858071499876,-0.098445324915591,0.0942814162011581,1.68865873789758e-14,3.97404990733152e-15,1.98425947625481e-16,1.44934651200564e-15,2.58124897164589e-15,-2.5968394567827e-16,-2.77141309686484e-16,-6.2365602616949e-16,-1.60439663030687e-15,-8.93422601411022e-16,-2.81282979429753e-16,2.35878460737793e-15,1.60286054933019e-15,-4.34328895984281e-16,7.82155122513087e-16,1.23388985925956e-15,-8.5284847594298e-17,7.82268897995038e-16,"Asian SEA2a","EU086183"
"EU159386",-7.84613021927523,-0.920837624456044,-1.77689624335133,0.120264297608218,0.414190021595869,-1.96793329930875,1.26605297594259,-1.01125383571433,0.455001546036081,0.597531342052746,-0.0790614585886255,-0.0726085060872172,-0.621499439309853,-0.516310270302168,-0.160772641623842,0.274150179481324,-0.562053425778073,-0.266083124807652,-0.257016431799889,0.629968139531752,-0.838406987705152,-0.251591481372841,-0.543622627752808,0.121160740451404,-0.200257766124455,-0.351825851507117,-0.0260322200463119,0.0356661572301241,0.121029039021504,0.138957001876405,0.0102488592649314,0.177192635736965,-0.006015570001141,0.0792171210939159,-0.159004316222802,0.144225404100237,0.135787942519446,-0.141840245040183,0.20842078176016,-0.366768781343828,-0.202516157472445,1.77192546474447e-14,6.01408471508025e-15,2.12743845291169e-15,2.87875865621053e-15,1.13795903963319e-15,-2.34135211685044e-15,3.57767482521027e-16,1.81255666683749e-16,-6.88462634991119e-16,-1.89262332357366e-15,-2.05763981883e-15,2.63634036353422e-15,3.39981858819076e-16,-5.45351198446796e-16,1.11522202990063e-15,7.89800649409493e-16,1.36759757330733e-16,1.2263581078451e-15,"Asian SEA2a","EU159386"
"EU828653",-6.97334173429402,-0.87646223520637,-1.70338033094577,0.0665844196170523,-0.42870080003479,-1.59810091042679,0.215510917548743,1.19825433963781,0.589989564601887,1.37884369020894,0.380509421631281,-0.659475824399641,-0.44484418039386,-0.47538735612817,-0.645776151459986,0.338329224179028,-0.428235483469062,-0.933289768107885,0.68600697096127,-0.182792556273748,0.103154692650069,0.141599661601546,-0.832478631298515,-0.496220945115106,0.435266930375116,-0.33737349130139,-0.779916924305771,-0.20404311254919,0.42155716142728,0.227987442224991,0.100348215524316,-0.677671953624287,0.0657459014189934,0.228368059090785,0.269990456745967,0.0758276067021786,-0.29586538828636,0.404531570203687,-0.354033660131154,0.121318130746829,-0.208672326110804,1.42479192173848e-14,4.84997887683464e-16,-2.90630695500558e-15,4.88610469360037e-15,2.11447793980405e-15,-3.45909318531684e-16,-1.71311395701223e-15,3.74528155795357e-16,1.0784375222505e-15,-1.92863866760759e-15,-2.06590192866824e-15,2.33093414907517e-15,-1.87679886396078e-15,-6.7194730579073e-16,5.86084906366639e-16,1.34533299544864e-15,-1.26995337486299e-16,6.07574000564528e-16,"Asian SEA2a","EU828653"
"FJ561726",-7.34430820608544,-0.336917950614501,-1.12274083289399,0.263781582806806,0.565575810513369,-1.85675194070519,-0.207025415247217,1.61315327729647,0.729463597828688,1.04574229152722,0.544797003795228,-1.33842843221988,-0.17183150033579,-0.781926160998786,-1.03014385639368,-0.183302551106139,0.281734915842781,-0.316225945047283,0.50418783916185,-0.802073017190022,-0.0346632741625301,0.796944192231076,-0.221859709085248,0.266623199844445,-0.167901707582123,0.0675952839674018,-0.181312227273411,-0.157614351117625,0.129905117442685,-0.0508432211153779,-0.07772367586729,-0.300989485425351,-0.185344489742174,-0.187041890632805,-0.145707973256147,0.171578231456089,-0.026582903952836,0.123698132299684,-0.202358676870744,0.14686892766789,0.229234221602036,1.385064883406e-14,6.00216124911588e-16,3.40832305582246e-16,3.79084335952174e-15,2.46090096778309e-15,-5.52032931867197e-16,-1.79887866876509e-15,4.80400095294213e-16,-5.37987569522933e-16,-2.05361808550753e-15,-3.77237318114229e-16,3.0721489043067e-15,-1.55856094978302e-15,-5.33773543623833e-16,6.62403068718371e-16,1.59280496285739e-15,6.09032062083002e-16,5.40165993462269e-16,"Asian SEA2a","FJ561726"
"FJ561727",-6.92784860336846,-0.0809817166664586,-1.25073536583639,0.885347667128845,-0.340078387848775,-1.69830955011649,-0.374173489932437,1.10277987683012,1.04430438648099,1.22493596008568,0.595954150221302,-1.61346463110126,0.0447941736901889,-1.06527205122011,-0.277441286684398,-0.57562747274094,0.00083986342033793,-0.378392482420973,0.738918617967144,-0.749662667700594,0.693341575588892,-0.238839253751462,-0.179587279335533,0.0892604685335457,-0.490805146908983,-0.0302594229040132,-0.438834690577468,-0.0484817716881804,0.051285463577929,-0.229505773438839,0.456017605526697,-0.280802369624334,-0.0343550211975315,-0.297831014571395,-0.100589220015118,0.233579671660357,-0.712793515939267,-0.245970999266129,0.29154521993593,0.124640206944767,-0.146378730390175,1.34170978365043e-14,1.38975241516903e-15,7.41060939534114e-16,3.87689781335981e-15,4.0382530948709e-15,-4.76110277875159e-16,-1.65647892807559e-15,5.93832969653637e-16,-1.29918047471643e-15,-1.70978199202482e-15,-1.40249760130114e-15,3.32659272421005e-15,-1.57801355353976e-15,-5.21413739357284e-16,7.02043030703872e-16,1.68468367670317e-15,2.12099597281756e-16,3.40253858758658e-16,"Asian SEA2a","FJ561727"
"FJ561728",-7.02640527469714,-0.488333711244826,-0.597919682071751,1.39254312962017,0.367051084004556,-1.34268619065145,0.0812096467423091,2.20392190080333,0.877543479051471,1.69140741605705,0.772317556542341,-2.40389921275295,0.243433513613829,-0.875085862301448,-0.300346937408533,-0.507057435395532,0.606397838596541,-1.02488866342713,0.398039510010021,-1.37683781569648,0.582331145816719,-0.72570543534697,0.201992247404904,-0.210323051153015,-0.650915344402824,-0.3288793437353,0.0461424716758465,0.111085497756641,-0.276940761572423,-0.562316414342136,0.168674429499211,-0.512597498898485,-0.364518965469269,0.0634981323480593,-0.238151541078669,0.173799415215029,0.11420524192477,0.0278934073643547,-0.343929966463436,-0.0360874920067835,0.0868702054519369,1.3816040735058e-14,2.68055687152042e-15,1.83268076219242e-15,3.78262697274276e-15,3.77630060757683e-15,-1.13439628095866e-15,-1.46551730042489e-15,3.12781171222485e-16,-2.36673589824944e-15,-2.97187821008208e-15,-1.43222271101088e-15,3.02557387319739e-15,-1.30564483283857e-15,-7.31674953391366e-16,6.80806889371933e-16,1.70891314308855e-15,1.86091034095803e-16,3.0737649172376e-16,"Asian SEA2a","FJ561728"
"FJ866829",-7.30843404022597,-0.268807460928263,-0.626994187088312,0.903736074732456,0.160281663687497,-1.63962455323642,0.16483002426716,2.23876220035661,0.934870038834727,1.33107667554553,0.300783388369745,-2.58255671628958,0.00346023800802297,-1.12243059173634,-0.681076820102803,0.0556467050001008,1.21931057744343,-0.91885846637849,0.252490161936566,-1.47098214404416,0.0846285814242668,-0.494702116059877,0.369708745172381,0.114948712453331,-0.55201191324964,-0.0211004789454425,-0.158617026794473,0.0988834649862914,-0.138665295558979,-0.384732187427001,-0.00876002745221637,-0.250869427871084,-0.490223204738923,0.188434171267723,0.198641477632113,0.266551542441861,0.0293666432004719,0.0723600243389212,-0.314315686122788,0.208443579429817,-0.0289413881489576,1.3593996130133e-14,1.66747836154996e-15,-1.79598469940675e-16,3.69936024589588e-15,3.27670024649551e-15,6.41960558441591e-16,-1.18622682079263e-15,-3.41635239728765e-17,-2.36673589824944e-15,-2.77758918077267e-15,-5.44044291310757e-16,2.35944005842229e-15,-1.30564483283857e-15,-7.31674953391366e-16,7.3631804060319e-16,1.69156590832879e-15,4.08135639020834e-16,5.29421096648791e-16,"Asian SEA2a","FJ866829"
"FJ866830",-7.46044882766438,0.36832412199293,-0.200572075574911,0.936534961285014,0.835045048292306,-1.88410979462169,-0.124666176724358,1.77568924782968,0.852784267078307,0.953028622282436,0.675587372034758,-2.31844983209008,0.112463999749092,-1.18522891378834,-1.12661222207541,0.0887211421117959,0.71928358089274,-0.185668034304537,0.977144990699857,-0.9365175034939,-0.054673060572761,0.330021850345134,0.622388903906391,0.465031191400026,0.0699737345367804,-0.170865517714575,-0.827097089975208,0.303878226296624,0.0449294401303317,-0.216609212230969,0.199912177187315,-0.11598525630243,-0.404779053050732,-0.227059200672029,0.0990964438218219,0.369266238552864,-0.378930645804065,-0.18540157914759,0.23725854193197,0.307980250734065,-0.196347172326051,1.32083674670795e-14,-2.31583781819291e-16,1.34350247469684e-15,2.45857572997155e-15,3.01601248009567e-15,4.47167790295444e-16,-1.29125521160738e-15,3.22540258980324e-16,-1.78351902527428e-15,-2.21841681572533e-15,1.3971027772686e-16,2.59336522493711e-15,-1.26712740581892e-15,-5.15125266257082e-16,7.10107964307734e-16,1.72464394703163e-15,5.47883059554819e-16,5.29974493040905e-16,"Asian SEA2a","FJ866830"
"FJ866831",-7.65279012295961,-0.317246136754125,-0.661321071392717,0.00385733173049177,1.17543124992016,-1.60618328463473,-0.34267429359065,1.7102715550528,0.527134115987631,1.11049352055917,0.514949761164111,-1.97795757938665,-0.106963411901333,-0.781510081743338,-1.25304727427267,0.385838775356054,0.841973404794103,-0.388993799409041,-0.0827078577799614,-1.38659616101967,-0.441651081353825,0.52713097737486,-0.0211489401623024,-0.0645062113233233,-0.119960294241806,0.304768532472815,-0.710988934121188,0.13418134875754,-0.2929626073274,-0.246001097730287,-0.184505045008585,0.111761311332639,-0.28643513093454,-0.0936326370514709,-0.091648074480889,0.40584254934362,-0.0175115967025237,0.051127695111164,-0.349501332178199,0.0533732293129088,0.176114844816422,1.2013793513435e-14,7.89317203805571e-17,-1.64195662745924e-15,3.48553202774982e-15,1.794767153008e-15,5.85897316766391e-17,-9.77920783759070e-16,-7.35641061365529e-16,-2.29526245068744e-15,-2.39188916332301e-15,6.79209278755647e-16,2.75989867863088e-15,-1.07283837650952e-15,-4.48338412431975e-16,6.37357998533956e-16,1.67260224275232e-15,4.19513522332536e-16,4.96906326780097e-16,"Asian SEA2a","FJ866831"
"GQ472468",-7.75601373828114,-1.09648264246276,-2.1530183262399,-0.379516104570865,1.57097255145677,-2.40988133947996,0.943721075912164,-0.877839897442142,1.0361416887263,0.71542412072778,-0.511625771855646,0.789306846060208,-0.193412771985451,0.163496446490452,0.379719783800232,0.0397292851002883,-0.116764360551879,0.533104906118493,-0.197767426926412,-0.413954844245573,-0.355694094052704,0.417855170666513,0.255683388310368,0.0587276692042631,-0.0540119177611603,0.00803808483352436,0.0977568913515814,-0.105206555294455,-0.149346551460274,0.495998095118787,0.253540406292784,0.081103330018957,0.150791924170715,-0.373177148502347,-0.0359537356934509,0.159980853576019,-0.0753644847780416,0.10207889541239,0.10346358385599,-0.0202454511980504,-0.275157578979377,1.68161773235685e-14,3.37049354953639e-15,-1.51072191858223e-15,3.64404268480098e-15,2.19774466665094e-15,-2.21009228261354e-16,-2.24383092044388e-15,1.03025362971459e-15,-3.76995474094044e-16,-2.51031313314606e-15,-8.90193092824964e-16,1.3109167452008e-15,1.52827602932082e-16,-3.12642705829034e-16,7.12367354406888e-16,1.06539199451288e-15,2.29165076175189e-16,7.2767649622161e-16,"Asian SEA2a","GQ472468"
"GQ472470",-7.92273579860432,-0.780889561955661,-1.8346287047339,-0.682056456262503,1.52323176121174,-2.62492157641792,1.05289592678472,-1.38871154359282,0.961124422422964,1.15909563591848,-0.869605015801664,0.307713074440282,-0.670395164585523,0.488372105981638,-0.212754610368455,0.103900458582629,0.533833091485178,1.12475428482102,0.0451020735003898,0.251865099759671,-0.146892640258096,0.607121310219238,-0.353311802306072,-0.287313874410774,0.0500985797362799,0.218417133853106,0.421126924769575,0.109550620946809,-0.381510987865857,-0.130198729987455,-0.25918343366692,-0.230959805699287,-0.155380252964643,-0.135128493274353,0.396458661405871,-0.145203496014357,0.00343942692220889,-0.206623949822368,0.00908065164658239,0.320807398355728,0.126978885326529,1.55049245088383e-14,3.43562164639568e-15,-1.38868699996663e-15,2.44469794216373e-15,3.12703478255818e-15,-4.13255053789052e-16,-2.2843844016041e-15,1.05285884236656e-15,-6.12580678989936e-16,-2.01675521164303e-15,-1.52215481225892e-15,2.23254274193393e-15,9.60257537335302e-16,-5.51120778383601e-16,6.21528646815668e-16,1.06154589833949e-15,3.0025128335913e-16,5.79197271671747e-16,"Asian SEA2a","GQ472470"
"GQ472473",-7.7650664479105,-0.954795900192979,-1.35752940422121,-0.692513498145795,1.23780006273931,-2.86802577766583,1.37882695069051,-0.504712790479678,1.0541186947673,0.83403349090458,-0.515023341707356,0.767502263822568,-0.241938706709186,0.425467212370504,0.399422367531664,0.291501081581045,0.0849494356422754,0.752665048697632,-0.118999713439996,-0.0169142175185932,-0.0534264707434655,0.347037877188964,0.072132729566882,0.372671174645975,-0.244361089800015,0.147686899319782,-0.026517308735625,0.0425835306961076,-0.197272637231958,0.156204884358905,-0.0706898137429746,0.269215214877033,0.0982138410861234,-0.144293019391471,-0.265446839951704,-0.184188118606895,-0.0763255900135422,0.0856463213069461,-0.0704918309554356,-0.0196865880084702,0.261508421576868,1.60187466257054e-14,2.69004826608448e-15,-7.94714803872807e-16,2.14524160155702e-15,2.79448954238696e-15,-1.59491022123499e-15,-2.29923365145789e-15,1.16122525215084e-15,-4.82653753964391e-17,-2.10427941955024e-15,-9.32260137117402e-16,1.40979598333148e-15,8.60594781130619e-16,-6.80512502953366e-16,8.15366560793011e-16,1.18964156347972e-15,3.2934535691285e-16,9.04672500879869e-16,"Asian SEA2a","GQ472473"
"GQ472477",-7.95592113374497,-1.13744515209744,-1.90506022423211,-0.203445647471952,1.54873907052741,-2.43969511404807,1.34687215626095,-1.1349538384191,1.21281511293139,0.68809031449305,-0.426343563389751,0.932151152744819,0.320502542509111,0.722516650148091,0.465302118000225,-0.319041939355141,-0.174925650884176,0.886805228224167,-0.0759579304716094,0.346518119492125,0.573715339966782,-0.133264251313987,0.074376397286071,0.0288322497262893,-0.294039549701292,-0.0764299574222911,-0.350464343366572,0.0161146084805278,-0.540695466721156,-0.016186777090525,-0.311154279041213,0.129392900992601,-0.0866321807068129,0.131822389929464,0.014119245691536,-0.193444808852147,0.336835250341381,0.0133416717910499,-0.0503579923018116,0.0533676318034278,0.422706583345762,1.7479221162152e-14,3.59514023967538e-15,1.95695246954161e-18,2.67953643215787e-15,2.36427812034471e-15,-1.91409934081472e-15,-3.06045199675996e-15,1.09530576006372e-15,-7.03990849315672e-16,-1.80200385386128e-15,-1.62094535708019e-15,2.40032308811424e-15,2.91605481010227e-16,-5.91824765244051e-16,8.64480919206604e-16,1.21110876649494e-15,7.6834670940976e-17,9.89999211854478e-16,"Asian SEA2a","GQ472477"
"GU358653",-7.81847637715355,-1.34130998415498,-2.04602703736502,-0.700573845111246,0.572712766731219,-1.92207888179613,0.967228152282318,-0.663539894830951,1.31794526735071,0.864999685361945,-0.612103607280515,0.281832989905331,-0.236792526055603,-0.408292772069071,0.633703199142341,0.150863354470663,0.387064851708447,-0.294183494307923,-0.423096253178293,-0.128556822420624,-0.556119768037978,0.0147232439999129,-0.926691389323029,-0.12551435353796,-0.213380000918751,-0.0337545132466515,-0.551508729154642,-0.00612889999114297,-0.445163913577432,0.184888171067874,-0.175063098509804,0.0684591747034207,0.00896902904596509,0.0221362872634894,0.0436158824622905,0.00744629029239259,-0.196629201360035,0.0842031874506795,0.245151794866329,-0.262617934013145,-0.219344086915972,1.66645427740508e-14,5.30631753688171e-15,-1.02281937946219e-15,3.97510389302787e-15,3.21962721080536e-15,-5.92750853065817e-16,-7.76481099491514e-17,-1.10177877280355e-16,-7.71729361838006e-16,-1.33751181126108e-15,-1.16946139912988e-15,2.08122885122164e-15,6.73048766206623e-16,-5.45351198446796e-16,7.82155122513087e-16,1.01184525433452e-15,-3.07329452519329e-16,7.82268897995038e-16,"Asian SEA2a","GU358653"
"HM486355",-5.33848058793293,-0.303188806261536,-0.734056593293876,-1.65827161234482,-0.650862757710449,1.19903896458998,-4.05258251078392,-0.492394527810605,-0.000654171605329909,-1.5780086924371,-0.4960159083109,0.479760811818865,-0.014478582290347,-0.198031467889983,-0.213151748411339,0.0809181241413181,-0.0686006119883106,-0.219359265122682,0.062868616530062,0.0468889065182933,-0.101914704177617,-0.191495491457669,0.0203100660169082,-0.12499836856061,0.0213494386178676,0.0442198989499625,0.016253523090062,-0.115989459575703,0.0241435461453377,0.0320203743970278,0.00764867515595262,0.0197554822206087,-0.0277951573724331,-0.00331996171553774,0.0176239402364143,-0.0273810888143008,-0.0438146528536575,-0.0610457889200637,0.0205960833669642,0.0114623001554352,-0.0164779614154572,1.65103910211156e-14,5.3394584625329e-15,1.75294670444766e-15,1.06511044826292e-15,5.18736873180683e-16,2.36539767134767e-15,-2.83987086526822e-16,3.0862545697103e-16,9.1192628485788e-16,-1.75912633460613e-15,7.61017358939731e-16,5.79549505461177e-17,9.28879740693074e-16,-6.28681330854204e-16,4.27218827805862e-16,7.17442141878714e-16,1.16902600818258e-17,2.96021055932041e-16,"Asian SEA2a","HM486355"
"HM486356",-5.31649289860199,-0.141421006168665,-0.628366559801698,-1.80822237038892,-0.465460086646704,1.09433272635774,-4.09258422100813,-0.762500998455489,0.0091124745648459,-1.31838937242983,-0.331794736105098,0.430188547642271,-0.111065883153578,0.00841921785537876,-0.174545983185347,-0.107184388869696,0.102469018642718,-0.35578061563763,0.274760625762567,0.0597845216986412,-0.170957509203835,-0.175382705074603,-0.122245275243673,-0.0900254158603837,0.169603396513079,0.0049435370244179,0.274509035140915,-0.187480806178716,0.0336553965473958,0.0587174727678201,-0.0138319746205148,0.246446681450065,-0.072169156872067,0.114222480980097,0.309334514549741,0.0621262754830401,-0.0156307180875283,0.0255649089866816,0.129772579785979,-0.140542601842204,-0.0450519930609545,1.70950142837411e-14,6.00582938599599e-15,1.99705022556161e-15,1.3454539314104e-15,6.25043492640158e-16,2.44132032533971e-15,8.67456316881268e-17,2.38177642876913e-16,7.40539361496497e-16,-1.36324853684411e-15,9.53532955888537e-16,-1.90671037583811e-16,6.38810274683954e-16,-6.13285760504695e-16,4.56884129804496e-16,5.19188354367373e-16,5.36428347027121e-17,2.48873007331638e-16,"Asian SEA2a","HM486356"
"HM486357",-5.33848058793293,-0.303188806261536,-0.734056593293876,-1.65827161234482,-0.650862757710449,1.19903896458998,-4.05258251078392,-0.492394527810605,-0.000654171605329909,-1.5780086924371,-0.4960159083109,0.479760811818865,-0.014478582290347,-0.198031467889983,-0.213151748411339,0.0809181241413181,-0.0686006119883106,-0.219359265122682,0.062868616530062,0.0468889065182933,-0.101914704177617,-0.191495491457669,0.0203100660169082,-0.12499836856061,0.0213494386178676,0.0442198989499625,0.016253523090062,-0.115989459575703,0.0241435461453377,0.0320203743970278,0.00764867515595262,0.0197554822206087,-0.0277951573724331,-0.00331996171553774,0.0176239402364143,-0.0273810888143008,-0.0438146528536575,-0.0610457889200637,0.0205960833669642,0.0114623001554352,-0.0164779614154572,1.65103910211156e-14,5.3394584625329e-15,1.75294670444766e-15,1.06511044826292e-15,5.18736873180683e-16,2.36539767134767e-15,-2.83987086526822e-16,3.0862545697103e-16,9.1192628485788e-16,-1.75912633460613e-15,7.61017358939731e-16,5.79549505461177e-17,9.28879740693074e-16,-6.28681330854204e-16,4.27218827805862e-16,7.17442141878714e-16,1.16902600818258e-17,2.96021055932041e-16,"Asian SEA2a","HM486357"
"HM486358",-5.33848058793293,-0.303188806261536,-0.734056593293876,-1.65827161234482,-0.650862757710449,1.19903896458998,-4.05258251078392,-0.492394527810605,-0.000654171605329909,-1.5780086924371,-0.4960159083109,0.479760811818865,-0.014478582290347,-0.198031467889983,-0.213151748411339,0.0809181241413181,-0.0686006119883106,-0.219359265122682,0.062868616530062,0.0468889065182933,-0.101914704177617,-0.191495491457669,0.0203100660169082,-0.12499836856061,0.0213494386178676,0.0442198989499625,0.016253523090062,-0.115989459575703,0.0241435461453377,0.0320203743970278,0.00764867515595262,0.0197554822206087,-0.0277951573724331,-0.00331996171553774,0.0176239402364143,-0.0273810888143008,-0.0438146528536575,-0.0610457889200637,0.0205960833669642,0.0114623001554352,-0.0164779614154572,1.65103910211156e-14,5.3394584625329e-15,1.75294670444766e-15,1.06511044826292e-15,5.18736873180683e-16,2.36539767134767e-15,-2.83987086526822e-16,3.0862545697103e-16,9.1192628485788e-16,-1.75912633460613e-15,7.61017358939731e-16,5.79549505461177e-17,9.28879740693074e-16,-6.28681330854204e-16,4.27218827805862e-16,7.17442141878714e-16,1.16902600818258e-17,2.96021055932041e-16,"Asian SEA2a","HM486358"
"HM486359",-5.33848058793293,-0.303188806261536,-0.734056593293876,-1.65827161234482,-0.650862757710449,1.19903896458998,-4.05258251078392,-0.492394527810605,-0.000654171605329909,-1.5780086924371,-0.4960159083109,0.479760811818865,-0.014478582290347,-0.198031467889983,-0.213151748411339,0.0809181241413181,-0.0686006119883106,-0.219359265122682,0.062868616530062,0.0468889065182933,-0.101914704177617,-0.191495491457669,0.0203100660169082,-0.12499836856061,0.0213494386178676,0.0442198989499625,0.016253523090062,-0.115989459575703,0.0241435461453377,0.0320203743970278,0.00764867515595262,0.0197554822206087,-0.0277951573724331,-0.00331996171553774,0.0176239402364143,-0.0273810888143008,-0.0438146528536575,-0.0610457889200637,0.0205960833669642,0.0114623001554352,-0.0164779614154572,1.65103910211156e-14,5.3394584625329e-15,1.75294670444766e-15,1.06511044826292e-15,5.18736873180683e-16,2.36539767134767e-15,-2.83987086526822e-16,3.0862545697103e-16,9.1192628485788e-16,-1.75912633460613e-15,7.61017358939731e-16,5.79549505461177e-17,9.28879740693074e-16,-6.28681330854204e-16,4.27218827805862e-16,7.17442141878714e-16,1.16902600818258e-17,2.96021055932041e-16,"Asian SEA2a","HM486359"
"HM486361",-5.33848058793293,-0.303188806261536,-0.734056593293876,-1.65827161234482,-0.650862757710449,1.19903896458998,-4.05258251078392,-0.492394527810605,-0.000654171605329909,-1.5780086924371,-0.4960159083109,0.479760811818865,-0.014478582290347,-0.198031467889983,-0.213151748411339,0.0809181241413181,-0.0686006119883106,-0.219359265122682,0.062868616530062,0.0468889065182933,-0.101914704177617,-0.191495491457669,0.0203100660169082,-0.12499836856061,0.0213494386178676,0.0442198989499625,0.016253523090062,-0.115989459575703,0.0241435461453377,0.0320203743970278,0.00764867515595262,0.0197554822206087,-0.0277951573724331,-0.00331996171553774,0.0176239402364143,-0.0273810888143008,-0.0438146528536575,-0.0610457889200637,0.0205960833669642,0.0114623001554352,-0.0164779614154572,1.65103910211156e-14,5.3394584625329e-15,1.75294670444766e-15,1.06511044826292e-15,5.18736873180683e-16,2.36539767134767e-15,-2.83987086526822e-16,3.0862545697103e-16,9.1192628485788e-16,-1.75912633460613e-15,7.61017358939731e-16,5.79549505461177e-17,9.28879740693074e-16,-6.28681330854204e-16,4.27218827805862e-16,7.17442141878714e-16,1.16902600818258e-17,2.96021055932041e-16,"Asian SEA2a","HM486361"
"HM486362",-5.33848058793293,-0.303188806261536,-0.734056593293876,-1.65827161234482,-0.650862757710449,1.19903896458998,-4.05258251078392,-0.492394527810605,-0.000654171605329909,-1.5780086924371,-0.4960159083109,0.479760811818865,-0.014478582290347,-0.198031467889983,-0.213151748411339,0.0809181241413181,-0.0686006119883106,-0.219359265122682,0.062868616530062,0.0468889065182933,-0.101914704177617,-0.191495491457669,0.0203100660169082,-0.12499836856061,0.0213494386178676,0.0442198989499625,0.016253523090062,-0.115989459575703,0.0241435461453377,0.0320203743970278,0.00764867515595262,0.0197554822206087,-0.0277951573724331,-0.00331996171553774,0.0176239402364143,-0.0273810888143008,-0.0438146528536575,-0.0610457889200637,0.0205960833669642,0.0114623001554352,-0.0164779614154572,1.65103910211156e-14,5.3394584625329e-15,1.75294670444766e-15,1.06511044826292e-15,5.18736873180683e-16,2.36539767134767e-15,-2.83987086526822e-16,3.0862545697103e-16,9.1192628485788e-16,-1.75912633460613e-15,7.61017358939731e-16,5.79549505461177e-17,9.28879740693074e-16,-6.28681330854204e-16,4.27218827805862e-16,7.17442141878714e-16,1.16902600818258e-17,2.96021055932041e-16,"Asian SEA2a","HM486362"
"HM486364",-5.33848058793293,-0.303188806261536,-0.734056593293876,-1.65827161234482,-0.650862757710449,1.19903896458998,-4.05258251078392,-0.492394527810605,-0.000654171605329909,-1.5780086924371,-0.4960159083109,0.479760811818865,-0.014478582290347,-0.198031467889983,-0.213151748411339,0.0809181241413181,-0.0686006119883106,-0.219359265122682,0.062868616530062,0.0468889065182933,-0.101914704177617,-0.191495491457669,0.0203100660169082,-0.12499836856061,0.0213494386178676,0.0442198989499625,0.016253523090062,-0.115989459575703,0.0241435461453377,0.0320203743970278,0.00764867515595262,0.0197554822206087,-0.0277951573724331,-0.00331996171553774,0.0176239402364143,-0.0273810888143008,-0.0438146528536575,-0.0610457889200637,0.0205960833669642,0.0114623001554352,-0.0164779614154572,1.65103910211156e-14,5.3394584625329e-15,1.75294670444766e-15,1.06511044826292e-15,5.18736873180683e-16,2.36539767134767e-15,-2.83987086526822e-16,3.0862545697103e-16,9.1192628485788e-16,-1.75912633460613e-15,7.61017358939731e-16,5.79549505461177e-17,9.28879740693074e-16,-6.28681330854204e-16,4.27218827805862e-16,7.17442141878714e-16,1.16902600818258e-17,2.96021055932041e-16,"Asian SEA2a","HM486364"
"HM486365",-5.33848058793293,-0.303188806261536,-0.734056593293876,-1.65827161234482,-0.650862757710449,1.19903896458998,-4.05258251078392,-0.492394527810605,-0.000654171605329909,-1.5780086924371,-0.4960159083109,0.479760811818865,-0.014478582290347,-0.198031467889983,-0.213151748411339,0.0809181241413181,-0.0686006119883106,-0.219359265122682,0.062868616530062,0.0468889065182933,-0.101914704177617,-0.191495491457669,0.0203100660169082,-0.12499836856061,0.0213494386178676,0.0442198989499625,0.016253523090062,-0.115989459575703,0.0241435461453377,0.0320203743970278,0.00764867515595262,0.0197554822206087,-0.0277951573724331,-0.00331996171553774,0.0176239402364143,-0.0273810888143008,-0.0438146528536575,-0.0610457889200637,0.0205960833669642,0.0114623001554352,-0.0164779614154572,1.65103910211156e-14,5.3394584625329e-15,1.75294670444766e-15,1.06511044826292e-15,5.18736873180683e-16,2.36539767134767e-15,-2.83987086526822e-16,3.0862545697103e-16,9.1192628485788e-16,-1.75912633460613e-15,7.61017358939731e-16,5.79549505461177e-17,9.28879740693074e-16,-6.28681330854204e-16,4.27218827805862e-16,7.17442141878714e-16,1.16902600818258e-17,2.96021055932041e-16,"Asian SEA2a","HM486365"
"HM486366",-5.33848058793293,-0.303188806261536,-0.734056593293876,-1.65827161234482,-0.650862757710449,1.19903896458998,-4.05258251078392,-0.492394527810605,-0.000654171605329909,-1.5780086924371,-0.4960159083109,0.479760811818865,-0.014478582290347,-0.198031467889983,-0.213151748411339,0.0809181241413181,-0.0686006119883106,-0.219359265122682,0.062868616530062,0.0468889065182933,-0.101914704177617,-0.191495491457669,0.0203100660169082,-0.12499836856061,0.0213494386178676,0.0442198989499625,0.016253523090062,-0.115989459575703,0.0241435461453377,0.0320203743970278,0.00764867515595262,0.0197554822206087,-0.0277951573724331,-0.00331996171553774,0.0176239402364143,-0.0273810888143008,-0.0438146528536575,-0.0610457889200637,0.0205960833669642,0.0114623001554352,-0.0164779614154572,1.65103910211156e-14,5.3394584625329e-15,1.75294670444766e-15,1.06511044826292e-15,5.18736873180683e-16,2.36539767134767e-15,-2.83987086526822e-16,3.0862545697103e-16,9.1192628485788e-16,-1.75912633460613e-15,7.61017358939731e-16,5.79549505461177e-17,9.28879740693074e-16,-6.28681330854204e-16,4.27218827805862e-16,7.17442141878714e-16,1.16902600818258e-17,2.96021055932041e-16,"Asian SEA2a","HM486366"
"HM486367",-5.33848058793293,-0.303188806261536,-0.734056593293876,-1.65827161234482,-0.650862757710449,1.19903896458998,-4.05258251078392,-0.492394527810605,-0.000654171605329909,-1.5780086924371,-0.4960159083109,0.479760811818865,-0.014478582290347,-0.198031467889983,-0.213151748411339,0.0809181241413181,-0.0686006119883106,-0.219359265122682,0.062868616530062,0.0468889065182933,-0.101914704177617,-0.191495491457669,0.0203100660169082,-0.12499836856061,0.0213494386178676,0.0442198989499625,0.016253523090062,-0.115989459575703,0.0241435461453377,0.0320203743970278,0.00764867515595262,0.0197554822206087,-0.0277951573724331,-0.00331996171553774,0.0176239402364143,-0.0273810888143008,-0.0438146528536575,-0.0610457889200637,0.0205960833669642,0.0114623001554352,-0.0164779614154572,1.65103910211156e-14,5.3394584625329e-15,1.75294670444766e-15,1.06511044826292e-15,5.18736873180683e-16,2.36539767134767e-15,-2.83987086526822e-16,3.0862545697103e-16,9.1192628485788e-16,-1.75912633460613e-15,7.61017358939731e-16,5.79549505461177e-17,9.28879740693074e-16,-6.28681330854204e-16,4.27218827805862e-16,7.17442141878714e-16,1.16902600818258e-17,2.96021055932041e-16,"Asian SEA2a","HM486367"
"HM486368",-7.82564333840276,-0.611321751787849,-1.87134197095165,-0.348345557969767,1.24122613983272,-2.56354867554694,1.17197022007556,-0.691188061423932,0.570923484251473,0.888481187378782,-0.344542098586064,0.656727547254249,-0.22794091744039,0.348627372414721,-0.146897312149881,0.07291653089188,-0.412439355686042,0.331563670820265,0.151954855199194,-0.00539098789942011,0.118906198341154,0.737305531150474,0.579685747742112,0.0232386671418063,-0.203346056118288,-0.133895803453815,-0.122032360095141,0.241235282854265,-0.359936724807206,0.119767817289372,0.0185584532685526,0.155153065098052,-0.127323921491229,0.0150149977422819,-0.0964147181928819,-0.13372198081068,0.183407755120713,-0.147534798105983,-0.0391772145567216,-0.0857658530048178,-0.00836488816237024,1.68514138941742e-14,3.34230429305176e-15,5.6530840129301e-16,1.31257433308815e-15,2.16998909103531e-15,-1.73368809931313e-15,-2.18300717856744e-15,1.20285861557428e-15,-4.78476797438687e-16,-2.82592438555659e-15,-1.15430474204243e-15,1.96490749564406e-15,6.24672388397774e-16,-5.6949020049085e-16,7.04344258330495e-16,1.2139276921434e-15,4.40367659375366e-16,9.04672500879869e-16,"Asian SEA2a","HM486368"
"HM486369",-5.14774871114007,-0.321998261160918,-0.629703833358593,-1.63265385532669,-0.593719348269075,1.25027532812567,-3.71530348758957,-0.738544796675597,-0.188389684240651,-1.59591927182619,-0.465011450067916,0.319839384371728,-0.132090978196583,-0.152211529293445,-0.350459236277462,-0.0677637073566011,-0.292048234670722,-0.14305128290229,-0.208938592696072,-0.0297877371565264,-0.316468135199296,-0.210763440671242,0.116386386057127,0.00525819265080103,0.277282980764239,-0.131280471416643,-0.113992356200423,-0.399048010618434,0.0349821835522111,0.142629391659063,-0.00626598552714746,-0.129986200094104,-0.0367197937431364,0.146426507937806,-0.149779924806858,-0.133051072872812,-0.141465692204632,0.122464598038902,0.0914852597199862,-0.0587417375208055,0.222676860839303,1.71765248358907e-14,6.11661457977051e-15,1.91948015814143e-15,1.95328886796305e-15,-3.69441546519442e-16,1.81028615903509e-15,-2.56231510911193e-16,5.02914486280433e-16,8.00903982395364e-16,-1.5370817296811e-15,5.52850541822514e-16,1.41221677393004e-16,4.29279379611753e-16,-6.28681330854204e-16,5.38241130268378e-16,6.06419839416198e-16,-1.54843193611948e-16,5.18065660857072e-16,"Asian SEA2a","HM486369"
"HM486370",-5.33848058793293,-0.303188806261536,-0.734056593293876,-1.65827161234482,-0.650862757710449,1.19903896458998,-4.05258251078392,-0.492394527810605,-0.000654171605329909,-1.5780086924371,-0.4960159083109,0.479760811818865,-0.014478582290347,-0.198031467889983,-0.213151748411339,0.0809181241413181,-0.0686006119883106,-0.219359265122682,0.062868616530062,0.0468889065182933,-0.101914704177617,-0.191495491457669,0.0203100660169082,-0.12499836856061,0.0213494386178676,0.0442198989499625,0.016253523090062,-0.115989459575703,0.0241435461453377,0.0320203743970278,0.00764867515595262,0.0197554822206087,-0.0277951573724331,-0.00331996171553774,0.0176239402364143,-0.0273810888143008,-0.0438146528536575,-0.0610457889200637,0.0205960833669642,0.0114623001554352,-0.0164779614154572,1.65103910211156e-14,5.3394584625329e-15,1.75294670444766e-15,1.06511044826292e-15,5.18736873180683e-16,2.36539767134767e-15,-2.83987086526822e-16,3.0862545697103e-16,9.1192628485788e-16,-1.75912633460613e-15,7.61017358939731e-16,5.79549505461177e-17,9.28879740693074e-16,-6.28681330854204e-16,4.27218827805862e-16,7.17442141878714e-16,1.16902600818258e-17,2.96021055932041e-16,"Asian SEA2a","HM486370"
"HM486371",-5.33848058793293,-0.303188806261536,-0.734056593293876,-1.65827161234482,-0.650862757710449,1.19903896458998,-4.05258251078392,-0.492394527810605,-0.000654171605329909,-1.5780086924371,-0.4960159083109,0.479760811818865,-0.014478582290347,-0.198031467889983,-0.213151748411339,0.0809181241413181,-0.0686006119883106,-0.219359265122682,0.062868616530062,0.0468889065182933,-0.101914704177617,-0.191495491457669,0.0203100660169082,-0.12499836856061,0.0213494386178676,0.0442198989499625,0.016253523090062,-0.115989459575703,0.0241435461453377,0.0320203743970278,0.00764867515595262,0.0197554822206087,-0.0277951573724331,-0.00331996171553774,0.0176239402364143,-0.0273810888143008,-0.0438146528536575,-0.0610457889200637,0.0205960833669642,0.0114623001554352,-0.0164779614154572,1.65103910211156e-14,5.3394584625329e-15,1.75294670444766e-15,1.06511044826292e-15,5.18736873180683e-16,2.36539767134767e-15,-2.83987086526822e-16,3.0862545697103e-16,9.1192628485788e-16,-1.75912633460613e-15,7.61017358939731e-16,5.79549505461177e-17,9.28879740693074e-16,-6.28681330854204e-16,4.27218827805862e-16,7.17442141878714e-16,1.16902600818258e-17,2.96021055932041e-16,"Asian SEA2a","HM486371"
"HM486372",-5.33848058793293,-0.303188806261536,-0.734056593293876,-1.65827161234482,-0.650862757710449,1.19903896458998,-4.05258251078392,-0.492394527810605,-0.000654171605329909,-1.5780086924371,-0.4960159083109,0.479760811818865,-0.014478582290347,-0.198031467889983,-0.213151748411339,0.0809181241413181,-0.0686006119883106,-0.219359265122682,0.062868616530062,0.0468889065182933,-0.101914704177617,-0.191495491457669,0.0203100660169082,-0.12499836856061,0.0213494386178676,0.0442198989499625,0.016253523090062,-0.115989459575703,0.0241435461453377,0.0320203743970278,0.00764867515595262,0.0197554822206087,-0.0277951573724331,-0.00331996171553774,0.0176239402364143,-0.0273810888143008,-0.0438146528536575,-0.0610457889200637,0.0205960833669642,0.0114623001554352,-0.0164779614154572,1.65103910211156e-14,5.3394584625329e-15,1.75294670444766e-15,1.06511044826292e-15,5.18736873180683e-16,2.36539767134767e-15,-2.83987086526822e-16,3.0862545697103e-16,9.1192628485788e-16,-1.75912633460613e-15,7.61017358939731e-16,5.79549505461177e-17,9.28879740693074e-16,-6.28681330854204e-16,4.27218827805862e-16,7.17442141878714e-16,1.16902600818258e-17,2.96021055932041e-16,"Asian SEA2a","HM486372"
"HM486373",-5.33848058793293,-0.303188806261536,-0.734056593293876,-1.65827161234482,-0.650862757710449,1.19903896458998,-4.05258251078392,-0.492394527810605,-0.000654171605329909,-1.5780086924371,-0.4960159083109,0.479760811818865,-0.014478582290347,-0.198031467889983,-0.213151748411339,0.0809181241413181,-0.0686006119883106,-0.219359265122682,0.062868616530062,0.0468889065182933,-0.101914704177617,-0.191495491457669,0.0203100660169082,-0.12499836856061,0.0213494386178676,0.0442198989499625,0.016253523090062,-0.115989459575703,0.0241435461453377,0.0320203743970278,0.00764867515595262,0.0197554822206087,-0.0277951573724331,-0.00331996171553774,0.0176239402364143,-0.0273810888143008,-0.0438146528536575,-0.0610457889200637,0.0205960833669642,0.0114623001554352,-0.0164779614154572,1.65103910211156e-14,5.3394584625329e-15,1.75294670444766e-15,1.06511044826292e-15,5.18736873180683e-16,2.36539767134767e-15,-2.83987086526822e-16,3.0862545697103e-16,9.1192628485788e-16,-1.75912633460613e-15,7.61017358939731e-16,5.79549505461177e-17,9.28879740693074e-16,-6.28681330854204e-16,4.27218827805862e-16,7.17442141878714e-16,1.16902600818258e-17,2.96021055932041e-16,"Asian SEA2a","HM486373"
"HM486374",-5.46630194194677,-0.461634521526337,-0.777646402917897,-1.64595554743411,-0.558206494463138,1.23774442059995,-3.91756021154045,-0.550979402318252,-0.160726809130186,-1.49631250107451,-0.575998684912526,0.360848481424612,0.172941744650391,-0.41262071747045,-0.323857420159112,-0.0227826512175611,0.128712515272848,-0.157641297722138,0.144294888078842,0.195603062345618,-0.0593610160064245,-0.0453929776598625,0.0246269254092928,0.224999335320185,-0.0178096396890772,0.0945743918831418,-0.0923539220223231,-0.194057548546129,-0.0939547153289054,-0.00297808703133723,0.180633190122121,-0.00959040120790192,-0.0419733578221873,-0.247248531591487,-0.0849338088573159,-0.0830523897465346,0.0199993418669929,-0.0513142447220909,-0.127757943900762,0.0902221717722398,-0.129368232348825,1.60295583660451e-14,4.6987598054528e-15,2.03210168947516e-15,9.80492831443672e-16,5.45131978422648e-16,1.93257644019825e-15,-1.00729892172302e-16,5.31715639289653e-16,1.11245326440723e-15,-1.66813138134698e-15,9.86452714392267e-16,-8.50550499910619e-17,6.36958047998389e-16,-7.45521220834303e-16,4.11601054565305e-16,9.41254769521568e-16,1.21748974520257e-16,3.47276052183595e-16,"Asian SEA2a","HM486374"
"HM486375",-5.46630194194677,-0.461634521526337,-0.777646402917897,-1.64595554743411,-0.558206494463138,1.23774442059995,-3.91756021154045,-0.550979402318252,-0.160726809130186,-1.49631250107451,-0.575998684912526,0.360848481424612,0.172941744650391,-0.41262071747045,-0.323857420159112,-0.0227826512175611,0.128712515272848,-0.157641297722138,0.144294888078842,0.195603062345618,-0.0593610160064245,-0.0453929776598625,0.0246269254092928,0.224999335320185,-0.0178096396890772,0.0945743918831418,-0.0923539220223231,-0.194057548546129,-0.0939547153289054,-0.00297808703133723,0.180633190122121,-0.00959040120790192,-0.0419733578221873,-0.247248531591487,-0.0849338088573159,-0.0830523897465346,0.0199993418669929,-0.0513142447220909,-0.127757943900762,0.0902221717722398,-0.129368232348825,1.60295583660451e-14,4.6987598054528e-15,2.03210168947516e-15,9.80492831443672e-16,5.45131978422648e-16,1.93257644019825e-15,-1.00729892172302e-16,5.31715639289653e-16,1.11245326440723e-15,-1.66813138134698e-15,9.86452714392267e-16,-8.50550499910619e-17,6.36958047998389e-16,-7.45521220834303e-16,4.11601054565305e-16,9.41254769521568e-16,1.21748974520257e-16,3.47276052183595e-16,"Asian SEA2a","HM486375"
"HM486379",-5.14656211939591,-0.260874063814893,-0.520091913349991,-1.77711684431998,-0.601686493774638,1.37419946909594,-4.11437156823957,-0.668583789779563,-0.0273857806960061,-1.58983078494584,-0.565998044881264,0.438943265627161,0.0545349368193688,-0.0800722955978705,-0.203432255424092,-0.00765561209428926,-0.082073662886322,-0.0715719244644855,0.315678899822939,-0.0260749646496915,-0.183822369258191,-0.101277632379416,-0.0519341733416155,-0.115636696002498,0.178079611798626,0.192069962444262,0.353097558169926,-0.0540094790561027,-0.0210830563244918,-0.0741580978749343,-0.0835045064047192,0.0817599392670854,-0.102821845123178,0.161906330888406,0.249551202268706,0.00558532794443363,-0.0298899794857926,0.0183819303805403,0.0701687400120962,-0.202134904538645,-0.0864030196038007,1.73725700398974e-14,6.13072947626632e-15,1.9831724377538e-15,1.3454539314104e-15,5.14021190177642e-16,2.49683147657096e-15,1.94298487198689e-16,2.79811006300356e-16,6.98905998073054e-16,-1.32161517342067e-15,1.31435543889171e-15,-2.1842661319944e-16,7.35954789338655e-16,-6.13285760504695e-16,4.56884129804496e-16,4.91432778751744e-16,-1.86831652854568e-18,2.48873007331638e-16,"Asian SEA2a","HM486379"
"HM486380",-5.14656211939591,-0.260874063814893,-0.520091913349991,-1.77711684431998,-0.601686493774638,1.37419946909594,-4.11437156823957,-0.668583789779563,-0.0273857806960061,-1.58983078494584,-0.565998044881264,0.438943265627161,0.0545349368193688,-0.0800722955978705,-0.203432255424092,-0.00765561209428926,-0.082073662886322,-0.0715719244644855,0.315678899822939,-0.0260749646496915,-0.183822369258191,-0.101277632379416,-0.0519341733416155,-0.115636696002498,0.178079611798626,0.192069962444262,0.353097558169926,-0.0540094790561027,-0.0210830563244918,-0.0741580978749343,-0.0835045064047192,0.0817599392670854,-0.102821845123178,0.161906330888406,0.249551202268706,0.00558532794443363,-0.0298899794857926,0.0183819303805403,0.0701687400120962,-0.202134904538645,-0.0864030196038007,1.73725700398974e-14,6.13072947626632e-15,1.9831724377538e-15,1.3454539314104e-15,5.14021190177642e-16,2.49683147657096e-15,1.94298487198689e-16,2.79811006300356e-16,6.98905998073054e-16,-1.32161517342067e-15,1.31435543889171e-15,-2.1842661319944e-16,7.35954789338655e-16,-6.13285760504695e-16,4.56884129804496e-16,4.91432778751744e-16,-1.86831652854568e-18,2.48873007331638e-16,"Asian SEA2a","HM486380"
"HM486381",-7.27696333341169,-0.144234246191843,-1.80270460971989,0.606248498030611,0.169690361391165,-1.44264734759489,0.191277141654875,1.00288840003161,1.17260035729626,1.10206382276448,0.436374066889305,-1.40748294612414,0.36610669913248,-0.311220250030137,-0.330949673620788,-0.364934522730501,-0.738845449849132,-1.1170699579269,0.656113701659819,-1.1945153454971,0.700237152907457,-0.0403385565207598,-0.0536001979768393,0.218136590749904,-0.921237269945189,0.0499327318541978,0.318406233593603,0.194386821598871,0.068353729116041,0.505026735480062,0.101820500306858,-0.336653255158743,-0.285308649465877,-0.813958209455841,-0.334627006000873,-0.267711464414574,-0.450565534090342,-0.0403540311874389,-0.400469630682372,0.182048374863387,0.219319462720765,1.26845404088404e-14,7.5006313256942e-17,1.99273845093132e-16,3.70964594115662e-15,4.38823586675461e-15,-1.32461728707474e-15,-2.86545407182887e-15,1.40395548176553e-15,-7.23077159240312e-16,-2.13558117294746e-15,-2.06510326646975e-15,3.53628850635142e-15,-2.11274634875282e-15,-6.19444117607e-16,6.28611883260097e-16,1.95466418322163e-15,8.01360405789203e-16,4.14961898745056e-16,"Asian SEA2a","HM486381"
"JF819605",-5.84602993846122,-0.334335266372854,-0.916518194968884,-1.50991872348198,-0.207062233664254,1.65741581562573,-3.95382654428156,-0.214349087053484,-0.345488876858967,-1.48925701674449,-0.83952822584101,0.700738507695586,0.705684774855032,-0.945828678522289,0.434071238607888,0.155984559544826,-0.42241989371731,-0.0772938369954024,0.144724703718765,0.890673034318248,-0.763665646401578,-0.184519906684296,0.263080242819728,0.585040281130838,0.43629402552599,0.253770875301637,0.0523004188945832,0.00263735259848278,0.853607286495436,-0.471728243878957,-0.485364789250037,0.0245510077116119,0.222436293658328,0.0373885829120524,-0.676480243597122,0.23014908140034,-0.0259216995504799,-0.244411099185312,0.165238256501099,0.636681494911383,0.0863817746089407,1.48361231239208e-14,3.16537572975798e-15,3.34987728034387e-15,-2.38215638205744e-15,1.02776860026809e-15,3.21275308552623e-15,-5.58595067484462e-16,5.95237857141318e-16,9.56327693712634e-16,-3.54722009543535e-16,1.22600066827075e-15,1.51277428554517e-15,1.66167433859727e-15,-7.78301029657633e-16,4.86174680826764e-16,7.57464042588163e-16,3.28072552921701e-16,9.65161144984662e-16,"Asian SEA2a","JF819605"
"JF819615",-5.30849430146747,-0.490096543788258,-0.644266615638461,-1.37225200950288,-0.819614807287922,1.05128884306118,-4.19335045671529,-0.884197051720243,-0.365969758486001,-1.61633249021397,-0.644282897514069,0.855130674535725,0.107057052020648,-0.0233538590402117,0.0374939182161847,-0.206150417622847,-0.0873281483251977,-0.276533918887977,0.0277458883224536,0.179970189364416,0.0880510468654574,-0.187077710005252,-0.25526013179406,-0.246184129819397,-0.0484800884662261,0.0822392528179314,-0.0471718091764437,-0.0135329980505581,0.0409229759264691,0.136562796752704,-0.0497202603315684,0.0225013267839177,-0.147110069230991,-0.0372066972080041,-0.183044609941512,-0.0675954421475982,-0.118164610107637,-0.0388486799068982,0.0584568777773421,-0.00809768446947181,-0.00156259521699391,1.5955279508803e-14,4.89536925268284e-15,1.97499130937269e-15,1.6202219605755e-15,9.62826083030746e-16,1.86579731026635e-15,-3.4470240818601e-16,3.64136608202288e-16,8.00903982395364e-16,-1.42605942721858e-15,3.03050361281854e-16,8.07355492168098e-16,3.18257077149237e-16,-6.28681330854204e-16,4.27218827805862e-16,8.2846444434123e-16,-9.93320423806898e-17,2.96021055932041e-16,"Asian SEA2a","JF819615"
"JF819622",-5.33848058793293,-0.303188806261536,-0.734056593293876,-1.65827161234482,-0.650862757710449,1.19903896458998,-4.05258251078392,-0.492394527810605,-0.000654171605329909,-1.5780086924371,-0.4960159083109,0.479760811818865,-0.014478582290347,-0.198031467889983,-0.213151748411339,0.0809181241413181,-0.0686006119883106,-0.219359265122682,0.062868616530062,0.0468889065182933,-0.101914704177617,-0.191495491457669,0.0203100660169082,-0.12499836856061,0.0213494386178676,0.0442198989499625,0.016253523090062,-0.115989459575703,0.0241435461453377,0.0320203743970278,0.00764867515595262,0.0197554822206087,-0.0277951573724331,-0.00331996171553774,0.0176239402364143,-0.0273810888143008,-0.0438146528536575,-0.0610457889200637,0.0205960833669642,0.0114623001554352,-0.0164779614154572,1.65103910211156e-14,5.3394584625329e-15,1.75294670444766e-15,1.06511044826292e-15,5.18736873180683e-16,2.36539767134767e-15,-2.83987086526822e-16,3.0862545697103e-16,9.1192628485788e-16,-1.75912633460613e-15,7.61017358939731e-16,5.79549505461177e-17,9.28879740693074e-16,-6.28681330854204e-16,4.27218827805862e-16,7.17442141878714e-16,1.16902600818258e-17,2.96021055932041e-16,"Asian SEA2a","JF819622"
"JN974823",-6.7160431086567,-0.478380238212585,-2.090879604267,0.465643573966221,1.81095585358616,-2.00728548022646,1.80588872037837,-0.236704600051372,-0.440610569351215,0.360491832996154,-0.344517718220508,-0.0344172082927132,-0.202352391192593,-0.618930885746823,0.167611554780363,-0.16114332626623,-0.436204132136141,-0.623288012160414,-0.0338645389628068,0.528987734823409,0.741834740242827,-0.983303133792371,0.489627994508952,-0.25520545170424,-0.877343524620084,0.650341807554821,0.146439338345341,0.299242749907961,0.538082195317958,-0.0583298545721878,-0.397887949018118,-0.0484233731635372,0.120582227703527,0.0334509158623892,0.176753557395251,0.206363725309722,0.168113980258308,0.147184621409467,-0.109818992475899,-0.0375060008905402,-0.125923216815349,1.45464028193652e-14,2.95794243745206e-15,-1.93908683085005e-15,2.11441876176737e-15,1.37371783577052e-15,-2.26310097334498e-16,-1.8842698045148e-15,1.25823206095275e-15,-4.57839588867679e-16,-2.25340096130905e-15,-2.85272642721775e-15,2.82352291617678e-15,1.39877193123644e-15,-5.18377973274324e-16,5.80991858145865e-16,1.03719813929483e-15,2.06461745984831e-16,8.25868011814915e-16,"Asian SEA2a","JN974823"
"JN974824",-6.94175609523207,-0.997177088772654,-2.3839446994018,0.938366202348418,-0.164183401380469,-1.11923876002295,0.223135909896235,0.638950318541879,0.803059515539284,1.40549706441422,-0.0117550483546759,-0.63727360243466,-0.729599480471012,-0.519702249385473,-0.243029382852494,0.180562654632491,-0.409649928680741,-0.285691190734422,0.484776803125877,-0.771908768605743,-0.179797445312249,0.0709369294616322,0.0113214086344202,-0.35107253002691,-0.410178509871883,-0.31953870708955,-0.337778495946901,-0.359566890220259,-0.444125347373341,0.180704846395281,0.194785542955072,0.0775554112034975,0.0480270456771141,-0.15397001792454,0.0559680006467745,0.369470515811218,0.159320003782879,0.432912821795158,-0.144894703384114,-0.0608406725410781,-0.0599573240708601,1.52732519557995e-14,2.21895023668594e-15,-1.93041321347017e-15,4.12669799390047e-15,9.29628625920459e-16,-1.4753110000378e-15,-1.81694084960345e-15,8.15877574578668e-16,-7.30191174596038e-16,-2.34165501814937e-15,-8.410327118809e-19,2.20249191177708e-15,-9.67390889995923e-16,-1.77071129375887e-16,7.12668211994229e-16,1.2111041677615e-15,8.37300600594723e-17,5.28905036771136e-16,"Asian SEA2a","JN974824"
"JN974828",-7.80243011817345,-0.845815225151155,-1.57333274221027,-0.842853402208517,1.76317068192473,-2.42978999642168,1.12453489438242,-1.04180117219537,1.01429872263874,1.07643725838998,-0.590862259371554,0.796242428786163,-0.115992482306584,0.489939064325903,0.174065628985388,-0.0164893155485336,0.111839371020889,0.707049079950014,-0.111407766581594,0.0305974921890566,-0.133271170130655,0.413881084225972,0.0507315456560526,0.124871021006606,0.271198951982338,0.0933630053329428,0.238829936467987,0.287797944465486,-0.173425035896379,-0.01749004895784,0.0606229706510826,-0.0735222543110929,-0.215877056990178,-0.00466330544347193,0.209554368612606,-0.053979901565804,0.101352778684305,0.0726441783114736,0.043278167140627,-0.0991362095238852,-0.0861227582943333,1.72899736729446e-14,4.06980395078954e-15,-3.34579401869959e-16,3.17219789933529e-15,2.71122281554007e-15,-7.62242952766118e-16,-2.066780705677e-15,8.64587537758805e-16,-6.33734548538612e-16,-2.18331775792443e-15,-1.22759680890245e-15,1.09928048113163e-15,2.11808201115294e-16,-5.78163817870734e-16,7.11662622994772e-16,1.02852912064838e-15,2.30682959216669e-16,8.68704093807662e-16,"Asian SEA2a","JN974828"
"JN974829",-7.41909605018758,-1.00000622850318,-1.86931979418388,-0.32278215626503,2.18606746975538,-2.43737857494566,1.58889355753182,-1.29729494628208,1.57129864927782,0.983831900288323,-0.397206633012788,0.791200804702344,0.569819939973855,0.998333736863348,0.131436099613584,-0.708399898202384,-0.693567816456938,0.863070592794436,0.0224299995961767,0.431006371921992,0.564761218337064,-0.0901805790044588,-0.393779773344782,0.338454716613342,0.127072386599377,-0.235314682221909,0.443504563588457,-0.0850774762783625,-0.569088973047341,0.0813615052154959,-0.121146178801982,-0.436071637875229,-0.0432720886094393,0.10025402339676,-0.280152974214119,0.0517173453948713,0.206038253810181,0.2690895457015,0.310095720847867,-0.255990427808792,0.241929219559979,1.94549085709637e-14,5.20778255103032e-15,5.53599017830166e-16,5.6771385986458e-15,1.90631112268683e-15,-3.09371130447895e-15,-2.89077435676598e-15,5.31520630371258e-16,-3.56178792382322e-16,-1.14248367233835e-15,-1.69944159436814e-15,1.26581393482541e-15,-5.93103491737945e-16,-3.56119212945703e-16,7.6717377422603e-16,1.03199856760033e-15,-2.13406250633394e-16,7.57681791345146e-16,"Asian SEA2a","JN974829"
"JN974838",-6.87544578382329,-0.521530564798996,-1.36021381866342,0.99651650085181,-0.283896796756737,-1.36272946657354,-0.424451241401025,1.57062874124238,1.3957449112306,1.21632098709339,0.746827887104117,-1.69412941385325,0.355185584162446,-0.618151429824687,-0.388117443775745,-0.864508238688398,-0.375324281091568,-0.634238162841919,0.73149398429755,-0.729063587305052,0.710790681270235,-0.117370732690465,-0.466619535960024,0.354829980087747,-0.504875733909059,-0.0947166518029928,0.134476770871622,-0.317374838333276,-0.293649262464683,-0.228734467837386,-0.00560356057700458,-0.521066695029835,-0.0962842390676599,-0.0758267059152819,-0.29992695704917,0.210571706333112,-0.0575205347437853,0.0816062339596289,-0.287747689433451,-0.0144105710013504,0.148323661446234,1.46626292922557e-14,1.94833337443356e-15,1.12270010424901e-15,4.51527605251928e-15,3.09456352393951e-15,-2.03042251235038e-15,-1.79612416789172e-15,3.02399425689533e-16,-9.10602416097625e-16,-1.45347659844924e-15,-6.5309705967916e-16,2.8963813021678e-15,-2.13312506585234e-15,-6.2116033922595e-16,7.40423787609858e-16,1.59014124726243e-15,1.94752362521988e-16,3.06860431846104e-16,"Asian SEA2a","JN974838"
"JN974842",-6.3449556934225,-0.507285763299501,-1.43395074310124,-0.0655966624277333,1.61921886169493,-1.94752930644544,1.38751818153051,-0.256285678078454,-0.408214713861831,1.20236499440485,-0.269726157305422,0.0546082767181376,0.0118758063456884,-0.795893806223764,-0.140686849535078,-0.197900041840708,-0.0951163241875621,-0.747077070411018,-0.256398036350649,0.460023571792351,0.611665151058187,-0.761062587141406,-0.134459118641079,-0.330602589797202,-0.0605344978257954,0.876862566081354,0.413796450696328,0.364653042046514,0.827620306029367,-0.346306840503018,-0.585868499627621,-0.220979230851129,0.231581528962648,-0.240887105148234,0.315643460202585,0.103380352948881,-0.0760607198779113,0.417993261991726,-0.121128288590553,-0.203855720679992,-0.306342539991347,1.33195196409806e-14,2.12527516898319e-15,-4.25581003301708e-15,3.48831975474101e-15,2.3174074067019e-15,4.95334868671853e-16,-1.05160253604593e-15,7.39549741635689e-16,2.18702566763276e-16,-1.05579124158156e-15,-2.88481881152332e-15,2.40371983499039e-15,1.03794944823327e-15,-3.05006985729177e-16,6.71576949657029e-16,8.09949363941864e-16,1.08016188723148e-16,7.89872499688397e-16,"Asian SEA2a","JN974842"
"JN974845",-6.92384798259625,-0.085386206030462,-1.46438768520394,0.366015190748257,1.27968648514733,-1.81732246738519,1.20695760533623,-0.385578489399318,-0.68752593175377,1.29730703272913,0.308830094326552,-0.152080716900305,-0.28324952133319,-0.526739830995964,-0.291210751986493,-0.380886250216875,-0.118049546656744,-0.893004515217562,-0.0545547107565616,0.813088747107754,0.188996073647601,-0.54107352996262,-0.133377896047534,-0.23819261731337,0.066389164048767,0.441065691652981,0.876246576585288,0.457416837203447,0.848043060790935,-0.508349326862689,-0.0425766746765076,0.134127460567663,0.17578885408874,-0.0949781562054744,0.0534272655812208,0.138452511486869,0.124093729677282,0.0116928072764442,-0.0345419307627537,-0.245861232031895,-0.208390220277814,1.43742315143745e-14,3.58244288880371e-15,-4.67173961483732e-16,9.34806798103146e-16,2.51169643601131e-15,-6.70399307184561e-16,-6.87310606090799e-16,8.3669425629039e-16,-3.08653369933673e-16,-1.63865832950977e-15,-2.87094102371551e-15,2.62576443991542e-15,1.32244409829346e-15,-4.16029288191692e-16,9.21377130197689e-16,8.28163960439621e-16,4.41083096110695e-16,1.01191710461343e-15,"Asian SEA2a","JN974845"
"JN974854",-5.33848058793293,-0.303188806261536,-0.734056593293876,-1.65827161234482,-0.650862757710449,1.19903896458998,-4.05258251078392,-0.492394527810605,-0.000654171605329909,-1.5780086924371,-0.4960159083109,0.479760811818865,-0.014478582290347,-0.198031467889983,-0.213151748411339,0.0809181241413181,-0.0686006119883106,-0.219359265122682,0.062868616530062,0.0468889065182933,-0.101914704177617,-0.191495491457669,0.0203100660169082,-0.12499836856061,0.0213494386178676,0.0442198989499625,0.016253523090062,-0.115989459575703,0.0241435461453377,0.0320203743970278,0.00764867515595262,0.0197554822206087,-0.0277951573724331,-0.00331996171553774,0.0176239402364143,-0.0273810888143008,-0.0438146528536575,-0.0610457889200637,0.0205960833669642,0.0114623001554352,-0.0164779614154572,1.65103910211156e-14,5.3394584625329e-15,1.75294670444766e-15,1.06511044826292e-15,5.18736873180683e-16,2.36539767134767e-15,-2.83987086526822e-16,3.0862545697103e-16,9.1192628485788e-16,-1.75912633460613e-15,7.61017358939731e-16,5.79549505461177e-17,9.28879740693074e-16,-6.28681330854204e-16,4.27218827805862e-16,7.17442141878714e-16,1.16902600818258e-17,2.96021055932041e-16,"Asian SEA2a","JN974854"
"JN974870",-5.48108149567463,-0.0883275820668477,-1.17396549744473,-1.73875216142823,-0.925230928219621,1.41682361936729,-4.05166221589879,-0.492545791404337,-0.216891540494455,-1.58951571176603,-0.793812160708588,-0.104182172010693,0.0756170641394036,-0.256270445480754,0.13349420409461,0.174259739508579,-0.20380142166206,-0.25018237648734,-0.0503002006394698,-0.165091698424915,0.00538552125171402,-0.336507253548129,-0.106706714226723,0.0705836771184815,-0.0136661616015565,-0.353626623651477,-0.135687448023737,0.272615472254672,0.227547330189334,0.520032269454865,-0.181391238859154,0.045895211965535,0.274937030120024,-0.283469380707205,-0.235772935820417,-0.409844285674849,0.1465602740066,-0.0164988811881651,-0.352551548528587,0.205834100820316,0.379942949369932,1.53437680322998e-14,4.135323261517e-15,1.63374327360403e-15,2.85166604034122e-16,2.38521951024036e-17,2.12294156366186e-15,-1.26295722350614e-15,1.21867943343792e-15,1.37821619913532e-15,-2.18362706972177e-15,4.22784990008872e-16,1.3127205547426e-15,1.21894920670219e-15,-7.5119607584528e-16,4.18153367084453e-16,1.08743355351176e-15,7.94589453164725e-17,7.07677874922071e-16,"Asian SEA2a","JN974870"
"JN974871",-5.21484227452993,0.0851275216190177,0.158547966934722,-1.86590713400071,-0.656769413613588,0.837159377671747,-4.53218894715654,-0.546813375226284,0.00406844802125808,-0.783226602438306,-0.5087518360262,0.400565924718572,-0.0101933117137652,-0.449993761231874,-0.600010170149895,-0.00173733793978131,-0.0740631310586228,-0.565752789446317,-0.460829377184444,-0.0506470364022234,-0.0270411741557811,0.391510856413134,-0.284958897703499,0.00865323757584787,0.48426254275886,-0.0617603139127119,0.429631457734676,0.326619341692863,-0.0532805047742817,-0.416888278768012,0.225032992683953,-0.279767119613354,-0.0327229122067105,-0.0338847883379434,0.187946257321712,-0.13273733301928,-0.222062750337149,-0.147905823141425,0.0224504739535647,-0.0504289548072977,-0.0418767107233149,1.70598646821312e-14,6.02467423554374e-15,2.47806111740596e-15,1.23164390195669e-15,1.018337234262e-15,2.92050918366025e-15,5.50414905418022e-16,2.6005319964368e-16,1.31300720668317e-16,-1.83848993363207e-15,3.13458702137714e-16,-5.3067351916398e-17,8.59490801654001e-16,-7.48377250696604e-16,4.4836077016933e-16,6.44583755887688e-16,-8.71889780488522e-17,9.3708930546246e-17,"Asian SEA2a","JN974871"
"JN974872",-5.23636297544054,-0.525234076900612,-0.908609050165715,-1.81721938599373,-0.749569186619035,1.11919281435089,-4.11923326588288,-0.214415885615957,-0.207998859719443,-1.47320153019852,-0.523692987602339,0.348140583388832,0.154360383350109,0.00385711917159111,-0.0466339377501653,0.00385905597843353,-0.0758947700776837,-0.308231441011519,-0.42521600576486,0.182193815669778,-0.334200123050721,-0.0312819205763068,-0.11038171957819,-0.0709543340177362,-0.0311475904360244,-0.0874985237191777,0.391285777114734,-0.024555666850232,-0.0618633137961454,0.491851691262479,-0.41437927777961,-0.0479005267737205,0.0145076208731585,0.21482561707494,0.186306960956797,-0.230131490243173,0.979352279172188,-0.075735128416326,-0.682568224256717,0.0480713973348756,0.127092729158379,1.72320359871219e-14,4.72189690508516e-15,1.61416882636951e-15,6.21021238412858e-16,-8.69041907600762e-16,1.97681961272886e-15,-8.25220811031586e-16,3.36381032586659e-16,1.2172376166298e-15,-2.66118254211407e-15,8.92856343113968e-16,3.63266282318036e-16,4.01523803996124e-16,-8.66338447063027e-16,2.4637390543528e-16,5.33561453425173e-16,1.39192435566121e-16,4.44339913128058e-16,"Asian SEA2a","JN974872"
"JN974873",-5.04069113820601,-0.458441644236853,-0.835878160371435,-1.13547418115366,-1.01688496440368,1.23948785099889,-4.2651862639578,-0.832246053935797,-0.0367989922762647,-1.6991209968342,0.182689471003809,0.316913705541893,0.685655051928882,-0.00031330280440526,0.202063806898149,0.017176482508516,-0.230341246226689,0.400575452700574,-0.0887888071734043,0.126096341814087,0.672542425323254,-0.104728596161537,-0.549491719134196,0.208541867102886,-0.0587994761712067,-0.404776310269659,-0.247086714117777,0.0528022228510193,-0.0693964562892671,-0.757257947974292,-0.422172917854069,0.0792941869638941,-0.562561980775112,0.00876237746734588,0.380564560579126,-0.212701035718522,0.196002732091668,0.164156498720122,0.161826907722709,-0.145758612478995,0.451023156196368,1.7601098406636e-14,6.63009272865964e-15,3.14766437913301e-15,1.23164390195669e-15,9.62826083030746e-16,1.14415234426e-15,-3.89371537692413e-16,-1.4240264678294e-16,-1.74010611103601e-16,-2.92851316536735e-16,8.40814638834664e-16,1.48736709475101e-15,8.73368589461816e-16,-5.64496562243062e-16,6.44709783606455e-16,6.14226095058094e-16,3.25069417935475e-17,5.70974726874365e-16,"Asian SEA2a","JN974873"
"JQ970480",-6.63295600532933,-0.0585057631288588,-1.3598792185269,0.470171246721201,1.20360942302218,-1.80073359359152,1.31679777158344,-0.138624429783397,-0.659030006579321,1.37645155980861,0.425028010311202,-0.161005725315645,-0.533078528823432,-0.344838978907374,-0.0529929480337189,-0.466717048928294,-0.0962586060405888,-0.9690623890226,-0.0931799852041676,0.504003648677502,0.266308619436315,-0.892253542716924,-0.00743709627710856,-0.828716051081969,0.00905681596336157,0.236939480276436,1.10585336475544,0.590213024325068,1.07267008040431,-0.693060315659123,0.0566196795758457,-0.01123442316769,0.074721273174457,-0.0492929208062839,0.0191368654202352,0.0544768757305522,0.163671562939594,0.0799703938939707,-0.0122137781568927,-0.173706784125622,-0.165806798639941,1.43742315143745e-14,4.63715476219761e-15,-3.56151659021216e-16,1.04582910056566e-15,3.39987485571143e-15,-2.26310097334498e-16,-1.18691096717212e-15,1.11425001244668e-15,-5.58453550474334e-16,-1.8607029344348e-15,-3.31503023356557e-15,2.68127559114668e-15,1.84980003499041e-15,-4.16029288191692e-16,9.21377130197689e-16,6.06119355514589e-16,4.41083096110695e-16,1.01191710461343e-15,"Asian SEA2a","JQ970480"
"KT221107",-6.65436104968348,-0.228539607083089,-1.41370946175385,0.158522831382944,1.45597349880282,-1.73914106357066,1.2092446642798,-0.354403884056524,-0.773639775240337,1.33375408580552,-0.141709544094711,-0.431452136400944,-0.68594398880286,-0.336476864072071,0.648807703182893,-0.391559428442746,-0.0604577578999815,-0.931943812587734,0.0409908679710316,0.657928193895536,0.364710476429994,0.276452199692261,0.10626998604643,-0.228239235673864,0.701420995622273,-0.0720704261873814,0.201201121338518,-0.309003827741119,0.321372623162347,-0.483730501483644,0.214226421844081,-0.327523891543874,0.126246796431818,0.649640436937464,-0.13091381659583,0.0727097733512655,-0.0107882585195658,0.00404615221429243,-0.0447480889395796,-0.256928162790366,0.0442488842043187,1.74273448320937e-14,4.87307715493046e-15,2.23899466104009e-15,-6.88894375411146e-16,1.70678474315807e-15,-5.87132580337674e-16,-6.50881413095286e-16,8.08938680674761e-16,-8.36009306630623e-16,-1.74968063197228e-15,-3.09298562864054e-15,2.1261640788341e-15,1.70587710244862e-16,-5.27051590654208e-16,5.88310222810142e-16,6.06119355514589e-16,-3.00611373936809e-18,9.00894802150912e-16,"Asian SEA2a","KT221107"
"KT894558",-5.27857203352512,-1.0877621810908,-1.87674257012212,0.228198060959181,0.985465088507523,-1.78394778905984,1.39848677610345,0.0925218625581023,0.475962979615295,1.1974766579011,-0.130091826842321,-0.770180497593857,-0.70828191203537,-0.716229794201764,-0.662326685095128,-0.436802324303229,-0.40983928302617,-0.433181670135599,-1.20331016693583,-0.464761529702103,-0.0986565092985364,-1.87440721271473,-0.328781385703494,-0.385327091980801,0.449590414720755,0.109000000580537,-0.0951385738410589,-0.642058049228476,0.7594692816619,0.174203810563462,-0.369224528141352,0.210761156277858,-0.598098855231903,0.543173421819601,-0.435256013607222,-0.467362668620311,-0.363436177901095,0.147383224260046,0.255696608197666,0.181144826727227,-0.178068830419564,1.299209058489e-14,2.20854189583008e-15,-5.7277229023834e-15,5.58386571372099e-15,2.03985165054562e-15,-4.26549240946706e-18,-1.60844877183448e-15,-4.62613627216239e-16,4.58094406448075e-16,-1.55951157091832e-15,-3.13722107727795e-15,2.12963352578605e-15,-7.73101860686521e-16,-5.89501635789373e-16,8.73943285151448e-16,5.679554390431e-16,1.70032552989318e-16,1.36970382153364e-15,"Asian SEA2a","KT894558"
"KT894572",-5.64250140869668,-0.789334261903271,-1.88648985853838,0.345321822318902,1.00591138695539,-1.76594087710686,1.60579822122344,0.617170915919961,0.0145105796395719,1.08118611127051,-0.884472768268519,-0.75533826542699,0.0926781640520575,-1.35345370454137,-1.0430672490387,-0.865338979308564,-0.994752710387782,-0.415697152454916,-1.46052555636096,-0.390546483080493,0.25912517439131,-1.42376175854353,-0.114453959848244,0.186129299614148,0.76659943119575,0.566804805589754,-0.293841463435067,-0.410598603084796,0.537158524731405,0.149333435538994,-0.194247862362457,0.515175893006315,-0.634909307958691,0.325600142729808,-0.237451348598458,-0.599521272729807,-0.438812169929116,0.0667822778778608,0.146379074294336,-0.181691514228323,-0.170012206294817,1.31586240385838e-14,1.37587462736121e-15,-6.4910012318132e-15,5.58386571372099e-15,4.85539416070396e-16,2.45534688131193e-16,-1.81141141852377e-15,-4.20980263792795e-16,4.16461043024632e-16,-1.94808962953713e-15,-2.47108726250285e-15,1.68554431593599e-15,-1.34209116080691e-15,-5.33990484558115e-16,1.207010192539e-15,9.91227967181441e-16,2.81054855451834e-16,1.64725957768993e-15,"Asian SEA2a","KT894572"
"KT894573",-5.19133341514874,-0.971475543142914,-1.81570150066077,0.34312648792035,0.721673178392051,-1.63584955302514,1.73260824483922,0.20517226668371,-0.621469548991801,1.51290542290271,-0.428488392965941,0.670681561747457,-0.243298576998787,-1.35647940611653,-0.0644054095446917,0.35545083714079,-1.03687627927076,-0.546383927117621,-0.6035772337755,0.304303330965826,0.257015089238185,-0.375141107302956,0.70026768408267,-0.131126069357889,0.427649036154183,0.395406575981514,-0.0791012090985404,-0.143777474966556,0.0451624387976375,-0.393956143105582,-0.0166389787888333,0.566231265417466,1.09927271759873,0.0771250042979962,-0.0495498771067655,-0.775160928957704,-0.40396962778453,0.0870385016599496,-0.288615548337648,0.129767945722892,-0.0904347611153398,1.23814679213462e-14,-8.44571421889101e-16,-4.31218854598633e-15,-1.06359464622214e-15,1.7345403187737e-15,4.39823717440596e-16,-8.19149590265037e-16,2.5488663270795e-15,1.30463946272476e-15,-1.55951157091832e-15,-2.02699805265279e-15,1.51901086224222e-15,7.39577010365255e-16,-5.89501635789373e-16,7.62920982688933e-16,7.83061150064224e-16,2.81054855451834e-16,1.0366369141461e-15,"Asian SEA2a","KT894573"
"KT894577",-8.27426858826764,-1.44859332860148,-1.70792008907191,-1.14124949531096,1.89608104259679,-1.98321771201175,1.18272112230064,-0.796421128230039,1.09117570136824,1.30943883227236,0.297902278739874,0.788421224843163,0.0200279444400723,0.461773590678933,0.512417497789481,0.189110434535372,0.0588995867515439,0.53329692693785,0.274849482194662,0.0392261299205887,0.360916278996447,0.942584769133128,0.0461155891552385,-0.0598049245651132,0.854406953670885,-0.285512408280714,0.488547069443305,0.203868125145367,0.0994134820292067,0.0339629637131904,0.692487078370338,1.02672592902839,0.0279751687555387,0.831384556939803,0.174314294827862,-0.188048974568491,-0.259844658080267,-0.469092025199646,-0.484533071891739,0.242874982528818,-0.115201458317762,1.54025945310819e-14,2.02976914304081e-15,1.78898747019176e-16,-1.7127834090154e-15,4.26553505001529e-15,1.20840291594353e-15,-1.29829820581927e-15,1.00336541583695e-15,-5.78223397307354e-16,-2.68291811900575e-15,-1.22759680890245e-15,3.22124363894024e-16,2.39563776730922e-16,-1.24429763264583e-15,1.04472953038232e-15,8.06484515723346e-16,6.74772169066732e-16,9.79726396270178e-16,"Asian SEA2a","KT894577"
"KT894578",-8.44742850674125,-1.67316460560385,-1.57108977539312,-1.10158179662649,2.06293637838164,-1.8143761470667,1.03506913112954,-0.85139259459672,1.19111504712601,1.20601046854521,0.415504056722857,0.79565617235697,-0.173088154789953,0.492229914587329,0.842123303904234,0.298749219234976,0.241303133735448,0.793983739720183,0.232029816595621,0.2211516114867,0.230886702691616,0.642462447828488,-0.0412857966803774,0.147467149092511,0.916450543886314,-0.224429305355093,0.562365008521152,0.128198567919147,0.356523864308859,0.0925198350868301,0.687066809729504,0.811677531962633,0.139664678844804,0.818871221930296,0.141955382463182,-0.0942596351539977,-0.239065865418066,-0.47205759282434,-0.467062148831123,0.281179065536392,-0.0848714807668009,1.54025945310819e-14,2.08528029427207e-15,5.9523238125361e-16,-1.75441677243885e-15,4.23777947439966e-15,1.25003627936698e-15,-1.393707996998e-15,8.64587537758805e-16,-3.83934367997951e-16,-2.73842927023701e-15,-1.44964141382748e-15,4.45686077377345e-17,1.7017483769185e-16,-1.35531993510834e-15,9.33707227919804e-16,8.13423409627254e-16,4.527275641417e-16,1.09074869873269e-15,"Asian SEA2a","KT894578"
"KX148264",-8.11676421474912,-1.2810213034126,-1.97454607459226,-0.254741118463993,0.40268266260406,-1.83696135174777,1.05174564354223,-0.633721875143544,1.02193872023929,0.762658731974922,-0.356445676825818,0.0963760877471978,-0.300883511590291,-0.343614032028514,0.417232202272895,0.273395938640462,0.0476367778356519,-0.282449934007633,-0.279044588569011,0.382485102722573,-0.550521289708918,0.179671926706636,-0.69227892055764,-0.206801611158953,-0.0747081741968255,-0.15917787073611,-0.173236307705976,0.175054569582324,-0.141366750107192,0.15889682097353,0.123928850649955,0.346798408478291,0.0761202401586791,0.0677844771489283,-0.0527633587085275,0.147860329399026,-0.0664691465112295,-0.0525328321380698,0.238403212649526,-0.324860955451799,-0.15563277601957,1.73306765888259e-14,5.73652895892396e-15,9.33948701439647e-16,2.71222520251676e-15,2.47022666918337e-15,-8.98062184837735e-16,8.02117263647381e-17,1.25744515452491e-16,-9.10507239916151e-16,-1.72608986987989e-15,-1.61355060897994e-15,2.30327345614667e-15,7.84071068669139e-16,-5.45351198446796e-16,1.11522202990063e-15,1.01184525433452e-15,-8.5284847594298e-17,1.00431350292007e-15,"Asian SEA2a","KX148264"
"KY451767",-6.52819036874865,-0.846907033804725,-2.42344200967583,0.337631815154705,1.91143364529964,-1.77429949945693,1.9809808974176,-0.32660188301806,-0.517110928904785,0.501592923038884,-0.514389812594523,-0.151533630014219,-0.0339195857078438,-0.663612504502054,-0.0999858015368888,-0.368063696632643,0.231686014836576,-0.632302329238356,-0.196501369699945,0.268608650333394,0.877911154678306,-1.0598187321745,0.328136457275452,-0.371967891711796,-0.874963219758619,0.731673290038712,0.117022605654542,0.0787411886893592,0.574803543543543,-0.3187867139048,-0.400485747837077,-0.200108427316986,0.394422412217205,-0.193299762339157,0.303106016704933,0.307833989188574,0.0737395601408687,-0.290597986525187,-0.241046534960415,-0.305049730820893,0.0940476623775973,1.39823573483173e-14,3.75435070315006e-15,-1.5240091638227e-15,1.39564746979868e-15,9.45231894782677e-16,3.13378948977554e-17,-1.49847704646845e-15,-5.49802056845981e-17,-5.17520672858165e-16,-2.53125844718397e-15,-3.14612950527597e-15,2.18596771082461e-15,1.98339087761346e-15,-3.80827130375057e-16,3.79940786507205e-16,1.0696675421911e-15,1.6614171412207e-16,6.47599133449711e-16,"Asian SEA2a","KY451767"
"MG201879",-8.01697229414489,-0.82627189224928,-2.0621373010536,-0.919967782051144,1.92089257830477,-2.35747623136492,1.55293718156938,-1.02860551967241,1.06464856666638,0.453598102389762,-0.532547909921033,0.824371076696438,0.0914717516734663,0.854315517276123,0.25991724113231,0.0453202884574014,-0.0954942254970052,0.639385734230734,-0.13275811745356,0.0679842368739502,0.0120143644770147,0.220729455010115,0.307201133980199,0.0147371827728753,0.0947706665879353,0.0752756864498621,-0.293606563892749,0.25778088415219,-0.101303517113876,-0.0089400002979095,0.115593462319235,-0.173619515456353,-0.117768734115818,-0.193570654877223,0.132655315312983,0.0544957350143783,0.305591396814281,0.0192550825342333,-0.0752507178368288,0.32132425568993,-0.142014453926759,1.62332560255316e-14,2.53056212651187e-15,-7.73681281726588e-16,2.83566154499579e-15,2.57244493746193e-15,-4.01420469762942e-16,-3.07744686581367e-15,6.9068150929213e-16,-3.11943343744914e-16,-2.7239009611257e-15,-1.0218152365647e-15,1.28923270175109e-15,4.5293476427607e-16,-4.04799890490302e-16,7.01145861921663e-16,1.30901222267038e-15,2.28731395306195e-16,8.68012914922703e-16,"Asian SEA2a","MG201879"
"MG201880",-7.69722582008878,-0.932564943097987,-1.38789627946826,-0.793365535920107,1.16558957853985,-3.0164859967542,1.34129225201769,-0.469113964286014,0.892023213250859,0.738489949076261,-0.60371212864889,0.365310394101653,-0.255862345844021,0.175763401226058,0.772598234680873,0.307630327851461,0.004613669113836,0.644162847706498,-0.15356417989586,0.37919212098057,-0.114400455737993,0.465656006956713,-0.0302745384437191,0.14712103344551,-0.118337469697929,0.146700469458457,-0.132373894977138,-0.227259934064104,-0.388695236552219,-0.0734311942478318,0.0173846581104668,0.199550470936682,0.215456600008149,0.376124327248917,-0.389896748302358,-0.11970524640435,-0.0447457654476097,0.464556461283189,0.135691401617255,0.226712006683031,-0.0145844860289853,1.67403915917117e-14,3.46720438332209e-15,-1.4608486186479e-15,2.97790887002588e-15,3.01653414731199e-15,-9.28776406459891e-16,-1.77187771476094e-15,1.99389252061971e-15,-5.4786573647776e-16,-8.83034092462565e-16,-1.15430474204243e-15,2.52001900795664e-15,2.22216541971154e-16,-6.80512502953366e-16,9.26388863255526e-16,1.18964156347972e-15,-3.72155047469695e-18,1.01569480334238e-15,"Asian SEA2a","MG201880"
"MG201884",-8.13120681678803,-0.913074218205115,-1.54749155812498,-0.924254047098571,1.85112596815581,-2.3963421209564,1.05905135713122,-1.22310309977275,1.06779160227474,1.18247181491852,-0.0789654821566314,0.697784636833141,-0.433668367373556,0.809571411125402,0.545504756680032,-0.083911480207117,0.532457424470517,0.828295907097373,0.0957396245591212,0.219431035010769,-0.433827441451233,0.0550245579105421,-0.183737520532914,0.399399104702972,0.319291665984412,0.135719372152469,0.286891852573194,0.184276771479087,-0.0330640658038613,0.0783504222323034,0.0567988887112765,-0.195340244330077,-0.132650316787785,0.0469554871838638,0.157258779089548,0.0929437653749644,0.0962907354622561,0.0353778154781555,0.0639167079180411,0.0565746878875391,0.0351061811238683,1.66793510094008e-14,3.66734810436292e-15,-7.09014335214843e-17,2.65871975044615e-15,3.21082317662139e-15,-1.16469879919274e-15,-2.22464054199089e-15,6.70298508449403e-16,-5.22712246076096e-16,-2.18331775792443e-15,-1.00555220397742e-15,9.3274702743786e-16,3.22830503577809e-16,-6.8918612033325e-16,7.11662622994772e-16,1.03546801455228e-15,1.19660656754153e-16,8.68704093807662e-16,"Asian SEA2a","MG201884"
"MG201919",-7.93593787119896,-1.28027592551107,-1.54404975723926,-0.629392894893325,1.98029760241066,-2.20985926857664,1.09470372377398,-1.11946199674096,0.928712457909186,1.20947389400855,-0.629238052525894,0.627519435538839,-0.353409566020842,0.365929103745567,0.347700753792759,0.027694023347101,0.641741501495163,1.08868054747621,-0.0960727307396079,0.174275837367645,-0.124646629830924,0.167331764152681,-0.0415658504041063,0.38829305026566,0.140526284296072,0.150361174628418,0.505385359918245,0.0949435227715484,0.0759447244424423,-0.0558531836386923,0.08083097819856,-0.330776790716874,-0.0525346666355328,0.0137400282948471,0.130914185923622,0.0146984230463677,0.11617019520305,0.0216471149690047,0.0776733568442937,0.00512932011409738,-0.0183409478701222,1.72812813482386e-14,4.21277776363329e-15,1.79503022316403e-16,3.06919839351538e-15,2.79396787517064e-15,-6.63055234329713e-16,-2.08142175491482e-15,8.58569813057157e-16,-4.18291649680533e-16,-2.34982211903057e-15,-1.30011020733389e-15,9.00275112383743e-16,2.94123722560208e-16,-7.73165383308632e-16,6.21528646815668e-16,1.0684847922434e-15,7.82066784340989e-17,9.12264179059294e-16,"Asian SEA2a","MG201919"
"MG201921",-6.93764037857844,-1.03006984005031,-0.91895746247056,-0.0432288419122689,1.29777080567241,-1.89612060073363,1.67274576315867,-1.0835804520137,0.986496204559065,1.23383748145769,-0.3012129927999,0.481301880663847,-0.448444955020215,0.67978566850098,1.04246589571366,-0.652093922375163,-0.608880271111069,0.960017541951548,0.211007766420131,0.24989120663367,0.190753715838901,0.615897777417041,-0.384110619833399,-0.242053305550549,0.558667349681974,0.352597713745795,0.326967852311662,0.0430006622352278,-0.643440298395966,-0.343306088563865,-0.319106483668169,0.040344054614124,-0.0148654983161324,-0.405405773105721,0.0462942681619173,-0.0270887276393016,0.0624681699504695,0.22421828621084,-0.253354305829798,0.0785611039504572,-0.0129296289318653,1.51805499261568e-14,1.48853541853605e-15,-1.528069153342e-15,1.63176345266788e-15,3.54389008400894e-15,-2.06675500670068e-15,-1.56024145069177e-15,1.07275435487602e-15,-5.50467821691725e-16,-1.05921694549146e-15,-7.5740420853853e-17,1.37683623728792e-15,1.216025803645e-16,-1.34074608020671e-16,6.00640320532257e-16,9.7301796941712e-16,1.19660656754153e-16,6.46659488882631e-16,"Asian SEA2a","MG201921"
"FJ598135",-4.64187105158134,-1.29797529904788,2.81352020892326,1.42788330183413,-2.69384613286555,1.32058251358915,2.15043816719917,1.43218382954281,-0.951226796100281,-1.70388455446799,0.476885969562789,0.553601871178412,0.330277457274528,0.0349841964915173,0.442150782998215,0.30557993938585,0.719643298755764,0.29170143188361,0.820955084494395,0.247230735433425,-0.110594153781871,-0.671506487226749,-0.237098672199674,0.256556884363677,0.123397680989697,-0.0669954211930283,0.0157671695702583,-0.53973304751784,0.5671823935346,0.379740303501482,-0.155443363732105,-0.404772670795123,-0.00647067343370929,0.12582466077829,0.272697951009346,0.206688631936495,0.161057637749301,-0.469023764924736,-0.148395996421197,-0.113933690543817,0.255375004241707,1.49447812880543e-14,8.8613369987556e-16,3.43704625705693e-15,-1.40253888250023e-15,5.58561398656933e-16,1.44023635260657e-17,2.50526335135055e-16,-1.42639931467776e-15,1.71564726227824e-15,-3.16566640945183e-15,3.15028215437274e-16,-1.44286189022524e-15,1.4380618191124e-15,-1.11921940834337e-15,5.33811838641704e-16,4.55486909523587e-16,1.16485176705254e-16,1.09705344624905e-15,"Asian SEA2b","FJ598135"
"FJ712195",-3.80873935997539,-1.68669661003143,0.342260339508438,3.27455277793936,-1.54211193071673,4.10147178070642,2.89520375382204,1.24691003405058,0.84697312321561,-0.574354478173424,0.666512675141061,2.35813670142307,-0.644933711536736,-0.144484719629982,2.59831389963628,-3.42059298347178,-1.92077018746076,-0.0447296216106362,-0.493684141133939,1.09332031677042,-1.27920783631695,-1.41267788952593,2.12483919073665,0.0306353887333291,-0.89020751920137,-0.333764841229594,-0.531301057628074,1.33463946058714,-1.42930544416474,0.212671340651494,0.372347453339104,-0.0213697277773079,-0.607343148922045,-0.118931195949974,-0.0174894251995961,-0.414490124420094,-0.191653113946562,0.244837290944139,-0.208511360818589,-0.153357330224709,0.0746791051847384,1.67163679826665e-14,3.76062299070601e-15,3.75010591429574e-15,-2.21283520137248e-15,2.07776479065894e-15,-2.92857319838261e-15,2.11557731074147e-16,5.46528250262915e-15,-3.74268750194821e-15,-1.74951251985857e-15,1.28494255756935e-15,-1.76814833859221e-15,4.69548665080212e-16,-8.55279484403889e-16,1.29841711092543e-15,1.10391342653354e-15,-6.29609275489047e-16,1.37186012578669e-15,"Asian SEA2b","FJ712195"
"FJ712196",-4.49456749003084,-1.64975216591463,2.32818571239995,1.65205549268125,-2.13166168495019,2.25837104064659,1.94030077701707,1.44060193367039,0.303413396783354,-0.637430070418718,1.09889089608334,-0.229855937715199,-0.615791708797203,0.430705461029915,0.676941806300047,-0.935600915653994,-0.678754326973434,0.160391447160984,1.46453639242585,-0.85392148306277,-0.805626906962795,-0.389708397038512,0.0852164052287401,0.323913446089068,0.18688108454856,-0.228250542967742,0.503858128900503,0.95489542471689,-0.593244387198774,-0.285812494327168,-0.396471046333807,0.860264831502236,-0.279015245170743,0.296732464284363,0.438946597573431,-0.346982984945385,0.0699932616567546,-0.243765270293119,-0.304014953196188,-0.0876597079980223,-0.266897593087799,1.32900832856046e-14,1.51812466229592e-16,2.9329156625059e-15,-2.89419769392775e-15,3.60296097914487e-15,-1.00217050220357e-15,2.54413731216393e-15,9.99415129382459e-16,-6.83336233989086e-16,-1.65353023660599e-15,4.01358388885641e-15,-1.09930775237225e-15,3.37221532175394e-16,-1.01462009954542e-15,1.07858985849723e-15,3.97480590183831e-16,4.9266058718185e-16,1.10967227397269e-15,"Asian SEA2b","FJ712196"
"GU647092",-4.09973445536461,-1.63077492440458,2.96112823306162,2.06874432996575,-2.395026036598,0.681582674031304,1.32783683988837,0.967100194413322,-0.853024289019524,-2.03160494750522,-0.813583077870891,-0.272014360881865,0.117100754023363,0.278959809697434,-0.256258077666477,0.0674346241345449,0.44799789083228,0.00208922192243163,-0.232024041202431,-0.434500510815483,0.43183894134846,0.305069018617528,-0.113989989384327,0.102875544046942,-0.922350012338892,-0.188240057526101,0.124967443870035,-0.129778917279307,-0.00740483297232899,-0.12968875507466,0.279057139051614,0.25993024290876,0.0213635781263661,0.215610004778482,0.204291724943163,0.0255737554826761,0.160654726516918,0.161722095713806,0.072476257633147,0.11664915105265,0.0136115079211861,1.72120222806381e-14,2.68732557519968e-15,2.28496483315347e-15,1.87849636903453e-15,-7.91217062248534e-16,1.52229116645012e-15,1.19345490251981e-15,-1.55567571968344e-16,7.12510713052474e-17,-2.84645954965862e-15,1.35224327855003e-15,-1.14205494990621e-15,9.33866039674657e-16,-8.42337582412993e-16,1.10981146777567e-15,4.90326563493138e-16,2.41589896373362e-16,8.63056146331168e-16,"Asian SEA2b","GU647092"
"KF726852",-4.70500725393165,-1.96105334546936,3.2670888010584,2.64132410170652,-3.01263386522696,0.840299176378997,1.38246196533761,1.16222041052242,-0.388725099080297,-0.638868867927376,0.0651666858256115,-0.503094414850297,0.206538978365881,0.533799003029836,-0.585125155401905,0.302321053410284,-0.0291238243962444,0.0698036391113228,-0.441049969841172,0.770194798077433,0.0388767113700037,-0.27762061228558,-0.195190475255135,-0.469569345564928,0.45359107632931,-0.197693504226723,-0.555806898681268,0.265709061402429,-0.0219364155249041,0.328839372396768,-0.291061150729581,-0.0625401008023751,-0.209217544165401,0.234047844048328,-0.212871312360201,0.121316344251727,-0.292025728031492,0.0419656559954902,-0.0846172482040222,-0.0498096581666061,0.101435440537961,1.4287754771528e-14,-3.81949161063486e-16,-1.33344330187929e-15,1.42852983029392e-15,-4.40639323505708e-16,-1.09582066109909e-15,1.12656169050334e-15,-1.29456033050352e-15,2.89704565025303e-16,-2.32692760881704e-15,-3.06002788962423e-16,-1.06816161941425e-15,1.09111712391703e-15,-9.26665102509948e-16,1.18845311038845e-15,6.03805766719604e-16,-5.12352083336338e-16,1.1608045339912e-15,"Asian SEA2b","KF726852"
"KP319184",-4.70500725393165,-1.96105334546936,3.2670888010584,2.64132410170652,-3.01263386522696,0.840299176378997,1.38246196533761,1.16222041052242,-0.388725099080297,-0.638868867927376,0.0651666858256115,-0.503094414850297,0.206538978365881,0.533799003029836,-0.585125155401905,0.302321053410284,-0.0291238243962444,0.0698036391113228,-0.441049969841172,0.770194798077433,0.0388767113700037,-0.27762061228558,-0.195190475255135,-0.469569345564928,0.45359107632931,-0.197693504226723,-0.555806898681268,0.265709061402429,-0.0219364155249041,0.328839372396768,-0.291061150729581,-0.0625401008023751,-0.209217544165401,0.234047844048328,-0.212871312360201,0.121316344251727,-0.292025728031492,0.0419656559954902,-0.0846172482040222,-0.0498096581666061,0.101435440537961,1.4287754771528e-14,-3.81949161063486e-16,-1.33344330187929e-15,1.42852983029392e-15,-4.40639323505708e-16,-1.09582066109909e-15,1.12656169050334e-15,-1.29456033050352e-15,2.89704565025303e-16,-2.32692760881704e-15,-3.06002788962423e-16,-1.06816161941425e-15,1.09111712391703e-15,-9.26665102509948e-16,1.18845311038845e-15,6.03805766719604e-16,-5.12352083336338e-16,1.1608045339912e-15,"Asian SEA2b","KP319184"
"KP319185",-3.99388739317554,-2.13977844696083,2.70156338662274,1.64101675294386,-2.71228520101852,0.545216849278205,0.710864026510558,0.368092122690436,-0.755637543132367,-2.1194765734965,-0.580959674938827,-0.628915460133141,-1.02635213082397,0.986663143851321,-1.22186931522215,0.74448020692397,0.0501782399164657,0.542587594065474,-0.368754127397645,-0.233914833828919,1.14026579529012,0.418821519358881,-0.468714662059295,-0.544641508981657,-0.948235466161665,-0.139858693108183,0.148961533302486,-0.181348300604249,-0.192493705925832,0.022080458326232,0.153435506249282,0.351709470996673,0.507205126045267,0.0855325535976706,0.0978686944877463,-0.091285117994621,0.153422472558979,0.356408326502809,-0.075830543130449,0.096909110493798,-0.255981444294965,1.6323843860938e-14,1.32730237003386e-15,-1.57306017741895e-15,3.59934205720352e-15,-1.79041778441117e-15,6.34112746749998e-16,1.63754411236987e-15,-3.77612176893375e-16,1.51454100331795e-15,-2.79094839842736e-15,1.01917637116248e-15,-1.36409955483124e-15,2.53854437091749e-16,-7.31315279950477e-16,9.98789165313154e-16,3.51548685414993e-16,1.95452914483304e-17,6.41011541406137e-16,"Asian SEA2b","KP319185"
"KP319186",-4.75811126763792,-1.81699179991357,2.16571623778953,3.09952324221985,-2.79750694983087,0.602321885743396,2.26135215933247,0.606212114171199,-0.829534954531361,0.00580732852808616,1.37229797107124,-0.780918022651126,0.605608153586034,0.662097251717355,-0.223418658202434,-0.810059857387125,0.856559691346797,-0.357602360485843,0.562982793958473,0.836273262104376,0.874572982308956,-0.529874175822303,-0.526696399799384,-0.149944406557234,-0.0115368559084707,0.126845997174977,0.30551363150271,-0.463098179635103,0.000561124018013157,0.120561698814134,-0.286037600777433,-0.0666358357481047,0.428085355190949,-0.174662582956305,-0.0930624593638979,0.256191222104322,0.155555958544231,-0.18985074519699,0.150618803472614,0.302416350464644,-0.0358479302159672,1.14299285938519e-14,-1.75513105655228e-15,-1.03308242012126e-15,1.18890991479747e-16,2.27749952433286e-15,-1.68950779327124e-15,5.92081582518097e-16,-8.98055815009326e-16,1.17903888664715e-15,-1.82002182203348e-15,-2.73427429058375e-16,6.66349945868928e-16,1.31725706283836e-15,-8.15809041976241e-16,1.0197284884909e-15,7.4961106087338e-16,-2.12084212834255e-17,9.06940293108244e-16,"Asian SEA2b","KP319186"
"KP319187",-4.43665556712655,-1.08180391265162,2.83539497937744,2.23276304226582,-2.50699648683195,1.03060892877715,2.31758659351103,1.11392258321411,-1.72696566866263,-2.40130158531305,-0.437433257657149,0.38422219708295,-0.0134446097789351,-0.477198054748296,-0.56916117264758,0.956633082994793,1.72191423617532,-0.368157710371564,-0.103048459651398,-0.381661993863482,-0.272983746224885,0.686319127475736,0.555523715056386,1.01089629399594,0.102734837917869,0.663110426273401,-0.0814351451573347,0.765876423941929,-0.401597652644261,0.397469441854115,-0.164300077065539,0.292196765940512,0.17051686148337,0.0411209446271456,0.292411634743236,-0.12437456175961,0.266858369116411,0.140525013881159,0.166515265898373,-0.0385221204570691,-0.35267495745749,1.55466877437004e-14,-1.39274404029777e-15,1.70209774522527e-15,-1.42441712922531e-15,-6.9572096242182e-17,1.57780231768138e-15,2.55174338420965e-15,-4.45452695058282e-17,6.26362583617826e-16,-3.4015710619712e-15,2.68451090810022e-15,-1.47512185729375e-15,1.59999985444975e-15,-1.00887103610677e-15,9.98789165313154e-16,6.8461559280254e-16,3.52612198835877e-16,1.0851007512562e-15,"Asian SEA2b","KP319187"
"KP319188",-4.60249448749696,-1.97430408386198,2.27670536738304,3.22059158579437,-2.71860690027711,0.737715575223168,2.17918370541257,0.732542575381898,-0.783088488409586,-0.203655591727603,0.978002971839296,-0.675225283184298,0.73016793942298,0.372921228826252,-0.265151979782325,-0.632998908028938,0.618345184881072,-0.218162374850869,0.313015737218716,0.829365200848775,1.0450996773247,-0.471139970811514,-0.379628719446033,-0.217200416595976,0.00241402030488484,0.145572733281072,0.331269654475349,-0.435246563874924,0.117310536205148,0.0832780989976301,-0.287633787478462,-0.159866242794878,0.456548125077822,-0.238794710593147,-0.0731257822055203,0.203056894578048,0.18139679442848,-0.155549949988366,0.147451185755816,0.185009536060794,-0.126746892083208,1.2096062408627e-14,-1.2971640588944e-15,-8.6654896642749e-16,5.90735776945439e-16,1.61136570955777e-15,-1.0788851297274e-15,6.51062180701308e-16,-8.98055815009326e-16,1.29006118910967e-15,-1.93104412449599e-15,-5.78738760830293e-16,4.99816492175154e-16,1.09521245791333e-15,-8.15809041976241e-16,9.08706186028386e-16,6.66344334026493e-16,-2.12084212834255e-17,1.12898489803328e-15,"Asian SEA2b","KP319188"
"KP319189",-4.43665556712655,-1.08180391265162,2.83539497937744,2.23276304226582,-2.50699648683195,1.03060892877715,2.31758659351103,1.11392258321411,-1.72696566866263,-2.40130158531305,-0.437433257657149,0.38422219708295,-0.0134446097789351,-0.477198054748296,-0.56916117264758,0.956633082994793,1.72191423617532,-0.368157710371564,-0.103048459651398,-0.381661993863482,-0.272983746224885,0.686319127475736,0.555523715056386,1.01089629399594,0.102734837917869,0.663110426273401,-0.0814351451573347,0.765876423941929,-0.401597652644261,0.397469441854115,-0.164300077065539,0.292196765940512,0.17051686148337,0.0411209446271456,0.292411634743236,-0.12437456175961,0.266858369116411,0.140525013881159,0.166515265898373,-0.0385221204570691,-0.35267495745749,1.55466877437004e-14,-1.39274404029777e-15,1.70209774522527e-15,-1.42441712922531e-15,-6.9572096242182e-17,1.57780231768138e-15,2.55174338420965e-15,-4.45452695058282e-17,6.26362583617826e-16,-3.4015710619712e-15,2.68451090810022e-15,-1.47512185729375e-15,1.59999985444975e-15,-1.00887103610677e-15,9.98789165313154e-16,6.8461559280254e-16,3.52612198835877e-16,1.0851007512562e-15,"Asian SEA2b","KP319189"
"KP319190",-3.87943431669683,-1.78709197850743,3.02792237298759,1.94619599864753,-2.41296717068521,0.698875798061023,1.25403242142,1.03531327300202,-0.947939212763732,-2.00105189155438,-0.805206433862845,-0.338338993641496,0.173833775473826,0.318507069978147,-0.253781231664727,0.0721745748428967,0.407397151524318,0.0176741731175519,-0.225234076842488,-0.346046536285982,0.406480097207115,0.221705396573611,-0.0605166416903454,0.135645596354224,-0.878131328387312,-0.162512419734104,0.0866028839768456,-0.0721247254434506,-0.107555322514397,0.0322640951794143,0.396565282707285,0.344114498055547,0.0169417289247527,0.110909096857645,0.313753381888378,-0.0993751971055377,0.281624531935687,-0.102134704514404,0.51872477574367,0.330247400201422,0.0930679333317812,1.6323843860938e-14,2.30568641048478e-15,2.28496483315347e-15,1.18460697864381e-15,-6.80194759786018e-16,1.96638037630019e-15,8.36101866468583e-16,-2.6658987443086e-16,2.37784524999021e-16,-3.23503760827742e-15,1.46326558101254e-15,-9.75521496212432e-16,1.46122197637161e-15,-7.95500048561619e-16,1.06958756717646e-15,4.70377243519404e-16,2.91029515438701e-16,9.9229304529144e-16,"Asian SEA2b","KP319190"
"KP319191",-3.86851792148533,-1.75848193588915,3.14424285104219,1.65379469585999,-2.45183230211958,0.606974582553289,1.17430118434295,0.882800641414305,-0.630235089601191,-2.33132382446707,-0.591639271323799,-0.242496804123747,0.227193203925366,0.316985092044004,-0.0390455121482619,0.121176477476565,0.0932058955658596,-0.25092639498404,-0.250567745874672,-0.2104060469255,0.168602517056624,0.24802360104179,0.0289423636872081,0.0225107452739986,-0.734164079302896,-0.303299431732205,-0.0599041303006605,0.169836912624682,-0.0760200319654961,0.00898621075444217,0.183037490451694,0.427871309579674,0.0013142727770357,0.115513221840693,0.196220635117486,-0.103519057111852,0.279279624740184,-0.0956646827829811,0.556727289560069,0.274747808205266,-0.00827143922509529,1.67211381274545e-14,2.9400462954321e-15,3.52031298390382e-15,7.34640439903197e-16,-2.18594718580676e-16,1.84627035415757e-15,1.68514264976787e-15,-1.77398411974456e-16,-5.19842589075456e-18,-2.79096613864084e-15,1.42525124006243e-15,-5.54683470525116e-16,1.6323508484218e-15,-7.11559391488824e-16,1.04869945035507e-15,3.54005586178944e-16,2.21435947001851e-16,1.05975689151555e-15,"Asian SEA2b","KP319191"
"KP319192",-4.09973445536461,-1.63077492440458,2.96112823306162,2.06874432996575,-2.395026036598,0.681582674031304,1.32783683988837,0.967100194413322,-0.853024289019524,-2.03160494750522,-0.813583077870891,-0.272014360881865,0.117100754023363,0.278959809697434,-0.256258077666477,0.0674346241345449,0.44799789083228,0.00208922192243163,-0.232024041202431,-0.434500510815483,0.43183894134846,0.305069018617528,-0.113989989384327,0.102875544046942,-0.922350012338892,-0.188240057526101,0.124967443870035,-0.129778917279307,-0.00740483297232899,-0.12968875507466,0.279057139051614,0.25993024290876,0.0213635781263661,0.215610004778482,0.204291724943163,0.0255737554826761,0.160654726516918,0.161722095713806,0.072476257633147,0.11664915105265,0.0136115079211861,1.72120222806381e-14,2.68732557519968e-15,2.28496483315347e-15,1.87849636903453e-15,-7.91217062248534e-16,1.52229116645012e-15,1.19345490251981e-15,-1.55567571968344e-16,7.12510713052474e-17,-2.84645954965862e-15,1.35224327855003e-15,-1.14205494990621e-15,9.33866039674657e-16,-8.42337582412993e-16,1.10981146777567e-15,4.90326563493138e-16,2.41589896373362e-16,8.63056146331168e-16,"Asian SEA2b","KP319192"
"KP319193",-4.75964689855438,-1.68367900687201,3.36450169641514,1.9952367491296,-2.05542877865335,1.36977852458037,1.6077956128922,1.17393118117606,-0.716353020573505,-1.87112971693916,0.478746131231351,0.169208191120855,0.30019517408232,-0.442385481061482,1.08978820066235,0.790934958528747,0.375859655952208,0.740187719766975,0.128074431729399,0.0797133841334263,-0.203492679537652,-0.774674538016202,-0.107423563395337,0.422207429754677,-0.0313601589348521,0.240265010131753,0.293750711100008,-0.246230376103283,0.382045531789176,0.228896110470322,-0.0961120363440027,-0.450285029327308,0.0923683602990516,0.205709146096967,-0.0275847968102884,0.303925194743382,0.237314619937715,-0.197824019750303,-0.0736539306852518,0.215785201624826,0.106613675823776,1.48337589855917e-14,6.43272413238807e-16,2.43784553489429e-15,-1.15273870195957e-15,8.36117154813222e-16,5.69513875838644e-16,5.97471030330416e-16,-9.54554529212066e-16,3.8337963272805e-16,-3.06852189479713e-15,7.59117425287337e-16,-1.16530613406895e-15,1.70173978746087e-15,-1.39677516449966e-15,7.55856443566735e-16,4.53752186047611e-16,-1.61070579451035e-16,1.09705344624905e-15,"Asian SEA2b","KP319193"
"KP319194",-5.0355454407367,-1.70205825917218,3.36623360468399,2.09275853374044,-2.65266499263764,1.17997276329142,1.71542744768459,1.50374157757721,-0.577436612912912,-0.710138567512549,0.0711155951609904,-0.536361832214913,0.261070255461781,-0.405389265266898,-0.633505417009623,0.806440572730466,0.107896938086907,0.0948696731961842,-0.524766291298341,0.533762949144525,-0.281216366079299,-0.0365138075264232,0.245235800915871,-0.136138529870041,0.560857046048847,-0.0943103492589129,-0.599827588947421,0.06593807374816,0.0673477860984293,0.514175001217951,-0.259443625436637,0.307832217398485,-0.309950861518032,0.192896475448441,0.0672930816676962,0.357112650996001,-0.129349564304547,0.0188300332486934,-0.0896118564736337,-0.121358186410517,-0.00565018089674398,1.4287754771528e-14,-7.56649431874476e-16,-7.22820638335452e-16,9.56685044828228e-16,-1.38432889443709e-15,6.99135147573236e-17,1.72330656623936e-15,-1.40558263296604e-15,-1.5438464482476e-16,-2.71550566743585e-15,3.18497662389228e-16,-1.17918392187677e-15,4.66616672565383e-16,-9.26665102509948e-16,1.18845311038845e-15,6.31561342335233e-16,-2.90307478411307e-16,1.38284913891623e-15,"Asian SEA2b","KP319194"
"KP319195",-4.74546011036174,-1.91046896563674,3.8689405542064,2.86836035171009,-2.73075331804849,1.18742193719181,1.46714279345866,1.4584853656604,-0.56510409060306,-0.560241671361941,-0.148642419024996,-0.446459700698002,0.670298325656722,0.283967831423855,-0.41917999390359,0.0953672393624478,0.155163220818691,-0.101334957195248,-0.450406448506676,0.918574409454865,0.039424251904665,-0.67238887722518,0.20065295771383,-0.472267847033181,0.478080020691978,-0.508897008082347,-0.842055241030995,0.266056807558481,-0.138917027525928,0.223779946548222,-0.38545398654202,0.217646958752421,-0.236899681924328,0.144605489918277,-0.10610129709782,0.12697955381148,-0.201705874858323,0.179011388363014,-0.241840060046625,-0.178947992935736,0.0313568425344805,1.46373015519374e-14,-1.82455961326153e-16,-8.16495706038199e-16,1.23424080098452e-15,-1.05126198704954e-15,-7.07242602480286e-16,1.47784319438865e-15,-7.77612734662431e-16,8.8476641811993e-17,-2.23151781763832e-15,-2.08858274307722e-16,-1.27632843653147e-15,1.10499491172485e-15,-9.45747060745693e-16,1.21956971273879e-15,6.99215557898329e-16,-5.99088257135179e-16,1.3475041480932e-15,"Asian SEA2b","KP319195"
"KP319196",-4.36181923653342,-1.72882032119379,3.35433150719516,2.61875233944567,-3.1449121004278,1.14474915143142,1.67301674226758,1.3131988558427,-0.352708433018143,-1.22159901370895,0.15000588252916,-0.443974035637073,0.532471623187483,0.148672232225814,0.119913785115306,0.00180877021491076,-0.258568405138068,0.18682678091986,-0.211939958575787,0.0905653180182395,-0.21105966197287,0.163755515931567,-0.0514927874958028,0.0721030789872645,0.302316948480731,-0.0332820615976373,0.0729908780438483,-0.0681601277337182,0.0868240568896883,-0.0890043645698669,0.196254087735744,-0.00747422303319736,-0.0478917185997076,-0.0484025110771453,-0.124827479422815,-0.0110706558776754,0.0112767294546899,-0.0305783298268756,-0.0625859040803853,-0.165248530775598,0.0430033071696592,1.60550043126794e-14,1.28165065239827e-15,1.93824517381297e-15,4.07510495124738e-17,2.81005642500644e-16,-4.85197997555255e-16,1.37983131799596e-15,-8.57410014557365e-16,1.3357945218739e-16,-2.49953259467674e-15,1.11993990829051e-15,-1.4983730414565e-15,9.80094821454518e-16,-9.526859546496e-16,1.26933459245587e-15,4.0517992872026e-16,1.16485176705254e-16,1.37460920240534e-15,"Asian SEA2b","KP319196"
"KP319197",-4.36181923653342,-1.72882032119379,3.35433150719516,2.61875233944567,-3.1449121004278,1.14474915143142,1.67301674226758,1.3131988558427,-0.352708433018143,-1.22159901370895,0.15000588252916,-0.443974035637073,0.532471623187483,0.148672232225814,0.119913785115306,0.00180877021491076,-0.258568405138068,0.18682678091986,-0.211939958575787,0.0905653180182395,-0.21105966197287,0.163755515931567,-0.0514927874958028,0.0721030789872645,0.302316948480731,-0.0332820615976373,0.0729908780438483,-0.0681601277337182,0.0868240568896883,-0.0890043645698669,0.196254087735744,-0.00747422303319736,-0.0478917185997076,-0.0484025110771453,-0.124827479422815,-0.0110706558776754,0.0112767294546899,-0.0305783298268756,-0.0625859040803853,-0.165248530775598,0.0430033071696592,1.60550043126794e-14,1.28165065239827e-15,1.93824517381297e-15,4.07510495124738e-17,2.81005642500644e-16,-4.85197997555255e-16,1.37983131799596e-15,-8.57410014557365e-16,1.3357945218739e-16,-2.49953259467674e-15,1.11993990829051e-15,-1.4983730414565e-15,9.80094821454518e-16,-9.526859546496e-16,1.26933459245587e-15,4.0517992872026e-16,1.16485176705254e-16,1.37460920240534e-15,"Asian SEA2b","KP319197"
"KP319198",-4.36181923653342,-1.72882032119379,3.35433150719516,2.61875233944567,-3.1449121004278,1.14474915143142,1.67301674226758,1.3131988558427,-0.352708433018143,-1.22159901370895,0.15000588252916,-0.443974035637073,0.532471623187483,0.148672232225814,0.119913785115306,0.00180877021491076,-0.258568405138068,0.18682678091986,-0.211939958575787,0.0905653180182395,-0.21105966197287,0.163755515931567,-0.0514927874958028,0.0721030789872645,0.302316948480731,-0.0332820615976373,0.0729908780438483,-0.0681601277337182,0.0868240568896883,-0.0890043645698669,0.196254087735744,-0.00747422303319736,-0.0478917185997076,-0.0484025110771453,-0.124827479422815,-0.0110706558776754,0.0112767294546899,-0.0305783298268756,-0.0625859040803853,-0.165248530775598,0.0430033071696592,1.60550043126794e-14,1.28165065239827e-15,1.93824517381297e-15,4.07510495124738e-17,2.81005642500644e-16,-4.85197997555255e-16,1.37983131799596e-15,-8.57410014557365e-16,1.3357945218739e-16,-2.49953259467674e-15,1.11993990829051e-15,-1.4983730414565e-15,9.80094821454518e-16,-9.526859546496e-16,1.26933459245587e-15,4.0517992872026e-16,1.16485176705254e-16,1.37460920240534e-15,"Asian SEA2b","KP319198"
"KP319199",-4.62275482836577,-1.68932700963321,1.53013718825014,2.96669862704245,-3.10239188332005,0.733297712059422,2.07830273293485,0.824449758015999,-0.696738172485164,-0.166198507505013,1.38477231647434,-0.34302488855574,0.222648601055329,0.51359689438953,0.0359358679445221,-1.18777726495886,0.461147807372009,-0.416136164991918,0.686930621469514,1.01722692376125,0.457755338977478,-0.573404190321618,-0.247409841130676,-0.222924523900342,-0.205365625220383,0.239095623304304,0.466447414359112,-0.637277656469869,0.0133123178683512,0.617726081335786,-0.259070157610692,0.00214925457072163,0.763045829563678,-0.142406567510435,-0.0334108462261724,0.176054351112502,-0.349603191301819,-0.207279407252729,0.27449170055017,-0.0377906500381199,-0.125068412300603,1.2789236358418e-14,-8.14213761059507e-16,-1.45596634279051e-15,3.10306346751495e-16,2.3174074067019e-15,-1.41979984880654e-15,7.2789848965453e-16,2.1739797536667e-16,1.55097019631346e-15,-1.14708106450484e-15,-5.828407589021e-16,4.15726731520968e-16,7.88149267692606e-16,-8.33230284164115e-16,9.54445296458497e-16,7.54871893579601e-16,-1.4568711963846e-16,8.90269620860554e-16,"Asian SEA2b","KP319199"
"KP319200",-4.36181923653342,-1.72882032119379,3.35433150719516,2.61875233944567,-3.1449121004278,1.14474915143142,1.67301674226758,1.3131988558427,-0.352708433018143,-1.22159901370895,0.15000588252916,-0.443974035637073,0.532471623187483,0.148672232225814,0.119913785115306,0.00180877021491076,-0.258568405138068,0.18682678091986,-0.211939958575787,0.0905653180182395,-0.21105966197287,0.163755515931567,-0.0514927874958028,0.0721030789872645,0.302316948480731,-0.0332820615976373,0.0729908780438483,-0.0681601277337182,0.0868240568896883,-0.0890043645698669,0.196254087735744,-0.00747422303319736,-0.0478917185997076,-0.0484025110771453,-0.124827479422815,-0.0110706558776754,0.0112767294546899,-0.0305783298268756,-0.0625859040803853,-0.165248530775598,0.0430033071696592,1.60550043126794e-14,1.28165065239827e-15,1.93824517381297e-15,4.07510495124738e-17,2.81005642500644e-16,-4.85197997555255e-16,1.37983131799596e-15,-8.57410014557365e-16,1.3357945218739e-16,-2.49953259467674e-15,1.11993990829051e-15,-1.4983730414565e-15,9.80094821454518e-16,-9.526859546496e-16,1.26933459245587e-15,4.0517992872026e-16,1.16485176705254e-16,1.37460920240534e-15,"Asian SEA2b","KP319200"
"KP319201",-4.82765223353574,-1.61117703810015,1.58030752394433,2.66310101399489,-3.14275493211181,0.874472513926681,2.28985031477057,0.850767305011179,-0.610631555232794,-0.0707982056457417,1.64976838348511,-0.293824658779716,0.258150119603896,0.100162524176433,0.0518460296839801,-1.05537631214615,0.306857904202215,-0.188736432752654,0.734323665377634,0.876148354251556,0.606389770031279,-0.624927569856921,-0.255879782524004,-0.329813542898923,-0.176105863053472,0.0759698634442747,0.63985328046927,-0.851923464520407,-0.125495697543311,0.706648999336219,-0.266256706983189,0.0160045783999321,0.751556507976543,-0.1019631906117,0.0593044972554729,0.242549184931047,-0.28121062162667,-0.333685927828573,0.246721331607997,0.0460308245901294,-0.103532363059153,1.26782140559555e-14,-6.47680307365733e-16,-1.59474422086866e-15,2.54795195520237e-16,2.42842970916442e-15,-1.19775524388151e-15,6.72387338423272e-16,1.06375672904154e-16,1.43994789385095e-15,-1.5911702743549e-15,-6.10596334517729e-16,4.15726731520968e-16,9.2692714577075e-16,-8.33230284164115e-16,9.54445296458497e-16,6.99360742348343e-16,-1.4568711963846e-16,8.90269620860554e-16,"Asian SEA2b","KP319201"
"KP319202",-4.36181923653342,-1.72882032119379,3.35433150719516,2.61875233944567,-3.1449121004278,1.14474915143142,1.67301674226758,1.3131988558427,-0.352708433018143,-1.22159901370895,0.15000588252916,-0.443974035637073,0.532471623187483,0.148672232225814,0.119913785115306,0.00180877021491076,-0.258568405138068,0.18682678091986,-0.211939958575787,0.0905653180182395,-0.21105966197287,0.163755515931567,-0.0514927874958028,0.0721030789872645,0.302316948480731,-0.0332820615976373,0.0729908780438483,-0.0681601277337182,0.0868240568896883,-0.0890043645698669,0.196254087735744,-0.00747422303319736,-0.0478917185997076,-0.0484025110771453,-0.124827479422815,-0.0110706558776754,0.0112767294546899,-0.0305783298268756,-0.0625859040803853,-0.165248530775598,0.0430033071696592,1.60550043126794e-14,1.28165065239827e-15,1.93824517381297e-15,4.07510495124738e-17,2.81005642500644e-16,-4.85197997555255e-16,1.37983131799596e-15,-8.57410014557365e-16,1.3357945218739e-16,-2.49953259467674e-15,1.11993990829051e-15,-1.4983730414565e-15,9.80094821454518e-16,-9.526859546496e-16,1.26933459245587e-15,4.0517992872026e-16,1.16485176705254e-16,1.37460920240534e-15,"Asian SEA2b","KP319202"
"KP319203",-4.54101619096747,-2.01189329059683,3.36439890569789,2.19869498679602,-2.78739821846536,0.676911513931483,1.04511625598247,0.819916423032742,-0.145612781003823,-1.34448755711967,0.117201056756433,-0.512670951667572,-0.19353230692691,0.858287659253169,-0.854440736790968,0.244574980654991,-0.572655334938409,1.22647032100851,-0.298751742406318,0.136904245639742,-0.134598528582806,0.841507764491531,-0.461502381784051,-0.650652946654646,0.33026071947142,-0.267549015876272,0.17390900300049,-0.245904660942405,0.0786350498576717,-0.0876530483215146,0.0598570694199966,-0.0472286666845146,0.0982983308117819,0.0218642243191363,-0.190911218088212,-0.316919793388579,0.0446930705509401,0.405546022219222,0.0714251424421694,0.410906732791245,-0.0523662945726442,1.46321604673137e-14,6.55000788329191e-16,-1.30168773972703e-15,3.08199227858449e-15,5.05419301625158e-18,2.09202193780894e-16,5.14921507445485e-16,5.54939397296945e-16,1.22935846466048e-15,-2.03098735269022e-15,1.16068373664862e-15,2.63143765710812e-16,7.4610303171615e-16,-8.65368973362144e-16,1.24690613049655e-15,3.73020487163642e-16,8.68093309278427e-17,1.38592274019187e-15,"Asian SEA2b","KP319203"
"KP319204",-4.37361795614022,-1.96547834838388,3.48610952251257,2.33830275108877,-2.72484774843618,0.765486841841892,1.36174150263262,1.00629768412568,-0.206755301011783,-1.41906839003907,0.225047719161239,-0.36884465558363,0.0466960504120744,0.609820452163684,-0.607434323086054,-0.0449725705307651,-0.276705812449981,0.973235428320852,-0.199524432041941,0.0742580606089316,-0.177422099086075,0.692862413786179,-0.251039573593804,-0.458758251549127,0.560395568241936,-0.287496505698073,0.140326954424226,-0.124091724853988,0.0576244652577601,-0.0935174801992534,0.183448551435022,-0.110267521866511,-0.0199715678131299,-0.268591615648615,-0.139164142871669,-0.241044061776672,0.0730854307491814,0.128898356291313,-0.131213770456901,0.0746688430243599,0.0965875228830591,1.46321604673137e-14,1.09908999817925e-15,4.19157948441964e-16,1.3611465904155e-15,6.05653442475094e-17,-1.23864713606653e-16,9.06969013016244e-16,-1.72115015632898e-19,6.74246952347901e-16,-2.08649850392148e-15,1.0496614341861e-15,-7.91568107683086e-16,7.73858607331779e-16,-7.54346670899629e-16,1.13588382803404e-15,3.45264911548013e-16,8.68093309278427e-17,1.38592274019187e-15,"Asian SEA2b","KP319204"
"KP319205",-4.36268343884463,-1.70555503818279,3.18536029753708,2.43057817637316,-3.12880315173426,1.03775207592835,1.77070618642741,1.29833414860344,-0.334389466900805,-1.33354717558013,0.214446806910537,-0.170750218128149,0.761233731889183,0.547243542105856,0.145500728068461,0.122664663972653,-0.459929830576066,0.279575157903017,-0.321490472212901,-0.0307729183401381,-0.00379639789601923,-0.139167678979795,0.255695652538375,0.309049688679598,0.455464078560303,0.0404016812958663,-0.091020829953626,-0.0510079133247743,0.154315426127327,-0.0328928330676927,0.491929817943629,0.105886334685854,-0.163308620827091,0.149146232826007,-0.221482406921922,0.139799736045175,0.0874849765681635,-0.00430078070986642,-0.23958874780834,-0.0170609256550573,-0.139021802942974,1.48059173513834e-14,1.2282067486581e-16,2.86459505298509e-16,1.99198097242513e-16,-2.70302289609029e-16,-2.06807512361404e-16,4.79626562521503e-16,-8.21432623868592e-16,-6.51745775983185e-17,-2.87973250269947e-15,1.22060039610931e-15,-1.50252627430595e-15,6.14289139601102e-16,-9.8552637710897e-16,1.16342341653746e-15,5.14607724054112e-16,4.54393849627322e-17,1.43756145453392e-15,"Asian SEA2b","KP319205"
"KP319206",-3.26647393994645,-1.27210034245638,3.05389130520275,2.51987179429141,-2.41762522733392,1.13732099057519,1.98096729805561,1.3054796610626,-0.882734315877641,-1.4674695527335,0.0652807937863734,0.124553242122978,0.814116186358679,0.352125000821345,0.284287337335818,0.354367898202917,1.05547468220949,-0.296266358177968,-0.358898170938924,-0.381601195485352,-0.0235295244521006,-0.0537389742990598,0.19866809113255,-0.739694431879522,-0.81532849443323,0.447268335603532,0.220196763431572,-0.186602849388853,0.0474550723729635,-0.363481567586319,0.220727803458152,-0.179223473177047,-0.138439612145946,0.193186124658468,-0.143187330367198,-0.347924711059626,-0.0129667517093415,-0.0708566938333406,-0.0986324382824005,0.0674870594112056,-0.0501178651345708,1.46585093240002e-14,1.57710255057452e-15,8.97186052372027e-16,-1.03583907060651e-15,2.53945201162694e-15,9.67179654137545e-16,6.64364242346879e-16,-3.77612176893375e-16,-1.50793533619784e-16,-2.3468591885773e-15,1.99756489998408e-17,-8.64499193749916e-16,2.26613366922485e-15,-1.00887103610677e-15,9.43278014081896e-16,2.40526382952477e-16,3.52612198835877e-16,6.96522692637395e-16,"Asian SEA2b","KP319206"
"KP319207",-3.23780310092715,-1.02623931912039,3.0022715417934,2.47409877927767,-2.7712040241352,0.770276125627698,1.78304988130879,1.13036876541092,-0.963779407967361,-1.62087492312988,-0.127317988720289,-0.147929910032504,0.863392437202675,0.200991336519264,0.484163867379425,0.337710064684033,1.28720284684397,-0.150173344858846,-0.398603823981176,-0.177200262458259,-0.0301136359176244,-0.130574786341041,0.533530753438798,-0.951926692149807,-0.531435319796669,0.527110135753788,0.213516207005545,-0.492883612009546,-0.0509422365825758,-0.470515213585898,0.232890798427998,-0.287281510099541,-0.157318013550958,0.186242024148433,-0.0398735223956815,-0.220460116857015,0.0416437643823559,-0.0443610016703754,-0.1395504018545,0.165338450972373,-0.0263713932201432,1.53246431387753e-14,1.88241388234644e-15,1.11923065729706e-15,-1.06359464622214e-15,2.37291855793316e-15,1.30024656152509e-15,4.90891894749198e-16,-2.6658987443086e-16,-3.72838138544815e-16,-2.40237033980856e-15,-9.10466534626749e-17,-9.20010344981174e-16,2.15511136676233e-15,-8.97848733644251e-16,8.3225571161938e-16,2.96037534183735e-16,2.41589896373362e-16,6.96522692637395e-16,"Asian SEA2b","KP319207"
"KP319208",-4.36181923653342,-1.72882032119379,3.35433150719516,2.61875233944567,-3.1449121004278,1.14474915143142,1.67301674226758,1.3131988558427,-0.352708433018143,-1.22159901370895,0.15000588252916,-0.443974035637073,0.532471623187483,0.148672232225814,0.119913785115306,0.00180877021491076,-0.258568405138068,0.18682678091986,-0.211939958575787,0.0905653180182395,-0.21105966197287,0.163755515931567,-0.0514927874958028,0.0721030789872645,0.302316948480731,-0.0332820615976373,0.0729908780438483,-0.0681601277337182,0.0868240568896883,-0.0890043645698669,0.196254087735744,-0.00747422303319736,-0.0478917185997076,-0.0484025110771453,-0.124827479422815,-0.0110706558776754,0.0112767294546899,-0.0305783298268756,-0.0625859040803853,-0.165248530775598,0.0430033071696592,1.60550043126794e-14,1.28165065239827e-15,1.93824517381297e-15,4.07510495124738e-17,2.81005642500644e-16,-4.85197997555255e-16,1.37983131799596e-15,-8.57410014557365e-16,1.3357945218739e-16,-2.49953259467674e-15,1.11993990829051e-15,-1.4983730414565e-15,9.80094821454518e-16,-9.526859546496e-16,1.26933459245587e-15,4.0517992872026e-16,1.16485176705254e-16,1.37460920240534e-15,"Asian SEA2b","KP319208"
"KP319209",-4.36181923653342,-1.72882032119379,3.35433150719516,2.61875233944567,-3.1449121004278,1.14474915143142,1.67301674226758,1.3131988558427,-0.352708433018143,-1.22159901370895,0.15000588252916,-0.443974035637073,0.532471623187483,0.148672232225814,0.119913785115306,0.00180877021491076,-0.258568405138068,0.18682678091986,-0.211939958575787,0.0905653180182395,-0.21105966197287,0.163755515931567,-0.0514927874958028,0.0721030789872645,0.302316948480731,-0.0332820615976373,0.0729908780438483,-0.0681601277337182,0.0868240568896883,-0.0890043645698669,0.196254087735744,-0.00747422303319736,-0.0478917185997076,-0.0484025110771453,-0.124827479422815,-0.0110706558776754,0.0112767294546899,-0.0305783298268756,-0.0625859040803853,-0.165248530775598,0.0430033071696592,1.60550043126794e-14,1.28165065239827e-15,1.93824517381297e-15,4.07510495124738e-17,2.81005642500644e-16,-4.85197997555255e-16,1.37983131799596e-15,-8.57410014557365e-16,1.3357945218739e-16,-2.49953259467674e-15,1.11993990829051e-15,-1.4983730414565e-15,9.80094821454518e-16,-9.526859546496e-16,1.26933459245587e-15,4.0517992872026e-16,1.16485176705254e-16,1.37460920240534e-15,"Asian SEA2b","KP319209"
"KP319210",-4.36181923653342,-1.72882032119379,3.35433150719516,2.61875233944567,-3.1449121004278,1.14474915143142,1.67301674226758,1.3131988558427,-0.352708433018143,-1.22159901370895,0.15000588252916,-0.443974035637073,0.532471623187483,0.148672232225814,0.119913785115306,0.00180877021491076,-0.258568405138068,0.18682678091986,-0.211939958575787,0.0905653180182395,-0.21105966197287,0.163755515931567,-0.0514927874958028,0.0721030789872645,0.302316948480731,-0.0332820615976373,0.0729908780438483,-0.0681601277337182,0.0868240568896883,-0.0890043645698669,0.196254087735744,-0.00747422303319736,-0.0478917185997076,-0.0484025110771453,-0.124827479422815,-0.0110706558776754,0.0112767294546899,-0.0305783298268756,-0.0625859040803853,-0.165248530775598,0.0430033071696592,1.60550043126794e-14,1.28165065239827e-15,1.93824517381297e-15,4.07510495124738e-17,2.81005642500644e-16,-4.85197997555255e-16,1.37983131799596e-15,-8.57410014557365e-16,1.3357945218739e-16,-2.49953259467674e-15,1.11993990829051e-15,-1.4983730414565e-15,9.80094821454518e-16,-9.526859546496e-16,1.26933459245587e-15,4.0517992872026e-16,1.16485176705254e-16,1.37460920240534e-15,"Asian SEA2b","KP319210"
"KP319211",-4.36181923653342,-1.72882032119379,3.35433150719516,2.61875233944567,-3.1449121004278,1.14474915143142,1.67301674226758,1.3131988558427,-0.352708433018143,-1.22159901370895,0.15000588252916,-0.443974035637073,0.532471623187483,0.148672232225814,0.119913785115306,0.00180877021491076,-0.258568405138068,0.18682678091986,-0.211939958575787,0.0905653180182395,-0.21105966197287,0.163755515931567,-0.0514927874958028,0.0721030789872645,0.302316948480731,-0.0332820615976373,0.0729908780438483,-0.0681601277337182,0.0868240568896883,-0.0890043645698669,0.196254087735744,-0.00747422303319736,-0.0478917185997076,-0.0484025110771453,-0.124827479422815,-0.0110706558776754,0.0112767294546899,-0.0305783298268756,-0.0625859040803853,-0.165248530775598,0.0430033071696592,1.60550043126794e-14,1.28165065239827e-15,1.93824517381297e-15,4.07510495124738e-17,2.81005642500644e-16,-4.85197997555255e-16,1.37983131799596e-15,-8.57410014557365e-16,1.3357945218739e-16,-2.49953259467674e-15,1.11993990829051e-15,-1.4983730414565e-15,9.80094821454518e-16,-9.526859546496e-16,1.26933459245587e-15,4.0517992872026e-16,1.16485176705254e-16,1.37460920240534e-15,"Asian SEA2b","KP319211"
"KP319212",-4.37361795614022,-1.96547834838388,3.48610952251257,2.33830275108877,-2.72484774843618,0.765486841841892,1.36174150263262,1.00629768412568,-0.206755301011783,-1.41906839003907,0.225047719161239,-0.36884465558363,0.0466960504120744,0.609820452163684,-0.607434323086054,-0.0449725705307651,-0.276705812449981,0.973235428320852,-0.199524432041941,0.0742580606089316,-0.177422099086075,0.692862413786179,-0.251039573593804,-0.458758251549127,0.560395568241936,-0.287496505698073,0.140326954424226,-0.124091724853988,0.0576244652577601,-0.0935174801992534,0.183448551435022,-0.110267521866511,-0.0199715678131299,-0.268591615648615,-0.139164142871669,-0.241044061776672,0.0730854307491814,0.128898356291313,-0.131213770456901,0.0746688430243599,0.0965875228830591,1.46321604673137e-14,1.09908999817925e-15,4.19157948441964e-16,1.3611465904155e-15,6.05653442475094e-17,-1.23864713606653e-16,9.06969013016244e-16,-1.72115015632898e-19,6.74246952347901e-16,-2.08649850392148e-15,1.0496614341861e-15,-7.91568107683086e-16,7.73858607331779e-16,-7.54346670899629e-16,1.13588382803404e-15,3.45264911548013e-16,8.68093309278427e-17,1.38592274019187e-15,"Asian SEA2b","KP319212"
"KP319213",-4.36181923653342,-1.72882032119379,3.35433150719516,2.61875233944567,-3.1449121004278,1.14474915143142,1.67301674226758,1.3131988558427,-0.352708433018143,-1.22159901370895,0.15000588252916,-0.443974035637073,0.532471623187483,0.148672232225814,0.119913785115306,0.00180877021491076,-0.258568405138068,0.18682678091986,-0.211939958575787,0.0905653180182395,-0.21105966197287,0.163755515931567,-0.0514927874958028,0.0721030789872645,0.302316948480731,-0.0332820615976373,0.0729908780438483,-0.0681601277337182,0.0868240568896883,-0.0890043645698669,0.196254087735744,-0.00747422303319736,-0.0478917185997076,-0.0484025110771453,-0.124827479422815,-0.0110706558776754,0.0112767294546899,-0.0305783298268756,-0.0625859040803853,-0.165248530775598,0.0430033071696592,1.60550043126794e-14,1.28165065239827e-15,1.93824517381297e-15,4.07510495124738e-17,2.81005642500644e-16,-4.85197997555255e-16,1.37983131799596e-15,-8.57410014557365e-16,1.3357945218739e-16,-2.49953259467674e-15,1.11993990829051e-15,-1.4983730414565e-15,9.80094821454518e-16,-9.526859546496e-16,1.26933459245587e-15,4.0517992872026e-16,1.16485176705254e-16,1.37460920240534e-15,"Asian SEA2b","KP319213"
"AB519642",1.24520206055686,5.21056501559442,1.42385989481511,-2.32227898120005,0.0204480336288555,-0.622222214232812,0.715971959048248,-1.48518151257227,-1.35544314331373,0.60338031221612,0.152516025245954,0.11919964128947,-0.408090739665331,0.84968898052283,0.884599388975969,1.33729978318831,-1.21546726323943,-1.33057288204945,0.349929733692776,0.223384590555448,0.608793310747496,0.0715954177924923,-1.29472132536533,0.641609105931347,0.444704376166365,0.0310085995959635,-0.456192703970622,-0.693591740713543,0.130780400006683,0.173629052655613,0.0152238021807327,-0.180500678180894,-0.150347754643596,-0.0777809885769373,-0.798186448865669,0.0570470014804247,-0.431773938315298,0.236642819179349,-0.721830771672761,-0.0237778414392591,-0.123246884564208,1.24191761729412e-14,-4.28779676631303e-15,-1.51525859156277e-15,-2.96510941703212e-15,-7.50178006067013e-17,-3.93562173223684e-15,-1.79457517375178e-15,-1.60195434317746e-15,2.23587008207514e-15,6.8894305534546e-16,-1.4608898942838e-15,-2.03701086148924e-17,5.51063533478292e-16,2.84793512753762e-16,-6.46005286458846e-16,-2.326343494283e-16,2.03479384895115e-16,-7.76568858001998e-16,"Bat DR","AB519642"
"AF070449",1.04925169335059,5.8763530968655,2.35768885501067,-1.62473140417592,1.94280113764863,-1.55539476513215,0.204350579236518,-0.795995189802158,0.58810026401128,-1.06166806031261,1.49304286041691,0.966997015222953,0.996721280864078,-0.0723409417228748,-0.898022787671966,-1.37387077214149,1.41797401538045,0.21909076465117,-0.899084767955491,-0.579718275767685,-0.728509354175474,0.246521413210884,-0.459541935825687,0.0459430986037234,0.305701483714812,-0.191157356977989,0.131146155319428,-0.683520842897902,-0.783294745392901,-0.332673982987521,-0.628349209469566,-0.165564995241923,-0.473167788554679,0.0509741139258391,0.252816806830627,-0.0708895415151784,-0.0640253220324526,-0.300936528589462,-0.136706446130885,0.219330708029386,-0.265629104786026,1.35363380914703e-14,5.31265049950539e-16,6.3232907169652e-16,6.98626564230901e-16,2.47849515603116e-15,8.38337273651333e-16,-1.31275572829922e-15,-8.80309377171105e-16,-2.79478958091233e-16,6.89810417083449e-16,8.80986798284885e-16,-5.89359408735285e-16,1.5225086800253e-15,3.63723430910706e-16,-6.19117072581206e-16,-5.62231809863894e-16,4.59351097601694e-16,-9.30742406929436e-16,"Bat DR","AF070449"
"AF351847",1.31285191489903,4.76829379088213,4.41294680593457,-0.859998530446726,0.172931716853491,-1.38089908916885,0.948209962161,-0.868991366514332,0.338368697093443,-2.29239010287164,1.69588686449432,2.7484064591967,-0.135209845365459,1.13466008343656,-2.22251160245346,0.121930618964719,0.903277917267273,-0.198106283643131,0.162382896484178,-1.23114866558996,0.0785318364780475,1.02931239559409,-0.398523674209881,0.395644940698548,0.294565642483427,-2.24953278796695,0.826280661701611,1.09835730278821,1.15431575849794,0.455788292551593,-1.66330158330146,-0.22751268649345,-0.669558134169204,0.902828191649277,-0.0801695142637804,0.150599817998874,0.219413210538798,0.291700279503904,0.15812047028952,0.121266487700882,0.284608755878578,1.6754185220111e-14,1.52942822015054e-15,6.55593098588842e-15,1.25086440250583e-15,1.03667959840483e-16,1.10804521811603e-15,-8.18946269524326e-17,-6.79054858634886e-16,1.53574228358778e-15,-3.06486490146596e-16,5.75910277131102e-16,-3.33443368098017e-16,3.13058020728297e-15,-1.6283915147636e-16,-3.77896310451958e-16,-1.4824459515913e-15,8.40544292493899e-16,-2.90603403085407e-16,"Bat DR","AF351847"
"AF351852",0.888120750471905,6.12644486843327,1.72370536100567,-1.60381520543,1.11648735916617,-2.47368117183869,1.45346529051236,-1.01270810610684,-0.849872318191315,-0.0770483739481973,1.29302350929677,1.99481027256155,0.561243884578361,-0.108913989212078,-1.37251805120329,-0.941931589771811,0.176588877756208,-0.990127927964111,-1.35198248002863,0.223906448532889,0.0278831749418663,0.63122055981699,-0.149684171769624,0.361016990626217,0.233622133314639,-0.830440921692207,0.343228480517325,-0.515776100379656,0.047857121557278,0.336144769251453,0.755591750802117,-0.108167286386368,-0.450831423959441,0.615947108409839,0.106187094679942,-0.103117094463063,-0.220506222299042,-0.171797119270748,0.159883667413577,-0.30537747764152,-0.134139646414581,1.75838816417931e-14,2.57997347507915e-15,1.86745218659201e-15,1.30924922777474e-15,-4.08084707994248e-16,-4.93930355898855e-16,-2.09338129248879e-15,1.82773833848813e-17,-3.31482245025264e-17,-7.82102452282872e-16,-2.67519632746757e-15,-9.22426316122832e-16,5.78819109093921e-16,1.94587892002968e-16,-3.88520698669636e-17,-6.64580494946525e-16,4.26391351558135e-16,-2.76534816051683e-16,"Bat DR","AF351852"
"AY854587",0.487424719297621,6.35353333720772,2.0803841244264,-1.2897109959898,-0.540444007080084,-0.232119643168642,0.33767740682306,-0.325977556099083,0.120058571899231,-1.65253657134143,0.485873667432629,2.46450752971709,-0.953668484086867,1.88258496284224,0.205732103611414,-0.620745997823282,1.11047917928789,0.73443375592043,1.11921187148948,-0.903105786555525,0.0072667072074984,-1.65368210157481,0.190654020499002,-0.913760405573536,0.761372719634828,-1.19203828252597,-0.175269407362115,0.879454683076976,-0.521439698853672,1.2828581204748,-0.0451487974193579,-0.635598091620072,-0.219524931332756,-0.739427698660664,0.384306165244756,0.652062564161848,-1.09804882752281,0.28430566899298,0.0729919533228549,-0.0282290412120307,-0.259442637145974,1.29847169116987e-14,-1.6927395634624e-15,-2.37292597748333e-15,2.42774948632699e-15,1.75013976476605e-15,-4.75643307778584e-16,-4.8318252032773e-15,1.07743546190356e-16,1.90490646353615e-15,-1.83853866195286e-15,9.29639030691894e-16,-4.64473860668539e-15,2.94174748979351e-15,7.78247932241917e-16,-8.78097702512149e-16,-3.7667817626585e-17,-5.87591006921219e-16,-1.29711771641008e-15,"Bat DR","AY854587"
"AY854592",2.35242791443639,5.98878470564166,3.08375268222004,-0.597573216390623,-0.605827130188111,0.174593917871944,1.27550788920083,-1.14380411605989,1.55914277362246,0.310942472944689,-0.0124462941035261,-0.469985069203327,0.648362863731748,-0.122427295680118,-1.63081083408369,-1.22996674535038,0.628993875280754,0.0411225451404879,0.58296681473477,-0.89626487875929,-0.967445817546626,0.625287549623308,0.541761394970428,-0.43575808871462,1.23976217302416,0.0115520383635285,-0.417779500459348,-0.83794077335183,0.810519331087227,-0.750437406804405,0.0917955860217504,-0.306155214079158,0.490800398835581,0.221302107923652,-0.00378798270242904,-0.461428901974898,-0.17958513658661,-0.0403442823418872,-0.139658764627507,0.0625824448994006,-0.0568301078641834,1.47381326987494e-14,-1.30130011219431e-15,5.22462086887602e-15,7.01500238268556e-16,1.46714212711511e-15,4.57607026724121e-16,-1.04655046987803e-15,2.86591289178331e-17,2.09292227123776e-15,6.92110772578783e-16,1.30575923928107e-15,-2.01100962522897e-15,-1.34844153774348e-15,3.80277311360592e-16,-4.8433652129248e-16,-9.82091553328571e-16,8.77865425134798e-16,7.34196040180507e-17,"Bat DR","AY854592"
"AY854594",1.63351825811878,6.35967618076558,3.31363899907686,-0.470623993085618,0.054721812049141,-0.643326905910757,1.57109211296031,-1.71469027115515,1.06613421713523,-0.253377698162895,0.0889540526574462,-0.0471581738870802,0.705471219686231,-0.143117838553525,-1.02895739228473,-0.731345952217251,0.475545167267905,-0.41568452506947,0.107007650870385,-0.799274643151333,-0.663494013018779,0.469466681216983,0.0355926199922084,-1.20776053590105,0.869524736501897,0.278898631664451,-0.74029686399423,-0.268724774110635,0.576265034272335,-0.42647457482999,0.0314441596398814,-0.338851340394846,0.445396561572743,-0.191072127081607,0.244547729935252,-0.23536747130494,0.111229205689305,-0.23888986576407,0.122456285481939,0.0210778017128548,-0.0878670340378229,1.35814409018457e-14,-4.59262054832218e-16,3.85197584310947e-15,1.43515051918323e-16,1.59031673633103e-15,8.38337273651333e-16,-1.43071692466565e-15,-1.03296504305706e-15,1.26442493552813e-15,-2.92910432057413e-16,1.97505748750023e-16,-9.91815255161904e-16,1.30046407510027e-15,6.58626421826764e-16,-6.85687085971816e-16,-1.06877106484912e-15,6.4062970084127e-16,-8.13784250042921e-17,"Bat DR","AY854594"
"AY877433",0.369937192438778,6.3685910378793,2.2006865722557,-0.454579087416556,1.52160931525154,-3.02149557993109,0.705319382890526,-1.32521080612592,0.393063390841002,-1.1580691879196,0.711489595164235,0.301150593294859,0.0828491264047675,4.62928862352002,1.87865037340745,-0.920378307010786,-0.152804546682553,-0.74402461348168,0.114149713164373,-0.356243376477857,1.66210755177925,-1.09074704187463,0.633922709380368,-2.20493729738823,1.25022625180178,-0.673214426793323,-0.388320146257707,0.2921211588418,-0.308592515294241,0.48099597978802,-0.426746712719099,-0.629994697777514,-0.930144047422286,0.191899920174691,-0.0686358631940136,0.0162634112090005,-0.0345370624203094,-0.280599087898076,-0.0726572320011995,0.155166775056296,0.180439248787457,1.46202132735612e-14,-5.85037551037227e-16,1.71678129255532e-16,-2.44608091405894e-15,3.28558926722911e-15,-1.72626492628565e-15,-7.16702070104246e-15,-2.20714362403093e-15,4.63019334564731e-16,-1.98888358514359e-15,-2.90078523980337e-15,-1.78121754863269e-15,2.55862574299464e-15,9.75138644766143e-16,-1.11635584969984e-15,-7.07517600877598e-16,-7.97749071462192e-17,-7.96591009979909e-16,"Bat DR","AY877433"
"AY877434",1.3827552576823,5.82561942018665,2.47877205786189,-1.92887301691463,0.0851113652932513,-0.241198977043727,1.29878218661499,-1.62106891165667,0.612292835321019,-1.09793465481052,0.554192165877738,0.166604403082752,1.89954053204922,0.353951998510128,-1.0483096057295,-0.303448746104313,0.552165698088091,0.270866740403871,1.53820502410211,-1.67697732387116,-0.0814424128462097,-0.692630390498834,-0.836859940177193,1.10093949420896,0.105148290868229,-0.0299241843169437,0.0329021621470953,0.902941943492311,0.332047024408588,-0.474984556545729,0.129868283337003,0.789163454920268,-0.075454008492073,0.340285911745462,-0.310845684648868,0.531307387864838,-0.138475939420885,-0.0869387651015597,0.0113467964852794,-0.612199130394583,0.0953852771906805,1.38694049988578e-14,2.88403763313786e-16,4.65688753596271e-15,1.19822692531222e-15,1.14622752648097e-15,-2.04824259037407e-15,-5.25191270205754e-16,-2.28196594576037e-15,1.19545858728705e-17,4.40010236542788e-16,3.50388869396182e-15,-1.69958243336044e-15,2.46619825095669e-15,3.66325516124672e-16,6.28460939121767e-17,-7.28765263557667e-16,6.22415104343514e-16,-2.22975228730899e-16,"Bat DR","AY877434"
"AY877435",0.794997314966911,6.35654029578488,2.63343497407681,-1.52448989796441,1.10094740951925,-0.939359966790199,1.16652968978356,-0.922340505890909,1.35936695095371,-0.951457281476218,1.23847224554818,1.70017018293886,1.96837380595841,-1.24428848889482,-0.667349889435985,-0.46740179060041,0.803396274080714,1.25836960904923,0.559400298872476,-0.176319038126476,-0.743576494162501,-0.651117997522844,0.103790710337244,0.701925905046338,-0.514847039495429,-0.0563051349560014,-0.2346779557366,0.32437265824189,0.27712436917491,-0.155553288160568,0.476930346863411,0.452941924720965,-0.0572393674391656,-0.878442876762373,-0.430609236662979,0.0693266751527689,0.201147000676285,-0.0135004427878294,-0.0703975100486771,-0.0859958823545131,-0.206653447289527,1.28680358723502e-14,-6.8130665975725e-16,4.45219016579745e-15,9.76182320387191e-16,2.92258436588122e-15,-2.04824259037407e-15,-2.24039910707782e-15,5.38694426177923e-16,9.48705262900346e-16,3.56743509695902e-16,1.53324282525216e-15,-1.49141561624322e-15,1.994353465491e-15,3.17753258797321e-16,-5.85845494061998e-17,-1.52837069533367e-16,7.88081196299299e-16,-1.36430467486186e-18,"Bat DR","AY877435"
"GU592648",0.688683865179375,5.52092962953476,1.57056859715832,-2.40282981100518,0.980430772606071,-1.12840204547657,0.916711922748717,-0.338781833915724,-0.8405975344806,0.93555047038758,0.181337180071215,0.957368367412425,0.325599285034831,-0.025849908921987,1.3948356265615,0.565919513629685,-0.217908844350242,-0.90330406336319,0.611328002299003,-0.0276541431518947,0.445384862373314,1.03536834919186,-1.54579616086258,-0.210900884199602,0.485783242351499,0.0355180639751982,-0.142641817275069,-0.860348675921594,-0.462829401170958,-0.115577388484369,-0.13972706784191,0.0357221850255243,-0.207832137898995,-0.0885075401803807,-0.259488841736346,0.09146456233972,-0.180114793983394,-0.26466343220626,-0.165295909695899,-0.420971392734823,-0.121161188571032,1.31429895432925e-14,-1.1184569757034e-15,2.02117649654271e-16,-4.24186589535105e-15,2.0344059461811e-15,-1.71517568298653e-15,-1.88868392232352e-15,-1.85522397067007e-15,1.35463055627892e-15,1.00813217492519e-15,-8.98839488067319e-16,7.70663796430532e-16,2.21639807041603e-15,6.66432677468659e-16,-7.46619248065501e-16,-5.917221089555e-16,3.15369049095619e-16,-1.10920208452055e-15,"Bat DR","GU592648"
"KF656696",1.71071232181629,5.57316353321968,3.56779911022653,-0.711244771369967,0.498418710695447,0.345005913025871,2.38930941775687,-1.55383709595557,0.444988064695753,0.250675862688863,-0.114704030258627,1.58867995166191,0.281459035588688,-0.871181501454684,-1.12462078606425,-0.539082396596564,-0.00546589512186464,-0.0254970169815636,0.0136609221148126,-1.05653563568801,-0.317402048703182,0.780129129119301,-0.540451795974005,-0.976531557976737,-0.153543673663772,-0.0105392411011126,-0.192306510071416,0.176912202405579,0.656008415476887,-0.208892908644622,0.156481856166121,0.194546241920412,0.756242493037554,-0.300648345972166,-0.039725797474783,-0.641908318815276,-0.117813886610666,-0.205271601592927,0.0558095023245655,-0.0565559543790315,0.0613902353151034,1.20180862884178e-14,-4.82510631533257e-16,2.28252985361936e-15,-9.08323147437921e-16,1.68918673204014e-15,6.79651631649153e-16,-9.70222636935053e-16,3.20092672881937e-16,1.95414439315962e-15,-5.70767917932333e-16,2.2329179027154e-16,-1.23385350799136e-15,3.23122843883529e-15,3.52521735744963e-16,-4.42703157869037e-16,-1.14689028354637e-15,8.2235427390354e-16,-3.7602698444465e-17,"Bat DR","KF656696"
"KF656697",1.71071232181629,5.57316353321968,3.56779911022653,-0.711244771369967,0.498418710695447,0.345005913025871,2.38930941775687,-1.55383709595557,0.444988064695753,0.250675862688863,-0.114704030258627,1.58867995166191,0.281459035588688,-0.871181501454684,-1.12462078606425,-0.539082396596564,-0.00546589512186464,-0.0254970169815636,0.0136609221148126,-1.05653563568801,-0.317402048703182,0.780129129119301,-0.540451795974005,-0.976531557976737,-0.153543673663772,-0.0105392411011126,-0.192306510071416,0.176912202405579,0.656008415476887,-0.208892908644622,0.156481856166121,0.194546241920412,0.756242493037554,-0.300648345972166,-0.039725797474783,-0.641908318815276,-0.117813886610666,-0.205271601592927,0.0558095023245655,-0.0565559543790315,0.0613902353151034,1.20180862884178e-14,-4.82510631533257e-16,2.28252985361936e-15,-9.08323147437921e-16,1.68918673204014e-15,6.79651631649153e-16,-9.70222636935053e-16,3.20092672881937e-16,1.95414439315962e-15,-5.70767917932333e-16,2.2329179027154e-16,-1.23385350799136e-15,3.23122843883529e-15,3.52521735744963e-16,-4.42703157869037e-16,-1.14689028354637e-15,8.2235427390354e-16,-3.7602698444465e-17,"Bat DR","KF656697"
"KF864234",1.43950988334092,5.97544917356778,2.19439152646871,-2.21172217010567,1.93515946440303,-0.99687442459824,0.745232360394375,-1.14650942914832,0.473339399044979,-0.96925318840171,1.23649891933568,0.332218994824667,1.21560354346112,0.131691015294328,-0.512972883904925,-0.802711362678895,1.31528437239383,-0.639529843079442,-1.12865785574893,-0.309089283373554,0.584610911420207,-0.430702690878395,-0.457989252174632,0.150442236118382,0.296025278103624,0.5601501750324,0.216050708535396,-0.943120494941902,-0.216134974739199,-0.0292599204236403,-1.13888417513591,0.457630264079987,-0.106749709287326,-0.443640873083898,0.317729561912231,-0.0768547644801322,-0.278485373765006,0.0988714539688375,-0.333131084834378,0.142969687942005,-0.306254979723508,1.10938474372949e-14,-2.48715379824911e-15,-3.4199849681853e-15,5.32093110537128e-16,2.36747285356864e-15,1.61549339088894e-15,-1.19826397888476e-15,-1.68522107002434e-15,1.39973336665432e-15,1.53635547336013e-15,-2.01480650724643e-16,-1.19998207227912e-15,1.30046407510027e-15,5.85768035835738e-16,-6.05239284773391e-16,-4.87638700396891e-16,6.25884551295468e-16,-7.08697802004405e-16,"Bat DR","KF864234"
"KF864322",1.26304268761764,5.77791145596152,1.77401803147867,-1.4272436598896,1.57337681036559,-1.00953835328413,0.472037989774566,-0.884098788283173,-0.075866776138556,-1.441496553945,2.22599242662811,0.0316498098852616,0.649673663678032,-0.0396756093571033,0.0714763521627494,-0.181845433408588,0.930323938662366,-0.103621466632902,-0.901383379981072,0.263065067872431,0.836642025464212,-0.326820866530446,-0.0898510874989336,0.906437116262255,-0.253804952821107,-0.0544210467036449,-0.0855879489917481,-0.754361185736597,0.449473704982969,-0.108223409655584,-1.19882820402494,0.151314928500797,-0.361504714155076,-0.443108085736967,0.479830262461617,0.0763985869228929,-0.166227476004549,0.151118494370607,-0.205418080503813,0.117800185078357,0.0685353389750444,1.19551376431174e-14,-1.77765189657459e-15,1.50075945374967e-16,-1.29977488009438e-15,1.59031673633103e-15,2.83225761338754e-16,-1.51181524716756e-15,-1.15092623942349e-15,9.24419134236671e-16,1.50773253600651e-15,-8.84961700259505e-16,-3.95070379425883e-16,1.24495292386902e-15,2.64844192780028e-16,-4.99637993173303e-16,-2.13552391192556e-16,6.63181106028969e-16,-3.71944607230407e-16,"Bat DR","KF864322"
"KF864397",1.05357805978911,6.0888176188593,4.39020372499563,-2.03312701149839,2.00846691873628,-1.64386811947574,-0.437451408351988,-0.279027417089846,0.0514815281542117,-0.16816253056722,3.01987421146795,0.255763153583885,0.243359006935484,-0.322502730690131,-0.99157733346592,-2.02708697294982,0.626071432112162,2.11792672653602,0.708860252983967,-0.457673695811614,-0.135467698336088,0.312573629895811,-0.322321034466796,-0.916881061516631,-0.396804594654661,-0.0195667271261186,-1.01068006487313,-0.919321789634433,1.22283744604208,-0.882844056819305,-0.191343656244757,-0.0873944585383183,-0.0556684361820976,0.736767901041887,0.231513997453569,0.543264409265071,0.22263806073729,0.462290613654631,0.0392239709365273,0.625296853086378,0.0907872261035324,9.36259340827006e-15,-6.8130665975725e-16,-1.08851661647247e-15,3.1966283696375e-15,1.92338364371858e-15,3.9424806380127e-16,-3.38575028209151e-15,3.54813737724382e-16,5.15024393906145e-16,6.92412502297414e-16,1.94610701253464e-15,1.18407769463252e-16,2.16088691918477e-15,2.75252533635889e-16,-4.86627567103477e-16,-7.39173604413528e-16,5.00117099287149e-16,-4.35262014103561e-16,"Bat DR","KF864397"
"KM594040",0.43764022051634,6.4821321613264,2.07946076452633,-1.53990247015926,-0.365440566047339,-0.847230812910112,0.364297055059482,0.0310342455702612,0.598414006343631,-0.448299652711549,0.474089771857162,0.397013593488648,1.92693552276248,0.381314058934154,0.584190752661721,-0.53345250980535,1.30390935455796,-1.99249481042814,-0.670472524457517,-0.790317085567631,0.0156490837118745,1.27912635849748,0.721080923315945,0.729015812249947,-0.101901955870937,-0.797494776505782,-0.640092983501065,-0.454083378858837,-1.04793377113493,-0.494838871802374,0.0936142533773812,-0.414096699315733,-0.0709161089197433,-0.313965859158351,-0.301649462133146,0.170566289610552,-0.0612598188518589,-0.241129417846113,0.0307294428993939,0.136487968297335,0.245335904804832,1.79251884856916e-14,8.52188893006248e-16,7.72734808844166e-15,-3.13164287072589e-15,2.47849515603116e-15,-1.60863448511308e-16,-1.79284045027581e-15,-9.08064952786734e-16,-8.83162727731162e-16,-6.87560022842136e-16,7.14453344591111e-16,-8.5303737708376e-16,1.88333116302848e-15,6.29136122735158e-16,-6.09142412594339e-16,2.09720136945785e-16,6.12006763487653e-16,-9.50908567337667e-16,"Bat DR","KM594040"
"KM594041",1.67684957407665,5.5366561642822,2.50230812980822,-0.374190659041942,2.17752107054673,-1.91223175495732,-0.38523902108827,-1.8590663426235,-3.1039910218782,0.540016383389165,3.13151603471464,2.06899577369054,0.471493580699675,-0.108685833626344,-0.493726160395841,1.4552812487242,-0.250690894979571,-0.51172849624082,0.139821064175717,1.68337025697888,-0.424217744708523,-0.184942169437764,-0.426117783519494,-0.693107734828165,-0.214556164392158,1.5257885580582,0.077513434776594,-0.357403137108046,-0.295281612257394,-0.0558407589334272,0.0420167739143542,-0.333026259413789,-0.710860793916224,0.0853398165401244,-1.21323561592231,-0.0904096133410917,0.0845534456960423,-0.0263138728055025,0.139790984107326,0.106478531591794,-0.337399936583852,7.31431866401044e-15,-4.06054799096007e-15,-5.21021959539337e-15,-5.3520889199762e-15,3.03360666834374e-15,-5.15686705932451e-15,-2.24473591576776e-15,5.99107468083247e-17,4.17879879251443e-16,1.29262682498539e-15,-2.87989369763283e-15,3.15764329937462e-15,5.26951138813521e-15,1.03514909514185e-16,-4.44560522811039e-16,-6.28151301951012e-16,2.68531515244245e-16,-9.39632864743817e-16,"Bat DR","KM594041"
"KM594042",0.202045150167807,5.86840177246209,2.15967249644747,-2.08353381531674,0.0599911971070883,-0.834262529162968,0.218726767916155,-0.739119670629256,0.315233074845063,-0.736525594700721,-0.424367270332087,1.13971054460962,1.64217879791819,0.926408608234075,1.00006257850767,0.125572817526475,1.32262488739898,-1.47350475006084,-0.670695905035957,-0.659002801665562,1.0827559264617,2.05830297825813,0.612761451007689,-0.188500092265109,0.0225608803804642,-0.653952765776127,-0.284837044841855,0.0649454552274974,-1.22781255081584,-0.466086578927131,0.379629766006172,-0.234540590859066,0.00294861477254232,-0.220988602444235,0.0789189250841934,0.191534887235179,0.0822925411968323,-0.133676027984511,0.0439493787633853,0.0432121584485662,-0.126912147695497,1.91963071127136e-14,1.90690076640015e-15,6.11752470273518e-15,-3.57573208057595e-15,2.25645055110613e-15,1.72651569335146e-15,-1.77896266246799e-15,-7.93573203372264e-16,-7.58262637460832e-16,-1.30859102724183e-15,3.11997498164492e-16,-1.54692676747448e-15,2.91028746080675e-15,5.37195778508387e-16,-6.7115877686051e-16,-2.13552391192556e-16,4.58483735863706e-16,-1.20873184395472e-15,"Bat DR","KM594042"
"KP202393",1.51119207843147,6.0181575495123,2.97318632042953,-0.502247352219479,0.623346619070098,-0.817592486521658,0.668770936680303,-1.67402251534554,1.45275257194915,-0.794547732729564,0.947727813276724,1.85613504822798,2.96368828346771,-0.485097714585422,-0.619416136880238,-1.66581052423755,0.496559285049267,1.42078284138735,1.14342839084293,0.196337168699594,0.032381186268253,-0.680868861873969,-0.537775385033274,0.710398444018558,-0.585809935939107,-0.118685466353712,0.0539956868541386,0.28346709942702,-0.202914262146514,-0.714027910318212,-0.0803061309548245,0.508440276391028,-0.0409109054022537,-0.52161188927675,-0.295706629263836,-0.18855805127588,0.289321772043859,0.165573786893444,-0.0189133026390758,-0.427043353400144,0.161519471184514,1.41365524141582e-14,2.90138486789762e-16,6.62753340467236e-15,2.36396110116864e-15,3.25565127326877e-15,-3.60255482484929e-15,-1.94766452050674e-15,6.74002857304114e-16,9.59113603756207e-16,2.34386925142733e-15,1.94610701253464e-15,-1.21385986008694e-15,6.62085835940808e-16,3.86274836098405e-16,8.23617330169158e-17,-4.25188655261726e-16,6.66650552980923e-16,-1.02195106716014e-16,"Bat DR","KP202393"
"KT023101",1.60368045325217,5.75766668878516,2.34167327776379,-0.885757889048993,1.33493853778573,-1.36860464363883,1.0097817673685,-1.23766532326304,-3.91600997806193,0.474662743612834,3.10656419341488,2.75776799083707,-0.272395331506697,-0.890736493731813,-1.85597707439273,1.92758256691606,1.02665979592133,-0.428245760953332,0.11912314107028,1.67223405554594,-0.0800719033062466,-0.0210254957369643,0.185806735401955,-0.880718636853573,0.315624036425169,1.52926803013444,0.267337454511883,0.263271895947973,-0.392200969559341,0.383697519023796,0.180700657401398,0.455909507603296,-0.757551293168061,-0.0822594271850004,-0.353640154019572,0.064625665773261,0.259251493614937,0.350354904767957,-0.0920659353879233,-0.0885430740676837,0.198806545607869,6.60488168163218e-15,-5.55831152224139e-15,-7.33824654414801e-15,-5.4047263971698e-15,1.02305291726504e-15,-3.81675161808273e-15,-1.84582431143435e-15,5.80301194278458e-16,5.76773953234035e-16,-1.12800920274456e-16,-2.2122599699999e-15,1.40292617549339e-15,6.03454157601381e-15,2.83132796705891e-16,-1.21603323293972e-18,-6.59432986796885e-16,3.8260187274342e-16,-4.81908748729025e-16,"Bat DR","KT023101"
"KU523255",1.60368045325217,5.75766668878516,2.34167327776379,-0.885757889048993,1.33493853778573,-1.36860464363883,1.0097817673685,-1.23766532326304,-3.91600997806193,0.474662743612834,3.10656419341488,2.75776799083707,-0.272395331506697,-0.890736493731813,-1.85597707439273,1.92758256691606,1.02665979592133,-0.428245760953332,0.11912314107028,1.67223405554594,-0.0800719033062466,-0.0210254957369643,0.185806735401955,-0.880718636853573,0.315624036425169,1.52926803013444,0.267337454511883,0.263271895947973,-0.392200969559341,0.383697519023796,0.180700657401398,0.455909507603296,-0.757551293168061,-0.0822594271850004,-0.353640154019572,0.064625665773261,0.259251493614937,0.350354904767957,-0.0920659353879233,-0.0885430740676837,0.198806545607869,6.60488168163218e-15,-5.55831152224139e-15,-7.33824654414801e-15,-5.4047263971698e-15,1.02305291726504e-15,-3.81675161808273e-15,-1.84582431143435e-15,5.80301194278458e-16,5.76773953234035e-16,-1.12800920274456e-16,-2.2122599699999e-15,1.40292617549339e-15,6.03454157601381e-15,2.83132796705891e-16,-1.21603323293972e-18,-6.59432986796885e-16,3.8260187274342e-16,-4.81908748729025e-16,"Bat DR","KU523255"
"MN968374",1.24112424934737,5.65645888963673,2.6975594841213,-0.857072107467981,-1.13491314370544,1.42547943653666,1.90673972532907,-3.85769601456604,1.60119662141212,-0.116273834691286,-1.70080222677736,-1.11866281295545,-0.360174124299185,-0.40020167637528,-0.343493911535358,0.551426251472342,-0.595889199357504,-0.295615144570145,0.581682302814527,0.229393036517684,-0.19536757978314,0.279144610167443,0.857825492632504,0.217696225723335,-0.186267957405034,-0.222976383503939,0.265695404273804,0.00303961391488436,0.299060475923206,0.127891990764195,-0.093998059234527,-0.231688650506381,-0.148289063333693,-0.368588900215028,-0.107926818211542,0.123545910804493,0.210361158049509,-0.0654291640245412,0.108875536241225,-0.12556743368361,0.00438633148562799,2.00116920657189e-14,2.38325255078043e-15,1.06924692651549e-14,-2.97700483894085e-16,-8.64326224597722e-16,-2.26243938360751e-15,1.06634272386172e-15,1.39681431380349e-16,1.5003197814374e-16,-4.31990039854188e-16,-4.15086448887925e-16,-1.34487581045387e-15,-2.65974088733954e-16,4.91299613823107e-16,-2.90047491983078e-16,-7.17546223242108e-16,6.00309668978509e-16,7.34196040180507e-17,"Bat DR","MN968374"
"MN968375",1.2745593108559,5.50772163545365,2.60824722908346,-1.15984861300274,-1.14553364058369,1.40985732125462,1.9840681059999,-3.84079684919147,1.90889082530877,-0.106534053238367,-1.88365300567761,-1.06065224512895,-0.122278706991051,-0.421802090184515,-0.275732460046169,0.372550791228822,-0.29439346992372,-0.24728422013874,0.255748425228524,-0.0413024322684144,-0.3213503614734,0.136335267221514,0.572357495029242,0.12067294730722,-0.186955378262267,-0.0621778887957222,0.143151136531827,-0.0402297740497207,0.17937757605226,0.122913149744988,-0.119582600493184,-0.177467254679831,-0.15888854909409,-0.422604942766417,-0.0273037571078683,0.0690291835298587,0.0288312818990007,0.0842716828048064,0.151559677047661,-0.110354013381849,0.066855692062375,1.95676028558689e-14,2.60529715570546e-15,8.99937915260156e-15,1.14558944811862e-15,-4.20237014747659e-16,-1.70732787129493e-15,1.00389267872655e-15,-5.46075979290537e-17,-1.65014755500332e-17,-9.89231324666411e-17,-1.93041843962894e-16,-1.67794271784142e-15,-1.54951786271438e-16,4.91299613823107e-16,-2.3453634075182e-16,-7.17546223242108e-16,4.89287366515993e-16,1.79084527867928e-17,"Bat DR","MN968375"
"MN968376",1.2745593108559,5.50772163545365,2.60824722908346,-1.15984861300274,-1.14553364058369,1.40985732125462,1.9840681059999,-3.84079684919147,1.90889082530877,-0.106534053238367,-1.88365300567761,-1.06065224512895,-0.122278706991051,-0.421802090184515,-0.275732460046169,0.372550791228822,-0.29439346992372,-0.24728422013874,0.255748425228524,-0.0413024322684144,-0.3213503614734,0.136335267221514,0.572357495029242,0.12067294730722,-0.186955378262267,-0.0621778887957222,0.143151136531827,-0.0402297740497207,0.17937757605226,0.122913149744988,-0.119582600493184,-0.177467254679831,-0.15888854909409,-0.422604942766417,-0.0273037571078683,0.0690291835298587,0.0288312818990007,0.0842716828048064,0.151559677047661,-0.110354013381849,0.066855692062375,1.95676028558689e-14,2.60529715570546e-15,8.99937915260156e-15,1.14558944811862e-15,-4.20237014747659e-16,-1.70732787129493e-15,1.00389267872655e-15,-5.46075979290537e-17,-1.65014755500332e-17,-9.89231324666411e-17,-1.93041843962894e-16,-1.67794271784142e-15,-1.54951786271438e-16,4.91299613823107e-16,-2.3453634075182e-16,-7.17546223242108e-16,4.89287366515993e-16,1.79084527867928e-17,"Bat DR","MN968376"
"MN968377",1.49639254163638,5.49485647108566,2.27579360644849,-1.16672724544162,-0.582460957669219,1.30521698425835,2.2791614224416,-3.80392710702529,1.76680559550397,-0.73671085809286,-1.89420220304091,-1.13875710192106,-0.0756067368719855,-0.431751137585808,-0.135696166466644,0.449401047250284,-0.277240882434709,-0.307407264376076,0.463483458919728,0.172197123294736,-0.0412759064465716,-0.0886704017883048,0.357500837565767,0.0014040579709776,-0.125295678602804,0.0112541359114225,0.099172416698688,-0.0999794062347933,0.0388365102277687,0.179860492083185,0.0802195690658837,0.0444833391924611,-0.110786372233928,0.0900901934685512,0.0766961115315035,-0.0648385331030847,-0.0789036147887489,0.0555601779519325,-0.0793016370489707,0.13207617534519,0.0493269375746159,1.95120917046376e-14,1.91834665921864e-15,8.55528994275149e-15,4.23944482112267e-16,-1.98192409822628e-16,-9.30171754057324e-16,9.34503739687481e-16,3.47848248497566e-16,1.22276402528111e-16,-8.50453446588266e-17,-4.42842024503554e-16,-1.78896502030394e-15,-3.21485239965212e-16,2.97010584513705e-16,-2.20658552944006e-16,-6.04789197303616e-16,4.33776215284735e-16,7.34196040180507e-17,"Bat DR","MN968377"
"MN968378",1.49639254163638,5.49485647108566,2.27579360644849,-1.16672724544162,-0.582460957669219,1.30521698425835,2.2791614224416,-3.80392710702529,1.76680559550397,-0.73671085809286,-1.89420220304091,-1.13875710192106,-0.0756067368719855,-0.431751137585808,-0.135696166466644,0.449401047250284,-0.277240882434709,-0.307407264376076,0.463483458919728,0.172197123294736,-0.0412759064465716,-0.0886704017883048,0.357500837565767,0.0014040579709776,-0.125295678602804,0.0112541359114225,0.099172416698688,-0.0999794062347933,0.0388365102277687,0.179860492083185,0.0802195690658837,0.0444833391924611,-0.110786372233928,0.0900901934685512,0.0766961115315035,-0.0648385331030847,-0.0789036147887489,0.0555601779519325,-0.0793016370489707,0.13207617534519,0.0493269375746159,1.95120917046376e-14,1.91834665921864e-15,8.55528994275149e-15,4.23944482112267e-16,-1.98192409822628e-16,-9.30171754057324e-16,9.34503739687481e-16,3.47848248497566e-16,1.22276402528111e-16,-8.50453446588266e-17,-4.42842024503554e-16,-1.78896502030394e-15,-3.21485239965212e-16,2.97010584513705e-16,-2.20658552944006e-16,-6.04789197303616e-16,4.33776215284735e-16,7.34196040180507e-17,"Bat DR","MN968378"
"MN968379",1.49639254163638,5.49485647108566,2.27579360644849,-1.16672724544162,-0.582460957669219,1.30521698425835,2.2791614224416,-3.80392710702529,1.76680559550397,-0.73671085809286,-1.89420220304091,-1.13875710192106,-0.0756067368719855,-0.431751137585808,-0.135696166466644,0.449401047250284,-0.277240882434709,-0.307407264376076,0.463483458919728,0.172197123294736,-0.0412759064465716,-0.0886704017883048,0.357500837565767,0.0014040579709776,-0.125295678602804,0.0112541359114225,0.099172416698688,-0.0999794062347933,0.0388365102277687,0.179860492083185,0.0802195690658837,0.0444833391924611,-0.110786372233928,0.0900901934685512,0.0766961115315035,-0.0648385331030847,-0.0789036147887489,0.0555601779519325,-0.0793016370489707,0.13207617534519,0.0493269375746159,1.95120917046376e-14,1.91834665921864e-15,8.55528994275149e-15,4.23944482112267e-16,-1.98192409822628e-16,-9.30171754057324e-16,9.34503739687481e-16,3.47848248497566e-16,1.22276402528111e-16,-8.50453446588266e-17,-4.42842024503554e-16,-1.78896502030394e-15,-3.21485239965212e-16,2.97010584513705e-16,-2.20658552944006e-16,-6.04789197303616e-16,4.33776215284735e-16,7.34196040180507e-17,"Bat DR","MN968379"
"MN968380",1.49639254163638,5.49485647108566,2.27579360644849,-1.16672724544162,-0.582460957669219,1.30521698425835,2.2791614224416,-3.80392710702529,1.76680559550397,-0.73671085809286,-1.89420220304091,-1.13875710192106,-0.0756067368719855,-0.431751137585808,-0.135696166466644,0.449401047250284,-0.277240882434709,-0.307407264376076,0.463483458919728,0.172197123294736,-0.0412759064465716,-0.0886704017883048,0.357500837565767,0.0014040579709776,-0.125295678602804,0.0112541359114225,0.099172416698688,-0.0999794062347933,0.0388365102277687,0.179860492083185,0.0802195690658837,0.0444833391924611,-0.110786372233928,0.0900901934685512,0.0766961115315035,-0.0648385331030847,-0.0789036147887489,0.0555601779519325,-0.0793016370489707,0.13207617534519,0.0493269375746159,1.95120917046376e-14,1.91834665921864e-15,8.55528994275149e-15,4.23944482112267e-16,-1.98192409822628e-16,-9.30171754057324e-16,9.34503739687481e-16,3.47848248497566e-16,1.22276402528111e-16,-8.50453446588266e-17,-4.42842024503554e-16,-1.78896502030394e-15,-3.21485239965212e-16,2.97010584513705e-16,-2.20658552944006e-16,-6.04789197303616e-16,4.33776215284735e-16,7.34196040180507e-17,"Bat DR","MN968380"
"MN968381",1.49639254163638,5.49485647108566,2.27579360644849,-1.16672724544162,-0.582460957669219,1.30521698425835,2.2791614224416,-3.80392710702529,1.76680559550397,-0.73671085809286,-1.89420220304091,-1.13875710192106,-0.0756067368719855,-0.431751137585808,-0.135696166466644,0.449401047250284,-0.277240882434709,-0.307407264376076,0.463483458919728,0.172197123294736,-0.0412759064465716,-0.0886704017883048,0.357500837565767,0.0014040579709776,-0.125295678602804,0.0112541359114225,0.099172416698688,-0.0999794062347933,0.0388365102277687,0.179860492083185,0.0802195690658837,0.0444833391924611,-0.110786372233928,0.0900901934685512,0.0766961115315035,-0.0648385331030847,-0.0789036147887489,0.0555601779519325,-0.0793016370489707,0.13207617534519,0.0493269375746159,1.95120917046376e-14,1.91834665921864e-15,8.55528994275149e-15,4.23944482112267e-16,-1.98192409822628e-16,-9.30171754057324e-16,9.34503739687481e-16,3.47848248497566e-16,1.22276402528111e-16,-8.50453446588266e-17,-4.42842024503554e-16,-1.78896502030394e-15,-3.21485239965212e-16,2.97010584513705e-16,-2.20658552944006e-16,-6.04789197303616e-16,4.33776215284735e-16,7.34196040180507e-17,"Bat DR","MN968381"
"MN968382",1.49639254163638,5.49485647108566,2.27579360644849,-1.16672724544162,-0.582460957669219,1.30521698425835,2.2791614224416,-3.80392710702529,1.76680559550397,-0.73671085809286,-1.89420220304091,-1.13875710192106,-0.0756067368719855,-0.431751137585808,-0.135696166466644,0.449401047250284,-0.277240882434709,-0.307407264376076,0.463483458919728,0.172197123294736,-0.0412759064465716,-0.0886704017883048,0.357500837565767,0.0014040579709776,-0.125295678602804,0.0112541359114225,0.099172416698688,-0.0999794062347933,0.0388365102277687,0.179860492083185,0.0802195690658837,0.0444833391924611,-0.110786372233928,0.0900901934685512,0.0766961115315035,-0.0648385331030847,-0.0789036147887489,0.0555601779519325,-0.0793016370489707,0.13207617534519,0.0493269375746159,1.95120917046376e-14,1.91834665921864e-15,8.55528994275149e-15,4.23944482112267e-16,-1.98192409822628e-16,-9.30171754057324e-16,9.34503739687481e-16,3.47848248497566e-16,1.22276402528111e-16,-8.50453446588266e-17,-4.42842024503554e-16,-1.78896502030394e-15,-3.21485239965212e-16,2.97010584513705e-16,-2.20658552944006e-16,-6.04789197303616e-16,4.33776215284735e-16,7.34196040180507e-17,"Bat DR","MN968382"
"MN968383",1.49639254163638,5.49485647108566,2.27579360644849,-1.16672724544162,-0.582460957669219,1.30521698425835,2.2791614224416,-3.80392710702529,1.76680559550397,-0.73671085809286,-1.89420220304091,-1.13875710192106,-0.0756067368719855,-0.431751137585808,-0.135696166466644,0.449401047250284,-0.277240882434709,-0.307407264376076,0.463483458919728,0.172197123294736,-0.0412759064465716,-0.0886704017883048,0.357500837565767,0.0014040579709776,-0.125295678602804,0.0112541359114225,0.099172416698688,-0.0999794062347933,0.0388365102277687,0.179860492083185,0.0802195690658837,0.0444833391924611,-0.110786372233928,0.0900901934685512,0.0766961115315035,-0.0648385331030847,-0.0789036147887489,0.0555601779519325,-0.0793016370489707,0.13207617534519,0.0493269375746159,1.95120917046376e-14,1.91834665921864e-15,8.55528994275149e-15,4.23944482112267e-16,-1.98192409822628e-16,-9.30171754057324e-16,9.34503739687481e-16,3.47848248497566e-16,1.22276402528111e-16,-8.50453446588266e-17,-4.42842024503554e-16,-1.78896502030394e-15,-3.21485239965212e-16,2.97010584513705e-16,-2.20658552944006e-16,-6.04789197303616e-16,4.33776215284735e-16,7.34196040180507e-17,"Bat DR","MN968383"
"MN968384",1.49639254163638,5.49485647108566,2.27579360644849,-1.16672724544162,-0.582460957669219,1.30521698425835,2.2791614224416,-3.80392710702529,1.76680559550397,-0.73671085809286,-1.89420220304091,-1.13875710192106,-0.0756067368719855,-0.431751137585808,-0.135696166466644,0.449401047250284,-0.277240882434709,-0.307407264376076,0.463483458919728,0.172197123294736,-0.0412759064465716,-0.0886704017883048,0.357500837565767,0.0014040579709776,-0.125295678602804,0.0112541359114225,0.099172416698688,-0.0999794062347933,0.0388365102277687,0.179860492083185,0.0802195690658837,0.0444833391924611,-0.110786372233928,0.0900901934685512,0.0766961115315035,-0.0648385331030847,-0.0789036147887489,0.0555601779519325,-0.0793016370489707,0.13207617534519,0.0493269375746159,1.95120917046376e-14,1.91834665921864e-15,8.55528994275149e-15,4.23944482112267e-16,-1.98192409822628e-16,-9.30171754057324e-16,9.34503739687481e-16,3.47848248497566e-16,1.22276402528111e-16,-8.50453446588266e-17,-4.42842024503554e-16,-1.78896502030394e-15,-3.21485239965212e-16,2.97010584513705e-16,-2.20658552944006e-16,-6.04789197303616e-16,4.33776215284735e-16,7.34196040180507e-17,"Bat DR","MN968384"
"MN968385",1.49639254163638,5.49485647108566,2.27579360644849,-1.16672724544162,-0.582460957669219,1.30521698425835,2.2791614224416,-3.80392710702529,1.76680559550397,-0.73671085809286,-1.89420220304091,-1.13875710192106,-0.0756067368719855,-0.431751137585808,-0.135696166466644,0.449401047250284,-0.277240882434709,-0.307407264376076,0.463483458919728,0.172197123294736,-0.0412759064465716,-0.0886704017883048,0.357500837565767,0.0014040579709776,-0.125295678602804,0.0112541359114225,0.099172416698688,-0.0999794062347933,0.0388365102277687,0.179860492083185,0.0802195690658837,0.0444833391924611,-0.110786372233928,0.0900901934685512,0.0766961115315035,-0.0648385331030847,-0.0789036147887489,0.0555601779519325,-0.0793016370489707,0.13207617534519,0.0493269375746159,1.95120917046376e-14,1.91834665921864e-15,8.55528994275149e-15,4.23944482112267e-16,-1.98192409822628e-16,-9.30171754057324e-16,9.34503739687481e-16,3.47848248497566e-16,1.22276402528111e-16,-8.50453446588266e-17,-4.42842024503554e-16,-1.78896502030394e-15,-3.21485239965212e-16,2.97010584513705e-16,-2.20658552944006e-16,-6.04789197303616e-16,4.33776215284735e-16,7.34196040180507e-17,"Bat DR","MN968385"
"MN968386",1.32323262316277,5.27028519408329,2.41262392012728,-1.12705954675716,-0.415605621884368,1.4740585492034,2.1315094312705,-3.85889857339197,1.86674494126175,-0.840139221820009,-1.77660042505793,-1.13152215440725,-0.268722836102011,-0.401294813677412,0.194009639648109,0.559039831949888,-0.0948373354508048,-0.0467204515937439,0.420663793320688,0.354122604860846,-0.171305482751403,-0.388792723092945,0.270099451730151,0.208676131628602,-0.0632520883873747,0.0723372388370436,0.172990355776535,-0.175648963461014,0.295946892507422,0.238417363456825,0.074799300425049,-0.170565057873297,0.000903137855337962,0.0775768584590445,0.0443371991668233,0.028950806311409,-0.0581248221265479,0.0525946103272391,-0.0618307139883547,0.170380258352763,0.0796569151255765,1.95676028558689e-14,1.9738578104499e-15,8.97162357698593e-15,3.68433330881009e-16,-1.98192409822628e-16,-8.74660602826067e-16,8.39093948508757e-16,2.09070370419421e-16,2.88809856221885e-16,-1.12800920274456e-16,-6.64886629428586e-16,-2.06652077646023e-15,-4.04751966812099e-16,1.02721555204303e-16,-2.20658552944006e-16,-5.92646132971778e-16,2.67242761590962e-16,1.28930755249308e-16,"Bat DR","MN968386"
"MN968387",1.2745593108559,5.50772163545365,2.60824722908346,-1.15984861300274,-1.14553364058369,1.40985732125462,1.9840681059999,-3.84079684919147,1.90889082530877,-0.106534053238367,-1.88365300567761,-1.06065224512895,-0.122278706991051,-0.421802090184515,-0.275732460046169,0.372550791228822,-0.29439346992372,-0.24728422013874,0.255748425228524,-0.0413024322684144,-0.3213503614734,0.136335267221514,0.572357495029242,0.12067294730722,-0.186955378262267,-0.0621778887957222,0.143151136531827,-0.0402297740497207,0.17937757605226,0.122913149744988,-0.119582600493184,-0.177467254679831,-0.15888854909409,-0.422604942766417,-0.0273037571078683,0.0690291835298587,0.0288312818990007,0.0842716828048064,0.151559677047661,-0.110354013381849,0.066855692062375,1.95676028558689e-14,2.60529715570546e-15,8.99937915260156e-15,1.14558944811862e-15,-4.20237014747659e-16,-1.70732787129493e-15,1.00389267872655e-15,-5.46075979290537e-17,-1.65014755500332e-17,-9.89231324666411e-17,-1.93041843962894e-16,-1.67794271784142e-15,-1.54951786271438e-16,4.91299613823107e-16,-2.3453634075182e-16,-7.17546223242108e-16,4.89287366515993e-16,1.79084527867928e-17,"Bat DR","MN968387"
"MT891038",0.800697295058097,6.37769874164582,1.90079198202462,-0.249253559758027,0.926895102152102,-2.56226076480315,1.29410717510183,-1.38857996876544,-1.1082263760496,-0.327956117422188,1.28673917180827,1.27208279349108,0.656066365623668,0.0847026407819658,-1.42409739999103,0.135622392137115,0.343587235656144,-1.61245752582407,-1.94210002856648,0.866650958430637,-0.154644056169481,-0.943827780446598,-0.0483093927446985,0.391988922494652,-0.60135589762984,-0.333566738819818,-0.618894420414098,0.152209344544029,-0.545595173629949,-0.629721352935404,0.243145925094751,-0.12596170742831,0.731828640900803,0.195417325644573,0.700765430407872,-0.0546680093326071,0.14890109495675,-0.43222940505176,-0.336084732461751,0.0331411636125532,-0.0280437092608307,1.4752812928999e-14,-6.18856614622085e-16,1.07988772849854e-15,-1.46630833378815e-15,-1.18524082523186e-15,-1.60415338052401e-15,-1.48449335242093e-15,-7.20714817381239e-16,-3.73154025793981e-16,-1.42048069144234e-15,-2.47743785120621e-15,-1.35263773816508e-15,2.16088691918477e-15,8.79023982303942e-17,-3.70834775082025e-16,-3.9049418574219e-16,-9.02424091204371e-18,-4.39165141924509e-16,"Bat DR","MT891038"
"MW249020",0.396639112077884,5.56202462228445,2.6521643508256,-1.5468481189845,1.02349715980902,-1.19747841942498,0.299716199115479,-1.62148305175557,-0.219753253900495,-0.830613677978184,0.0120972987190872,1.58618336853493,0.944916683769193,0.525696605880534,-0.881336305098166,1.00667798552764,0.507208772459786,0.189516360273649,-2.31290246731509,0.259310370672708,0.0784925536746337,-0.771326128430822,-0.767273500772328,1.48021534437761,-0.219834873724882,0.218683014057472,0.780157234605945,0.126380963266053,-0.10878096666712,0.103653451498954,0.465436043355809,-0.985161537009566,0.546758054106141,0.364856661897374,0.0893331901031024,0.280970255891188,-0.491837703541714,0.0293374355822584,0.0220173039623418,-0.220489212689294,0.443074565792556,1.79772301899709e-14,1.40556568184285e-15,-1.72582621156719e-16,3.14111721840625e-15,-2.1844415473945e-15,-4.93930355898855e-16,-2.74910676640802e-15,-1.33827637482898e-15,-7.09690380133481e-16,-1.00327969546992e-15,-2.1721265194343e-15,-2.64327200429182e-15,1.49475310440968e-15,-3.57921535095645e-16,-1.333944993077e-16,-4.16515037881842e-16,-5.95360775792205e-16,-4.86653197079374e-16,"Bat DR","MW249020"
"MW249021",0.800697295058097,6.37769874164582,1.90079198202462,-0.249253559758027,0.926895102152102,-2.56226076480315,1.29410717510183,-1.38857996876544,-1.1082263760496,-0.327956117422188,1.28673917180827,1.27208279349108,0.656066365623668,0.0847026407819658,-1.42409739999103,0.135622392137115,0.343587235656144,-1.61245752582407,-1.94210002856648,0.866650958430637,-0.154644056169481,-0.943827780446598,-0.0483093927446985,0.391988922494652,-0.60135589762984,-0.333566738819818,-0.618894420414098,0.152209344544029,-0.545595173629949,-0.629721352935404,0.243145925094751,-0.12596170742831,0.731828640900803,0.195417325644573,0.700765430407872,-0.0546680093326071,0.14890109495675,-0.43222940505176,-0.336084732461751,0.0331411636125532,-0.0280437092608307,1.4752812928999e-14,-6.18856614622085e-16,1.07988772849854e-15,-1.46630833378815e-15,-1.18524082523186e-15,-1.60415338052401e-15,-1.48449335242093e-15,-7.20714817381239e-16,-3.73154025793981e-16,-1.42048069144234e-15,-2.47743785120621e-15,-1.35263773816508e-15,2.16088691918477e-15,8.79023982303942e-17,-3.70834775082025e-16,-3.9049418574219e-16,-9.02424091204371e-18,-4.39165141924509e-16,"Bat DR","MW249021"
"AB284509",4.40305772323882,-0.979494131095111,-1.65352556377665,-0.817013638066761,-0.127280920458173,-0.408216143972392,0.0555323744977007,-1.26957733224461,2.11112224215406,-2.83343988747349,0.311101996845458,-1.12679364959158,-1.4518728294714,-0.61652673666802,-0.0740667114268581,-1.73094174249753,0.454795083226922,1.06246403349149,0.00922247538176124,0.531846387356166,0.578991768732006,-0.00751295554133474,-0.13298332789275,-0.469579774778241,0.255440683117874,0.463576394153485,-0.303578923595128,0.352083663309185,-0.41973975772758,-0.171505954615728,0.149962957945307,0.114409615604398,0.0201403597424905,0.0374537304596479,-0.240928135834245,0.182814814708107,-0.0535555955880895,-0.0412261793639643,0.0190611975203497,-0.115474567643323,-0.00600092850721632,1.59428300454086e-14,2.32378578059134e-15,2.54377208714612e-15,1.90210933923559e-15,-1.45736332589651e-16,-2.14581135302873e-16,3.69475203405123e-15,3.25237715189824e-16,-1.28130438290619e-15,2.46082786971601e-15,8.88788005116603e-16,-4.34120188944728e-16,-1.32448531638067e-15,6.16913530457664e-16,-2.65197728635066e-16,-4.5123136732604e-16,-5.83150485199642e-16,-3.54950760725008e-16,"Cosmo AF1b","AB284509"
"AB284510",4.40305772323882,-0.979494131095111,-1.65352556377665,-0.817013638066761,-0.127280920458173,-0.408216143972392,0.0555323744977007,-1.26957733224461,2.11112224215406,-2.83343988747349,0.311101996845458,-1.12679364959158,-1.4518728294714,-0.61652673666802,-0.0740667114268581,-1.73094174249753,0.454795083226922,1.06246403349149,0.00922247538176124,0.531846387356166,0.578991768732006,-0.00751295554133474,-0.13298332789275,-0.469579774778241,0.255440683117874,0.463576394153485,-0.303578923595128,0.352083663309185,-0.41973975772758,-0.171505954615728,0.149962957945307,0.114409615604398,0.0201403597424905,0.0374537304596479,-0.240928135834245,0.182814814708107,-0.0535555955880895,-0.0412261793639643,0.0190611975203497,-0.115474567643323,-0.00600092850721632,1.59428300454086e-14,2.32378578059134e-15,2.54377208714612e-15,1.90210933923559e-15,-1.45736332589651e-16,-2.14581135302873e-16,3.69475203405123e-15,3.25237715189824e-16,-1.28130438290619e-15,2.46082786971601e-15,8.88788005116603e-16,-4.34120188944728e-16,-1.32448531638067e-15,6.16913530457664e-16,-2.65197728635066e-16,-4.5123136732604e-16,-5.83150485199642e-16,-3.54950760725008e-16,"Cosmo AF1b","AB284510"
"AB284511",4.34697078269201,-1.11049716679266,-1.89282561329984,-0.680247713169683,-0.222563610460775,-0.326826510293965,0.166066874779231,-1.31284154337926,2.08502357232611,-2.8284570952674,0.273600268828117,-1.0460406135703,-1.20609598251412,-0.55828514511619,-0.196175538424992,-1.457422221185,0.430053203504176,1.10385186908611,0.167157934684203,0.496253131232296,0.303819174716128,-0.0555998376606718,-0.147916081898945,-0.638033921013088,0.389412490216749,0.439024710444811,-0.428235697441063,0.45154744408644,-0.474738565069215,-0.300118297449939,0.180754795318344,-0.306452986807726,0.206322118243152,0.105266077888603,-0.099450675236216,0.0458171862657729,-0.0170705116552693,-0.143762272421593,0.0428987910047808,-0.183362673053655,-0.0914573356548536,1.63869192552587e-14,2.61521932455544e-15,3.04337244822744e-15,1.97843717217857e-15,6.24304845275663e-17,-3.81114588996646e-16,3.63924088281997e-15,2.69726563958566e-16,-1.05925977798116e-15,2.34980556725349e-15,7.77765702654088e-16,-3.7860903771347e-16,-1.44244651274709e-15,5.61402379226406e-16,-3.76220031097582e-16,-5.06742518557298e-16,-7.49683938893415e-16,-3.54950760725008e-16,"Cosmo AF1b","AB284511"
"AB284512",4.14326097088526,-0.540179309284924,-1.48799867649199,-1.57178738309673,0.141710540440092,-0.36485011661892,-0.242828653295884,-0.987464381647441,2.04990924751463,-3.19466628783419,0.736889267230148,-1.14574491047243,-1.36249430487536,-1.21657766713961,-0.229665341891788,-2.00180467362861,0.495917978392921,1.08177480509765,-0.0376410592977123,0.570085029216406,1.29582553538134,-0.212268456389324,-0.234557725492029,-0.476925059183804,-0.111889538609872,0.439608286871961,0.1753457450995,0.294682018584656,-0.360117380055312,-0.130225188409461,0.200029488318737,0.241181274644496,0.0182534784595708,0.155406453360218,-0.171936797512452,0.256251831015914,-0.0738033895474252,-0.173206806175028,-0.0683588861209653,0.0874554034105311,0.11371157608109,1.54987408355586e-14,3.04543074659769e-15,2.48826093591487e-15,1.98537606608247e-15,2.98352877260412e-16,9.23397464937913e-16,3.53862692121331e-15,6.02793471346113e-16,-1.33681553413745e-15,2.01673865986594e-15,4.4469879526654e-16,-3.23097886482212e-16,-8.04068273587628e-16,4.22624501148262e-16,-2.65197728635066e-16,-3.95720216094782e-16,-5.27639333968384e-16,-4.65973063187524e-16,"Cosmo AF1b","AB284512"
"AB284513",4.80555011235862,-0.964678127356163,-1.97490830965314,-0.715768009581693,-0.088859648767947,-0.541651974967182,0.018524930875641,-1.29862778004495,2.09436353694935,-2.83550744150291,0.168737118192344,-1.25718359166795,-1.27323788647846,-0.723720545957362,0.194945270760753,-1.67527925725312,0.364834737672467,1.1822574075737,-0.0765680502448499,0.271034559667421,0.361175509467978,0.248159651351123,-0.271794535678137,-0.495510883532463,0.258057319646189,0.170821137521839,-0.0684433190011886,0.310516610457159,-0.0840534759632797,0.499581887729673,0.253582368873197,0.205058635824433,0.401999293101412,-0.182395472387804,-0.219459277228429,0.349899201460274,0.183779776360664,0.01159739849788,-0.128104027027327,-0.199073802165578,-0.43303439151437,1.59428300454086e-14,1.47724072431466e-15,1.96090499921792e-15,2.90131006139823e-15,-1.02003696448196e-15,2.57263650162819e-16,3.48311576998205e-15,1.86459837111679e-16,-4.20881538821697e-16,2.04449423548157e-15,1.08307703442601e-15,-8.22698247563532e-16,-1.99408857810772e-15,7.5482404679782e-16,-4.6013727924796e-16,-6.42050949683489e-16,-5.5712963305999e-16,-4.08727188480289e-16,"Cosmo AF1b","AB284513"
"AB284514",3.97725864539662,-0.516017801034335,-1.35649906181808,-1.40223461124508,-0.057652354822753,-0.157013967016963,0.130553949988144,-1.16349859924547,2.24330612300497,-3.05383970341454,0.440844966416622,-1.18047536577295,-1.65184529236731,-0.922038259185734,0.0169635300696803,-2.13799717023212,0.387418590140771,1.20926277647451,-0.323969776403835,0.399213711321722,1.06618328690103,0.101678970049714,-0.0900621434227152,-0.313001923727207,0.00323930993934565,0.177431701040589,0.0302932019575559,-0.0160757506850435,-0.4391235203232,-0.230484099590488,0.233131895738757,0.268453532664804,-0.152845967476638,0.185113126460315,-0.254203126956628,0.150521142939113,0.0587148478298791,-0.479799017808608,0.109796043636215,-0.0687338935829241,0.0244905402271986,1.69420307675713e-14,4.23892049806973e-15,4.51441795585578e-15,9.86175343919834e-16,-9.02251813583927e-17,4.7930825508785e-16,3.70516037490709e-15,-1.18851494660239e-16,-1.44783783659997e-15,1.51713829878462e-15,6.66743400191572e-16,-6.00653642638501e-16,-1.19264633220643e-15,4.22624501148262e-16,-2.65197728635066e-16,-5.62253669788556e-16,-3.6110588027461e-16,-3.54950760725008e-16,"Cosmo AF1b","AB284514"
"AB285215",4.40305772323882,-0.979494131095111,-1.65352556377665,-0.817013638066761,-0.127280920458173,-0.408216143972392,0.0555323744977007,-1.26957733224461,2.11112224215406,-2.83343988747349,0.311101996845458,-1.12679364959158,-1.4518728294714,-0.61652673666802,-0.0740667114268581,-1.73094174249753,0.454795083226922,1.06246403349149,0.00922247538176124,0.531846387356166,0.578991768732006,-0.00751295554133474,-0.13298332789275,-0.469579774778241,0.255440683117874,0.463576394153485,-0.303578923595128,0.352083663309185,-0.41973975772758,-0.171505954615728,0.149962957945307,0.114409615604398,0.0201403597424905,0.0374537304596479,-0.240928135834245,0.182814814708107,-0.0535555955880895,-0.0412261793639643,0.0190611975203497,-0.115474567643323,-0.00600092850721632,1.59428300454086e-14,2.32378578059134e-15,2.54377208714612e-15,1.90210933923559e-15,-1.45736332589651e-16,-2.14581135302873e-16,3.69475203405123e-15,3.25237715189824e-16,-1.28130438290619e-15,2.46082786971601e-15,8.88788005116603e-16,-4.34120188944728e-16,-1.32448531638067e-15,6.16913530457664e-16,-2.65197728635066e-16,-4.5123136732604e-16,-5.83150485199642e-16,-3.54950760725008e-16,"Cosmo AF1b","AB285215"
"EU853582",3.59475055343674,-3.33445067988265,0.141736538193109,-0.860190025284532,-0.0178297188239143,-0.677574451120632,-0.151955054035312,-0.972564431943325,-0.846848422068121,0.426857844099247,0.752703370719651,0.43807338997839,0.0992855543383394,0.112933328902156,0.687865321322645,0.224719604141397,1.4068160046096,0.259811302360452,0.771039520440275,1.49595649588451,-0.586354089150659,0.445712667762001,-0.337405446973418,-0.951712859162325,-0.266220666351762,-0.0204992779923201,0.60005700642883,-0.0579062742540514,-0.00636655847319342,0.221460826874241,-0.140331665290378,-0.398730802946379,0.158552562483141,0.0290465372040387,-0.146129427308022,0.00577713309927126,-0.501960521576684,-0.0770075741374642,-0.198626381296462,0.3844046437899,-0.300104996243508,9.43326187300261e-15,-1.35961410402956e-15,-2.29943055758433e-15,-2.04604390653931e-15,2.72158873418293e-15,8.68490461290132e-17,3.67208311411492e-15,1.53749594526211e-15,1.62490929724743e-16,2.81342458230058e-15,-1.45477411619858e-15,4.16549765328267e-16,1.88624636295875e-15,-8.98272672799471e-17,-5.84023365049657e-16,-3.22448047280287e-16,-4.76573333727337e-16,-9.51165390097414e-16,"Cosmo AF1b","EU853582"
"EU853584",3.0768393225273,-2.88389804861696,-0.0669869345114567,0.0907903195749398,-0.523574191750236,-2.41788506137129,-0.81373766892128,-0.955480226105441,-0.0671403587669699,-1.06069722861471,1.94691365589815,-1.71330476717271,-0.0335852083525995,0.73891558993263,-0.711593728196577,-0.0587472571256273,-1.17248479077673,-0.720898708554359,-0.32649453298464,-0.367778836998634,-0.272825285668865,0.691659984988282,-0.295295195927128,-0.580380484962356,-0.624827489869979,0.574699583076738,0.0719376241628886,1.17260995072618,0.199173408490297,0.492171076988148,-0.384616663523744,0.206506262624922,-0.292513153666692,-0.139951635704359,-0.120312795698513,-0.046604222540584,-0.2155132306936,-0.226233501489007,0.189701785271876,-0.157920521741839,0.210588746810263,1.05744821041801e-14,-6.43558247505774e-16,-2.8194273838332e-15,9.08316165413412e-16,5.49847661425688e-16,-1.66830431697866e-15,3.65848030504453e-15,-7.52655581354116e-16,-2.33132353616705e-15,1.34580665335791e-15,-2.1046777514711e-16,2.27299468492666e-15,1.14907211893254e-15,2.57365889214574e-16,-1.07418897984661e-16,-4.13068953966332e-16,-2.68890938732032e-17,-2.26606903615698e-16,"Cosmo AF1b","EU853584"
"EU853585",3.0768393225273,-2.88389804861696,-0.0669869345114567,0.0907903195749398,-0.523574191750236,-2.41788506137129,-0.81373766892128,-0.955480226105441,-0.0671403587669699,-1.06069722861471,1.94691365589815,-1.71330476717271,-0.0335852083525995,0.73891558993263,-0.711593728196577,-0.0587472571256273,-1.17248479077673,-0.720898708554359,-0.32649453298464,-0.367778836998634,-0.272825285668865,0.691659984988282,-0.295295195927128,-0.580380484962356,-0.624827489869979,0.574699583076738,0.0719376241628886,1.17260995072618,0.199173408490297,0.492171076988148,-0.384616663523744,0.206506262624922,-0.292513153666692,-0.139951635704359,-0.120312795698513,-0.046604222540584,-0.2155132306936,-0.226233501489007,0.189701785271876,-0.157920521741839,0.210588746810263,1.05744821041801e-14,-6.43558247505774e-16,-2.8194273838332e-15,9.08316165413412e-16,5.49847661425688e-16,-1.66830431697866e-15,3.65848030504453e-15,-7.52655581354116e-16,-2.33132353616705e-15,1.34580665335791e-15,-2.1046777514711e-16,2.27299468492666e-15,1.14907211893254e-15,2.57365889214574e-16,-1.07418897984661e-16,-4.13068953966332e-16,-2.68890938732032e-17,-2.26606903615698e-16,"Cosmo AF1b","EU853585"
"EU853586",3.18814210605432,-2.75964928883732,-0.0138007391718542,0.271236641533564,-0.387291046770218,-2.27324430206255,-0.636178174869514,-0.774384822345282,-0.117925393289097,-1.28969511021341,1.85448208825047,-1.94288062963404,-0.346388311857319,0.49587634286252,-0.548956156367959,-0.105704875744294,-1.20604342520165,-0.881263077934518,-0.254646722288469,-0.0747135008784648,-0.350060208935471,0.87332811949499,-0.897554910983007,-0.846667364123835,-0.570530122657174,0.600761103199782,-0.0812985391067102,1.09671185853856,0.0046725575856272,0.435555203080736,-0.425719442326162,0.168112061467121,-0.251569463233591,-0.17682548768481,0.0826270939693834,-0.0275428320064955,-0.230221227709411,-0.261619603925163,0.177472925358748,-0.0377499459309291,0.208067828513557,1.03524374992551e-14,-7.54580549968289e-16,-2.84718295944883e-15,4.91982531178978e-16,4.94336510194431e-16,-1.33523740959111e-15,4.11644730270241e-15,-8.63677883816632e-16,-2.2758123849358e-15,1.67887356074546e-15,-2.1046777514711e-16,2.66157274354547e-15,1.26009442139506e-15,3.68388191677089e-16,-1.62930049215919e-16,-4.6858010519759e-16,-1.37911396335719e-16,-3.37629206078214e-16,"Cosmo AF1b","EU853586"
"EU853587",3.9080699261904,-2.50840723709754,-0.773914069464057,-0.294924513791693,-0.417595828792464,-2.51598990995843,0.208678436902319,-1.37690212584148,-0.308213474822371,-1.34822966782167,1.83837824551477,-1.29342031691748,-0.206918271735892,0.311032895436245,-0.73281520993161,0.30441993302841,-1.59914860087796,-0.41842997150328,0.0570291450549332,-0.143722868794534,-0.853547514085375,-0.139085611802745,-0.210383099841959,-0.517522062816227,-0.645698118239159,0.183618870495273,-0.169837168248032,0.293973300024962,-0.410674354378569,0.115083896173707,-0.420343767977797,-0.451097510572731,0.5603595496983,0.135497969222745,0.456960133635722,-0.0997065829400792,0.0514930302143585,-0.0248809510386523,0.0790245410511535,0.0261574526101307,0.13054443822049,1.20177720361929e-14,6.42089306927636e-17,-2.45860490083002e-15,2.03241697784638e-15,-1.03222014866516e-15,-2.05688237559746e-15,3.66541919894844e-15,5.24100896964814e-16,-1.6096785701607e-15,2.09520719497989e-15,-7.16898970689658e-17,2.27299468492666e-15,4.15462478784708e-18,4.23899342908347e-16,-5.51508107834724e-16,-5.77867684184129e-16,-4.70978303723266e-16,-5.04162659771988e-16,"Cosmo AF1b","EU853587"
"EU853588",3.9080699261904,-2.50840723709754,-0.773914069464057,-0.294924513791693,-0.417595828792464,-2.51598990995843,0.208678436902319,-1.37690212584148,-0.308213474822371,-1.34822966782167,1.83837824551477,-1.29342031691748,-0.206918271735892,0.311032895436245,-0.73281520993161,0.30441993302841,-1.59914860087796,-0.41842997150328,0.0570291450549332,-0.143722868794534,-0.853547514085375,-0.139085611802745,-0.210383099841959,-0.517522062816227,-0.645698118239159,0.183618870495273,-0.169837168248032,0.293973300024962,-0.410674354378569,0.115083896173707,-0.420343767977797,-0.451097510572731,0.5603595496983,0.135497969222745,0.456960133635722,-0.0997065829400792,0.0514930302143585,-0.0248809510386523,0.0790245410511535,0.0261574526101307,0.13054443822049,1.20177720361929e-14,6.42089306927636e-17,-2.45860490083002e-15,2.03241697784638e-15,-1.03222014866516e-15,-2.05688237559746e-15,3.66541919894844e-15,5.24100896964814e-16,-1.6096785701607e-15,2.09520719497989e-15,-7.16898970689658e-17,2.27299468492666e-15,4.15462478784708e-18,4.23899342908347e-16,-5.51508107834724e-16,-5.77867684184129e-16,-4.70978303723266e-16,-5.04162659771988e-16,"Cosmo AF1b","EU853588"
"EU853589",3.9080699261904,-2.50840723709754,-0.773914069464057,-0.294924513791693,-0.417595828792464,-2.51598990995843,0.208678436902319,-1.37690212584148,-0.308213474822371,-1.34822966782167,1.83837824551477,-1.29342031691748,-0.206918271735892,0.311032895436245,-0.73281520993161,0.30441993302841,-1.59914860087796,-0.41842997150328,0.0570291450549332,-0.143722868794534,-0.853547514085375,-0.139085611802745,-0.210383099841959,-0.517522062816227,-0.645698118239159,0.183618870495273,-0.169837168248032,0.293973300024962,-0.410674354378569,0.115083896173707,-0.420343767977797,-0.451097510572731,0.5603595496983,0.135497969222745,0.456960133635722,-0.0997065829400792,0.0514930302143585,-0.0248809510386523,0.0790245410511535,0.0261574526101307,0.13054443822049,1.20177720361929e-14,6.42089306927636e-17,-2.45860490083002e-15,2.03241697784638e-15,-1.03222014866516e-15,-2.05688237559746e-15,3.66541919894844e-15,5.24100896964814e-16,-1.6096785701607e-15,2.09520719497989e-15,-7.16898970689658e-17,2.27299468492666e-15,4.15462478784708e-18,4.23899342908347e-16,-5.51508107834724e-16,-5.77867684184129e-16,-4.70978303723266e-16,-5.04162659771988e-16,"Cosmo AF1b","EU853589"
"EU853590",3.84765723831444,-2.54613870463811,-0.485277520465174,-0.327789294493641,-0.508362374399403,-2.49945137622069,0.283215095672604,-1.29552220360188,-0.323168423461075,-1.30184435333507,1.81641181991732,-1.27076043518659,-0.106451600114308,0.386534364974671,-0.83610355939614,0.468514792177937,-1.44434145469003,-0.371631467561468,0.0939475698858949,0.0352402249926623,-0.699658650681656,-0.278989906455368,-0.26149851401347,-0.501627610750131,-0.664216516874607,0.0507904236455865,-0.459091181531492,0.291972067805404,-0.376386733038933,-0.123202932630303,-0.628707064135488,-0.293653102996352,0.469180388830161,0.279836378406065,0.549893803520443,-0.254176769176548,0.316309755667712,0.0843969469972855,0.0336071219862716,-0.0463130789809999,0.382263417322,1.2007363695337e-14,3.85132773748473e-16,-1.62593763236115e-15,1.82425016072917e-15,-1.36528705605271e-15,-2.52872716106316e-15,3.67051494915912e-15,3.00321568563806e-16,-1.30263251491281e-15,2.2368039987065e-15,-7.68940674968962e-17,2.2105446397915e-15,9.4360245538641e-17,3.34127403026547e-16,-5.04020052679859e-16,-6.35547239760358e-16,-4.84422410662086e-16,-3.25269301311879e-16,"Cosmo AF1b","EU853590"
"HM179504",2.38025819391131,-3.10660961837926,2.35044754246653,-1.69227504844261,-0.945485414393994,-1.47051621984102,-0.873331550538903,0.131577212418611,0.0720703684578903,-2.01650738342916,0.849265444060044,0.462655629246603,0.829939051317048,0.778090134404234,1.87809475012739,0.908808008419045,-0.367641551572943,0.249632064670093,0.0394916571649001,-0.303226612756326,-0.311923072662837,-0.521474121702905,-0.79414541972513,0.124385060326934,0.733374828299572,-0.317907127790709,-0.747169223705551,0.366135153942734,0.616177063701962,0.303277455912122,-0.550887776245204,0.101933776485092,0.537436627976149,0.0988120345708312,0.264972375573437,0.385168276286309,0.0729969399697393,0.407557980686596,-0.0405189548866479,0.0988994295615824,-0.0324221711088589,1.1595420813508e-14,-1.35240753627228e-15,-2.1697418310048e-15,9.23458896147121e-16,-3.01778088534773e-16,1.85794949857475e-15,2.73732548246253e-15,-1.29076299255668e-15,7.39154423067474e-16,1.33939152320708e-15,1.5661638624111e-15,-7.68596457826142e-16,1.94020639221472e-15,9.54917129380074e-17,-5.07811346994414e-16,-5.05481246406645e-16,-7.57238209598593e-16,-1.04674025810014e-16,"Cosmo AF1b","HM179504"
"HM179505",2.5479982369308,-2.00664042612624,-0.760254485751718,-0.840826562207551,-0.0936160098146204,-2.48787273964151,-1.28557566395111,2.14146035777044,3.02680660957424,0.560545664069036,1.24305227490407,-1.6967144133936,0.363757694132862,0.319185399920719,-0.740363363797336,0.105399516037416,-0.549504839405056,-0.379865775583436,-0.087266705186287,0.604371130221596,-0.0315960389799951,-0.754925216760712,0.157703227380664,0.590324321488511,1.17361541508269,-1.00627305202509,0.269561189852251,0.0267466518369505,0.204803781260204,-0.103393558766603,0.317798170408889,0.205239617383228,0.573627931025729,-0.620771797515598,-0.014298344847418,-0.279055587151969,0.180101118732768,0.0701419712758517,0.145970225282281,-0.296544243162359,0.0857727201826491,1.44851993403354e-14,-1.52306304982601e-15,2.53739870998318e-15,3.76714045382319e-15,-3.30194265025187e-17,-9.74414926587937e-16,1.42827643624185e-15,2.36136799952664e-16,7.98117614495107e-16,2.80839538404086e-15,-1.29120050068066e-15,2.19082089370125e-16,-5.53308271053012e-15,5.63110901855486e-16,-1.07960999070904e-16,2.16201986944255e-16,-3.17455276099318e-16,3.04326900250453e-16,"Cosmo AF1b","HM179505"
"HM179506",3.39854403403209,-1.42594113232892,0.114850011444309,-1.45620210541422,-0.273100752286748,-0.855742565943435,1.01725862527125,-0.423861717458695,0.949321966196282,-0.0953725609466091,-0.444506891600599,-0.602713007932823,2.27891943091412,-0.380943455266363,1.49807594522169,1.00495938333504,0.406723720650032,0.503813333069075,0.0944721994303405,-0.873867652528105,0.817176439391038,-0.716017365849276,-1.11565718115478,-0.00305833240819517,1.1301907500678,0.449805203834793,-0.935035430800285,1.05346915496138,0.578091981536714,0.181952497933707,0.64715563458065,-0.0305301218489868,0.0728928491393975,0.0635805783891168,-0.488016274430726,-0.391938433191816,0.284254774297515,-0.243355433714208,0.0546604007790737,0.0931367552647816,-0.298828551957011,9.71308100063831e-15,-3.89485362850623e-15,-1.90125154111151e-15,5.59704344514215e-16,2.57244493746193e-15,3.75735647474668e-16,2.01614184651487e-16,-2.7024376097185e-15,1.03593679708907e-15,-8.62539159029678e-17,-9.02687299651588e-17,-7.85496575517168e-16,1.03580185220428e-15,6.01060010714824e-17,-4.52553669820162e-16,-4.35252232424302e-16,-2.55690135360328e-16,3.21032918903766e-16,"Cosmo AF1b","HM179506"
"KF155002",3.38715137242233,-3.14112507421701,-0.467717976331686,-0.618204226713387,1.1794404809149,0.469617002800852,-0.0779287964987949,1.24770748020921,0.731013681873541,0.857672711149342,0.529688398718057,-1.6579234803575,-0.693315134709452,0.172001980299088,-0.476217088012102,0.345417908461462,1.07270124085584,0.66676026287201,-0.427514645918808,0.148630402183224,-0.245870566780971,0.334431309666047,0.163733789575302,0.428092366376448,0.365430012246519,0.563291984256826,-0.210517764052265,0.0412089306993453,0.15700083506882,-0.50558278764112,-0.16400942152276,-0.00876467595749037,-0.35345089168768,-0.256582497707067,-0.117947801198128,-0.106242489732134,0.291239182534812,0.012970609062788,-0.272052548252711,0.324754200006769,0.0706501116577832,8.61178450224224e-15,-4.70163995351286e-15,-3.30880438808372e-15,-6.41660458106987e-16,-3.12661851524089e-16,3.93781093704696e-16,2.086153034869e-15,-6.71775709864113e-16,-8.48520936335043e-16,2.05434072321047e-15,7.08580893882975e-16,8.57249822017029e-17,-1.94947938381797e-15,1.35687186596179e-16,-3.68858724135904e-16,4.12230424608198e-17,7.11898016295503e-17,-4.69997618553686e-17,"Cosmo AF1b","KF155002"
"KR534217",2.86948744558733,-3.62221669258398,0.762876762477541,-0.350119103836717,1.75186921824358,0.646828231474601,0.00384634246816559,0.962145927102889,0.497932983979414,0.775201543764278,-0.649055908425234,-0.0941334990891381,-0.671893391387787,0.310302197236279,-0.777299086904457,0.428052891976498,0.0924977495149116,0.299421587497818,0.0125160130264105,-0.826584470297477,-0.647557710280555,0.46534788078232,0.0139378288740653,0.299825593458778,-0.317321909576705,0.536780990437888,0.524155592829565,0.363018675268115,0.68869702911901,0.878892257072068,0.366046023855904,0.0198025939293803,-0.0530219400233944,-0.352286991830974,0.232930458241027,-0.0314537434918587,0.158045701127479,-0.0809439380517122,-0.17580909385758,-0.0569604133306524,-0.319224855951805,1.07965376846859e-14,-3.91312706066742e-15,-3.85721223901151e-15,2.00627013334251e-15,-2.16339257416776e-15,2.0852504904543e-15,1.46226224615496e-15,-1.97227530714696e-16,2.24940974859908e-16,-1.59457774654678e-16,6.87609376632776e-16,-1.55409610338139e-15,-1.88851192076678e-15,-1.16715481157588e-16,-5.11707080144874e-16,-3.0943762121046e-16,2.44204270541026e-16,-2.89585224446759e-16,"Cosmo AF1b","KR534217"
"KR534218",2.8865359546481,-3.88445877349654,0.902892345622777,0.146850681453454,1.38891076713011,0.490332243982233,-0.128764448813983,0.298338599100815,0.381339028384425,0.848078905180712,-0.582577731940744,0.501557381116309,-0.106074318831935,0.462964896397783,-0.359227726624408,-0.234329097198915,-0.318264985158577,0.386071062858337,0.0632133733717236,-0.581766596668421,0.0189734285587854,0.35933408795906,-0.547316529880268,0.141718357905075,-0.412811071559758,0.296511467805389,0.64721368567877,0.1894078280611,0.495809721903788,0.902682308938749,0.237083758496405,-0.200745171906765,0.129823742611876,-0.421849052585338,0.0886374768231746,-0.0826732665369999,0.0773340374089705,-0.205122482975004,-0.159261568327104,0.0745489599493784,-0.174818448403293,1.04634707772983e-14,-3.60781572889551e-15,-4.30130144886157e-15,2.00627013334251e-15,-1.60828106185518e-15,1.4191166756792e-15,9.14089627746292e-16,-3.22127620985026e-16,7.24541335941229e-16,-7.61910478077911e-17,1.32497864320198e-16,-1.41531822530324e-15,-7.78288896141621e-16,-1.16715481157588e-16,-5.67218231376132e-16,-3.64948772441718e-16,2.21596656159947e-17,-4.56118678140532e-16,"Cosmo AF1b","KR534218"
"KR534219",3.0672227519395,-2.74744045340008,-0.731245667342494,-0.551567024840096,-2.44704145050283,-1.84072588133225,0.235410992262447,-0.942033019009535,-2.46829852263907,1.06999452829063,-0.449949510695481,0.17955508124347,-0.257529378277777,-0.261662269835215,0.118898016850806,0.495076519865407,0.123742465200506,0.0840662372170447,0.751640880080534,-0.205889406392009,-0.949202895542814,-0.22220721273091,0.204274852151485,-0.08331738320034,0.366234986702513,-0.438925524543532,-0.058575009176137,-0.0165252165080561,-0.0923929820475602,-0.168501348968888,0.138541156712838,-0.105841656891457,0.00390822037577956,-0.0450305854300364,-0.110530045423928,-0.117417541392489,0.14919667133952,0.0311026311888954,0.0160708019376845,-0.0960099633573984,-0.025660113497414,1.26826157839417e-14,-1.26593903632682e-15,-2.0027928431923e-15,-4.36220520832831e-16,-8.31124944617573e-16,-2.57768621297136e-15,2.36583633670438e-15,5.10539647483841e-16,3.25554936466563e-16,4.48996484544187e-16,6.35567672353472e-16,5.13694279982968e-16,8.03778913949227e-16,4.21482477264217e-16,-3.22839061697899e-16,-3.00764003830577e-16,-1.07944595082266e-16,-2.30821466698044e-16,"Cosmo AF1b","KR534219"
"KR534220",2.8865359546481,-3.88445877349654,0.902892345622777,0.146850681453454,1.38891076713011,0.490332243982233,-0.128764448813983,0.298338599100815,0.381339028384425,0.848078905180712,-0.582577731940744,0.501557381116309,-0.106074318831935,0.462964896397783,-0.359227726624408,-0.234329097198915,-0.318264985158577,0.386071062858337,0.0632133733717236,-0.581766596668421,0.0189734285587854,0.35933408795906,-0.547316529880268,0.141718357905075,-0.412811071559758,0.296511467805389,0.64721368567877,0.1894078280611,0.495809721903788,0.902682308938749,0.237083758496405,-0.200745171906765,0.129823742611876,-0.421849052585338,0.0886374768231746,-0.0826732665369999,0.0773340374089705,-0.205122482975004,-0.159261568327104,0.0745489599493784,-0.174818448403293,1.04634707772983e-14,-3.60781572889551e-15,-4.30130144886157e-15,2.00627013334251e-15,-1.60828106185518e-15,1.4191166756792e-15,9.14089627746292e-16,-3.22127620985026e-16,7.24541335941229e-16,-7.61910478077911e-17,1.32497864320198e-16,-1.41531822530324e-15,-7.78288896141621e-16,-1.16715481157588e-16,-5.67218231376132e-16,-3.64948772441718e-16,2.21596656159947e-17,-4.56118678140532e-16,"Cosmo AF1b","KR534220"
"KR534228",2.8246882085908,-2.39734026082147,-0.447129606737591,-1.07141902292536,-2.42106420380234,-1.77389682271092,0.203970507784023,-0.784266885232274,-2.54205082339148,0.956904069362316,-0.294764196110112,-0.0808382658801031,-0.553538265456015,-0.124611549465764,0.0927024644621953,-0.219493851168307,0.161065581119452,0.0341691687501722,0.375897644384583,0.0362631737095129,-0.435062874674597,-0.0911207591229402,0.327857311830506,0.140449489947657,0.0880721310486562,-0.118274972093099,0.0301948523307464,0.201345622122733,-0.00438257749769148,-0.274151123913801,0.0107836822023253,-0.25624383432505,-0.153049662787303,0.172525797832126,-0.190402397084353,-0.133553229240688,-0.106114198629958,-0.242455056663242,-0.0043904099559593,0.0392398643890809,0.151942250613234,1.24050600277854e-14,-1.01613885578616e-15,-2.04442620661574e-15,-1.24113221368607e-15,-3.31524583536253e-16,-2.30013045681507e-15,2.2825696098575e-15,5.66050798715099e-16,-2.29556575846015e-16,8.81740015410114e-17,1.9147846250341e-16,5.96961006829855e-16,1.33113485064618e-15,1.43926721107928e-16,-2.67327910466641e-16,-1.34230550136803e-16,-1.07944595082266e-16,-3.4184376916056e-16,"Cosmo AF1b","KR534228"
"KR534229",2.54979886841139,-4.00372420732509,1.13738674817037,-0.145649105434996,1.39139923237121,0.906877709848764,-0.0649601464681332,1.21395457403101,0.412291261126725,0.261837848963189,-0.644964796004003,-0.279551361957955,-0.806764938770844,-0.0348675596068498,-0.81058623401219,0.616504553365579,0.418053317201401,-0.148306729146772,0.0206522201083728,-0.253406745880982,-0.503191871606332,-0.131645863552757,0.365267772843505,-0.0596724773129466,-0.406475676914612,0.162001728825418,-0.487245937008192,-0.0592368973027321,-0.117831649220805,0.171011775007193,0.0387481322719282,0.375379449095715,0.0210217567343812,0.130260349075825,-0.102392481256563,0.117908060432018,0.0180256356587238,0.104210096801103,-0.0381451488997962,0.084240775803515,0.078455475845507,1.08644087406835e-14,-2.24779252372969e-15,-2.50586265122557e-15,7.85024806254841e-16,-2.88503754017411e-15,1.69667243183549e-15,3.03348803452096e-15,1.42778270576758e-16,-8.50587580245712e-16,8.25865159700149e-16,7.32712187008173e-16,-3.74484139717157e-16,-8.75433410796323e-16,-4.94949464634863e-17,-2.65701607207913e-16,-7.52499519535916e-17,-2.62334984444202e-16,-2.98909363130134e-16,"Cosmo AF1b","KR534229"
"KR534230",2.45827233393393,-3.17084408663115,-0.331189532344868,-1.32441028744625,-1.68348520269506,-1.97772322791358,0.0428246681392421,-1.51697594023704,-1.96485421796606,0.232756557041491,-0.358975850793353,-0.670264983118976,-0.657436612560601,0.257998683235102,0.25742017650196,0.0258919996295123,0.49525252006846,0.446016656776559,-0.207168457186384,-0.352297619158744,0.0336609391936098,-0.431052721440439,-0.163266249073399,0.246453661132173,-0.090958215500011,0.111889718493252,-0.171363624616772,-0.230099719092617,-0.0878041594981134,0.114991531577499,0.108572741601455,0.155639447268379,0.0308652953710547,-0.130806836132162,0.102428618791924,0.165050954156554,0.107427085680839,0.117500732089083,0.0584833717159424,0.00130148403510371,-0.095193323457907,1.22940377253229e-14,-8.77360977708012e-16,-4.81998376817863e-15,2.11729243580503e-15,-1.66379221308644e-15,-1.41195203711495e-15,2.62431013462493e-15,-7.24583467411646e-16,-1.04656485575685e-16,-2.03259542423092e-16,7.81284444335524e-16,-4.85506442179672e-16,5.67856521216381e-16,3.10460174801701e-16,-2.39572334851012e-16,-1.24689571018931e-16,-3.29989200007297e-16,-2.86332617929302e-16,"Cosmo AF1b","KR534230"
"KR534231",2.8246882085908,-2.39734026082147,-0.447129606737591,-1.07141902292536,-2.42106420380234,-1.77389682271092,0.203970507784023,-0.784266885232274,-2.54205082339148,0.956904069362316,-0.294764196110112,-0.0808382658801031,-0.553538265456015,-0.124611549465764,0.0927024644621953,-0.219493851168307,0.161065581119452,0.0341691687501722,0.375897644384583,0.0362631737095129,-0.435062874674597,-0.0911207591229402,0.327857311830506,0.140449489947657,0.0880721310486562,-0.118274972093099,0.0301948523307464,0.201345622122733,-0.00438257749769148,-0.274151123913801,0.0107836822023253,-0.25624383432505,-0.153049662787303,0.172525797832126,-0.190402397084353,-0.133553229240688,-0.106114198629958,-0.242455056663242,-0.0043904099559593,0.0392398643890809,0.151942250613234,1.24050600277854e-14,-1.01613885578616e-15,-2.04442620661574e-15,-1.24113221368607e-15,-3.31524583536253e-16,-2.30013045681507e-15,2.2825696098575e-15,5.66050798715099e-16,-2.29556575846015e-16,8.81740015410114e-17,1.9147846250341e-16,5.96961006829855e-16,1.33113485064618e-15,1.43926721107928e-16,-2.67327910466641e-16,-1.34230550136803e-16,-1.07944595082266e-16,-3.4184376916056e-16,"Cosmo AF1b","KR534231"
"KR534233",2.61617324380814,-4.08969180834453,1.41027022235253,0.0743089404617943,1.19982029124316,0.760862086867831,-0.159696374071108,0.421481607632015,0.379938061247989,0.327885446704471,-0.617213408948868,0.460921781301433,-0.124387970509786,0.305371927820203,-0.418153098735454,0.0101413805680745,-0.122171180030803,-0.0747108819007157,0.0475780894718018,0.0920733854695461,0.142081664686008,-0.164603470809943,-0.304738002185254,-0.204255818170205,-0.138149754225333,-0.176535848639742,-0.388041426070438,-0.0601184009578432,-0.222189484105523,0.033262428515826,0.0744877622395755,0.0517569096738634,-0.0100788472199425,-0.180578476045286,-0.332554005139216,0.182507218231753,0.0857476158107776,0.0709958815278914,-0.164838978933889,0.539481125859486,0.0687882679502609,9.85783544374793e-15,-3.12903204952591e-15,-3.20495621204423e-15,9.79313835564243e-16,-1.94134796924273e-15,1.4191166756792e-15,2.11495195399124e-15,-8.96746752041343e-17,-2.71189939269458e-16,8.58824905743708e-16,3.33725787533508e-16,-2.56522943350734e-16,6.82561601350606e-17,1.15737464623305e-16,-4.07840512020762e-16,-5.53006319798583e-17,-3.63816307788845e-16,-3.91283388225899e-16,"Cosmo AF1b","KR534233"
"KR534238",2.7741196479312,-2.21606088008221,-0.455902756084403,-0.952810528768543,-2.43247065706905,-1.73308477010317,0.165880924298415,-0.609064895465653,-2.6742293360667,1.05071100292928,-0.352353787511833,-0.000722514636722983,-0.562596709423323,0.031376712957111,0.0340374262531122,-0.203040307998007,0.12775825358754,0.181825082107901,0.34307661197574,-0.0611301792634467,-0.335839411128668,-0.171011964822468,0.243294316677496,0.197434385426452,0.136821139865936,0.0265969735351481,-0.0160356177641587,0.0765688485223175,-0.0281772461057614,-0.153953233434337,0.198683198269603,-0.297794506509154,-0.189075086904966,0.137005004101253,-0.0265883799891582,-0.104298354432052,-0.0978079152909995,-0.20089358267689,-0.0593171904154099,0.0287780097548273,0.21582979029686,1.20719931203978e-14,-1.73778382179251e-15,-3.43220498739719e-15,-7.41531852604749e-16,-8.86636095848831e-16,-2.24461930558382e-15,1.33888003892611e-15,3.99517345021325e-16,-1.18534273383499e-16,-3.00404057077793e-16,3.02500764965925e-16,1.52871796979793e-16,1.10909024572114e-15,1.43926721107928e-16,-2.67327910466641e-16,-5.09638232899163e-17,-1.07944595082266e-16,-3.4184376916056e-16,"Cosmo AF1b","KR534238"
"KR534244",2.91078132199425,-4.03154560275429,1.75290299219567,0.493214215953559,1.65647680842411,0.982529234114592,0.0397226119911894,0.660325922333274,0.20823119369854,0.539183945208203,-1.10992706851447,0.647485233786743,0.49137017563541,-0.39967653654738,-0.0693640274096719,-0.155963513439743,-0.0529169248724246,-0.150789743991304,0.0277065501151086,0.101223893812324,0.0894993448498121,-0.121378045417485,0.0438906555915535,-0.0257119149436422,0.0420107475507788,0.0617148676579247,0.0495127166125438,-0.00773330966579929,-0.00102504590201659,-0.106316863923611,-0.0766199353318176,-0.0228084110132548,-0.0929049472916926,0.0333050241719904,0.0357949948571542,0.124045570710325,0.0439825018201813,0.002190067496295,0.0190700102517734,0.033859901427185,0.0540903399443399,1.16638994226743e-14,-1.21563205552349e-15,-1.28114787718595e-15,4.24202323251665e-16,-2.21890372539902e-15,2.41831739784184e-15,2.64425945459866e-15,5.25726498259639e-17,-7.98545875966408e-16,1.20533592007008e-15,-6.3525888465181e-17,-5.27139805603116e-16,-1.13277890401172e-18,5.28537386191453e-17,-3.69459755114776e-16,-3.88367539367405e-16,-3.6121422257488e-16,-3.34904875256653e-16,"Cosmo AF1b","KR534244"
"KR534247",2.91078132199425,-4.03154560275429,1.75290299219567,0.493214215953559,1.65647680842411,0.982529234114592,0.0397226119911894,0.660325922333274,0.20823119369854,0.539183945208203,-1.10992706851447,0.647485233786743,0.49137017563541,-0.39967653654738,-0.0693640274096719,-0.155963513439743,-0.0529169248724246,-0.150789743991304,0.0277065501151086,0.101223893812324,0.0894993448498121,-0.121378045417485,0.0438906555915535,-0.0257119149436422,0.0420107475507788,0.0617148676579247,0.0495127166125438,-0.00773330966579929,-0.00102504590201659,-0.106316863923611,-0.0766199353318176,-0.0228084110132548,-0.0929049472916926,0.0333050241719904,0.0357949948571542,0.124045570710325,0.0439825018201813,0.002190067496295,0.0190700102517734,0.033859901427185,0.0540903399443399,1.16638994226743e-14,-1.21563205552349e-15,-1.28114787718595e-15,4.24202323251665e-16,-2.21890372539902e-15,2.41831739784184e-15,2.64425945459866e-15,5.25726498259639e-17,-7.98545875966408e-16,1.20533592007008e-15,-6.3525888465181e-17,-5.27139805603116e-16,-1.13277890401172e-18,5.28537386191453e-17,-3.69459755114776e-16,-3.88367539367405e-16,-3.6121422257488e-16,-3.34904875256653e-16,"Cosmo AF1b","KR534247"
"KR534249",2.91078132199425,-4.03154560275429,1.75290299219567,0.493214215953559,1.65647680842411,0.982529234114592,0.0397226119911894,0.660325922333274,0.20823119369854,0.539183945208203,-1.10992706851447,0.647485233786743,0.49137017563541,-0.39967653654738,-0.0693640274096719,-0.155963513439743,-0.0529169248724246,-0.150789743991304,0.0277065501151086,0.101223893812324,0.0894993448498121,-0.121378045417485,0.0438906555915535,-0.0257119149436422,0.0420107475507788,0.0617148676579247,0.0495127166125438,-0.00773330966579929,-0.00102504590201659,-0.106316863923611,-0.0766199353318176,-0.0228084110132548,-0.0929049472916926,0.0333050241719904,0.0357949948571542,0.124045570710325,0.0439825018201813,0.002190067496295,0.0190700102517734,0.033859901427185,0.0540903399443399,1.16638994226743e-14,-1.21563205552349e-15,-1.28114787718595e-15,4.24202323251665e-16,-2.21890372539902e-15,2.41831739784184e-15,2.64425945459866e-15,5.25726498259639e-17,-7.98545875966408e-16,1.20533592007008e-15,-6.3525888465181e-17,-5.27139805603116e-16,-1.13277890401172e-18,5.28537386191453e-17,-3.69459755114776e-16,-3.88367539367405e-16,-3.6121422257488e-16,-3.34904875256653e-16,"Cosmo AF1b","KR534249"
"KR534250",2.67682046446503,-4.23220018073833,1.50759579958941,0.321697228986901,1.72674725856742,0.450777530518437,-0.195725538701555,0.387514524215627,0.49348326119438,0.74160537235727,-1.16877967028328,0.632337472903365,-0.180897729421322,-0.186503419411804,-0.541274406801205,0.234616965302402,-0.147316725605152,-0.099041468935113,-0.426066599099817,0.360788287571894,0.459199310462829,-0.160435812388313,-0.183443052071689,-0.366899043960549,-0.0359591679112374,-0.24148763515955,-0.0606634885526842,-0.0293389841016964,-0.0654649844140205,0.102784831482476,0.0956533281164971,-0.107850590049283,0.0963955316453736,0.0090596914074163,0.0626682132125673,-0.0544681293380382,-0.0134072270803536,-0.0278624302739588,0.0666194624424027,0.00160639440570675,-0.019232283738578,1.22745220862181e-14,-7.81951186529288e-16,-2.1970818725017e-15,1.75646995280185e-15,-2.82952638894286e-15,2.25178394414807e-15,2.58614621815344e-15,4.0003924986133e-18,-2.98945514885087e-16,8.1675786145127e-16,-1.50681582047788e-15,-6.38162108065631e-16,-6.67266593679106e-16,-2.65741261211254e-18,-3.97215330730405e-16,-3.90102262843382e-16,-5.83258827499911e-16,-3.90416026487911e-16,"Cosmo AF1b","KR534250"
"KR534251",2.97362997780155,-2.5469240878515,-0.487687471667901,-0.872345543378109,-2.33831917669184,-1.75691040256921,0.120581632891186,-0.851466498018769,-2.49942111720979,0.923920899472139,-0.418565294059886,0.00915539931643692,-0.463322766457601,-0.243096915950768,0.118563953343835,-0.0193495622664548,0.127648446023854,-0.0265088292235257,0.431847330274981,-0.104567601629456,-0.499761945669643,-0.107543750008955,0.325608921666127,0.0815841488347006,0.157531701412138,-0.331051128289283,0.00945641915814029,-0.0281585030547191,0.103067734780169,-0.189785705242828,0.0684071489683573,-0.0120221605885585,-0.0672030023223668,-0.00479856166828719,-0.0852718934391942,-0.033593193230316,0.0606813704129474,-0.0302987443135851,0.0326779055248181,-0.0212277687046165,0.0440692007700293,1.26826157839417e-14,-9.60627704554899e-16,-2.01667063100011e-15,-5.19487247679718e-16,-9.97658398311347e-16,-1.91155239819627e-15,2.37624467756024e-15,5.10539647483841e-16,1.03510331541532e-16,2.54707455234785e-16,4.69034218659699e-16,4.30427553136082e-16,9.28679004219557e-16,3.65971326032959e-16,-2.67327910466641e-16,-2.1749727698369e-16,-1.07944595082266e-16,-2.30821466698044e-16,"Cosmo AF1b","KR534251"
"KR534252",2.33449686600722,-3.06783792467748,-0.362029413517505,-1.26989144431288,-1.60354334860234,-1.897050889319,-0.289652218747277,-0.128781433106909,-0.902465023593541,0.623834646023974,-0.592891121965765,-0.17355850321373,1.01966986186662,-0.287552148444918,-0.242972354214871,0.871186648362436,-0.324202454227944,-0.111877545071862,1.17701535224476,-0.730746533542704,0.0718680793916927,-0.664727779699622,1.3885996784422,-0.585236759688369,0.496088627718759,0.222248556155653,0.248931520432997,0.420792384364531,-0.342467158728099,0.577239442959812,0.291994849570671,-0.512146296624581,0.455238691476773,0.396859101670838,-0.022578461913984,0.527037576986113,0.203785868534765,-0.0178304016920852,-0.378882228332246,0.268880061874007,-0.140256246586045,1.26151134895168e-14,-3.65569081470952e-15,-3.77442426843352e-15,2.01727424711267e-15,-9.85506091557936e-16,2.45534688131193e-16,8.94865624217297e-16,6.90977484308338e-16,-4.75186823627447e-16,-1.11412131846128e-15,3.88604387644912e-16,-1.08159758224028e-16,-2.66562605701293e-16,1.98496503173091e-16,-7.06498221680672e-16,5.2742566677988e-17,-5.0477487916566e-16,-7.96965799961388e-16,"Cosmo AF1b","KR534252"
"KR534253",2.87427453412085,-4.14844097674912,1.44268295114661,0.126026958795994,1.58087394545958,0.929124251821084,0.170886754974779,0.467688798267973,0.312544740596526,0.873193597788581,-0.684560774864063,0.655657089080772,-0.0299369007732655,0.370928261760361,-0.998601526359174,-0.159027557887051,-0.366461678801224,-0.401969407971696,0.259265820499234,-0.270156819536665,0.303787944526647,0.258805694296671,-0.599532681028643,-0.221435967630699,-0.434712765007226,-0.213815485730037,-0.0217366015835482,0.314604182139215,-0.42034782325802,0.0524427048981685,-0.0238875321345599,0.410089799077884,-0.0785868291424182,0.127006798216144,-0.0599354202147566,-0.114095929125211,-0.0593792297617849,0.0299451245523421,0.0241497349724595,0.0127068146864034,-0.00177177433103974,1.06091875492804e-14,-1.90952144591421e-15,-3.29342710931904e-15,1.50666977226119e-15,-1.94134796924273e-15,1.08604976829165e-15,3.02850070452752e-15,2.4817074210335e-17,-5.34867907617933e-16,1.36493047985994e-15,3.80563321384882e-16,-2.49584049446827e-16,2.66227967116172e-17,-2.65741261211254e-18,-2.02926301421002e-16,-3.97041156747289e-16,-2.50191920112364e-16,-5.56949480181684e-16,"Cosmo AF1b","KR534253"
"KR906734",3.0672227519395,-2.74744045340008,-0.731245667342494,-0.551567024840096,-2.44704145050283,-1.84072588133225,0.235410992262447,-0.942033019009535,-2.46829852263907,1.06999452829063,-0.449949510695481,0.17955508124347,-0.257529378277777,-0.261662269835215,0.118898016850806,0.495076519865407,0.123742465200506,0.0840662372170447,0.751640880080534,-0.205889406392009,-0.949202895542814,-0.22220721273091,0.204274852151485,-0.08331738320034,0.366234986702513,-0.438925524543532,-0.058575009176137,-0.0165252165080561,-0.0923929820475602,-0.168501348968888,0.138541156712838,-0.105841656891457,0.00390822037577956,-0.0450305854300364,-0.110530045423928,-0.117417541392489,0.14919667133952,0.0311026311888954,0.0160708019376845,-0.0960099633573984,-0.025660113497414,1.26826157839417e-14,-1.26593903632682e-15,-2.0027928431923e-15,-4.36220520832831e-16,-8.31124944617573e-16,-2.57768621297136e-15,2.36583633670438e-15,5.10539647483841e-16,3.25554936466563e-16,4.48996484544187e-16,6.35567672353472e-16,5.13694279982968e-16,8.03778913949227e-16,4.21482477264217e-16,-3.22839061697899e-16,-3.00764003830577e-16,-1.07944595082266e-16,-2.30821466698044e-16,"Cosmo AF1b","KR906734"
"KR906735",2.4750390741467,-3.56525311685535,-1.92519742824143,0.456194817707991,0.529578718085939,-0.257375984021371,-0.515630599672935,0.2446672325507,0.488793262569335,0.0734128250742482,-0.146401263642228,0.309387873507908,0.761904157225991,0.237638824353827,1.51495195279424,-0.712237442120935,1.93200130913118,0.0607105943540149,0.901686861457806,-0.00879178495232827,-0.852121264628479,0.225688455438643,0.133561536707871,-0.353192958231542,-0.770112125555163,0.0185349165775228,-0.00297861799020119,-0.0344903242414648,0.0913321720115015,0.0702612835408168,-0.1358780398729,0.0508965603587767,-0.00754345375547227,0.066159723624118,0.141162163933788,-0.326178116586732,-0.252456827117615,0.021502797921021,-0.112320523692843,-0.346030852331569,0.202490549705371,1.3633677929646e-14,1.66921308502594e-15,1.30705954897145e-15,-1.4631768186111e-15,2.72158873418293e-15,6.97471709672849e-16,1.81332690960577e-15,1.39524862023201e-15,-6.45890210080449e-16,2.5948494243275e-15,1.5851871645985e-16,4.87883884211842e-17,3.73567491906979e-16,-7.85515646860979e-17,-3.02347640637923e-16,-7.59573639049614e-18,-8.45258281565789e-17,-4.81272168542196e-16,"Cosmo AF1b","KR906735"
"KR906736",2.48061175348547,-3.60239383094851,-1.67022027434891,0.317763562027252,0.36917627199412,-0.489394787910376,-0.274686702401061,0.418775078944163,0.475321231985518,0.0239861589500465,-0.2301428794025,0.289413220693781,0.862816236843009,0.361716870332165,1.48345187317193,-0.547497102482757,1.99998052640933,0.0385003737238022,1.06519900375562,0.0454527854604268,-0.741858486236977,0.25195924696402,-0.00475672194982688,-0.294067213283034,-0.784292307813477,-0.000231776516172429,-0.0294235423022339,-0.19084619932117,0.35596751744839,0.0913717911355831,-0.256242240232775,0.0363519171955545,0.046891742177998,0.0540071795646605,0.111793473228492,-0.418443598170588,-0.266805836483137,0.0103257539269006,-0.0802527504796842,-0.417943435114739,0.202262748803124,1.3633677929646e-14,1.5373741008517e-15,1.55685972951211e-15,-1.37991009176421e-15,2.77709988541419e-15,6.97471709672849e-16,1.78730605746612e-15,1.14544843969135e-15,1.45143694964975e-16,2.80301624144471e-15,-1.74548190927697e-16,1.04299539652442e-16,2.76422977252277e-16,-1.34062715917356e-16,-3.57858791869181e-16,-4.57596528619859e-17,-2.90146769253211e-17,-4.25761017310938e-16,"Cosmo AF1b","KR906736"
"KR906739",3.63597510701591,-2.62884493545335,-0.651443137443558,-0.797076583366509,-1.84997161904142,-1.0839931484235,-0.534114789759367,0.447274883502123,-0.789386703182219,-0.00283986681743439,-0.916334360240516,0.0582956170726738,0.621674502265238,-0.695056441613671,0.216172611064498,0.965464071913496,0.221281740079126,-0.143222102455834,0.268353169976477,0.440470954564431,-0.377268121403391,0.396345882135236,-0.0712764852612315,-0.861471931246879,0.24656583094708,0.00140603469130606,-0.247601339576243,-0.0057616444951732,-0.209198087769685,-0.238655144120241,0.44457634750007,-0.652404145100836,0.0383442135548631,0.00165081222482852,0.435560709403976,-0.292446408063828,-0.11866573460451,0.0887249916860465,-0.157582072221178,-0.190584385301812,-0.263699389749453,1.48009734894648e-14,-2.86857824362557e-16,-1.25040161088726e-15,1.12909582741255e-15,-2.36105549935955e-16,6.61868322365627e-16,2.38423414856063e-15,6.28527439173173e-16,1.8921226767167e-16,1.53176566327235e-15,-1.07029805565158e-15,9.30681649892817e-17,-1.18249660101705e-15,3.39659626030704e-16,-4.54800687338162e-16,-1.94455528648707e-16,-5.11280092200573e-16,-6.07772520862667e-16,"Cosmo AF1b","KR906739"
"KR906741",3.11781433880595,-3.78717754052774,0.17577248589683,0.282009874849736,-0.063061635535414,0.92804844038378,0.423461806412581,0.420313903796074,-0.199974660002537,0.463569190849366,-0.609224522422519,0.150750917568642,0.542705237358911,-0.188917430492373,0.710591189663745,-0.28033971044526,0.106970621062919,1.0728826532679,0.343820180564923,0.5744280389813,-0.857337180543053,0.734465296405691,0.115222610959576,0.839531205488312,0.0712383528008852,0.0801756537667163,-0.616457404379071,-0.297293796463593,-0.274308465861581,0.154634959062692,-0.522980578669863,-0.098231246512185,-0.0742076555143064,-0.0756139816487474,0.104829694568489,0.104437293257275,-0.159209621049799,-0.0620233817814842,-0.127335085021226,-0.0577857614118959,0.167604713537507,1.15238205019892e-14,-3.07525562177063e-15,-1.68186900013659e-15,-1.2688877893017e-15,-2.21890372539902e-15,-4.12751314952307e-16,2.49854268261661e-15,3.40536746838114e-16,-5.03642885050351e-16,2.35849335072566e-15,1.75272959088254e-15,-2.56522943350734e-16,-4.86855352177518e-16,-4.77602229875095e-17,-3.47775711665066e-16,-3.96881206960671e-17,-2.97029453963738e-16,-2.19328923669698e-16,"Cosmo AF1b","KR906741"
"KR906742",3.21708232505922,-3.07778115837552,-0.135728027316095,-0.583942428688582,0.967391086849381,0.386632454194189,-0.128240639083167,1.55112961379517,0.756949198289083,0.632339162195651,0.510278889351364,-1.67202935595652,-0.650705102006629,0.313371508211238,-0.399032165309129,0.396880562391319,0.936185056996537,0.533240486953919,-0.33739294547015,0.156991693770099,-0.393694119846131,0.0513694602603848,0.309284601852712,0.266295010277883,0.180597119130805,0.483468242852933,-0.381063305373689,-0.104754953810182,0.0178442322120065,-0.0622233695444568,-0.481950915519901,0.166533734670016,0.00619881277785467,-0.0805400953380456,-0.0899822233163937,-0.095127880244002,-0.142405076857874,-0.122654176005172,-0.185447181150299,-0.0406094084161433,-0.0365769311836024,9.13684099904507e-15,-4.30517456623818e-15,-3.98558177623379e-15,-5.47242823295347e-16,-9.42147247080089e-16,3.64404802285302e-16,2.56099272775177e-15,-6.72541763132341e-16,-5.24459566762072e-16,2.34461556291784e-15,5.10667582083142e-16,-4.8356126233517e-17,-1.87463413295896e-15,6.32620794750061e-17,-4.03286862896323e-16,1.49556687972023e-17,-2.97029453963738e-16,-2.19328923669698e-16,"Cosmo AF1b","KR906742"
"KR906743",2.8246882085908,-2.39734026082147,-0.447129606737591,-1.07141902292536,-2.42106420380234,-1.77389682271092,0.203970507784023,-0.784266885232274,-2.54205082339148,0.956904069362316,-0.294764196110112,-0.0808382658801031,-0.553538265456015,-0.124611549465764,0.0927024644621953,-0.219493851168307,0.161065581119452,0.0341691687501722,0.375897644384583,0.0362631737095129,-0.435062874674597,-0.0911207591229402,0.327857311830506,0.140449489947657,0.0880721310486562,-0.118274972093099,0.0301948523307464,0.201345622122733,-0.00438257749769148,-0.274151123913801,0.0107836822023253,-0.25624383432505,-0.153049662787303,0.172525797832126,-0.190402397084353,-0.133553229240688,-0.106114198629958,-0.242455056663242,-0.0043904099559593,0.0392398643890809,0.151942250613234,1.24050600277854e-14,-1.01613885578616e-15,-2.04442620661574e-15,-1.24113221368607e-15,-3.31524583536253e-16,-2.30013045681507e-15,2.2825696098575e-15,5.66050798715099e-16,-2.29556575846015e-16,8.81740015410114e-17,1.9147846250341e-16,5.96961006829855e-16,1.33113485064618e-15,1.43926721107928e-16,-2.67327910466641e-16,-1.34230550136803e-16,-1.07944595082266e-16,-3.4184376916056e-16,"Cosmo AF1b","KR906743"
"KR906744",3.48035832687494,-2.47153265150494,-0.762432267037064,-0.918144926941031,-1.92887166859518,-1.21938683790327,-0.45194633583947,0.320944422291423,-0.835833169303994,0.206623053438254,-0.522039361008577,-0.0473971223941543,0.497114716428291,-0.405880418722568,0.257905932644389,0.788403122555309,0.45949624654485,-0.282662088090808,0.518320226716233,0.447379015820032,-0.547794816419137,0.337611677124447,-0.218344165614583,-0.794215921208137,0.232614954733724,-0.0173207014147894,-0.273357362548882,-0.0336132602553518,-0.32594749995682,-0.201371544303737,0.446172534201099,-0.559173738054062,0.00988144366799039,0.065782939861671,0.415624032245599,-0.239312080537553,-0.14450657048876,0.0544241964774219,-0.15441445450438,-0.0731775708979611,-0.172800427882212,1.40793285234585e-14,-7.58702609828249e-16,-1.40305727677322e-15,6.57251041946856e-16,4.85539416070396e-16,5.12456588217908e-17,2.3269882738534e-15,6.28527439173173e-16,7.81899652091546e-17,1.64278796573486e-15,-7.92742299495293e-16,2.31846043067426e-16,-9.46574208284201e-16,3.39659626030704e-16,-4.54800687338162e-16,-1.38944377417449e-16,-5.11280092200573e-16,-6.63283672093925e-16,"Cosmo AF1b","KR906744"
"KR906745",2.84059404688284,-4.02741617932664,0.639173448594772,0.323940012715281,1.51845388052346,0.448728593242741,0.449193107049997,0.00770718145336071,0.273630365984619,0.436612428919916,-0.467704365516532,0.47293460515115,-0.211903749634548,0.52386395368835,-0.191633667200961,0.367028964605845,-0.189249551629289,0.231676075018582,0.546272707678374,0.141591344239146,0.0538243267532224,-0.019616707392839,-0.34618266791459,-0.285026271870974,0.0678274960175464,0.51776871997835,0.32716639112512,-0.0263398879785566,-0.332693336167975,-0.0331381403027953,0.0860219419100944,-0.207830030661631,0.0257741423779228,0.113013832725085,-0.306808868239137,-0.23167970002205,0.166625059844606,-0.37211890473687,0.0522791722857531,0.0265078798689864,-0.0906512200644098,1.10602156530344e-14,-2.08125907003592e-15,-2.13983599779447e-15,-1.18562106245481e-15,-5.53569188461284e-16,1.42360197360271e-16,2.22011956472233e-15,-3.6376098440847e-16,2.89636993487701e-18,1.14852372623183e-15,-2.61284364726537e-16,8.34828579407203e-17,-1.13277890401172e-18,-8.76588629349761e-17,-4.83300983225754e-16,-5.04594012257851e-16,-2.83151666155923e-16,-5.13364552847767e-16,"Cosmo AF1b","KR906745"
"KR906746",3.64105263369215,-2.82655706480602,0.65028431353274,-2.73539284664092,-1.00450515368653,-1.90930383199372,0.13125049413803,0.67115296071504,0.76874186385622,-1.89290487401943,0.703780524620155,-0.118428683132,1.16239485511183,-0.793916900158296,0.661311795030492,-0.85142892138477,-0.507080271618545,0.482402744391536,-0.652613342505712,-0.272169146066463,0.359201591748582,0.903100933915744,-0.0500983610978223,0.185102633495897,0.027996328214728,0.367132689957608,0.0625542721315672,-0.387756106989904,-0.102806010918759,-0.197226619112189,-0.0837068844266298,-0.196860902261285,0.094232360384556,0.337171914933132,0.0141107131945724,0.423341907293718,-0.0254171098561823,0.416862606245616,0.323480066292859,-0.122781744613977,-0.235305514840285,1.5562896299786e-14,2.62552814297252e-15,-1.6901224009723e-15,4.61368551009987e-15,-2.5506403142755e-16,2.1342095423625e-15,3.66249185308273e-15,-3.10106153477643e-17,-1.19161021245029e-15,2.51631131877326e-15,1.29527220200076e-15,4.89698951622507e-16,-2.5258444965672e-16,4.2216461943237e-16,-2.21639596856009e-16,-4.63809615638654e-16,-5.71158584460926e-16,-4.29677970522233e-16,"Cosmo AF1b","KR906746"
"KR906747",3.69969126248364,-2.51454162880167,0.304163514058048,-2.77929684221437,-0.936945226057432,-1.32066865274359,0.934392285295813,0.239911880456858,0.794619534930448,-1.89667100570952,0.266811514735584,-0.531300984195456,1.83225030675382,-1.08158318837143,1.65029496176331,-0.521463738561173,-0.533669724009743,-0.574617717101705,-0.452438941287314,-0.0252453657568995,0.53182763110233,0.282440547762871,0.303484100578237,0.655691576119103,-0.175054275003733,0.492039363213358,0.312329575754977,-0.0739611808603448,-0.0211181759557767,-0.177764019664141,-0.198801989482881,-0.0437072424654769,-0.126802389846897,0.371830179028708,-0.0681040408565463,0.374771699926551,-0.122515080443576,0.353215843965982,0.285563675965716,-0.11402950775475,-0.102784729159527,1.64510747194861e-14,3.01410620159132e-15,1.2797241899e-15,2.29609494619486e-15,9.10670144428864e-16,2.02318723989999e-15,4.46740354593597e-15,2.18789565192896e-16,-1.82998845160976e-15,2.82162265054518e-15,3.79338206685004e-16,7.11743556547538e-16,1.98443654097249e-16,3.11142316969855e-16,-1.10617294393494e-16,-2.95541438468904e-16,-3.49113979535895e-16,-2.6314451682846e-16,"Cosmo AF1b","KR906747"
"KR906748",2.31826921130359,-1.19321299550449,1.27118314085382,0.092880040221836,-0.210176320511333,-1.40544045160721,0.457450057539242,0.552967225223594,-0.343027230559454,-1.12223408009153,1.38743962885361,-0.0396245049990694,1.65670801390744,-0.118891356360139,0.22990947394444,1.49550135685678,-1.41984075029621,1.08235937871024,0.966426154515904,0.89140877993969,0.0580495834799276,0.139547981972111,-0.518539609587147,0.954126938092752,0.0861699178921222,0.3023367163258,-0.580531394794547,1.02272649237657,0.106250467862729,-0.934965971663017,0.312504084233544,0.171513425064563,-0.769928727020915,-0.361042369318361,0.672706001886016,0.0853304386004117,-0.783771306577425,-0.226584407952857,0.322881326983842,0.555073407369261,-0.165610788856033,8.31608897889284e-15,-5.08358298426841e-15,-2.1307421638704e-15,-2.1725527279214e-15,1.85435971536025e-15,-3.36036687428472e-16,1.20167818219238e-15,1.0256309230245e-16,-1.26967276886925e-15,2.68891630463296e-15,6.91588432360829e-16,1.20440502372495e-15,1.14213322502863e-15,8.21588181409162e-17,2.12908633876181e-16,2.86458287721315e-16,1.4788429633146e-16,4.1949974508961e-17,"Cosmo AF1b","KR906748"
"KR906749",2.9391101446295,-3.33960714632218,0.270546673255812,0.340124562942952,0.0861722086482403,0.0236537157248169,-0.769054275942773,0.444412699181146,-0.341897612023549,0.331386470959718,0.0805115189575308,-0.241688411143348,-0.233553211873329,-0.403312221862177,0.168889324157345,0.110164483671101,-0.145879274171494,0.512277374235256,-0.252999736227213,0.410412807696319,0.0923685295812724,1.17218103973359,-0.309546957620866,0.723848694773186,-0.17402401636432,-0.0135615780491488,0.0859371693365224,-0.0355963467016988,0.471900575215603,0.237178326863298,-0.27502643896458,-0.557110154714381,0.0177582372877859,0.111026331413729,-0.129332816930923,0.293930924710061,-0.147505907916166,-0.504269965159675,0.158851562067955,0.234267171963389,0.302232480515328,1.1461370456854e-14,-2.34840648533634e-15,-5.31747335563966e-16,-1.71297699915176e-15,-2.16339257416776e-15,8.64005163366623e-16,2.0431777701727e-15,-5.58050013717872e-16,-7.56912512542964e-16,1.01798578466458e-15,-3.08121898577911e-16,1.04105021667992e-15,2.2091182602102e-16,-2.44651337510877e-16,-4.89372515391672e-16,-2.15762553507713e-16,-2.18966897544781e-16,-4.52866071623076e-16,"Cosmo AF1b","KR906749"
"KR906750",3.21708232505922,-3.07778115837552,-0.135728027316095,-0.583942428688582,0.967391086849381,0.386632454194189,-0.128240639083167,1.55112961379517,0.756949198289083,0.632339162195651,0.510278889351364,-1.67202935595652,-0.650705102006629,0.313371508211238,-0.399032165309129,0.396880562391319,0.936185056996537,0.533240486953919,-0.33739294547015,0.156991693770099,-0.393694119846131,0.0513694602603848,0.309284601852712,0.266295010277883,0.180597119130805,0.483468242852933,-0.381063305373689,-0.104754953810182,0.0178442322120065,-0.0622233695444568,-0.481950915519901,0.166533734670016,0.00619881277785467,-0.0805400953380456,-0.0899822233163937,-0.095127880244002,-0.142405076857874,-0.122654176005172,-0.185447181150299,-0.0406094084161433,-0.0365769311836024,9.13684099904507e-15,-4.30517456623818e-15,-3.98558177623379e-15,-5.47242823295347e-16,-9.42147247080089e-16,3.64404802285302e-16,2.56099272775177e-15,-6.72541763132341e-16,-5.24459566762072e-16,2.34461556291784e-15,5.10667582083142e-16,-4.8356126233517e-17,-1.87463413295896e-15,6.32620794750061e-17,-4.03286862896323e-16,1.49556687972023e-17,-2.97029453963738e-16,-2.19328923669698e-16,"Cosmo AF1b","KR906750"
"KR906751",3.61854194161508,-2.76621380875364,0.490326210127332,-2.92900122943663,-1.39488117305734,-1.11180250748898,0.0612554764117146,-0.0190472917980209,0.921202727323555,-1.66747957214688,0.391400651073997,-0.62613888827163,1.23854191333247,-0.993446846839646,1.00313738707592,-0.297246112864741,-0.525944295242772,-0.329169258716234,-0.779220921186847,0.0177375684267301,0.640204105496361,0.339941538645484,-0.0291669377239213,0.419397542949758,-0.160487422289725,0.121825299506273,0.0797174425092523,0.0549008961197206,-0.311867911480595,-0.436487712849969,-0.184857954455536,0.00463444150471704,-0.0905802203264412,0.464570071260389,-0.00931279268533572,0.198552911254961,0.0670541699084489,0.579082323701685,0.195149745107039,-0.159517084114707,0.0644815067134885,1.67737332860178e-14,3.89014155695961e-15,1.02992400935934e-15,3.55897363670597e-15,1.33514027191255e-16,1.24603112266238e-15,5.03108025541118e-15,1.61543690485661e-16,-1.90978573150469e-15,2.82444157619364e-15,5.84035576850267e-16,3.71737755256084e-16,-1.41562147194205e-16,2.21370377088055e-16,2.01374876082582e-17,-3.73170314018866e-16,-5.84602691399747e-16,-2.50893032279374e-16,"Cosmo AF1b","KR906751"
"KR906752",2.31826921130359,-1.19321299550449,1.27118314085382,0.092880040221836,-0.210176320511333,-1.40544045160721,0.457450057539242,0.552967225223594,-0.343027230559454,-1.12223408009153,1.38743962885361,-0.0396245049990694,1.65670801390744,-0.118891356360139,0.22990947394444,1.49550135685678,-1.41984075029621,1.08235937871024,0.966426154515904,0.89140877993969,0.0580495834799276,0.139547981972111,-0.518539609587147,0.954126938092752,0.0861699178921222,0.3023367163258,-0.580531394794547,1.02272649237657,0.106250467862729,-0.934965971663017,0.312504084233544,0.171513425064563,-0.769928727020915,-0.361042369318361,0.672706001886016,0.0853304386004117,-0.783771306577425,-0.226584407952857,0.322881326983842,0.555073407369261,-0.165610788856033,8.31608897889284e-15,-5.08358298426841e-15,-2.1307421638704e-15,-2.1725527279214e-15,1.85435971536025e-15,-3.36036687428472e-16,1.20167818219238e-15,1.0256309230245e-16,-1.26967276886925e-15,2.68891630463296e-15,6.91588432360829e-16,1.20440502372495e-15,1.14213322502863e-15,8.21588181409162e-17,2.12908633876181e-16,2.86458287721315e-16,1.4788429633146e-16,4.1949974508961e-17,"Cosmo AF1b","KR906752"
"KR906754",3.21708232505922,-3.07778115837552,-0.135728027316095,-0.583942428688582,0.967391086849381,0.386632454194189,-0.128240639083167,1.55112961379517,0.756949198289083,0.632339162195651,0.510278889351364,-1.67202935595652,-0.650705102006629,0.313371508211238,-0.399032165309129,0.396880562391319,0.936185056996537,0.533240486953919,-0.33739294547015,0.156991693770099,-0.393694119846131,0.0513694602603848,0.309284601852712,0.266295010277883,0.180597119130805,0.483468242852933,-0.381063305373689,-0.104754953810182,0.0178442322120065,-0.0622233695444568,-0.481950915519901,0.166533734670016,0.00619881277785467,-0.0805400953380456,-0.0899822233163937,-0.095127880244002,-0.142405076857874,-0.122654176005172,-0.185447181150299,-0.0406094084161433,-0.0365769311836024,9.13684099904507e-15,-4.30517456623818e-15,-3.98558177623379e-15,-5.47242823295347e-16,-9.42147247080089e-16,3.64404802285302e-16,2.56099272775177e-15,-6.72541763132341e-16,-5.24459566762072e-16,2.34461556291784e-15,5.10667582083142e-16,-4.8356126233517e-17,-1.87463413295896e-15,6.32620794750061e-17,-4.03286862896323e-16,1.49556687972023e-17,-2.97029453963738e-16,-2.19328923669698e-16,"Cosmo AF1b","KR906754"
"KR906755",2.91078132199425,-4.03154560275429,1.75290299219567,0.493214215953559,1.65647680842411,0.982529234114592,0.0397226119911894,0.660325922333274,0.20823119369854,0.539183945208203,-1.10992706851447,0.647485233786743,0.49137017563541,-0.39967653654738,-0.0693640274096719,-0.155963513439743,-0.0529169248724246,-0.150789743991304,0.0277065501151086,0.101223893812324,0.0894993448498121,-0.121378045417485,0.0438906555915535,-0.0257119149436422,0.0420107475507788,0.0617148676579247,0.0495127166125438,-0.00773330966579929,-0.00102504590201659,-0.106316863923611,-0.0766199353318176,-0.0228084110132548,-0.0929049472916926,0.0333050241719904,0.0357949948571542,0.124045570710325,0.0439825018201813,0.002190067496295,0.0190700102517734,0.033859901427185,0.0540903399443399,1.16638994226743e-14,-1.21563205552349e-15,-1.28114787718595e-15,4.24202323251665e-16,-2.21890372539902e-15,2.41831739784184e-15,2.64425945459866e-15,5.25726498259639e-17,-7.98545875966408e-16,1.20533592007008e-15,-6.3525888465181e-17,-5.27139805603116e-16,-1.13277890401172e-18,5.28537386191453e-17,-3.69459755114776e-16,-3.88367539367405e-16,-3.6121422257488e-16,-3.34904875256653e-16,"Cosmo AF1b","KR906755"
"KR906756",2.87045609303495,-4.32221376834325,1.69416508866547,0.0752987490444768,1.3097022450921,0.678263383990722,-0.0913263166321139,0.349102534997348,0.350783244701604,0.625280127409292,-0.585031747465397,0.219794237270727,-0.460495036443067,0.384649947223661,-0.332305981222667,-0.236625660565622,0.0345725363434125,0.0265500980579788,0.220423480308101,-0.0269232404258395,0.307545177644658,-0.415399603646697,-0.240920653728061,-0.64821307059084,-0.179656893092137,-0.229226210101276,0.122959784779368,0.0456301154437135,-0.285197325552907,-0.0950964194505216,0.339948580949334,-0.0490107193315909,-0.0562921080912833,-0.0883965200800487,0.0361918727942944,-0.223076422968286,0.101795498725543,0.235952468347304,-0.144275483404341,-0.0427055855755364,-0.143325785610147,1.17471661495212e-14,-2.71942484592106e-16,-2.53014877988925e-15,2.17280358703629e-15,-1.27521415446764e-15,1.0305386170604e-15,2.91921312554098e-15,6.631953133698e-16,-2.85067727077273e-16,9.416579517216e-16,-3.96592795852728e-16,-1.08225131791569e-15,-6.53388805871291e-16,5.28537386191453e-17,-3.13948603883518e-16,-3.32856388136147e-16,-4.72236525037395e-16,-4.45927177719168e-16,"Cosmo AF1b","KR906756"
"KR906757",3.69479651152612,-2.97690555668759,0.40386312014326,-2.33020651996729,-1.05046511341141,-0.797506057638299,-0.026582847595492,-0.127619070647925,0.603813484274976,-1.43299114526136,0.845944052888156,-0.72900702191625,0.988297971517397,-1.05882623222283,1.32028284937352,0.547138440439017,-0.683128610026692,-0.0301977582533686,-0.242559720683671,0.568279720328606,0.204588077768661,0.129418118135566,-0.281965053426293,0.0264076227632266,0.261674313304545,0.433658564648986,0.0298798516957096,-0.109345876745528,-0.125797441581316,-0.437280597832295,-0.550901982874087,-0.273291772173787,0.379399832170122,-0.112466073493938,-0.194517953276382,0.196006841780134,0.253374895901615,0.483011535203944,0.0488502156335131,-0.292801587618126,0.103584304356547,1.52194210515425e-14,1.64887882599758e-15,9.46657282512451e-16,1.15811634595407e-15,4.11069783347544e-16,-4.74814565506617e-16,5.08659140664244e-15,-5.87856851136319e-16,-3.55473497029469e-16,3.37955308850622e-15,4.73013274387752e-16,3.16226604024826e-16,2.26199229712878e-16,4.43414982013086e-16,-3.68440571010547e-16,-5.31030150332755e-16,-8.06647296324778e-16,-2.50893032279374e-16,"Cosmo AF1b","KR906757"
"KR906759",2.46312517581521,-2.49723438314169,0.151453331478939,-1.14670382386694,-2.52083702879803,-1.60357521105708,0.234710273306474,-1.24295723355823,-3.45473755938928,0.939175909751373,-0.524994953246781,0.533570315953789,-0.510411575186416,-0.0759799079948008,0.247663946396119,-0.163193583683801,0.433922859348631,0.041688718782576,0.21593381932688,0.124198686709024,-0.374639974608313,-0.287109607206827,0.288784380086362,-0.262791930250823,-0.10633723108634,-0.351319759847052,-0.302795984255177,0.446328529448206,-0.268778990912554,-0.262020062997118,-0.143363651498377,0.0142430659932982,-0.0483453708533122,0.278398486407787,-0.148808823625252,-0.0924241494197225,-0.143711136063165,-0.220350150301672,-0.084657249950989,0.0872144149575591,0.185523011179275,1.14405537751423e-14,-7.6460395176952e-16,-3.46516473344075e-15,-2.01828833092368e-15,-7.20102642155058e-16,-2.07808585189004e-15,2.59481983553332e-15,7.22175911553011e-16,-3.7874279478002e-16,-5.0033093768412e-16,3.6495081010109e-16,3.95733083616546e-16,3.3711696583949e-15,6.32620794750061e-17,-2.3675340920255e-16,-1.55914593586513e-16,-4.08051756426253e-16,-3.85862377363472e-16,"Cosmo AF1b","KR906759"
"KR906760",2.61617324380814,-4.08969180834453,1.41027022235253,0.0743089404617943,1.19982029124316,0.760862086867831,-0.159696374071108,0.421481607632015,0.379938061247989,0.327885446704471,-0.617213408948868,0.460921781301433,-0.124387970509786,0.305371927820203,-0.418153098735454,0.0101413805680745,-0.122171180030803,-0.0747108819007157,0.0475780894718018,0.0920733854695461,0.142081664686008,-0.164603470809943,-0.304738002185254,-0.204255818170205,-0.138149754225333,-0.176535848639742,-0.388041426070438,-0.0601184009578432,-0.222189484105523,0.033262428515826,0.0744877622395755,0.0517569096738634,-0.0100788472199425,-0.180578476045286,-0.332554005139216,0.182507218231753,0.0857476158107776,0.0709958815278914,-0.164838978933889,0.539481125859486,0.0687882679502609,9.85783544374793e-15,-3.12903204952591e-15,-3.20495621204423e-15,9.79313835564243e-16,-1.94134796924273e-15,1.4191166756792e-15,2.11495195399124e-15,-8.96746752041343e-17,-2.71189939269458e-16,8.58824905743708e-16,3.33725787533508e-16,-2.56522943350734e-16,6.82561601350606e-17,1.15737464623305e-16,-4.07840512020762e-16,-5.53006319798583e-17,-3.63816307788845e-16,-3.91283388225899e-16,"Cosmo AF1b","KR906760"
"KR906762",2.99811357310838,-2.94705955324752,0.260473470722571,-0.681003707087839,0.515280491259922,1.00735751592997,0.0857894572485997,0.316980600658329,0.149124474779422,-0.0767901689545854,-0.668629762255147,-1.4015974673707,-0.77314473555397,-0.108724734748059,0.22320789795828,0.923540463673136,0.743261038139728,0.308835779982969,-1.2507231704344,-0.00835421134291308,-0.706149237333705,-1.05812905672862,-0.289881417270785,0.914076515756953,-0.461923171165704,0.0972164782864853,0.0201210736271875,-0.144490799688831,0.377558959265726,0.0287062273246706,0.00984773627278169,-0.212980866685415,-0.273688838010944,-0.0633972503578772,-0.120961897278313,-0.45024019632565,-0.14367483299335,-0.227536569163913,-0.0201489559352131,-0.265773914150271,0.0591004549190201,1.2883843707155e-14,4.34089970130454e-16,-5.3001261208799e-16,5.90735776945439e-16,-1.94134796924273e-15,8.68490461290132e-17,3.07447087664091e-15,-1.06111982175115e-15,-6.49359657032402e-16,1.03316461507938e-15,-1.04364465239208e-15,-1.01980127278053e-15,-1.40278934749327e-15,-4.36338281606314e-16,-2.08997833586921e-16,-1.94945871795991e-16,-4.08051756426253e-16,1.13737983717849e-16,"Cosmo AF1b","KR906762"
"KR906763",2.36585973754606,-3.86771779956812,-1.71223424605193,-0.181915334411177,0.267863739888123,-0.572606923455534,-0.367866295978073,-0.0968121454011823,0.213820632891768,-0.256563697832862,-0.337798551283605,0.391642607181709,0.311199963736865,0.352165775364263,1.28376543143109,-0.0691449476278558,2.14865706213924,0.0294501541469372,0.868673267132248,-0.0101627285150486,-0.896482545493579,0.55889942171641,-0.0493226755374148,-0.614618365193101,-0.975289193083989,-0.0826575254628338,-0.0350372482348221,0.0653893142687691,0.420313487723832,0.0790989625682178,-0.470517342489777,0.241149677311879,0.168962135275045,0.218826687672793,-0.0130605153478262,-0.338010741519768,-0.299865627399262,-0.00359465847866551,0.0556981644911137,-0.32316301918517,0.132842559693238,1.3633677929646e-14,1.98146331070177e-15,1.97319336374654e-15,-1.49093239422673e-15,2.66607758295167e-15,1.19707207075417e-15,2.81426235524439e-15,1.14544843969135e-15,-1.60167636806943e-16,2.83077181706034e-15,-1.19037039696439e-16,9.64722383736938e-16,6.65001035871082e-16,-7.85515646860979e-17,-3.02347640637923e-16,-2.12293106555759e-16,-8.45258281565789e-17,-4.81272168542196e-16,"Cosmo AF1b","KR906763"
"KR906765",2.23408885432719,-3.50004215912965,-1.6202418062384,0.229182812821425,0.599465162929751,-0.0196438865467667,-0.521022562820246,0.310100275794717,0.796855068224822,0.0135397848730145,-0.648228036388227,0.432269158542864,1.08454051719783,0.431299359604582,1.48185529409753,-0.874762656764739,2.48485303380739,0.182395571253082,0.512872431424588,-0.176868228730467,-1.07578886307206,-0.193676793889128,-0.102743174282041,-0.487005697316184,-0.861629679189673,-0.347798401844065,-0.297558782455821,-0.155704794168291,-0.393102668435527,-0.135831586894296,-0.216583504500629,0.353493601555003,-0.0567867811100055,0.20130093640579,0.108654864131345,-0.523690126733004,-0.313599785445434,-0.0517983067215475,-0.08493518551265,-0.418909561074964,0.232283970099504,1.41402171846312e-14,3.08821688837497e-15,1.48920551394901e-15,-8.52554155067265e-16,2.83261103664544e-15,9.75027465829138e-16,2.02843262062689e-15,9.96262220757347e-16,-8.22832004630083e-16,2.64472272426183e-15,5.50566222030609e-16,-5.13262017795301e-16,7.34389974910154e-16,-1.59649887188014e-16,-1.60859257128565e-16,-5.70353554558351e-17,-2.73610687038051e-16,-4.6977962551385e-16,"Cosmo AF1b","KR906765"
"KR906766",2.30745183501186,-3.82696510795088,-1.53338996067012,0.35743126071172,0.536031607778971,-0.320553222965323,-0.422338693572163,0.363803612577482,0.575260577743291,-0.0794422047771022,-0.112541101419516,0.296648168207588,0.669700137612984,0.392173194240561,1.81315767928668,-0.437858317783153,2.18238407339323,0.299187186506135,1.02237933815658,0.227378267026538,-0.871888062541809,-0.0481630743406198,-0.0921581077854427,-0.0867951396254105,-0.722248717598047,0.0608513264094486,0.0443943967756127,-0.266515756547391,0.613077899728043,0.149928662509223,-0.261662508873609,-0.178696479870204,0.158581252267263,0.0414938445551538,0.079434560863812,-0.324654258756094,-0.246027043820936,0.0073601863022071,-0.0627818274190683,-0.379639352107165,0.232592726354085,1.36891890808772e-14,1.59288525208296e-15,1.97319336374654e-15,-1.43542124299547e-15,2.77709988541419e-15,7.52982860904107e-16,1.69363098976337e-15,1.00667056161321e-15,3.39432724274378e-16,2.76138287802127e-15,-3.4108164462147e-16,-1.73256216503847e-16,1.93156250405391e-16,-3.00596169611129e-16,-4.13369943100439e-16,-3.36165885301483e-17,-1.40036979387837e-16,-3.14738714848422e-16,"Cosmo AF1b","KR906766"
"KR906767",3.18042624082654,-3.86974642238589,0.473561943976719,0.465056266275547,0.473506570669818,0.0444249719413344,-0.000424323005408545,-0.00418138316590698,-0.178284287838545,0.071751385355951,-0.00614056338739271,-0.304190077073104,-0.185321920914072,-0.12297731957306,0.150829028863043,0.29014891091876,0.122645568117959,1.18028798067509,-0.465016121096716,0.33928391372917,-0.689932073540085,-0.741058017329614,-0.539345631286106,0.268085807091787,-0.274895690743526,-0.243704378057051,-0.20162536016233,-0.154916961478087,0.160843897453744,0.185887932104324,-0.27774299328781,-0.720919829325587,0.0322052124995122,-0.0382278194002227,-0.0299819233902941,-0.0553971301935105,-0.0377704171879761,-0.0453252272769138,-0.0556800546244802,0.0610362673505732,0.165351894800342,1.13017758970641e-14,-1.09593613568109e-15,-2.7435197674344e-15,1.89524783088e-15,-2.16339257416776e-15,-6.90307071108596e-16,2.09348475097602e-15,-2.42330341090093e-16,-4.41192839915186e-16,1.35929262856302e-15,-5.99555442542014e-16,-1.17745065272589e-16,-2.37055171636857e-16,-2.14293676681283e-16,-4.58798014127581e-16,-2.50457023027249e-16,-7.411186638138e-16,-2.19328923669698e-16,"Cosmo AF1b","KR906767"
"KR906768",3.21708232505922,-3.07778115837552,-0.135728027316095,-0.583942428688582,0.967391086849381,0.386632454194189,-0.128240639083167,1.55112961379517,0.756949198289083,0.632339162195651,0.510278889351364,-1.67202935595652,-0.650705102006629,0.313371508211238,-0.399032165309129,0.396880562391319,0.936185056996537,0.533240486953919,-0.33739294547015,0.156991693770099,-0.393694119846131,0.0513694602603848,0.309284601852712,0.266295010277883,0.180597119130805,0.483468242852933,-0.381063305373689,-0.104754953810182,0.0178442322120065,-0.0622233695444568,-0.481950915519901,0.166533734670016,0.00619881277785467,-0.0805400953380456,-0.0899822233163937,-0.095127880244002,-0.142405076857874,-0.122654176005172,-0.185447181150299,-0.0406094084161433,-0.0365769311836024,9.13684099904507e-15,-4.30517456623818e-15,-3.98558177623379e-15,-5.47242823295347e-16,-9.42147247080089e-16,3.64404802285302e-16,2.56099272775177e-15,-6.72541763132341e-16,-5.24459566762072e-16,2.34461556291784e-15,5.10667582083142e-16,-4.8356126233517e-17,-1.87463413295896e-15,6.32620794750061e-17,-4.03286862896323e-16,1.49556687972023e-17,-2.97029453963738e-16,-2.19328923669698e-16,"Cosmo AF1b","KR906768"
"KR906770",2.67854133347424,-2.53886432551669,-0.190247671373548,-1.6540349580647,-2.24914372525786,-1.76151991090434,-0.364654315645528,-1.10991677197365,-2.4286415397946,0.550052679371995,-0.359799417720721,-0.462621671007603,-1.17092113497485,0.00378122595655215,-0.300004694711353,-0.684471334713214,0.0512163562522508,0.00397916524479889,-0.0622141584415057,0.170352820422389,0.410130763651264,0.23145354885986,0.274501418886217,0.388572091998093,-0.266525070741505,-0.265322887814605,-0.0054893272871243,-0.23716164401695,0.181515020917746,-0.0317782569121592,0.122442050280894,0.351025793954442,-0.0136035148739199,-0.131674377698113,0.0411858221588985,0.0217111087188598,-0.00567218594604698,0.0639717081971543,-0.024320004545861,-0.0429441342850981,-0.0643825503253137,1.30711938425605e-14,-5.16538494704836e-16,-2.94648241412368e-15,9.23802684332986e-16,-2.21890372539902e-15,-1.41195203711495e-15,3.00941874629178e-15,5.10539647483841e-16,4.92088390160337e-16,3.26628503097536e-17,4.13523067428441e-16,-2.9121741287027e-16,6.82561601350606e-17,3.10460174801701e-16,-1.00794456772868e-16,-5.09638232899163e-17,3.07770738024982e-18,-2.86332617929302e-16,"Cosmo AF1b","KR906770"
"KR906771",2.91078132199425,-4.03154560275429,1.75290299219567,0.493214215953559,1.65647680842411,0.982529234114592,0.0397226119911894,0.660325922333274,0.20823119369854,0.539183945208203,-1.10992706851447,0.647485233786743,0.49137017563541,-0.39967653654738,-0.0693640274096719,-0.155963513439743,-0.0529169248724246,-0.150789743991304,0.0277065501151086,0.101223893812324,0.0894993448498121,-0.121378045417485,0.0438906555915535,-0.0257119149436422,0.0420107475507788,0.0617148676579247,0.0495127166125438,-0.00773330966579929,-0.00102504590201659,-0.106316863923611,-0.0766199353318176,-0.0228084110132548,-0.0929049472916926,0.0333050241719904,0.0357949948571542,0.124045570710325,0.0439825018201813,0.002190067496295,0.0190700102517734,0.033859901427185,0.0540903399443399,1.16638994226743e-14,-1.21563205552349e-15,-1.28114787718595e-15,4.24202323251665e-16,-2.21890372539902e-15,2.41831739784184e-15,2.64425945459866e-15,5.25726498259639e-17,-7.98545875966408e-16,1.20533592007008e-15,-6.3525888465181e-17,-5.27139805603116e-16,-1.13277890401172e-18,5.28537386191453e-17,-3.69459755114776e-16,-3.88367539367405e-16,-3.6121422257488e-16,-3.34904875256653e-16,"Cosmo AF1b","KR906771"
"KR906772",2.61617324380814,-4.08969180834453,1.41027022235253,0.0743089404617943,1.19982029124316,0.760862086867831,-0.159696374071108,0.421481607632015,0.379938061247989,0.327885446704471,-0.617213408948868,0.460921781301433,-0.124387970509786,0.305371927820203,-0.418153098735454,0.0101413805680745,-0.122171180030803,-0.0747108819007157,0.0475780894718018,0.0920733854695461,0.142081664686008,-0.164603470809943,-0.304738002185254,-0.204255818170205,-0.138149754225333,-0.176535848639742,-0.388041426070438,-0.0601184009578432,-0.222189484105523,0.033262428515826,0.0744877622395755,0.0517569096738634,-0.0100788472199425,-0.180578476045286,-0.332554005139216,0.182507218231753,0.0857476158107776,0.0709958815278914,-0.164838978933889,0.539481125859486,0.0687882679502609,9.85783544374793e-15,-3.12903204952591e-15,-3.20495621204423e-15,9.79313835564243e-16,-1.94134796924273e-15,1.4191166756792e-15,2.11495195399124e-15,-8.96746752041343e-17,-2.71189939269458e-16,8.58824905743708e-16,3.33725787533508e-16,-2.56522943350734e-16,6.82561601350606e-17,1.15737464623305e-16,-4.07840512020762e-16,-5.53006319798583e-17,-3.63816307788845e-16,-3.91283388225899e-16,"Cosmo AF1b","KR906772"
"KR906773",2.65397439545307,-3.99212392264627,1.37588881122063,0.248575290114211,1.59881507954679,0.911831127791365,0.24469117344314,0.399475719679274,0.407459664340733,0.842640541837743,-0.692937418872109,0.721981721840403,-0.0866699222237284,0.331381001479648,-1.00107837236092,-0.163767508595403,-0.325860939493262,-0.417554359166817,0.25247585613929,-0.358610794066166,0.329146788667992,0.342169316340588,-0.653006028722624,-0.254206019937981,-0.478931448958806,-0.239543123522034,0.0166279583096409,0.256949990303358,-0.320197333715951,-0.109510145355906,-0.141395675790231,0.325905543931097,-0.0741649799408047,0.231707706136981,-0.169397077159971,0.0108530234630029,-0.180349035180554,0.293801924780552,-0.422098783138063,-0.200891434462368,-0.0812281997416348,1.14696103933649e-14,-1.52788228119931e-15,-3.29342710931904e-15,2.20055916265192e-15,-2.05237027170525e-15,6.41960558441591e-16,3.38585374057874e-15,1.28900482768943e-16,-6.94462467407799e-16,1.75350853847875e-15,2.69541018922366e-16,-4.43873078756229e-16,-5.14610927793147e-16,-6.03369681883414e-17,-1.58148751697351e-16,-3.77959198511544e-16,-2.72743325300063e-16,-6.77512761762072e-16,"Cosmo AF1b","KR906773"
"KR906774",2.97362997780155,-2.5469240878515,-0.487687471667901,-0.872345543378109,-2.33831917669184,-1.75691040256921,0.120581632891186,-0.851466498018769,-2.49942111720979,0.923920899472139,-0.418565294059886,0.00915539931643692,-0.463322766457601,-0.243096915950768,0.118563953343835,-0.0193495622664548,0.127648446023854,-0.0265088292235257,0.431847330274981,-0.104567601629456,-0.499761945669643,-0.107543750008955,0.325608921666127,0.0815841488347006,0.157531701412138,-0.331051128289283,0.00945641915814029,-0.0281585030547191,0.103067734780169,-0.189785705242828,0.0684071489683573,-0.0120221605885585,-0.0672030023223668,-0.00479856166828719,-0.0852718934391942,-0.033593193230316,0.0606813704129474,-0.0302987443135851,0.0326779055248181,-0.0212277687046165,0.0440692007700293,1.26826157839417e-14,-9.60627704554899e-16,-2.01667063100011e-15,-5.19487247679718e-16,-9.97658398311347e-16,-1.91155239819627e-15,2.37624467756024e-15,5.10539647483841e-16,1.03510331541532e-16,2.54707455234785e-16,4.69034218659699e-16,4.30427553136082e-16,9.28679004219557e-16,3.65971326032959e-16,-2.67327910466641e-16,-2.1749727698369e-16,-1.07944595082266e-16,-2.30821466698044e-16,"Cosmo AF1b","KR906774"
"KR906776",2.67854133347424,-2.53886432551669,-0.190247671373548,-1.6540349580647,-2.24914372525786,-1.76151991090434,-0.364654315645528,-1.10991677197365,-2.4286415397946,0.550052679371995,-0.359799417720721,-0.462621671007603,-1.17092113497485,0.00378122595655215,-0.300004694711353,-0.684471334713214,0.0512163562522508,0.00397916524479889,-0.0622141584415057,0.170352820422389,0.410130763651264,0.23145354885986,0.274501418886217,0.388572091998093,-0.266525070741505,-0.265322887814605,-0.0054893272871243,-0.23716164401695,0.181515020917746,-0.0317782569121592,0.122442050280894,0.351025793954442,-0.0136035148739199,-0.131674377698113,0.0411858221588985,0.0217111087188598,-0.00567218594604698,0.0639717081971543,-0.024320004545861,-0.0429441342850981,-0.0643825503253137,1.30711938425605e-14,-5.16538494704836e-16,-2.94648241412368e-15,9.23802684332986e-16,-2.21890372539902e-15,-1.41195203711495e-15,3.00941874629178e-15,5.10539647483841e-16,4.92088390160337e-16,3.26628503097536e-17,4.13523067428441e-16,-2.9121741287027e-16,6.82561601350606e-17,3.10460174801701e-16,-1.00794456772868e-16,-5.09638232899163e-17,3.07770738024982e-18,-2.86332617929302e-16,"Cosmo AF1b","KR906776"
"KR906780",2.70111461564724,-4.37301225375149,1.5795132648254,0.165694657480462,1.74772928124443,1.09796581676614,0.0232347638036776,0.412717331901292,0.412484086354299,0.769765234061433,-0.566958996881079,0.662892036594579,-0.223053000003291,0.401384585668756,-0.668895720244421,-0.0493887731874469,-0.18405813181732,-0.141282595189364,0.216446154900193,-0.0882313379705549,0.173758368221815,-0.0413166270079685,-0.686934066864259,-0.0141638939730749,-0.372669174791797,-0.152732382804416,0.0520813374942986,0.238934624912994,-0.163237440978367,0.110999576271808,-0.0293078007753947,0.195041402012126,0.0331026809468471,0.114493463206637,-0.092294332579437,-0.0203065897107172,-0.038600437099584,0.0269795569276486,0.0416206580330755,0.0510108976939773,0.028558203219921,1.0636943124896e-14,-1.85401029468295e-15,-2.87709347508461e-15,1.45115862102993e-15,-1.94134796924273e-15,1.14156091952291e-15,2.9330909133488e-15,-1.1396080386781e-16,-3.40578878308531e-16,1.33023601034041e-15,2.14029867691108e-16,-5.27139805603116e-16,-4.27661423274551e-17,-1.13679715074628e-16,-2.5843745265226e-16,-3.88367539367405e-16,-3.6121422257488e-16,-5.01438328950426e-16,"Cosmo AF1b","KR906780"
"KR906782",2.91078132199425,-4.03154560275429,1.75290299219567,0.493214215953559,1.65647680842411,0.982529234114592,0.0397226119911894,0.660325922333274,0.20823119369854,0.539183945208203,-1.10992706851447,0.647485233786743,0.49137017563541,-0.39967653654738,-0.0693640274096719,-0.155963513439743,-0.0529169248724246,-0.150789743991304,0.0277065501151086,0.101223893812324,0.0894993448498121,-0.121378045417485,0.0438906555915535,-0.0257119149436422,0.0420107475507788,0.0617148676579247,0.0495127166125438,-0.00773330966579929,-0.00102504590201659,-0.106316863923611,-0.0766199353318176,-0.0228084110132548,-0.0929049472916926,0.0333050241719904,0.0357949948571542,0.124045570710325,0.0439825018201813,0.002190067496295,0.0190700102517734,0.033859901427185,0.0540903399443399,1.16638994226743e-14,-1.21563205552349e-15,-1.28114787718595e-15,4.24202323251665e-16,-2.21890372539902e-15,2.41831739784184e-15,2.64425945459866e-15,5.25726498259639e-17,-7.98545875966408e-16,1.20533592007008e-15,-6.3525888465181e-17,-5.27139805603116e-16,-1.13277890401172e-18,5.28537386191453e-17,-3.69459755114776e-16,-3.88367539367405e-16,-3.6121422257488e-16,-3.34904875256653e-16,"Cosmo AF1b","KR906782"
"KR906784",2.5849485593363,-2.33834795996811,0.0533105243010446,-1.97481347660272,-2.14042145144687,-1.6777044321413,-0.479483675016789,-1.01935025098288,-2.45976413436532,0.403979050553505,-0.328415201085125,-0.633021352934636,-1.37671452315467,0.0223465798409991,-0.300338758218325,-1.19889741684507,0.0551223370755992,-0.106595901195772,-0.382007708247058,0.271674625184942,0.859571713524435,0.346117011581815,0.395835488400859,0.553473624033134,-0.475228356031879,-0.157448491560356,0.0625421010471531,-0.248794930563613,0.376975737745476,-0.0530626131860993,0.0523080425364134,0.44484529025734,-0.0847147375720663,-0.0914423539363641,0.066443974143632,0.105535456881033,-0.0941874868726196,0.00257033269467382,-0.00771290095872734,0.0318380603676838,0.00534676394212952,1.30156826913292e-14,-2.11227162932918e-16,-2.97423798973931e-15,8.40535957486099e-16,-2.38543717909279e-15,-6.90307071108596e-16,3.01982708714764e-15,5.10539647483841e-16,2.70043785235305e-16,-1.61626178999649e-16,2.46989613734667e-16,-4.02239715332786e-16,1.93156250405391e-16,1.99437872339185e-16,-1.00794456772868e-16,4.5473279413415e-18,1.14100009842765e-16,-2.86332617929302e-16,"Cosmo AF1b","KR906784"
"KR906789",2.67854133347424,-2.53886432551669,-0.190247671373548,-1.6540349580647,-2.24914372525786,-1.76151991090434,-0.364654315645528,-1.10991677197365,-2.4286415397946,0.550052679371995,-0.359799417720721,-0.462621671007603,-1.17092113497485,0.00378122595655215,-0.300004694711353,-0.684471334713214,0.0512163562522508,0.00397916524479889,-0.0622141584415057,0.170352820422389,0.410130763651264,0.23145354885986,0.274501418886217,0.388572091998093,-0.266525070741505,-0.265322887814605,-0.0054893272871243,-0.23716164401695,0.181515020917746,-0.0317782569121592,0.122442050280894,0.351025793954442,-0.0136035148739199,-0.131674377698113,0.0411858221588985,0.0217111087188598,-0.00567218594604698,0.0639717081971543,-0.024320004545861,-0.0429441342850981,-0.0643825503253137,1.30711938425605e-14,-5.16538494704836e-16,-2.94648241412368e-15,9.23802684332986e-16,-2.21890372539902e-15,-1.41195203711495e-15,3.00941874629178e-15,5.10539647483841e-16,4.92088390160337e-16,3.26628503097536e-17,4.13523067428441e-16,-2.9121741287027e-16,6.82561601350606e-17,3.10460174801701e-16,-1.00794456772868e-16,-5.09638232899163e-17,3.07770738024982e-18,-2.86332617929302e-16,"Cosmo AF1b","KR906789"
"KR906790",2.47183947849718,-3.28285283090975,-1.53345993148085,-2.31078173266225,-1.90224712453635,-2.0174997425817,-0.699720027181806,-0.679530907053766,-0.270468573503494,0.694081486687191,-0.48083209420379,0.171918038846068,1.68655893615126,0.231144145753933,-0.48880562511114,1.30656056596098,0.446648872327681,0.846307611319252,-0.280599733325936,-1.43626794396794,0.316334792130765,-0.570070128814944,0.722292436518279,-0.14929688950022,0.618799512588743,0.518095699274419,-0.0129143056158568,0.175754710053982,-0.329310279286327,0.0901287524889482,-0.318164025443172,0.105871841171893,0.384133596443139,0.179654398441842,-0.0842312320842204,0.11725474367508,-0.218625025931786,0.11607300212672,0.0927365122385305,-0.0968039577560393,0.016467660641084,1.11927486594331e-14,-3.1109876432528e-15,-8.300317817257e-15,3.73811993528167e-15,1.36946306047048e-17,4.39823717440596e-16,6.44306502155897e-16,-1.41150736857555e-15,-1.29976851908062e-16,6.57465031380035e-16,1.12933131188701e-15,-3.7877662047641e-16,2.39976649283935e-16,3.95170777261962e-16,-3.71533960491275e-16,-1.38077015679461e-16,-5.11280092200573e-16,-4.96750218400151e-16,"Cosmo AF1b","KR906790"
"KR906792",2.6715620990192,-4.54158591964996,1.54648518863569,0.149318336896526,1.51549452581014,0.616779668513229,0.276682092227318,0.239184806978974,0.917374482412117,1.06189822721167,-1.48103743592185,0.588099849459703,-0.202672706340484,-0.00292191907809567,-0.302338226614599,-0.0554206931292031,-0.0373278136838121,0.0468033496888288,-0.977537447903778,0.0120974121784154,0.214458143050201,-0.0353495712996015,-0.254472523954359,-0.39856452493464,0.151240109835814,-0.11197239677559,-0.420695130544854,-0.241485821938973,-0.188117560541167,0.124163785983495,-0.0573183006325672,-0.0727260331307219,0.00508238288261523,-0.0822336733840581,0.192273431460826,-0.0321026909397623,-0.19481204052295,0.066011147288128,0.185560421535114,-0.0275064870653559,0.014789935758755,1.21634997837556e-14,-7.81951186529288e-16,-3.97343871190195e-15,2.97771527988953e-15,-2.94054869140537e-15,2.58485085153562e-15,2.63471847548079e-15,-6.20500058853037e-16,-6.87523573503892e-16,9.83291315145044e-16,-1.00721545939656e-15,-1.02674016668444e-15,-7.22777744910364e-16,1.63876041081661e-16,-3.97215330730405e-16,-3.90102262843382e-16,-6.94281129962427e-16,-3.34904875256653e-16,"Cosmo AF1b","KR906792"
"KT336432",3.32710958574726,-2.05509074875881,-0.23908142389012,-0.795059473764452,-0.336383041188211,-1.45678546602104,-1.29778727578246,0.89256906839957,2.68594229653315,0.0255674633053666,1.97270460451309,-0.882286781912346,0.966911480428857,0.143394812235368,-0.339686139010904,0.290755631867257,0.0985074608945094,-0.630655878557819,-0.405991701387372,0.979523483792668,-0.651712566117342,0.150944000828131,0.533642259543065,-0.00309494938759076,0.0920793203093653,-0.640848094467915,0.448377619403543,-0.0767391940674993,-0.0158586049670151,0.0449332725857806,0.406558110612569,0.165524865882118,0.0751020087886528,-0.245321787600914,-0.145881830149344,0.0709585009766162,0.0152412722562084,0.0124316444684783,0.0567836761399673,-0.00625136721636472,-0.0328561930606914,1.47627550964916e-14,9.36992297843693e-17,3.21741031256609e-15,1.65771670703539e-15,1.43802608112581e-15,-2.80525536197214e-16,2.91666917862995e-15,8.05126100073057e-16,-1.35293949571613e-15,3.25248459389092e-15,-1.45079506047053e-15,6.35415723604559e-16,-3.07671426854696e-15,2.85555145699197e-16,-5.24498478396464e-17,-1.62509588366376e-17,-2.06432973636803e-16,-1.3976230959961e-16,"Cosmo AF1b","KT336432"
"KT336433",3.38915401104901,-1.64679128219598,-0.23986574703312,-0.758656309558534,-0.514505492106833,-0.840556087561585,0.524590770439623,-0.457143200261825,1.1969700712651,-0.735798475091044,0.132378671064463,-0.372501354727245,1.77127687989978,-0.901959250462913,1.69944018259074,1.06256881527511,-0.341791594213574,0.00537956151539897,0.165080817669382,-0.99506013250711,0.709710639048044,-0.468269082312333,-0.428238937861974,-0.0254508378653063,0.467364092814405,0.898952464497591,-0.867391125170319,0.63964930517843,0.551311836102305,0.565518660375854,1.0231621321894,-0.120339445201448,-0.106915759003882,0.246196557436715,-0.139020544413201,-0.171437150826574,-0.187946699456599,-0.138630246507466,0.50845234475667,-0.271158431568675,-0.0443315541712119,1.2565294133298e-14,-1.09371898952176e-15,-6.90921678809655e-16,9.08316165413412e-16,2.04864874466965e-15,8.57453064043571e-16,6.92645262210435e-16,-1.77961187913239e-15,-4.69965246443939e-16,2.12598542676063e-16,-8.14151544787039e-16,-4.53990619308876e-16,4.89877198061353e-16,3.61886460275308e-17,-2.75307604394042e-16,-4.03094293979466e-16,-4.09829301195083e-16,1.1155575398253e-16,"Cosmo AF1b","KT336433"
"KT336434",3.00368102451279,-3.83632206308733,0.342537010415709,-1.49943164749855,-1.05643272315706,-1.09268370856676,-0.383478591341005,-0.421563867427011,1.95885099819126,-0.761615472399749,-0.931459704925725,-0.868361010488316,0.380561216078544,1.37253472338226,2.27143293222208,-0.377391368718992,0.195110461661619,-2.34686868893325,-1.63450305232045,-0.711336352243392,-0.0214083610463641,1.34867508861959,-0.0227739433914667,0.249611115611996,0.379004490528048,0.876896408127169,-0.0037272323690393,0.0866728546380945,-0.051764072603141,0.216048567497984,-0.150885502212731,0.19791952898951,0.104516999499942,0.110164531968965,-0.369876530023473,-0.448971282166636,0.531377320178532,-0.0838527493450835,-0.107541867140775,0.100193992550247,0.0388495532423771,1.6229030114561e-14,6.82637849878495e-16,1.91810242905946e-15,-1.70070794245571e-15,1.46578165674144e-15,2.66156547905945e-15,4.04413101779763e-15,-1.39103382051358e-15,-1.05283233437215e-15,7.12198903757383e-16,2.96071479838117e-16,4.56097417724443e-17,-3.98301221638772e-16,4.22601781934497e-17,-4.61898798278797e-16,-4.25645699167164e-16,1.12322465073936e-16,-3.93651884274519e-17,"Cosmo AF1b","KT336434"
"KT336435",3.26338415082693,-2.4793145766969,1.0111709913471,-0.701117600447601,-0.30527793675275,-1.13290265223176,0.447953463776556,-0.161496296599407,0.49682023621579,-1.64646430021025,0.802335447670993,0.876814912676514,-0.266648821874496,-0.446664630884129,2.49710486388848,-0.611507916193736,-0.790772794450268,-0.793886257763271,-0.868826043533131,-0.552971195332708,-0.735377635499936,0.277493107053657,-0.5805885403085,-0.212662345409163,-0.0682377729341295,-0.474915048742515,-0.0890697160904924,-0.015333524975396,1.41282097526559,-0.11012019510168,-0.117494128117634,0.199521298296032,-0.215704841872631,-0.151137328685181,0.58328791460342,0.0274714343971165,-0.0491174546395766,0.0461809249239598,-0.27163381242347,0.231679041679759,-0.398253117633624,1.2851642369846e-14,1.80235729501619e-15,1.2117129799429e-15,-1.23860232783428e-15,1.51793759534332e-15,3.6421541496666e-15,3.4014329381859e-15,8.6580852045999e-17,-5.76466457530221e-16,1.23934319361978e-15,-2.55530597982678e-16,7.18327383539322e-17,1.26194664808062e-15,1.71026191571104e-16,-5.16904423994515e-16,-8.16053410884783e-16,2.79705037120243e-16,7.31090892690215e-17,"Cosmo AF1b","KT336435"
"KT336436",3.3553503603449,-1.59231425787587,-0.698630487317239,-1.7100782776693,1.50886877762245,-1.83471339546209,-0.886349825096224,1.00329421625169,3.27532853650028,0.562390376662175,1.56296791126512,-1.49363376617096,1.10977241729734,0.515310449930854,-0.252194186018428,0.326950996359643,-1.90318210007292,0.134690751245676,0.431436633836734,0.559732214594064,-0.726967995750191,-1.01172023053255,0.335597601725428,0.25837653772382,0.0710858189479211,-0.385377793369497,0.291510667031404,-0.417069356851541,0.189736714950412,-0.375088888553837,0.019706840071298,0.461237685812292,-0.455435871975886,-0.105827662069684,0.61110497574266,0.113889911763257,0.234460556175281,-0.42969648014013,-0.490759352203295,0.156038843169194,-0.206632908842576,1.1768524399533e-14,-2.2152622753461e-15,9.44565564642467e-16,1.8145109898849e-15,3.5220341948691e-16,-5.21182192677739e-16,1.03201751043608e-15,-1.07708177263403e-16,-1.37790870343151e-15,3.50706045759046e-15,-8.34928238958932e-16,1.01552230928532e-15,-5.17734689474529e-15,4.16489563421822e-16,-4.82426794909476e-16,-1.117556796382e-16,2.90980739714092e-16,-2.19408656867568e-16,"Cosmo AF1b","KT336436"
"KT336437",2.95483508152156,-2.17780706064957,0.793738195793026,-0.295596456343863,-0.38887466100687,-1.09525096445371,0.281161689813386,-0.717015953995366,-0.460628249750881,-1.62324704414778,0.538955506087929,1.62778911211518,-0.451394937607734,-0.397254336730628,2.63474785969933,-0.875682118779222,-0.754794523392008,-0.879913243747705,-1.20781121045536,-0.904256791258376,-0.656772043914011,0.528924205386725,-0.730544117812026,-0.598283714432773,-0.236106920282763,-0.207307273950756,-0.257524440571361,0.277451353802407,1.1932741672421,-0.0478994373368704,0.102565454992443,0.317770547087912,-0.502543606774245,-0.0851144324501628,0.546267830453364,0.204912567314253,-0.222327886757111,0.424076927910697,-0.756647343768612,0.0131188263865335,-0.458324090235415,1.2629597764921e-14,2.05215747555685e-15,-2.03568936708569e-15,-7.39001966752959e-16,1.018337234262e-15,3.19806493981654e-15,3.13081607593352e-15,2.80869881355401e-16,-1.5201560284616e-15,6.28720530075944e-16,2.20251581736109e-17,-3.7225647149613e-16,2.28890294585889e-15,1.64087297667197e-16,-3.35625820754939e-16,-8.1778813436076e-16,1.6174384075382e-16,-1.35057727848195e-16,"Cosmo AF1b","KT336437"
"KX148203",3.43295949644009,-2.66776271300141,-0.877029238917623,-1.47306642188683,0.255716360673464,-2.34929490815083,-0.740641497491727,0.818453745618638,2.52388694555228,-0.677745661950822,1.1678674018632,-1.04479129789734,0.37578759355285,0.981961584679711,-0.335459821182794,0.523520454035884,-0.329774833448301,-0.0353427236919676,0.115961872363269,0.343306098313386,0.430763417897277,-0.532188598233401,0.300594589637233,0.321783643475822,0.427561188955179,-0.75439426321126,-0.106988459076274,-0.308823362182507,-0.198878252710451,0.4008729608188,0.417078219961811,0.308696019041067,0.25956529584595,0.741243065235136,0.225039395844268,-0.213457442406748,-0.189648278969,0.275303634013219,-0.298039203178289,0.386051507256774,-0.0336586655262361,1.46517327940291e-14,-2.59859160493164e-15,-6.12859122390699e-16,3.71162930259193e-15,-5.26385088688979e-18,6.07652883502911e-16,1.50113482223288e-15,9.7165955376683e-16,2.152505265669e-16,2.30879502295954e-15,-1.11078925917907e-15,-6.13585179098742e-16,-4.88776557746675e-15,-1.03022912919608e-16,-2.46738877149049e-16,1.39874154001275e-16,-4.28477578561834e-16,-2.50784612062125e-16,"Cosmo AF1b","KX148203"
"KX148204",3.03890565763202,-2.79436350770597,-0.490668639642204,-1.38100820073025,-0.294644347811045,-1.81916618202249,0.652406372616703,-0.0752665458540804,0.506553550960584,0.0181691140988766,1.57187392650178,0.590796424277333,0.687588152259596,-0.20941724272237,-0.0282814260476734,0.440508793541044,-0.716236008064001,0.511616201308601,-0.0725522838010569,-0.93510715095277,-0.167477561548482,-0.515801574786121,-0.263361228413276,0.560041879782006,-0.288681257906987,-0.295470205719143,0.513249509422513,-0.244577347288876,0.175231771545094,0.802226680563011,0.454952123789638,-0.0996762287813455,-0.181522515675566,0.195604325696492,0.115302237973259,-0.168179982172656,0.00818442106930698,0.0158951975722166,0.0548987762093958,0.178777262301933,0.125857402252508,1.19460271567581e-14,-1.35382798847949e-15,-3.72898800198601e-15,3.33672565386841e-15,6.0366420903233e-16,-5.19892467074791e-16,6.72863738899627e-16,1.5870426149605e-16,-1.71081358281037e-16,4.90182001006355e-16,-3.60212897586698e-16,-2.12075584019696e-16,-6.37534819893855e-16,-2.16621099749192e-16,-2.28551695205056e-16,-3.05514595343988e-16,5.34930304838466e-17,-1.64131178367559e-16,"Cosmo AF1b","KX148204"
"KX148205",3.59475055343674,-3.33445067988265,0.141736538193109,-0.860190025284532,-0.0178297188239143,-0.677574451120632,-0.151955054035312,-0.972564431943325,-0.846848422068121,0.426857844099247,0.752703370719651,0.43807338997839,0.0992855543383394,0.112933328902156,0.687865321322645,0.224719604141397,1.4068160046096,0.259811302360452,0.771039520440275,1.49595649588451,-0.586354089150659,0.445712667762001,-0.337405446973418,-0.951712859162325,-0.266220666351762,-0.0204992779923201,0.60005700642883,-0.0579062742540514,-0.00636655847319342,0.221460826874241,-0.140331665290378,-0.398730802946379,0.158552562483141,0.0290465372040387,-0.146129427308022,0.00577713309927126,-0.501960521576684,-0.0770075741374642,-0.198626381296462,0.3844046437899,-0.300104996243508,9.43326187300261e-15,-1.35961410402956e-15,-2.29943055758433e-15,-2.04604390653931e-15,2.72158873418293e-15,8.68490461290132e-17,3.67208311411492e-15,1.53749594526211e-15,1.62490929724743e-16,2.81342458230058e-15,-1.45477411619858e-15,4.16549765328267e-16,1.88624636295875e-15,-8.98272672799471e-17,-5.84023365049657e-16,-3.22448047280287e-16,-4.76573333727337e-16,-9.51165390097414e-16,"Cosmo AF1b","KX148205"
"KX148206",3.02373372538342,-1.97734973479319,-0.652402147909611,-0.684507342970829,-2.64711100065596,-0.401354896934474,-0.733287810457916,0.955897849751172,-1.33919490519519,-0.510036893473433,-0.775241407807301,-0.272752869231407,-0.114641502328483,-0.802022061049829,-0.485401858748817,-0.341868061236174,1.38633962685743,-0.286167915304664,0.7976453476965,-0.148822103950407,0.30569260205502,0.337500274629326,-0.820190808462761,-0.266137663449121,0.752608025919228,0.0382798564022898,0.33030134643116,0.468938663394993,-0.363126504866233,-0.234284081060956,-0.184001692788107,-0.92727391882239,0.25460875878678,-0.547187306906861,0.816467278282617,-0.180408677431952,0.253870289648293,0.205587663503535,0.349785618294073,-0.0414297169115658,-0.315935419827773,1.40703945647231e-14,-9.67566598458806e-16,-1.9056483285376e-15,2.58913722127072e-15,2.79098080007583e-16,1.47462782691046e-15,2.37450995408427e-15,-2.93850140529393e-18,1.71333371724801e-15,9.20841270009879e-16,1.29476259322466e-15,-1.24683959176497e-16,-4.17466413138445e-16,6.43527082189248e-16,-5.4488366662293e-16,-1.07342336259163e-16,-5.52033804932328e-16,-6.74910676548107e-16,"Cosmo AF1b","KX148206"
"KX148208",2.67181401279191,-2.52416701776177,-0.057565978669295,-1.4200627474863,-1.28309737324942,-0.62181073376638,0.153625648622384,0.254967898653058,0.117172569801142,-0.985059771324864,1.35334020652674,-0.156715883557998,-0.917855185915679,-0.474300920147526,-0.501527704452858,-0.738851866911359,-0.105028403515323,1.50902839859724,-0.323150546713404,-1.64565366153298,1.44502225172534,-1.23387029909051,-0.0884799196193292,-0.376513536553157,0.613377630017772,0.184465288288629,1.23804128510574,-0.268270027202818,-0.752677366066728,-0.189374677240305,0.118133603277764,-0.283586062726055,-0.601867472026467,-0.394626845224953,0.011803918131355,-1.26974109040191,0.385668874095099,0.555462739171013,0.406640148904243,0.187785826331147,-0.256977393897665,1.17708452578024e-14,8.43314520236333e-16,-7.0738683197414e-15,5.13977650387093e-15,3.31660812886455e-15,-4.26549240946706e-18,8.4379970189323e-16,1.09690277768691e-15,1.37749784871578e-15,7.39474221483366e-17,8.43101938350836e-16,-8.02049148614751e-16,-5.09423892338046e-16,6.10196677019295e-17,-1.27714616158215e-17,-4.3211264485753e-16,-7.10940101714578e-17,-1.12444855611425e-17,"Cosmo AF1b","KX148208"
"KY210222",2.86948744558733,-3.62221669258398,0.762876762477541,-0.350119103836717,1.75186921824358,0.646828231474601,0.00384634246816559,0.962145927102889,0.497932983979414,0.775201543764278,-0.649055908425234,-0.0941334990891381,-0.671893391387787,0.310302197236279,-0.777299086904457,0.428052891976498,0.0924977495149116,0.299421587497818,0.0125160130264105,-0.826584470297477,-0.647557710280555,0.46534788078232,0.0139378288740653,0.299825593458778,-0.317321909576705,0.536780990437888,0.524155592829565,0.363018675268115,0.68869702911901,0.878892257072068,0.366046023855904,0.0198025939293803,-0.0530219400233944,-0.352286991830974,0.232930458241027,-0.0314537434918587,0.158045701127479,-0.0809439380517122,-0.17580909385758,-0.0569604133306524,-0.319224855951805,1.07965376846859e-14,-3.91312706066742e-15,-3.85721223901151e-15,2.00627013334251e-15,-2.16339257416776e-15,2.0852504904543e-15,1.46226224615496e-15,-1.97227530714696e-16,2.24940974859908e-16,-1.59457774654678e-16,6.87609376632776e-16,-1.55409610338139e-15,-1.88851192076678e-15,-1.16715481157588e-16,-5.11707080144874e-16,-3.0943762121046e-16,2.44204270541026e-16,-2.89585224446759e-16,"Cosmo AF1b","KY210222"
"KY210223",2.97362997780155,-2.5469240878515,-0.487687471667901,-0.872345543378109,-2.33831917669184,-1.75691040256921,0.120581632891186,-0.851466498018769,-2.49942111720979,0.923920899472139,-0.418565294059886,0.00915539931643692,-0.463322766457601,-0.243096915950768,0.118563953343835,-0.0193495622664548,0.127648446023854,-0.0265088292235257,0.431847330274981,-0.104567601629456,-0.499761945669643,-0.107543750008955,0.325608921666127,0.0815841488347006,0.157531701412138,-0.331051128289283,0.00945641915814029,-0.0281585030547191,0.103067734780169,-0.189785705242828,0.0684071489683573,-0.0120221605885585,-0.0672030023223668,-0.00479856166828719,-0.0852718934391942,-0.033593193230316,0.0606813704129474,-0.0302987443135851,0.0326779055248181,-0.0212277687046165,0.0440692007700293,1.26826157839417e-14,-9.60627704554899e-16,-2.01667063100011e-15,-5.19487247679718e-16,-9.97658398311347e-16,-1.91155239819627e-15,2.37624467756024e-15,5.10539647483841e-16,1.03510331541532e-16,2.54707455234785e-16,4.69034218659699e-16,4.30427553136082e-16,9.28679004219557e-16,3.65971326032959e-16,-2.67327910466641e-16,-2.1749727698369e-16,-1.07944595082266e-16,-2.30821466698044e-16,"Cosmo AF1b","KY210223"
"KY210224",2.63812703751067,-4.39284866546688,1.63579744367353,0.45209484243129,1.52611502268838,0.632401783795262,0.199353711556488,0.222285641604407,0.609680278515468,1.05215844575876,-1.29818665702161,0.530089281633201,-0.440568123648618,0.0186784947311396,-0.370099678103787,0.123454767114317,-0.338823543117597,-0.00152757474257566,-0.651603570317775,0.282792880964514,0.340440924740461,0.107459771646328,0.030995473648903,-0.301541246518526,0.151927530693046,-0.272770891483807,-0.298150862802876,-0.198216433974368,-0.0684346606702202,0.129142627002703,-0.0317337593739102,-0.126947428957273,0.0156818686430117,-0.0282176308326696,0.111650370357153,0.0224140363348722,-0.0132821643724416,-0.0836896995412195,0.142876280728678,-0.0427199073671163,-0.0476794248179919,1.26075889936057e-14,-1.00399579145432e-15,-2.28034859934859e-15,1.53442534787682e-15,-3.38463790125543e-15,2.02973933922304e-15,2.69716852061595e-15,-4.26211029543635e-16,-4.9323454419449e-16,6.50224407757497e-16,-1.2292600643216e-15,-8.60206712990663e-16,-9.44822349835395e-16,1.08364889850403e-16,-4.52726481961662e-16,-4.4561341407464e-16,-5.83258827499911e-16,-3.34904875256653e-16,"Cosmo AF1b","KY210224"
"KY210226",2.67682046446503,-4.23220018073833,1.50759579958941,0.321697228986901,1.72674725856742,0.450777530518437,-0.195725538701555,0.387514524215627,0.49348326119438,0.74160537235727,-1.16877967028328,0.632337472903365,-0.180897729421322,-0.186503419411804,-0.541274406801205,0.234616965302402,-0.147316725605152,-0.099041468935113,-0.426066599099817,0.360788287571894,0.459199310462829,-0.160435812388313,-0.183443052071689,-0.366899043960549,-0.0359591679112374,-0.24148763515955,-0.0606634885526842,-0.0293389841016964,-0.0654649844140205,0.102784831482476,0.0956533281164971,-0.107850590049283,0.0963955316453736,0.0090596914074163,0.0626682132125673,-0.0544681293380382,-0.0134072270803536,-0.0278624302739588,0.0666194624424027,0.00160639440570675,-0.019232283738578,1.22745220862181e-14,-7.81951186529288e-16,-2.1970818725017e-15,1.75646995280185e-15,-2.82952638894286e-15,2.25178394414807e-15,2.58614621815344e-15,4.0003924986133e-18,-2.98945514885087e-16,8.1675786145127e-16,-1.50681582047788e-15,-6.38162108065631e-16,-6.67266593679106e-16,-2.65741261211254e-18,-3.97215330730405e-16,-3.90102262843382e-16,-5.83258827499911e-16,-3.90416026487911e-16,"Cosmo AF1b","KY210226"
"KY210227",2.67854133347424,-2.53886432551669,-0.190247671373548,-1.6540349580647,-2.24914372525786,-1.76151991090434,-0.364654315645528,-1.10991677197365,-2.4286415397946,0.550052679371995,-0.359799417720721,-0.462621671007603,-1.17092113497485,0.00378122595655215,-0.300004694711353,-0.684471334713214,0.0512163562522508,0.00397916524479889,-0.0622141584415057,0.170352820422389,0.410130763651264,0.23145354885986,0.274501418886217,0.388572091998093,-0.266525070741505,-0.265322887814605,-0.0054893272871243,-0.23716164401695,0.181515020917746,-0.0317782569121592,0.122442050280894,0.351025793954442,-0.0136035148739199,-0.131674377698113,0.0411858221588985,0.0217111087188598,-0.00567218594604698,0.0639717081971543,-0.024320004545861,-0.0429441342850981,-0.0643825503253137,1.30711938425605e-14,-5.16538494704836e-16,-2.94648241412368e-15,9.23802684332986e-16,-2.21890372539902e-15,-1.41195203711495e-15,3.00941874629178e-15,5.10539647483841e-16,4.92088390160337e-16,3.26628503097536e-17,4.13523067428441e-16,-2.9121741287027e-16,6.82561601350606e-17,3.10460174801701e-16,-1.00794456772868e-16,-5.09638232899163e-17,3.07770738024982e-18,-2.86332617929302e-16,"Cosmo AF1b","KY210227"
"KY210229",2.91078132199425,-4.03154560275429,1.75290299219567,0.493214215953559,1.65647680842411,0.982529234114592,0.0397226119911894,0.660325922333274,0.20823119369854,0.539183945208203,-1.10992706851447,0.647485233786743,0.49137017563541,-0.39967653654738,-0.0693640274096719,-0.155963513439743,-0.0529169248724246,-0.150789743991304,0.0277065501151086,0.101223893812324,0.0894993448498121,-0.121378045417485,0.0438906555915535,-0.0257119149436422,0.0420107475507788,0.0617148676579247,0.0495127166125438,-0.00773330966579929,-0.00102504590201659,-0.106316863923611,-0.0766199353318176,-0.0228084110132548,-0.0929049472916926,0.0333050241719904,0.0357949948571542,0.124045570710325,0.0439825018201813,0.002190067496295,0.0190700102517734,0.033859901427185,0.0540903399443399,1.16638994226743e-14,-1.21563205552349e-15,-1.28114787718595e-15,4.24202323251665e-16,-2.21890372539902e-15,2.41831739784184e-15,2.64425945459866e-15,5.25726498259639e-17,-7.98545875966408e-16,1.20533592007008e-15,-6.3525888465181e-17,-5.27139805603116e-16,-1.13277890401172e-18,5.28537386191453e-17,-3.69459755114776e-16,-3.88367539367405e-16,-3.6121422257488e-16,-3.34904875256653e-16,"Cosmo AF1b","KY210229"
"KY210231",2.91078132199425,-4.03154560275429,1.75290299219567,0.493214215953559,1.65647680842411,0.982529234114592,0.0397226119911894,0.660325922333274,0.20823119369854,0.539183945208203,-1.10992706851447,0.647485233786743,0.49137017563541,-0.39967653654738,-0.0693640274096719,-0.155963513439743,-0.0529169248724246,-0.150789743991304,0.0277065501151086,0.101223893812324,0.0894993448498121,-0.121378045417485,0.0438906555915535,-0.0257119149436422,0.0420107475507788,0.0617148676579247,0.0495127166125438,-0.00773330966579929,-0.00102504590201659,-0.106316863923611,-0.0766199353318176,-0.0228084110132548,-0.0929049472916926,0.0333050241719904,0.0357949948571542,0.124045570710325,0.0439825018201813,0.002190067496295,0.0190700102517734,0.033859901427185,0.0540903399443399,1.16638994226743e-14,-1.21563205552349e-15,-1.28114787718595e-15,4.24202323251665e-16,-2.21890372539902e-15,2.41831739784184e-15,2.64425945459866e-15,5.25726498259639e-17,-7.98545875966408e-16,1.20533592007008e-15,-6.3525888465181e-17,-5.27139805603116e-16,-1.13277890401172e-18,5.28537386191453e-17,-3.69459755114776e-16,-3.88367539367405e-16,-3.6121422257488e-16,-3.34904875256653e-16,"Cosmo AF1b","KY210231"
"KY210232",2.91078132199425,-4.03154560275429,1.75290299219567,0.493214215953559,1.65647680842411,0.982529234114592,0.0397226119911894,0.660325922333274,0.20823119369854,0.539183945208203,-1.10992706851447,0.647485233786743,0.49137017563541,-0.39967653654738,-0.0693640274096719,-0.155963513439743,-0.0529169248724246,-0.150789743991304,0.0277065501151086,0.101223893812324,0.0894993448498121,-0.121378045417485,0.0438906555915535,-0.0257119149436422,0.0420107475507788,0.0617148676579247,0.0495127166125438,-0.00773330966579929,-0.00102504590201659,-0.106316863923611,-0.0766199353318176,-0.0228084110132548,-0.0929049472916926,0.0333050241719904,0.0357949948571542,0.124045570710325,0.0439825018201813,0.002190067496295,0.0190700102517734,0.033859901427185,0.0540903399443399,1.16638994226743e-14,-1.21563205552349e-15,-1.28114787718595e-15,4.24202323251665e-16,-2.21890372539902e-15,2.41831739784184e-15,2.64425945459866e-15,5.25726498259639e-17,-7.98545875966408e-16,1.20533592007008e-15,-6.3525888465181e-17,-5.27139805603116e-16,-1.13277890401172e-18,5.28537386191453e-17,-3.69459755114776e-16,-3.88367539367405e-16,-3.6121422257488e-16,-3.34904875256653e-16,"Cosmo AF1b","KY210232"
"KY210234",2.91078132199425,-4.03154560275429,1.75290299219567,0.493214215953559,1.65647680842411,0.982529234114592,0.0397226119911894,0.660325922333274,0.20823119369854,0.539183945208203,-1.10992706851447,0.647485233786743,0.49137017563541,-0.39967653654738,-0.0693640274096719,-0.155963513439743,-0.0529169248724246,-0.150789743991304,0.0277065501151086,0.101223893812324,0.0894993448498121,-0.121378045417485,0.0438906555915535,-0.0257119149436422,0.0420107475507788,0.0617148676579247,0.0495127166125438,-0.00773330966579929,-0.00102504590201659,-0.106316863923611,-0.0766199353318176,-0.0228084110132548,-0.0929049472916926,0.0333050241719904,0.0357949948571542,0.124045570710325,0.0439825018201813,0.002190067496295,0.0190700102517734,0.033859901427185,0.0540903399443399,1.16638994226743e-14,-1.21563205552349e-15,-1.28114787718595e-15,4.24202323251665e-16,-2.21890372539902e-15,2.41831739784184e-15,2.64425945459866e-15,5.25726498259639e-17,-7.98545875966408e-16,1.20533592007008e-15,-6.3525888465181e-17,-5.27139805603116e-16,-1.13277890401172e-18,5.28537386191453e-17,-3.69459755114776e-16,-3.88367539367405e-16,-3.6121422257488e-16,-3.34904875256653e-16,"Cosmo AF1b","KY210234"
"KY210235",2.91078132199425,-4.03154560275429,1.75290299219567,0.493214215953559,1.65647680842411,0.982529234114592,0.0397226119911894,0.660325922333274,0.20823119369854,0.539183945208203,-1.10992706851447,0.647485233786743,0.49137017563541,-0.39967653654738,-0.0693640274096719,-0.155963513439743,-0.0529169248724246,-0.150789743991304,0.0277065501151086,0.101223893812324,0.0894993448498121,-0.121378045417485,0.0438906555915535,-0.0257119149436422,0.0420107475507788,0.0617148676579247,0.0495127166125438,-0.00773330966579929,-0.00102504590201659,-0.106316863923611,-0.0766199353318176,-0.0228084110132548,-0.0929049472916926,0.0333050241719904,0.0357949948571542,0.124045570710325,0.0439825018201813,0.002190067496295,0.0190700102517734,0.033859901427185,0.0540903399443399,1.16638994226743e-14,-1.21563205552349e-15,-1.28114787718595e-15,4.24202323251665e-16,-2.21890372539902e-15,2.41831739784184e-15,2.64425945459866e-15,5.25726498259639e-17,-7.98545875966408e-16,1.20533592007008e-15,-6.3525888465181e-17,-5.27139805603116e-16,-1.13277890401172e-18,5.28537386191453e-17,-3.69459755114776e-16,-3.88367539367405e-16,-3.6121422257488e-16,-3.34904875256653e-16,"Cosmo AF1b","KY210235"
"KY210238",2.91078132199425,-4.03154560275429,1.75290299219567,0.493214215953559,1.65647680842411,0.982529234114592,0.0397226119911894,0.660325922333274,0.20823119369854,0.539183945208203,-1.10992706851447,0.647485233786743,0.49137017563541,-0.39967653654738,-0.0693640274096719,-0.155963513439743,-0.0529169248724246,-0.150789743991304,0.0277065501151086,0.101223893812324,0.0894993448498121,-0.121378045417485,0.0438906555915535,-0.0257119149436422,0.0420107475507788,0.0617148676579247,0.0495127166125438,-0.00773330966579929,-0.00102504590201659,-0.106316863923611,-0.0766199353318176,-0.0228084110132548,-0.0929049472916926,0.0333050241719904,0.0357949948571542,0.124045570710325,0.0439825018201813,0.002190067496295,0.0190700102517734,0.033859901427185,0.0540903399443399,1.16638994226743e-14,-1.21563205552349e-15,-1.28114787718595e-15,4.24202323251665e-16,-2.21890372539902e-15,2.41831739784184e-15,2.64425945459866e-15,5.25726498259639e-17,-7.98545875966408e-16,1.20533592007008e-15,-6.3525888465181e-17,-5.27139805603116e-16,-1.13277890401172e-18,5.28537386191453e-17,-3.69459755114776e-16,-3.88367539367405e-16,-3.6121422257488e-16,-3.34904875256653e-16,"Cosmo AF1b","KY210238"
"KY210239",2.91078132199425,-4.03154560275429,1.75290299219567,0.493214215953559,1.65647680842411,0.982529234114592,0.0397226119911894,0.660325922333274,0.20823119369854,0.539183945208203,-1.10992706851447,0.647485233786743,0.49137017563541,-0.39967653654738,-0.0693640274096719,-0.155963513439743,-0.0529169248724246,-0.150789743991304,0.0277065501151086,0.101223893812324,0.0894993448498121,-0.121378045417485,0.0438906555915535,-0.0257119149436422,0.0420107475507788,0.0617148676579247,0.0495127166125438,-0.00773330966579929,-0.00102504590201659,-0.106316863923611,-0.0766199353318176,-0.0228084110132548,-0.0929049472916926,0.0333050241719904,0.0357949948571542,0.124045570710325,0.0439825018201813,0.002190067496295,0.0190700102517734,0.033859901427185,0.0540903399443399,1.16638994226743e-14,-1.21563205552349e-15,-1.28114787718595e-15,4.24202323251665e-16,-2.21890372539902e-15,2.41831739784184e-15,2.64425945459866e-15,5.25726498259639e-17,-7.98545875966408e-16,1.20533592007008e-15,-6.3525888465181e-17,-5.27139805603116e-16,-1.13277890401172e-18,5.28537386191453e-17,-3.69459755114776e-16,-3.88367539367405e-16,-3.6121422257488e-16,-3.34904875256653e-16,"Cosmo AF1b","KY210239"
"KY210243",3.06738655855678,-4.03471330209129,1.72137886812902,0.569935098756298,1.70607019285801,1.07859259499384,0.0158972363218436,0.654095900356303,-0.0336905937899305,0.715886322814613,-0.789452245371984,0.593351354297106,0.429091568703596,-0.413476072439397,-0.152198296223278,-0.0128736428335176,-0.175481478235949,-0.200371667360333,0.0928426739137432,0.28573429082166,0.301522984947018,-0.13154516743278,0.186954742509012,-0.137348469295323,0.249797036713324,0.341853660487823,0.030218631188262,0.00421973157270298,0.10160666483399,-0.10054603928139,-0.31799945378463,0.0358480789624321,0.12175260718641,-0.116996848784358,-0.0609503509848686,0.147230484722438,0.0410134217498794,0.0257043446794121,-0.086166923496632,0.0189287140201154,-0.0301333589173472,1.00540760369678e-14,-2.93647774369248e-15,-2.83546011166117e-15,-4.6397609644846e-16,-2.21890372539902e-15,2.19627279291681e-15,2.74140396925336e-15,-5.84496526365518e-17,-2.71189939269458e-16,1.53840282745762e-15,-1.19037039696439e-16,-3.60606351909342e-16,1.65400674789762e-16,1.08364889850403e-16,-4.52726481961662e-16,-3.88367539367405e-16,-3.6121422257488e-16,-3.90416026487911e-16,"Cosmo AF1b","KY210243"
"KY210244",2.63812703751067,-4.39284866546688,1.63579744367353,0.45209484243129,1.52611502268838,0.632401783795262,0.199353711556488,0.222285641604407,0.609680278515468,1.05215844575876,-1.29818665702161,0.530089281633201,-0.440568123648618,0.0186784947311396,-0.370099678103787,0.123454767114317,-0.338823543117597,-0.00152757474257566,-0.651603570317775,0.282792880964514,0.340440924740461,0.107459771646328,0.030995473648903,-0.301541246518526,0.151927530693046,-0.272770891483807,-0.298150862802876,-0.198216433974368,-0.0684346606702202,0.129142627002703,-0.0317337593739102,-0.126947428957273,0.0156818686430117,-0.0282176308326696,0.111650370357153,0.0224140363348722,-0.0132821643724416,-0.0836896995412195,0.142876280728678,-0.0427199073671163,-0.0476794248179919,1.26075889936057e-14,-1.00399579145432e-15,-2.28034859934859e-15,1.53442534787682e-15,-3.38463790125543e-15,2.02973933922304e-15,2.69716852061595e-15,-4.26211029543635e-16,-4.9323454419449e-16,6.50224407757497e-16,-1.2292600643216e-15,-8.60206712990663e-16,-9.44822349835395e-16,1.08364889850403e-16,-4.52726481961662e-16,-4.4561341407464e-16,-5.83258827499911e-16,-3.34904875256653e-16,"Cosmo AF1b","KY210244"
"KY210245",2.47183947849718,-3.28285283090975,-1.53345993148085,-2.31078173266225,-1.90224712453635,-2.0174997425817,-0.699720027181806,-0.679530907053766,-0.270468573503494,0.694081486687191,-0.48083209420379,0.171918038846068,1.68655893615126,0.231144145753933,-0.48880562511114,1.30656056596098,0.446648872327681,0.846307611319252,-0.280599733325936,-1.43626794396794,0.316334792130765,-0.570070128814944,0.722292436518279,-0.14929688950022,0.618799512588743,0.518095699274419,-0.0129143056158568,0.175754710053982,-0.329310279286327,0.0901287524889482,-0.318164025443172,0.105871841171893,0.384133596443139,0.179654398441842,-0.0842312320842204,0.11725474367508,-0.218625025931786,0.11607300212672,0.0927365122385305,-0.0968039577560393,0.016467660641084,1.11927486594331e-14,-3.1109876432528e-15,-8.300317817257e-15,3.73811993528167e-15,1.36946306047048e-17,4.39823717440596e-16,6.44306502155897e-16,-1.41150736857555e-15,-1.29976851908062e-16,6.57465031380035e-16,1.12933131188701e-15,-3.7877662047641e-16,2.39976649283935e-16,3.95170777261962e-16,-3.71533960491275e-16,-1.38077015679461e-16,-5.11280092200573e-16,-4.96750218400151e-16,"Cosmo AF1b","KY210245"
"KY210247",2.79947853846722,-4.15579436253393,1.69971679685607,0.312767893994935,1.52019366344409,0.83788847480585,-0.137836882060577,0.479230518573114,0.259016228220667,0.768181826806902,-1.01749550086679,0.877061096248076,0.80417327914013,-0.15663728947727,-0.23200159923829,-0.109005894821077,-0.0193582904475092,0.00957462538885565,-0.0441412605810632,-0.191841442307845,0.166734268116418,-0.303046179924194,0.646150370647433,0.240574964217836,-0.0122866196620264,0.0356533475348808,0.202748879882143,0.0681647825218154,0.193475805002653,-0.0497009900161981,-0.0355171565293996,0.0155857901445466,-0.133848637724793,0.0701788761524415,-0.167144894810742,0.104984180176236,0.0586904988359925,0.0375761699324508,0.0312988701649018,-0.0863106743837254,0.0566112582410455,1.18581884519837e-14,-1.07685417744534e-15,-1.25339230157032e-15,8.68291533101728e-16,-2.21890372539902e-15,2.19627279291681e-15,2.19323135084469e-15,1.84411634000201e-16,-8.54057027197666e-16,8.72269012682528e-16,-6.3525888465181e-17,-8.60206712990663e-16,-1.12155081366527e-16,-5.81685638433704e-17,-3.13948603883518e-16,-3.32856388136147e-16,-2.50191920112364e-16,-2.23882572794137e-16,"Cosmo AF1b","KY210247"
"KY210248",2.63812703751067,-4.39284866546688,1.63579744367353,0.45209484243129,1.52611502268838,0.632401783795262,0.199353711556488,0.222285641604407,0.609680278515468,1.05215844575876,-1.29818665702161,0.530089281633201,-0.440568123648618,0.0186784947311396,-0.370099678103787,0.123454767114317,-0.338823543117597,-0.00152757474257566,-0.651603570317775,0.282792880964514,0.340440924740461,0.107459771646328,0.030995473648903,-0.301541246518526,0.151927530693046,-0.272770891483807,-0.298150862802876,-0.198216433974368,-0.0684346606702202,0.129142627002703,-0.0317337593739102,-0.126947428957273,0.0156818686430117,-0.0282176308326696,0.111650370357153,0.0224140363348722,-0.0132821643724416,-0.0836896995412195,0.142876280728678,-0.0427199073671163,-0.0476794248179919,1.26075889936057e-14,-1.00399579145432e-15,-2.28034859934859e-15,1.53442534787682e-15,-3.38463790125543e-15,2.02973933922304e-15,2.69716852061595e-15,-4.26211029543635e-16,-4.9323454419449e-16,6.50224407757497e-16,-1.2292600643216e-15,-8.60206712990663e-16,-9.44822349835395e-16,1.08364889850403e-16,-4.52726481961662e-16,-4.4561341407464e-16,-5.83258827499911e-16,-3.34904875256653e-16,"Cosmo AF1b","KY210248"
"KY210249",2.70219955165176,-3.9792822691287,1.62161616077553,0.573921458899217,1.91017353299463,0.566992123334613,0.100848180152676,0.683903549088585,0.323828994506567,0.873892374156117,-1.12485396017807,0.783721082784184,0.359689409536436,-0.547254854434756,-0.0998859224301714,-0.0323608907891974,-0.00968917682900737,-0.394081616691149,-0.325133494102893,0.35275064758328,0.210997703540603,-0.222395623766637,0.0654513277245243,-0.0989587946220898,0.0808767035814217,-0.12560892095356,-0.0823075759810507,0.00242222818002566,0.0783953074307346,0.0297856371031399,0.0377743852912567,-0.124411959105397,-0.0391964650750257,-0.00105251948035255,0.0675070555192647,0.0155537644066671,-0.0112756401365353,-0.113448407076902,0.088154395949998,0.00401082098159788,0.0734523429386541,1.18859440275993e-14,-9.7624021583869e-16,-1.03134769664529e-15,4.24202323251665e-16,-2.27441487663028e-15,2.4738285490731e-15,2.41961276445966e-15,7.33893315376856e-17,-7.15279149119521e-16,9.00024588298157e-16,-1.36803794239974e-15,-4.43873078756229e-16,-2.23177383829043e-16,-2.65741261211254e-18,-4.24970906346033e-16,-3.34591111612124e-16,-4.72236525037395e-16,-2.79393724025395e-16,"Cosmo AF1b","KY210249"
"KY210250",2.91078132199425,-4.03154560275429,1.75290299219567,0.493214215953559,1.65647680842411,0.982529234114592,0.0397226119911894,0.660325922333274,0.20823119369854,0.539183945208203,-1.10992706851447,0.647485233786743,0.49137017563541,-0.39967653654738,-0.0693640274096719,-0.155963513439743,-0.0529169248724246,-0.150789743991304,0.0277065501151086,0.101223893812324,0.0894993448498121,-0.121378045417485,0.0438906555915535,-0.0257119149436422,0.0420107475507788,0.0617148676579247,0.0495127166125438,-0.00773330966579929,-0.00102504590201659,-0.106316863923611,-0.0766199353318176,-0.0228084110132548,-0.0929049472916926,0.0333050241719904,0.0357949948571542,0.124045570710325,0.0439825018201813,0.002190067496295,0.0190700102517734,0.033859901427185,0.0540903399443399,1.16638994226743e-14,-1.21563205552349e-15,-1.28114787718595e-15,4.24202323251665e-16,-2.21890372539902e-15,2.41831739784184e-15,2.64425945459866e-15,5.25726498259639e-17,-7.98545875966408e-16,1.20533592007008e-15,-6.3525888465181e-17,-5.27139805603116e-16,-1.13277890401172e-18,5.28537386191453e-17,-3.69459755114776e-16,-3.88367539367405e-16,-3.6121422257488e-16,-3.34904875256653e-16,"Cosmo AF1b","KY210250"
"KY210251",2.91078132199425,-4.03154560275429,1.75290299219567,0.493214215953559,1.65647680842411,0.982529234114592,0.0397226119911894,0.660325922333274,0.20823119369854,0.539183945208203,-1.10992706851447,0.647485233786743,0.49137017563541,-0.39967653654738,-0.0693640274096719,-0.155963513439743,-0.0529169248724246,-0.150789743991304,0.0277065501151086,0.101223893812324,0.0894993448498121,-0.121378045417485,0.0438906555915535,-0.0257119149436422,0.0420107475507788,0.0617148676579247,0.0495127166125438,-0.00773330966579929,-0.00102504590201659,-0.106316863923611,-0.0766199353318176,-0.0228084110132548,-0.0929049472916926,0.0333050241719904,0.0357949948571542,0.124045570710325,0.0439825018201813,0.002190067496295,0.0190700102517734,0.033859901427185,0.0540903399443399,1.16638994226743e-14,-1.21563205552349e-15,-1.28114787718595e-15,4.24202323251665e-16,-2.21890372539902e-15,2.41831739784184e-15,2.64425945459866e-15,5.25726498259639e-17,-7.98545875966408e-16,1.20533592007008e-15,-6.3525888465181e-17,-5.27139805603116e-16,-1.13277890401172e-18,5.28537386191453e-17,-3.69459755114776e-16,-3.88367539367405e-16,-3.6121422257488e-16,-3.34904875256653e-16,"Cosmo AF1b","KY210251"
"KY210252",2.47183947849718,-3.28285283090975,-1.53345993148085,-2.31078173266225,-1.90224712453635,-2.0174997425817,-0.699720027181806,-0.679530907053766,-0.270468573503494,0.694081486687191,-0.48083209420379,0.171918038846068,1.68655893615126,0.231144145753933,-0.48880562511114,1.30656056596098,0.446648872327681,0.846307611319252,-0.280599733325936,-1.43626794396794,0.316334792130765,-0.570070128814944,0.722292436518279,-0.14929688950022,0.618799512588743,0.518095699274419,-0.0129143056158568,0.175754710053982,-0.329310279286327,0.0901287524889482,-0.318164025443172,0.105871841171893,0.384133596443139,0.179654398441842,-0.0842312320842204,0.11725474367508,-0.218625025931786,0.11607300212672,0.0927365122385305,-0.0968039577560393,0.016467660641084,1.11927486594331e-14,-3.1109876432528e-15,-8.300317817257e-15,3.73811993528167e-15,1.36946306047048e-17,4.39823717440596e-16,6.44306502155897e-16,-1.41150736857555e-15,-1.29976851908062e-16,6.57465031380035e-16,1.12933131188701e-15,-3.7877662047641e-16,2.39976649283935e-16,3.95170777261962e-16,-3.71533960491275e-16,-1.38077015679461e-16,-5.11280092200573e-16,-4.96750218400151e-16,"Cosmo AF1b","KY210252"
"KY210253",2.56041919457171,-2.41385443554677,0.240626194855552,-0.370338412156116,-2.4250758293133,-2.10497778210098,-0.288955049364953,-1.51827281765657,-2.64697704833099,0.654617891502934,0.0218046727300176,0.28154885489112,0.386756974923663,0.127470067134846,0.682837586173268,-0.794436931025831,-0.58406280463552,-0.16328090816142,0.122984660055269,-0.175666844063175,0.485120958506769,-0.127842602640043,-0.353383332513239,0.321750328604311,0.246238531954175,-0.225699404053806,-0.251638376701784,-0.254333671558142,-0.206854423527335,0.15699670407798,0.159071771195095,-0.0601959550542742,-0.0644048178243196,-0.284252464590964,0.0661333482491652,0.154954412052944,0.116400854353839,-0.129580538234977,-0.0268340852885805,-0.0372507216590752,0.0835381619969963,1.16368378692831e-14,-1.63994213562447e-15,-3.97044802121889e-15,1.16017317442093e-16,-1.37408415017674e-15,-2.30797826850667e-15,1.38850287334995e-15,-8.1476249283953e-16,1.8921226767167e-16,-4.66635781052936e-16,5.39525330054895e-16,-1.56732015551379e-16,1.69714436910445e-15,3.95170777261962e-16,-3.43778384875646e-16,-1.66699953033078e-16,-1.78213184813026e-16,-4.41239067168894e-16,"Cosmo AF1b","KY210253"
"KY210254",2.56041919457171,-2.41385443554677,0.240626194855552,-0.370338412156116,-2.4250758293133,-2.10497778210098,-0.288955049364953,-1.51827281765657,-2.64697704833099,0.654617891502934,0.0218046727300176,0.28154885489112,0.386756974923663,0.127470067134846,0.682837586173268,-0.794436931025831,-0.58406280463552,-0.16328090816142,0.122984660055269,-0.175666844063175,0.485120958506769,-0.127842602640043,-0.353383332513239,0.321750328604311,0.246238531954175,-0.225699404053806,-0.251638376701784,-0.254333671558142,-0.206854423527335,0.15699670407798,0.159071771195095,-0.0601959550542742,-0.0644048178243196,-0.284252464590964,0.0661333482491652,0.154954412052944,0.116400854353839,-0.129580538234977,-0.0268340852885805,-0.0372507216590752,0.0835381619969963,1.16368378692831e-14,-1.63994213562447e-15,-3.97044802121889e-15,1.16017317442093e-16,-1.37408415017674e-15,-2.30797826850667e-15,1.38850287334995e-15,-8.1476249283953e-16,1.8921226767167e-16,-4.66635781052936e-16,5.39525330054895e-16,-1.56732015551379e-16,1.69714436910445e-15,3.95170777261962e-16,-3.43778384875646e-16,-1.66699953033078e-16,-1.78213184813026e-16,-4.41239067168894e-16,"Cosmo AF1b","KY210254"
"KY210255",2.56041919457171,-2.41385443554677,0.240626194855552,-0.370338412156116,-2.4250758293133,-2.10497778210098,-0.288955049364953,-1.51827281765657,-2.64697704833099,0.654617891502934,0.0218046727300176,0.28154885489112,0.386756974923663,0.127470067134846,0.682837586173268,-0.794436931025831,-0.58406280463552,-0.16328090816142,0.122984660055269,-0.175666844063175,0.485120958506769,-0.127842602640043,-0.353383332513239,0.321750328604311,0.246238531954175,-0.225699404053806,-0.251638376701784,-0.254333671558142,-0.206854423527335,0.15699670407798,0.159071771195095,-0.0601959550542742,-0.0644048178243196,-0.284252464590964,0.0661333482491652,0.154954412052944,0.116400854353839,-0.129580538234977,-0.0268340852885805,-0.0372507216590752,0.0835381619969963,1.16368378692831e-14,-1.63994213562447e-15,-3.97044802121889e-15,1.16017317442093e-16,-1.37408415017674e-15,-2.30797826850667e-15,1.38850287334995e-15,-8.1476249283953e-16,1.8921226767167e-16,-4.66635781052936e-16,5.39525330054895e-16,-1.56732015551379e-16,1.69714436910445e-15,3.95170777261962e-16,-3.43778384875646e-16,-1.66699953033078e-16,-1.78213184813026e-16,-4.41239067168894e-16,"Cosmo AF1b","KY210255"
"KY210256",2.56041919457171,-2.41385443554677,0.240626194855552,-0.370338412156116,-2.4250758293133,-2.10497778210098,-0.288955049364953,-1.51827281765657,-2.64697704833099,0.654617891502934,0.0218046727300176,0.28154885489112,0.386756974923663,0.127470067134846,0.682837586173268,-0.794436931025831,-0.58406280463552,-0.16328090816142,0.122984660055269,-0.175666844063175,0.485120958506769,-0.127842602640043,-0.353383332513239,0.321750328604311,0.246238531954175,-0.225699404053806,-0.251638376701784,-0.254333671558142,-0.206854423527335,0.15699670407798,0.159071771195095,-0.0601959550542742,-0.0644048178243196,-0.284252464590964,0.0661333482491652,0.154954412052944,0.116400854353839,-0.129580538234977,-0.0268340852885805,-0.0372507216590752,0.0835381619969963,1.16368378692831e-14,-1.63994213562447e-15,-3.97044802121889e-15,1.16017317442093e-16,-1.37408415017674e-15,-2.30797826850667e-15,1.38850287334995e-15,-8.1476249283953e-16,1.8921226767167e-16,-4.66635781052936e-16,5.39525330054895e-16,-1.56732015551379e-16,1.69714436910445e-15,3.95170777261962e-16,-3.43778384875646e-16,-1.66699953033078e-16,-1.78213184813026e-16,-4.41239067168894e-16,"Cosmo AF1b","KY210256"
"KY210257",2.67854133347424,-2.53886432551669,-0.190247671373548,-1.6540349580647,-2.24914372525786,-1.76151991090434,-0.364654315645528,-1.10991677197365,-2.4286415397946,0.550052679371995,-0.359799417720721,-0.462621671007603,-1.17092113497485,0.00378122595655215,-0.300004694711353,-0.684471334713214,0.0512163562522508,0.00397916524479889,-0.0622141584415057,0.170352820422389,0.410130763651264,0.23145354885986,0.274501418886217,0.388572091998093,-0.266525070741505,-0.265322887814605,-0.0054893272871243,-0.23716164401695,0.181515020917746,-0.0317782569121592,0.122442050280894,0.351025793954442,-0.0136035148739199,-0.131674377698113,0.0411858221588985,0.0217111087188598,-0.00567218594604698,0.0639717081971543,-0.024320004545861,-0.0429441342850981,-0.0643825503253137,1.30711938425605e-14,-5.16538494704836e-16,-2.94648241412368e-15,9.23802684332986e-16,-2.21890372539902e-15,-1.41195203711495e-15,3.00941874629178e-15,5.10539647483841e-16,4.92088390160337e-16,3.26628503097536e-17,4.13523067428441e-16,-2.9121741287027e-16,6.82561601350606e-17,3.10460174801701e-16,-1.00794456772868e-16,-5.09638232899163e-17,3.07770738024982e-18,-2.86332617929302e-16,"Cosmo AF1b","KY210257"
"KY210258",2.91078132199425,-4.03154560275429,1.75290299219567,0.493214215953559,1.65647680842411,0.982529234114592,0.0397226119911894,0.660325922333274,0.20823119369854,0.539183945208203,-1.10992706851447,0.647485233786743,0.49137017563541,-0.39967653654738,-0.0693640274096719,-0.155963513439743,-0.0529169248724246,-0.150789743991304,0.0277065501151086,0.101223893812324,0.0894993448498121,-0.121378045417485,0.0438906555915535,-0.0257119149436422,0.0420107475507788,0.0617148676579247,0.0495127166125438,-0.00773330966579929,-0.00102504590201659,-0.106316863923611,-0.0766199353318176,-0.0228084110132548,-0.0929049472916926,0.0333050241719904,0.0357949948571542,0.124045570710325,0.0439825018201813,0.002190067496295,0.0190700102517734,0.033859901427185,0.0540903399443399,1.16638994226743e-14,-1.21563205552349e-15,-1.28114787718595e-15,4.24202323251665e-16,-2.21890372539902e-15,2.41831739784184e-15,2.64425945459866e-15,5.25726498259639e-17,-7.98545875966408e-16,1.20533592007008e-15,-6.3525888465181e-17,-5.27139805603116e-16,-1.13277890401172e-18,5.28537386191453e-17,-3.69459755114776e-16,-3.88367539367405e-16,-3.6121422257488e-16,-3.34904875256653e-16,"Cosmo AF1b","KY210258"
"KY210260",2.91078132199425,-4.03154560275429,1.75290299219567,0.493214215953559,1.65647680842411,0.982529234114592,0.0397226119911894,0.660325922333274,0.20823119369854,0.539183945208203,-1.10992706851447,0.647485233786743,0.49137017563541,-0.39967653654738,-0.0693640274096719,-0.155963513439743,-0.0529169248724246,-0.150789743991304,0.0277065501151086,0.101223893812324,0.0894993448498121,-0.121378045417485,0.0438906555915535,-0.0257119149436422,0.0420107475507788,0.0617148676579247,0.0495127166125438,-0.00773330966579929,-0.00102504590201659,-0.106316863923611,-0.0766199353318176,-0.0228084110132548,-0.0929049472916926,0.0333050241719904,0.0357949948571542,0.124045570710325,0.0439825018201813,0.002190067496295,0.0190700102517734,0.033859901427185,0.0540903399443399,1.16638994226743e-14,-1.21563205552349e-15,-1.28114787718595e-15,4.24202323251665e-16,-2.21890372539902e-15,2.41831739784184e-15,2.64425945459866e-15,5.25726498259639e-17,-7.98545875966408e-16,1.20533592007008e-15,-6.3525888465181e-17,-5.27139805603116e-16,-1.13277890401172e-18,5.28537386191453e-17,-3.69459755114776e-16,-3.88367539367405e-16,-3.6121422257488e-16,-3.34904875256653e-16,"Cosmo AF1b","KY210260"
"KY210263",2.43840441698865,-3.13411557672667,-1.44414767644301,-2.00800522712749,-1.8916266276581,-2.00187762729967,-0.777048407852637,-0.696430072428332,-0.578162777400143,0.684341705234272,-0.297981315303544,0.113907471019565,1.44866351884313,0.252744559563168,-0.556567076600329,1.4854360262045,0.145153142893896,0.797976686887847,0.0453341442600659,-1.16557247518184,0.442317573821025,-0.427260785869015,1.00776043412154,-0.0522736110841054,0.619486933445975,0.357297204566203,0.109629962126121,0.219024098018587,-0.20962737941538,0.0951075935081554,-0.292579484184515,0.0516504453453429,0.394733082203535,0.233670440993231,-0.164854293187894,0.171771470949714,-0.0370951497812778,-0.0336278447026278,0.0500523714320941,-0.1120173780578,-0.0460016999356627,1.16368378692831e-14,-3.33303224817783e-15,-6.57947212908801e-15,2.35034115450022e-15,-4.85905730476616e-16,-1.70798946103241e-16,7.06756547291062e-16,-1.21721833926615e-15,9.2067753016969e-17,2.6888697276123e-16,9.07286706961978e-16,-4.57097130888629e-17,1.28954346821419e-16,2.84148474799446e-16,-4.27045111722533e-16,-1.93588166910719e-16,-4.00257789738057e-16,-4.96750218400151e-16,"Cosmo AF1b","KY210263"
"KY210264",3.11687977162926,-2.04677699421679,-0.504766588319036,-0.604816170815752,-1.36413462058573,-2.08213070685816,-0.00537013236927878,-0.0771001211959855,-1.92616715954277,0.438972355298142,0.016106248916492,-1.02774355507534,-0.0895510032524453,0.0983703522596021,-0.0215542950685433,-0.144983961740565,0.224462510776553,-0.14809665758213,0.574483873855745,-0.492488893427449,0.289542231261821,-0.875666571759018,0.443615955067287,0.0731354010126737,-0.055611471825174,-0.0852778702273724,0.34510241769846,-0.0835503681168587,0.0981116140499079,-0.189084970624802,0.434718481906947,0.0636090105630352,-0.315158418302077,-0.0106473341334146,0.116069324372797,0.0626858001979175,0.343659490592827,0.0565038904854577,-0.125922278885498,0.0320036179535021,0.0341272615183529,1.23495488765541e-14,-1.46022806563622e-15,-2.3913709018111e-15,1.11809171364239e-15,-8.86636095848831e-16,-1.41195203711495e-15,9.64179768115122e-16,1.08083801057222e-16,-3.82212241731974e-16,-2.5877069365435e-16,1.1515062956043e-16,9.73606457485348e-17,-3.75833049715002e-16,4.21482477264217e-16,-2.67327910466641e-16,-5.00964615519279e-17,1.14100009842765e-16,-3.4184376916056e-16,"Cosmo AF1b","KY210264"
"KY210265",2.63812703751067,-4.39284866546688,1.63579744367353,0.45209484243129,1.52611502268838,0.632401783795262,0.199353711556488,0.222285641604407,0.609680278515468,1.05215844575876,-1.29818665702161,0.530089281633201,-0.440568123648618,0.0186784947311396,-0.370099678103787,0.123454767114317,-0.338823543117597,-0.00152757474257566,-0.651603570317775,0.282792880964514,0.340440924740461,0.107459771646328,0.030995473648903,-0.301541246518526,0.151927530693046,-0.272770891483807,-0.298150862802876,-0.198216433974368,-0.0684346606702202,0.129142627002703,-0.0317337593739102,-0.126947428957273,0.0156818686430117,-0.0282176308326696,0.111650370357153,0.0224140363348722,-0.0132821643724416,-0.0836896995412195,0.142876280728678,-0.0427199073671163,-0.0476794248179919,1.26075889936057e-14,-1.00399579145432e-15,-2.28034859934859e-15,1.53442534787682e-15,-3.38463790125543e-15,2.02973933922304e-15,2.69716852061595e-15,-4.26211029543635e-16,-4.9323454419449e-16,6.50224407757497e-16,-1.2292600643216e-15,-8.60206712990663e-16,-9.44822349835395e-16,1.08364889850403e-16,-4.52726481961662e-16,-4.4561341407464e-16,-5.83258827499911e-16,-3.34904875256653e-16,"Cosmo AF1b","KY210265"
"KY210266",2.56041919457171,-2.41385443554677,0.240626194855552,-0.370338412156116,-2.4250758293133,-2.10497778210098,-0.288955049364953,-1.51827281765657,-2.64697704833099,0.654617891502934,0.0218046727300176,0.28154885489112,0.386756974923663,0.127470067134846,0.682837586173268,-0.794436931025831,-0.58406280463552,-0.16328090816142,0.122984660055269,-0.175666844063175,0.485120958506769,-0.127842602640043,-0.353383332513239,0.321750328604311,0.246238531954175,-0.225699404053806,-0.251638376701784,-0.254333671558142,-0.206854423527335,0.15699670407798,0.159071771195095,-0.0601959550542742,-0.0644048178243196,-0.284252464590964,0.0661333482491652,0.154954412052944,0.116400854353839,-0.129580538234977,-0.0268340852885805,-0.0372507216590752,0.0835381619969963,1.16368378692831e-14,-1.63994213562447e-15,-3.97044802121889e-15,1.16017317442093e-16,-1.37408415017674e-15,-2.30797826850667e-15,1.38850287334995e-15,-8.1476249283953e-16,1.8921226767167e-16,-4.66635781052936e-16,5.39525330054895e-16,-1.56732015551379e-16,1.69714436910445e-15,3.95170777261962e-16,-3.43778384875646e-16,-1.66699953033078e-16,-1.78213184813026e-16,-4.41239067168894e-16,"Cosmo AF1b","KY210266"
"KY210267",2.87045609303495,-4.32221376834325,1.69416508866547,0.0752987490444768,1.3097022450921,0.678263383990722,-0.0913263166321139,0.349102534997348,0.350783244701604,0.625280127409292,-0.585031747465397,0.219794237270727,-0.460495036443067,0.384649947223661,-0.332305981222667,-0.236625660565622,0.0345725363434125,0.0265500980579788,0.220423480308101,-0.0269232404258395,0.307545177644658,-0.415399603646697,-0.240920653728061,-0.64821307059084,-0.179656893092137,-0.229226210101276,0.122959784779368,0.0456301154437135,-0.285197325552907,-0.0950964194505216,0.339948580949334,-0.0490107193315909,-0.0562921080912833,-0.0883965200800487,0.0361918727942944,-0.223076422968286,0.101795498725543,0.235952468347304,-0.144275483404341,-0.0427055855755364,-0.143325785610147,1.17471661495212e-14,-2.71942484592106e-16,-2.53014877988925e-15,2.17280358703629e-15,-1.27521415446764e-15,1.0305386170604e-15,2.91921312554098e-15,6.631953133698e-16,-2.85067727077273e-16,9.416579517216e-16,-3.96592795852728e-16,-1.08225131791569e-15,-6.53388805871291e-16,5.28537386191453e-17,-3.13948603883518e-16,-3.32856388136147e-16,-4.72236525037395e-16,-4.45927177719168e-16,"Cosmo AF1b","KY210267"
"KY210269",2.67854133347424,-2.53886432551669,-0.190247671373548,-1.6540349580647,-2.24914372525786,-1.76151991090434,-0.364654315645528,-1.10991677197365,-2.4286415397946,0.550052679371995,-0.359799417720721,-0.462621671007603,-1.17092113497485,0.00378122595655215,-0.300004694711353,-0.684471334713214,0.0512163562522508,0.00397916524479889,-0.0622141584415057,0.170352820422389,0.410130763651264,0.23145354885986,0.274501418886217,0.388572091998093,-0.266525070741505,-0.265322887814605,-0.0054893272871243,-0.23716164401695,0.181515020917746,-0.0317782569121592,0.122442050280894,0.351025793954442,-0.0136035148739199,-0.131674377698113,0.0411858221588985,0.0217111087188598,-0.00567218594604698,0.0639717081971543,-0.024320004545861,-0.0429441342850981,-0.0643825503253137,1.30711938425605e-14,-5.16538494704836e-16,-2.94648241412368e-15,9.23802684332986e-16,-2.21890372539902e-15,-1.41195203711495e-15,3.00941874629178e-15,5.10539647483841e-16,4.92088390160337e-16,3.26628503097536e-17,4.13523067428441e-16,-2.9121741287027e-16,6.82561601350606e-17,3.10460174801701e-16,-1.00794456772868e-16,-5.09638232899163e-17,3.07770738024982e-18,-2.86332617929302e-16,"Cosmo AF1b","KY210269"
"KY210270",2.67854133347424,-2.53886432551669,-0.190247671373548,-1.6540349580647,-2.24914372525786,-1.76151991090434,-0.364654315645528,-1.10991677197365,-2.4286415397946,0.550052679371995,-0.359799417720721,-0.462621671007603,-1.17092113497485,0.00378122595655215,-0.300004694711353,-0.684471334713214,0.0512163562522508,0.00397916524479889,-0.0622141584415057,0.170352820422389,0.410130763651264,0.23145354885986,0.274501418886217,0.388572091998093,-0.266525070741505,-0.265322887814605,-0.0054893272871243,-0.23716164401695,0.181515020917746,-0.0317782569121592,0.122442050280894,0.351025793954442,-0.0136035148739199,-0.131674377698113,0.0411858221588985,0.0217111087188598,-0.00567218594604698,0.0639717081971543,-0.024320004545861,-0.0429441342850981,-0.0643825503253137,1.30711938425605e-14,-5.16538494704836e-16,-2.94648241412368e-15,9.23802684332986e-16,-2.21890372539902e-15,-1.41195203711495e-15,3.00941874629178e-15,5.10539647483841e-16,4.92088390160337e-16,3.26628503097536e-17,4.13523067428441e-16,-2.9121741287027e-16,6.82561601350606e-17,3.10460174801701e-16,-1.00794456772868e-16,-5.09638232899163e-17,3.07770738024982e-18,-2.86332617929302e-16,"Cosmo AF1b","KY210270"
"KY210271",2.91078132199425,-4.03154560275429,1.75290299219567,0.493214215953559,1.65647680842411,0.982529234114592,0.0397226119911894,0.660325922333274,0.20823119369854,0.539183945208203,-1.10992706851447,0.647485233786743,0.49137017563541,-0.39967653654738,-0.0693640274096719,-0.155963513439743,-0.0529169248724246,-0.150789743991304,0.0277065501151086,0.101223893812324,0.0894993448498121,-0.121378045417485,0.0438906555915535,-0.0257119149436422,0.0420107475507788,0.0617148676579247,0.0495127166125438,-0.00773330966579929,-0.00102504590201659,-0.106316863923611,-0.0766199353318176,-0.0228084110132548,-0.0929049472916926,0.0333050241719904,0.0357949948571542,0.124045570710325,0.0439825018201813,0.002190067496295,0.0190700102517734,0.033859901427185,0.0540903399443399,1.16638994226743e-14,-1.21563205552349e-15,-1.28114787718595e-15,4.24202323251665e-16,-2.21890372539902e-15,2.41831739784184e-15,2.64425945459866e-15,5.25726498259639e-17,-7.98545875966408e-16,1.20533592007008e-15,-6.3525888465181e-17,-5.27139805603116e-16,-1.13277890401172e-18,5.28537386191453e-17,-3.69459755114776e-16,-3.88367539367405e-16,-3.6121422257488e-16,-3.34904875256653e-16,"Cosmo AF1b","KY210271"
"KY210272",2.91078132199425,-4.03154560275429,1.75290299219567,0.493214215953559,1.65647680842411,0.982529234114592,0.0397226119911894,0.660325922333274,0.20823119369854,0.539183945208203,-1.10992706851447,0.647485233786743,0.49137017563541,-0.39967653654738,-0.0693640274096719,-0.155963513439743,-0.0529169248724246,-0.150789743991304,0.0277065501151086,0.101223893812324,0.0894993448498121,-0.121378045417485,0.0438906555915535,-0.0257119149436422,0.0420107475507788,0.0617148676579247,0.0495127166125438,-0.00773330966579929,-0.00102504590201659,-0.106316863923611,-0.0766199353318176,-0.0228084110132548,-0.0929049472916926,0.0333050241719904,0.0357949948571542,0.124045570710325,0.0439825018201813,0.002190067496295,0.0190700102517734,0.033859901427185,0.0540903399443399,1.16638994226743e-14,-1.21563205552349e-15,-1.28114787718595e-15,4.24202323251665e-16,-2.21890372539902e-15,2.41831739784184e-15,2.64425945459866e-15,5.25726498259639e-17,-7.98545875966408e-16,1.20533592007008e-15,-6.3525888465181e-17,-5.27139805603116e-16,-1.13277890401172e-18,5.28537386191453e-17,-3.69459755114776e-16,-3.88367539367405e-16,-3.6121422257488e-16,-3.34904875256653e-16,"Cosmo AF1b","KY210272"
"KY210273",2.63812703751067,-4.39284866546688,1.63579744367353,0.45209484243129,1.52611502268838,0.632401783795262,0.199353711556488,0.222285641604407,0.609680278515468,1.05215844575876,-1.29818665702161,0.530089281633201,-0.440568123648618,0.0186784947311396,-0.370099678103787,0.123454767114317,-0.338823543117597,-0.00152757474257566,-0.651603570317775,0.282792880964514,0.340440924740461,0.107459771646328,0.030995473648903,-0.301541246518526,0.151927530693046,-0.272770891483807,-0.298150862802876,-0.198216433974368,-0.0684346606702202,0.129142627002703,-0.0317337593739102,-0.126947428957273,0.0156818686430117,-0.0282176308326696,0.111650370357153,0.0224140363348722,-0.0132821643724416,-0.0836896995412195,0.142876280728678,-0.0427199073671163,-0.0476794248179919,1.26075889936057e-14,-1.00399579145432e-15,-2.28034859934859e-15,1.53442534787682e-15,-3.38463790125543e-15,2.02973933922304e-15,2.69716852061595e-15,-4.26211029543635e-16,-4.9323454419449e-16,6.50224407757497e-16,-1.2292600643216e-15,-8.60206712990663e-16,-9.44822349835395e-16,1.08364889850403e-16,-4.52726481961662e-16,-4.4561341407464e-16,-5.83258827499911e-16,-3.34904875256653e-16,"Cosmo AF1b","KY210273"
"KY210278",2.70111461564724,-4.37301225375149,1.5795132648254,0.165694657480462,1.74772928124443,1.09796581676614,0.0232347638036776,0.412717331901292,0.412484086354299,0.769765234061433,-0.566958996881079,0.662892036594579,-0.223053000003291,0.401384585668756,-0.668895720244421,-0.0493887731874469,-0.18405813181732,-0.141282595189364,0.216446154900193,-0.0882313379705549,0.173758368221815,-0.0413166270079685,-0.686934066864259,-0.0141638939730749,-0.372669174791797,-0.152732382804416,0.0520813374942986,0.238934624912994,-0.163237440978367,0.110999576271808,-0.0293078007753947,0.195041402012126,0.0331026809468471,0.114493463206637,-0.092294332579437,-0.0203065897107172,-0.038600437099584,0.0269795569276486,0.0416206580330755,0.0510108976939773,0.028558203219921,1.0636943124896e-14,-1.85401029468295e-15,-2.87709347508461e-15,1.45115862102993e-15,-1.94134796924273e-15,1.14156091952291e-15,2.9330909133488e-15,-1.1396080386781e-16,-3.40578878308531e-16,1.33023601034041e-15,2.14029867691108e-16,-5.27139805603116e-16,-4.27661423274551e-17,-1.13679715074628e-16,-2.5843745265226e-16,-3.88367539367405e-16,-3.6121422257488e-16,-5.01438328950426e-16,"Cosmo AF1b","KY210278"
"KY210279",2.58935767843627,-2.45211960468027,0.0015982858493719,-1.74178842343354,-2.2780146147978,-1.63163889105693,-0.426829600014044,-1.09611605013968,-2.35729411484465,0.48820903192533,-0.274996247401328,-0.332161187700299,-1.06834858845204,0.116534692307761,-0.342218367422373,-0.553331083018704,0.0103335040768446,0.0085028837795169,-0.159823955961713,0.350896925133708,0.462637160053771,0.0716718965882312,0.278414633124273,0.369782240381977,-0.151163981121815,-0.438225084914467,-0.444029196770211,-0.0866994525042864,0.117413809563868,-0.289451063028542,0.0319374010991297,0.491718750697068,-0.204475847112982,-0.121340014449179,0.0530136492283189,-0.0325566093789164,0.322352183398238,0.217967242681436,-0.167198134117944,0.0826387172028245,0.143689865352046,1.24858875989833e-14,-8.5209601023767e-16,-2.47004770910372e-15,6.6977793978231e-16,-2.45791206955993e-15,-1.85262107995596e-15,2.75581726027589e-15,3.24261684794846e-16,4.6086290973607e-16,-2.39256430394861e-17,7.05112725586231e-16,-3.72600402079584e-16,2.04794031033818e-16,3.54441879790345e-16,-3.42439265878011e-17,-1.0107860084325e-17,3.20258103630659e-17,-4.62919822394344e-17,"Cosmo AF1b","KY210279"
"KY210280",2.97362997780155,-2.5469240878515,-0.487687471667901,-0.872345543378109,-2.33831917669184,-1.75691040256921,0.120581632891186,-0.851466498018769,-2.49942111720979,0.923920899472139,-0.418565294059886,0.00915539931643692,-0.463322766457601,-0.243096915950768,0.118563953343835,-0.0193495622664548,0.127648446023854,-0.0265088292235257,0.431847330274981,-0.104567601629456,-0.499761945669643,-0.107543750008955,0.325608921666127,0.0815841488347006,0.157531701412138,-0.331051128289283,0.00945641915814029,-0.0281585030547191,0.103067734780169,-0.189785705242828,0.0684071489683573,-0.0120221605885585,-0.0672030023223668,-0.00479856166828719,-0.0852718934391942,-0.033593193230316,0.0606813704129474,-0.0302987443135851,0.0326779055248181,-0.0212277687046165,0.0440692007700293,1.26826157839417e-14,-9.60627704554899e-16,-2.01667063100011e-15,-5.19487247679718e-16,-9.97658398311347e-16,-1.91155239819627e-15,2.37624467756024e-15,5.10539647483841e-16,1.03510331541532e-16,2.54707455234785e-16,4.69034218659699e-16,4.30427553136082e-16,9.28679004219557e-16,3.65971326032959e-16,-2.67327910466641e-16,-2.1749727698369e-16,-1.07944595082266e-16,-2.30821466698044e-16,"Cosmo AF1b","KY210280"
"KY210281",2.97362997780155,-2.5469240878515,-0.487687471667901,-0.872345543378109,-2.33831917669184,-1.75691040256921,0.120581632891186,-0.851466498018769,-2.49942111720979,0.923920899472139,-0.418565294059886,0.00915539931643692,-0.463322766457601,-0.243096915950768,0.118563953343835,-0.0193495622664548,0.127648446023854,-0.0265088292235257,0.431847330274981,-0.104567601629456,-0.499761945669643,-0.107543750008955,0.325608921666127,0.0815841488347006,0.157531701412138,-0.331051128289283,0.00945641915814029,-0.0281585030547191,0.103067734780169,-0.189785705242828,0.0684071489683573,-0.0120221605885585,-0.0672030023223668,-0.00479856166828719,-0.0852718934391942,-0.033593193230316,0.0606813704129474,-0.0302987443135851,0.0326779055248181,-0.0212277687046165,0.0440692007700293,1.26826157839417e-14,-9.60627704554899e-16,-2.01667063100011e-15,-5.19487247679718e-16,-9.97658398311347e-16,-1.91155239819627e-15,2.37624467756024e-15,5.10539647483841e-16,1.03510331541532e-16,2.54707455234785e-16,4.69034218659699e-16,4.30427553136082e-16,9.28679004219557e-16,3.65971326032959e-16,-2.67327910466641e-16,-2.1749727698369e-16,-1.07944595082266e-16,-2.30821466698044e-16,"Cosmo AF1b","KY210281"
"KY210282",2.97362997780155,-2.5469240878515,-0.487687471667901,-0.872345543378109,-2.33831917669184,-1.75691040256921,0.120581632891186,-0.851466498018769,-2.49942111720979,0.923920899472139,-0.418565294059886,0.00915539931643692,-0.463322766457601,-0.243096915950768,0.118563953343835,-0.0193495622664548,0.127648446023854,-0.0265088292235257,0.431847330274981,-0.104567601629456,-0.499761945669643,-0.107543750008955,0.325608921666127,0.0815841488347006,0.157531701412138,-0.331051128289283,0.00945641915814029,-0.0281585030547191,0.103067734780169,-0.189785705242828,0.0684071489683573,-0.0120221605885585,-0.0672030023223668,-0.00479856166828719,-0.0852718934391942,-0.033593193230316,0.0606813704129474,-0.0302987443135851,0.0326779055248181,-0.0212277687046165,0.0440692007700293,1.26826157839417e-14,-9.60627704554899e-16,-2.01667063100011e-15,-5.19487247679718e-16,-9.97658398311347e-16,-1.91155239819627e-15,2.37624467756024e-15,5.10539647483841e-16,1.03510331541532e-16,2.54707455234785e-16,4.69034218659699e-16,4.30427553136082e-16,9.28679004219557e-16,3.65971326032959e-16,-2.67327910466641e-16,-2.1749727698369e-16,-1.07944595082266e-16,-2.30821466698044e-16,"Cosmo AF1b","KY210282"
"KY210286",2.70111461564724,-4.37301225375149,1.5795132648254,0.165694657480462,1.74772928124443,1.09796581676614,0.0232347638036776,0.412717331901292,0.412484086354299,0.769765234061433,-0.566958996881079,0.662892036594579,-0.223053000003291,0.401384585668756,-0.668895720244421,-0.0493887731874469,-0.18405813181732,-0.141282595189364,0.216446154900193,-0.0882313379705549,0.173758368221815,-0.0413166270079685,-0.686934066864259,-0.0141638939730749,-0.372669174791797,-0.152732382804416,0.0520813374942986,0.238934624912994,-0.163237440978367,0.110999576271808,-0.0293078007753947,0.195041402012126,0.0331026809468471,0.114493463206637,-0.092294332579437,-0.0203065897107172,-0.038600437099584,0.0269795569276486,0.0416206580330755,0.0510108976939773,0.028558203219921,1.0636943124896e-14,-1.85401029468295e-15,-2.87709347508461e-15,1.45115862102993e-15,-1.94134796924273e-15,1.14156091952291e-15,2.9330909133488e-15,-1.1396080386781e-16,-3.40578878308531e-16,1.33023601034041e-15,2.14029867691108e-16,-5.27139805603116e-16,-4.27661423274551e-17,-1.13679715074628e-16,-2.5843745265226e-16,-3.88367539367405e-16,-3.6121422257488e-16,-5.01438328950426e-16,"Cosmo AF1b","KY210286"
"KY210287",2.71132974918015,-4.37117576864642,1.84603692697444,0.162648025191724,1.40358370818685,1.17448921721018,-0.3869210877246,0.542875108673233,0.37089593011448,1.03543168881213,-0.460219340600273,0.676803207854208,-0.275728846471454,0.177346068617504,-0.802876540718552,-0.0915035230939643,-0.125533083183986,-0.259883009131954,0.117190997464435,-0.17800456714998,-0.0096928493185976,0.12039963867432,-0.857893569856389,0.0607136150784511,-0.236928234207995,-0.293005978549519,0.0606342057916349,0.245203271314635,-0.079779160561177,0.0386740251054206,0.0147563872245268,0.054832666186606,0.0793472105485126,0.0406301913077715,-0.150966602691546,-0.0642987799849902,-0.126065334622615,0.0468051178303504,0.0502268529600345,0.00848569671787291,0.0365622857664118,1.06091875492804e-14,-1.65972126537355e-15,-2.53014877988925e-15,1.67320322595497e-15,-1.77481451554896e-15,1.14156091952291e-15,3.29998492851789e-15,-1.20899697771717e-16,-2.50373257557737e-16,1.39962494937948e-15,2.3484654940283e-16,-5.27139805603116e-16,-1.39910656982156e-16,-1.69190866305886e-16,-2.5843745265226e-16,-3.9096962458137e-16,-3.6121422257488e-16,-5.01438328950426e-16,"Cosmo AF1b","KY210287"
"KY210288",2.71132974918015,-4.37117576864642,1.84603692697444,0.162648025191724,1.40358370818685,1.17448921721018,-0.3869210877246,0.542875108673233,0.37089593011448,1.03543168881213,-0.460219340600273,0.676803207854208,-0.275728846471454,0.177346068617504,-0.802876540718552,-0.0915035230939643,-0.125533083183986,-0.259883009131954,0.117190997464435,-0.17800456714998,-0.0096928493185976,0.12039963867432,-0.857893569856389,0.0607136150784511,-0.236928234207995,-0.293005978549519,0.0606342057916349,0.245203271314635,-0.079779160561177,0.0386740251054206,0.0147563872245268,0.054832666186606,0.0793472105485126,0.0406301913077715,-0.150966602691546,-0.0642987799849902,-0.126065334622615,0.0468051178303504,0.0502268529600345,0.00848569671787291,0.0365622857664118,1.06091875492804e-14,-1.65972126537355e-15,-2.53014877988925e-15,1.67320322595497e-15,-1.77481451554896e-15,1.14156091952291e-15,3.29998492851789e-15,-1.20899697771717e-16,-2.50373257557737e-16,1.39962494937948e-15,2.3484654940283e-16,-5.27139805603116e-16,-1.39910656982156e-16,-1.69190866305886e-16,-2.5843745265226e-16,-3.9096962458137e-16,-3.6121422257488e-16,-5.01438328950426e-16,"Cosmo AF1b","KY210288"
"KY210289",2.91078132199425,-4.03154560275429,1.75290299219567,0.493214215953559,1.65647680842411,0.982529234114592,0.0397226119911894,0.660325922333274,0.20823119369854,0.539183945208203,-1.10992706851447,0.647485233786743,0.49137017563541,-0.39967653654738,-0.0693640274096719,-0.155963513439743,-0.0529169248724246,-0.150789743991304,0.0277065501151086,0.101223893812324,0.0894993448498121,-0.121378045417485,0.0438906555915535,-0.0257119149436422,0.0420107475507788,0.0617148676579247,0.0495127166125438,-0.00773330966579929,-0.00102504590201659,-0.106316863923611,-0.0766199353318176,-0.0228084110132548,-0.0929049472916926,0.0333050241719904,0.0357949948571542,0.124045570710325,0.0439825018201813,0.002190067496295,0.0190700102517734,0.033859901427185,0.0540903399443399,1.16638994226743e-14,-1.21563205552349e-15,-1.28114787718595e-15,4.24202323251665e-16,-2.21890372539902e-15,2.41831739784184e-15,2.64425945459866e-15,5.25726498259639e-17,-7.98545875966408e-16,1.20533592007008e-15,-6.3525888465181e-17,-5.27139805603116e-16,-1.13277890401172e-18,5.28537386191453e-17,-3.69459755114776e-16,-3.88367539367405e-16,-3.6121422257488e-16,-3.34904875256653e-16,"Cosmo AF1b","KY210289"
"KY210290",2.91078132199425,-4.03154560275429,1.75290299219567,0.493214215953559,1.65647680842411,0.982529234114592,0.0397226119911894,0.660325922333274,0.20823119369854,0.539183945208203,-1.10992706851447,0.647485233786743,0.49137017563541,-0.39967653654738,-0.0693640274096719,-0.155963513439743,-0.0529169248724246,-0.150789743991304,0.0277065501151086,0.101223893812324,0.0894993448498121,-0.121378045417485,0.0438906555915535,-0.0257119149436422,0.0420107475507788,0.0617148676579247,0.0495127166125438,-0.00773330966579929,-0.00102504590201659,-0.106316863923611,-0.0766199353318176,-0.0228084110132548,-0.0929049472916926,0.0333050241719904,0.0357949948571542,0.124045570710325,0.0439825018201813,0.002190067496295,0.0190700102517734,0.033859901427185,0.0540903399443399,1.16638994226743e-14,-1.21563205552349e-15,-1.28114787718595e-15,4.24202323251665e-16,-2.21890372539902e-15,2.41831739784184e-15,2.64425945459866e-15,5.25726498259639e-17,-7.98545875966408e-16,1.20533592007008e-15,-6.3525888465181e-17,-5.27139805603116e-16,-1.13277890401172e-18,5.28537386191453e-17,-3.69459755114776e-16,-3.88367539367405e-16,-3.6121422257488e-16,-3.34904875256653e-16,"Cosmo AF1b","KY210290"
"KY210292",2.91078132199425,-4.03154560275429,1.75290299219567,0.493214215953559,1.65647680842411,0.982529234114592,0.0397226119911894,0.660325922333274,0.20823119369854,0.539183945208203,-1.10992706851447,0.647485233786743,0.49137017563541,-0.39967653654738,-0.0693640274096719,-0.155963513439743,-0.0529169248724246,-0.150789743991304,0.0277065501151086,0.101223893812324,0.0894993448498121,-0.121378045417485,0.0438906555915535,-0.0257119149436422,0.0420107475507788,0.0617148676579247,0.0495127166125438,-0.00773330966579929,-0.00102504590201659,-0.106316863923611,-0.0766199353318176,-0.0228084110132548,-0.0929049472916926,0.0333050241719904,0.0357949948571542,0.124045570710325,0.0439825018201813,0.002190067496295,0.0190700102517734,0.033859901427185,0.0540903399443399,1.16638994226743e-14,-1.21563205552349e-15,-1.28114787718595e-15,4.24202323251665e-16,-2.21890372539902e-15,2.41831739784184e-15,2.64425945459866e-15,5.25726498259639e-17,-7.98545875966408e-16,1.20533592007008e-15,-6.3525888465181e-17,-5.27139805603116e-16,-1.13277890401172e-18,5.28537386191453e-17,-3.69459755114776e-16,-3.88367539367405e-16,-3.6121422257488e-16,-3.34904875256653e-16,"Cosmo AF1b","KY210292"
"KY210293",2.91078132199425,-4.03154560275429,1.75290299219567,0.493214215953559,1.65647680842411,0.982529234114592,0.0397226119911894,0.660325922333274,0.20823119369854,0.539183945208203,-1.10992706851447,0.647485233786743,0.49137017563541,-0.39967653654738,-0.0693640274096719,-0.155963513439743,-0.0529169248724246,-0.150789743991304,0.0277065501151086,0.101223893812324,0.0894993448498121,-0.121378045417485,0.0438906555915535,-0.0257119149436422,0.0420107475507788,0.0617148676579247,0.0495127166125438,-0.00773330966579929,-0.00102504590201659,-0.106316863923611,-0.0766199353318176,-0.0228084110132548,-0.0929049472916926,0.0333050241719904,0.0357949948571542,0.124045570710325,0.0439825018201813,0.002190067496295,0.0190700102517734,0.033859901427185,0.0540903399443399,1.16638994226743e-14,-1.21563205552349e-15,-1.28114787718595e-15,4.24202323251665e-16,-2.21890372539902e-15,2.41831739784184e-15,2.64425945459866e-15,5.25726498259639e-17,-7.98545875966408e-16,1.20533592007008e-15,-6.3525888465181e-17,-5.27139805603116e-16,-1.13277890401172e-18,5.28537386191453e-17,-3.69459755114776e-16,-3.88367539367405e-16,-3.6121422257488e-16,-3.34904875256653e-16,"Cosmo AF1b","KY210293"
"KY210294",2.67854133347424,-2.53886432551669,-0.190247671373548,-1.6540349580647,-2.24914372525786,-1.76151991090434,-0.364654315645528,-1.10991677197365,-2.4286415397946,0.550052679371995,-0.359799417720721,-0.462621671007603,-1.17092113497485,0.00378122595655215,-0.300004694711353,-0.684471334713214,0.0512163562522508,0.00397916524479889,-0.0622141584415057,0.170352820422389,0.410130763651264,0.23145354885986,0.274501418886217,0.388572091998093,-0.266525070741505,-0.265322887814605,-0.0054893272871243,-0.23716164401695,0.181515020917746,-0.0317782569121592,0.122442050280894,0.351025793954442,-0.0136035148739199,-0.131674377698113,0.0411858221588985,0.0217111087188598,-0.00567218594604698,0.0639717081971543,-0.024320004545861,-0.0429441342850981,-0.0643825503253137,1.30711938425605e-14,-5.16538494704836e-16,-2.94648241412368e-15,9.23802684332986e-16,-2.21890372539902e-15,-1.41195203711495e-15,3.00941874629178e-15,5.10539647483841e-16,4.92088390160337e-16,3.26628503097536e-17,4.13523067428441e-16,-2.9121741287027e-16,6.82561601350606e-17,3.10460174801701e-16,-1.00794456772868e-16,-5.09638232899163e-17,3.07770738024982e-18,-2.86332617929302e-16,"Cosmo AF1b","KY210294"
"KY210295",2.71132974918015,-4.37117576864642,1.84603692697444,0.162648025191724,1.40358370818685,1.17448921721018,-0.3869210877246,0.542875108673233,0.37089593011448,1.03543168881213,-0.460219340600273,0.676803207854208,-0.275728846471454,0.177346068617504,-0.802876540718552,-0.0915035230939643,-0.125533083183986,-0.259883009131954,0.117190997464435,-0.17800456714998,-0.0096928493185976,0.12039963867432,-0.857893569856389,0.0607136150784511,-0.236928234207995,-0.293005978549519,0.0606342057916349,0.245203271314635,-0.079779160561177,0.0386740251054206,0.0147563872245268,0.054832666186606,0.0793472105485126,0.0406301913077715,-0.150966602691546,-0.0642987799849902,-0.126065334622615,0.0468051178303504,0.0502268529600345,0.00848569671787291,0.0365622857664118,1.06091875492804e-14,-1.65972126537355e-15,-2.53014877988925e-15,1.67320322595497e-15,-1.77481451554896e-15,1.14156091952291e-15,3.29998492851789e-15,-1.20899697771717e-16,-2.50373257557737e-16,1.39962494937948e-15,2.3484654940283e-16,-5.27139805603116e-16,-1.39910656982156e-16,-1.69190866305886e-16,-2.5843745265226e-16,-3.9096962458137e-16,-3.6121422257488e-16,-5.01438328950426e-16,"Cosmo AF1b","KY210295"
"KY210296",2.71132974918015,-4.37117576864642,1.84603692697444,0.162648025191724,1.40358370818685,1.17448921721018,-0.3869210877246,0.542875108673233,0.37089593011448,1.03543168881213,-0.460219340600273,0.676803207854208,-0.275728846471454,0.177346068617504,-0.802876540718552,-0.0915035230939643,-0.125533083183986,-0.259883009131954,0.117190997464435,-0.17800456714998,-0.0096928493185976,0.12039963867432,-0.857893569856389,0.0607136150784511,-0.236928234207995,-0.293005978549519,0.0606342057916349,0.245203271314635,-0.079779160561177,0.0386740251054206,0.0147563872245268,0.054832666186606,0.0793472105485126,0.0406301913077715,-0.150966602691546,-0.0642987799849902,-0.126065334622615,0.0468051178303504,0.0502268529600345,0.00848569671787291,0.0365622857664118,1.06091875492804e-14,-1.65972126537355e-15,-2.53014877988925e-15,1.67320322595497e-15,-1.77481451554896e-15,1.14156091952291e-15,3.29998492851789e-15,-1.20899697771717e-16,-2.50373257557737e-16,1.39962494937948e-15,2.3484654940283e-16,-5.27139805603116e-16,-1.39910656982156e-16,-1.69190866305886e-16,-2.5843745265226e-16,-3.9096962458137e-16,-3.6121422257488e-16,-5.01438328950426e-16,"Cosmo AF1b","KY210296"
"KY210299",2.91078132199425,-4.03154560275429,1.75290299219567,0.493214215953559,1.65647680842411,0.982529234114592,0.0397226119911894,0.660325922333274,0.20823119369854,0.539183945208203,-1.10992706851447,0.647485233786743,0.49137017563541,-0.39967653654738,-0.0693640274096719,-0.155963513439743,-0.0529169248724246,-0.150789743991304,0.0277065501151086,0.101223893812324,0.0894993448498121,-0.121378045417485,0.0438906555915535,-0.0257119149436422,0.0420107475507788,0.0617148676579247,0.0495127166125438,-0.00773330966579929,-0.00102504590201659,-0.106316863923611,-0.0766199353318176,-0.0228084110132548,-0.0929049472916926,0.0333050241719904,0.0357949948571542,0.124045570710325,0.0439825018201813,0.002190067496295,0.0190700102517734,0.033859901427185,0.0540903399443399,1.16638994226743e-14,-1.21563205552349e-15,-1.28114787718595e-15,4.24202323251665e-16,-2.21890372539902e-15,2.41831739784184e-15,2.64425945459866e-15,5.25726498259639e-17,-7.98545875966408e-16,1.20533592007008e-15,-6.3525888465181e-17,-5.27139805603116e-16,-1.13277890401172e-18,5.28537386191453e-17,-3.69459755114776e-16,-3.88367539367405e-16,-3.6121422257488e-16,-3.34904875256653e-16,"Cosmo AF1b","KY210299"
"KY210300",2.91078132199425,-4.03154560275429,1.75290299219567,0.493214215953559,1.65647680842411,0.982529234114592,0.0397226119911894,0.660325922333274,0.20823119369854,0.539183945208203,-1.10992706851447,0.647485233786743,0.49137017563541,-0.39967653654738,-0.0693640274096719,-0.155963513439743,-0.0529169248724246,-0.150789743991304,0.0277065501151086,0.101223893812324,0.0894993448498121,-0.121378045417485,0.0438906555915535,-0.0257119149436422,0.0420107475507788,0.0617148676579247,0.0495127166125438,-0.00773330966579929,-0.00102504590201659,-0.106316863923611,-0.0766199353318176,-0.0228084110132548,-0.0929049472916926,0.0333050241719904,0.0357949948571542,0.124045570710325,0.0439825018201813,0.002190067496295,0.0190700102517734,0.033859901427185,0.0540903399443399,1.16638994226743e-14,-1.21563205552349e-15,-1.28114787718595e-15,4.24202323251665e-16,-2.21890372539902e-15,2.41831739784184e-15,2.64425945459866e-15,5.25726498259639e-17,-7.98545875966408e-16,1.20533592007008e-15,-6.3525888465181e-17,-5.27139805603116e-16,-1.13277890401172e-18,5.28537386191453e-17,-3.69459755114776e-16,-3.88367539367405e-16,-3.6121422257488e-16,-3.34904875256653e-16,"Cosmo AF1b","KY210300"
"KY210303",2.63812703751067,-4.39284866546688,1.63579744367353,0.45209484243129,1.52611502268838,0.632401783795262,0.199353711556488,0.222285641604407,0.609680278515468,1.05215844575876,-1.29818665702161,0.530089281633201,-0.440568123648618,0.0186784947311396,-0.370099678103787,0.123454767114317,-0.338823543117597,-0.00152757474257566,-0.651603570317775,0.282792880964514,0.340440924740461,0.107459771646328,0.030995473648903,-0.301541246518526,0.151927530693046,-0.272770891483807,-0.298150862802876,-0.198216433974368,-0.0684346606702202,0.129142627002703,-0.0317337593739102,-0.126947428957273,0.0156818686430117,-0.0282176308326696,0.111650370357153,0.0224140363348722,-0.0132821643724416,-0.0836896995412195,0.142876280728678,-0.0427199073671163,-0.0476794248179919,1.26075889936057e-14,-1.00399579145432e-15,-2.28034859934859e-15,1.53442534787682e-15,-3.38463790125543e-15,2.02973933922304e-15,2.69716852061595e-15,-4.26211029543635e-16,-4.9323454419449e-16,6.50224407757497e-16,-1.2292600643216e-15,-8.60206712990663e-16,-9.44822349835395e-16,1.08364889850403e-16,-4.52726481961662e-16,-4.4561341407464e-16,-5.83258827499911e-16,-3.34904875256653e-16,"Cosmo AF1b","KY210303"
"KY210304",2.51461955029397,-2.59518270479205,0.131374266837819,-1.38512663142271,-2.07514334084825,-1.97060379836953,-0.411836932260025,-1.25817934148222,-2.44519851843102,0.446037965247927,-0.15560297695969,-0.89199900912669,-0.960685165286698,0.0436696099691349,-0.274361965083084,-0.46141215686495,0.0737842731074548,-0.0921765608203385,-0.257463621242651,-0.251979056355628,0.55566302952146,0.288258671214374,0.15997770088799,0.37598390697723,-0.22527672956478,-0.14239107863144,-0.0460529993210273,-0.116525414046813,0.0536873553381001,-0.0321964062172611,0.113507731756387,0.270077208984965,-0.095091422054295,-0.0979087067083834,0.0207503519255555,0.165610499904595,0.0921979707195421,-0.0708103617153497,0.0235416063629829,-0.0199590255975529,-0.110259264771681,1.25715934814792e-14,-6.90010842302517e-16,-3.21016038247216e-15,8.40535957486099e-16,-2.16339257416776e-15,-1.30092973465243e-15,3.15860496522578e-15,-4.33149923447542e-16,-2.29556575846015e-16,-5.77959813234083e-16,5.80056521122214e-16,-4.14172323296098e-17,5.67856521216381e-16,2.54949023570443e-16,-2.11816759235383e-16,-1.06474974521174e-16,3.07770738024982e-18,-3.97354920391818e-16,"Cosmo AF1b","KY210304"
"KY210307",2.91078132199425,-4.03154560275429,1.75290299219567,0.493214215953559,1.65647680842411,0.982529234114592,0.0397226119911894,0.660325922333274,0.20823119369854,0.539183945208203,-1.10992706851447,0.647485233786743,0.49137017563541,-0.39967653654738,-0.0693640274096719,-0.155963513439743,-0.0529169248724246,-0.150789743991304,0.0277065501151086,0.101223893812324,0.0894993448498121,-0.121378045417485,0.0438906555915535,-0.0257119149436422,0.0420107475507788,0.0617148676579247,0.0495127166125438,-0.00773330966579929,-0.00102504590201659,-0.106316863923611,-0.0766199353318176,-0.0228084110132548,-0.0929049472916926,0.0333050241719904,0.0357949948571542,0.124045570710325,0.0439825018201813,0.002190067496295,0.0190700102517734,0.033859901427185,0.0540903399443399,1.16638994226743e-14,-1.21563205552349e-15,-1.28114787718595e-15,4.24202323251665e-16,-2.21890372539902e-15,2.41831739784184e-15,2.64425945459866e-15,5.25726498259639e-17,-7.98545875966408e-16,1.20533592007008e-15,-6.3525888465181e-17,-5.27139805603116e-16,-1.13277890401172e-18,5.28537386191453e-17,-3.69459755114776e-16,-3.88367539367405e-16,-3.6121422257488e-16,-3.34904875256653e-16,"Cosmo AF1b","KY210307"
"KY210311",2.43840441698865,-3.13411557672667,-1.44414767644301,-2.00800522712749,-1.8916266276581,-2.00187762729967,-0.777048407852637,-0.696430072428332,-0.578162777400143,0.684341705234272,-0.297981315303544,0.113907471019565,1.44866351884313,0.252744559563168,-0.556567076600329,1.4854360262045,0.145153142893896,0.797976686887847,0.0453341442600659,-1.16557247518184,0.442317573821025,-0.427260785869015,1.00776043412154,-0.0522736110841054,0.619486933445975,0.357297204566203,0.109629962126121,0.219024098018587,-0.20962737941538,0.0951075935081554,-0.292579484184515,0.0516504453453429,0.394733082203535,0.233670440993231,-0.164854293187894,0.171771470949714,-0.0370951497812778,-0.0336278447026278,0.0500523714320941,-0.1120173780578,-0.0460016999356627,1.16368378692831e-14,-3.33303224817783e-15,-6.57947212908801e-15,2.35034115450022e-15,-4.85905730476616e-16,-1.70798946103241e-16,7.06756547291062e-16,-1.21721833926615e-15,9.2067753016969e-17,2.6888697276123e-16,9.07286706961978e-16,-4.57097130888629e-17,1.28954346821419e-16,2.84148474799446e-16,-4.27045111722533e-16,-1.93588166910719e-16,-4.00257789738057e-16,-4.96750218400151e-16,"Cosmo AF1b","KY210311"
"KY563717",3.09602329708318,-4.06243514217964,0.497684021971821,-1.81107889288444,-1.23429151969295,-0.697854060286429,-0.172021709762703,-0.290523776769095,1.93125950201352,-0.767930094074658,-0.73402963261592,-0.877923798697043,0.61134414786471,0.781251345904981,2.18300267845874,-0.120431340715453,-0.226729552297511,-1.86523434270517,-1.48539998846379,-0.845398496814112,0.225245072711023,1.32520493937507,0.10901016076854,0.0185454784567259,0.489498318035573,1.1317904031941,0.155832325661881,0.147378693107198,-0.169274076875002,0.298712621556917,-0.38823407827986,0.0007190137074432,0.152760772595544,0.131307763435828,-0.2056960122341,-0.256404542136986,0.453117453786025,0.0333226938392501,-0.296814187327735,0.234286159702687,0.0798084707154584,1.51188070899359e-14,-4.69218538170105e-16,-3.85610347037737e-16,-1.13171864233531e-15,1.41027050551018e-15,3.02238796206263e-15,4.06147825255739e-15,-1.16898921558855e-15,-1.30263251491281e-15,7.9546563060427e-16,6.01382811610035e-16,1.01120893003702e-16,-1.97073298425463e-16,4.22601781934497e-17,-5.45165525125684e-16,-4.53401274782793e-16,1.30016261141991e-18,-1.50387490889968e-16,"Cosmo AF1b","KY563717"
"LC029890",2.74441151527294,-2.23393835300258,0.704682493711908,-1.85018901961549,-0.424357150191712,-0.571417277521736,0.430089821467898,0.447771797398441,0.122355461320135,-0.563257325272112,2.23633605828518,-0.370729624881722,-0.257725614215667,-0.407070381186101,1.17736461571527,-0.477686660091031,1.2744521730489,-1.58464577893568,0.694549894820952,0.439899130227698,1.97347271816031,-0.663162099831032,-0.170291759811834,1.7198200264022,-0.503322887215803,0.650315261778502,0.961859320202888,0.584805354136492,0.155451947731362,-0.127211426516154,-0.405594946446639,-0.540998681348429,-0.147760100626237,0.0868652251732883,-0.45079512948591,-1.33667223887106,-0.390210431004002,0.112168267407844,0.212435027854288,0.498785485346477,-0.117690462491607,1.09936891405647e-14,-2.11265428282815e-15,1.22504878933164e-15,-3.08975166616305e-15,7.70198907613391e-15,-1.43043370487612e-16,3.91426025437218e-15,2.20712580231207e-15,1.79383148295022e-15,2.10010444208925e-15,-1.79367774513391e-15,4.19196178472921e-16,5.24471299344131e-16,-1.10471450815448e-15,-2.07060490925224e-16,4.14432411419152e-16,1.50950594753574e-16,-2.88800241717432e-16,"Cosmo AF1b","LC029890"
"MN726804",3.29817334063824,-3.10751013075258,-0.493038538660824,-0.514985295950731,0.957789386228404,0.408047475389436,-0.233624180740631,1.39906247678505,0.832298536644614,0.62803747547877,0.724392759284735,-1.62674780265032,-0.765572045930424,0.138891476522271,-0.294508181701408,0.354854537887522,0.85466441992419,0.558869236242609,-0.461897856377951,0.0862152808492752,-0.363267080838532,0.207802122868623,0.277381216074271,0.358418516078573,0.194331185475883,0.665644972719631,-0.379401666513226,-0.0143355483848417,0.0762119846791474,-0.24712338322858,-0.354339593038218,0.136516236968239,-0.191157485363465,-0.0462224020881463,0.0142020115909763,-0.196950155774688,0.148766914807705,-0.0299622248695173,-0.145735459331192,-0.0649382233995809,0.187271894228291,9.34956146528673e-15,-3.6008768349916e-15,-3.15117978428895e-15,-7.69287428220378e-16,-7.75613793386316e-16,3.13378948977554e-17,2.37581099669125e-15,-7.0029733874797e-16,-9.19976519284784e-16,2.21581234482657e-15,6.25159331497611e-16,2.79717067094625e-17,-1.94402307199804e-15,5.41547812261279e-17,-3.30753737557043e-16,-6.7443696311696e-17,-1.19220297676115e-16,-5.3662831713913e-17,"Cosmo AF1b","MN726804"
"MN726826",2.96201077435332,-2.96890469310752,-0.0213646806899352,-0.783903844499597,0.694720340165443,0.138887452880811,-0.596138183501546,1.26676080370352,1.04635665905604,0.0771450019917516,0.484706706141237,-1.65133171341307,-1.32260806685647,0.863989177424175,-0.669277151048364,0.765099453924182,0.272127748659762,0.708586978903714,-0.235682998120733,0.289461541922998,-0.370187487935414,0.212732735368585,0.207690142966844,0.15086463810579,0.0493786372345286,-0.0692628252610262,-0.410318349151474,0.0119850451019159,-0.101224248556977,0.106903847266358,-0.182736189171503,0.112423357263915,-0.113920139484832,0.102973362309635,-0.0324175105604389,-0.108706945923864,0.0459236685625737,-0.162251827496919,-0.161353588358977,-0.109257514517134,-0.144959052449145,1.15881571917385e-14,-2.75623669241554e-15,-2.05357858026452e-15,2.96428558943681e-16,-2.01246238933621e-15,-3.09576824181385e-16,2.62611965324215e-15,-5.68431759250824e-16,-4.09267331540328e-16,1.67878347786138e-15,3.03602937322049e-16,-1.91426485070915e-16,-2.82701445624306e-15,-1.87776121930037e-17,-3.68769244951437e-16,-7.30248853303305e-17,-3.67298043694498e-16,-2.63104650229525e-16,"Cosmo AF1b","MN726826"
"MN726827",2.9537955379207,-3.07628311605621,-0.154110644570949,-0.649066601255449,0.697976536378722,0.169024612883299,-0.762786953757713,1.25898592606658,0.949227571653188,0.0338400917536585,0.339025341716584,-1.71724145397943,-1.31162426340963,0.984413677822419,-0.74977038488282,0.627263913975452,0.388941923869141,0.60693124010611,-0.177923576603684,0.382078095710833,-0.378483887515852,0.168873260537863,0.130119811862973,0.0490155271445706,0.149662468804494,0.00402965460401192,-0.572167888860694,0.0662956482816492,0.095008802811754,0.305963596085749,-0.287128252602913,0.081504087187216,-0.550506250639388,0.152976382311825,-0.21288812685161,-0.124012925436911,0.0446048945690766,-0.143314558888957,-0.0734001903582409,-0.25251262380327,-0.292937324036842,1.15604016161229e-14,-2.47868093625925e-15,-2.37276769984425e-15,9.34806798103146e-16,-1.98470681372058e-15,-6.14888155953303e-16,2.57060850201089e-15,-1.03333765081261e-15,-2.42733877846555e-16,1.77592799251608e-15,-2.94639700654982e-17,1.00007058893189e-16,-3.06293684897591e-15,-1.87776121930037e-17,-3.41013669335808e-16,-1.28536036561588e-16,-3.67298043694498e-16,-1.5208234776701e-16,"Cosmo AF1b","MN726827"
"MT454631",3.02304052876485,-2.26653717353229,-0.347419000093202,-0.867288384301899,-0.337269903301778,-1.31019140317804,-1.58942298885365,1.25320186359579,2.94518526683971,0.180955071774623,1.87817116517615,-0.771312755904435,1.04963199084028,0.337691464318257,0.170557253396645,0.468876851269915,0.40670193507445,-0.695353612189204,-0.102085980570493,1.00273591576959,-0.237844086430848,0.725016751853538,0.670453964341495,-0.234034022581833,0.218316333094226,-0.608998608405125,0.423717799485858,0.105918606249306,-0.158571494224764,0.0698519327021124,0.54582264325625,0.280909242796894,0.16783730470887,-0.202738388994512,-0.120263933738743,0.129110153550041,-0.00548594062395888,-0.0479617894587559,0.0440819662228966,0.0204430383739034,-0.0484421721845636,1.47072439452604e-14,-3.78145555681322e-16,3.71701067364741e-15,2.01377457132865e-17,2.29844892521031e-15,6.07652883502911e-16,2.70156346760883e-15,9.43903978151201e-16,-1.42232843475521e-15,3.07207335238933e-15,-1.33977275800801e-15,6.0766014798893e-16,-2.77140293677504e-15,2.85555145699197e-16,-1.07960999070904e-16,9.4771343625878e-17,-2.06432973636803e-16,-3.06295763293383e-16,"Cosmo AF1b","MT454631"
"MT454634",3.32710958574726,-2.05509074875881,-0.23908142389012,-0.795059473764452,-0.336383041188211,-1.45678546602104,-1.29778727578246,0.89256906839957,2.68594229653315,0.0255674633053666,1.97270460451309,-0.882286781912346,0.966911480428857,0.143394812235368,-0.339686139010904,0.290755631867257,0.0985074608945094,-0.630655878557819,-0.405991701387372,0.979523483792668,-0.651712566117342,0.150944000828131,0.533642259543065,-0.00309494938759076,0.0920793203093653,-0.640848094467915,0.448377619403543,-0.0767391940674993,-0.0158586049670151,0.0449332725857806,0.406558110612569,0.165524865882118,0.0751020087886528,-0.245321787600914,-0.145881830149344,0.0709585009766162,0.0152412722562084,0.0124316444684783,0.0567836761399673,-0.00625136721636472,-0.0328561930606914,1.47627550964916e-14,9.36992297843693e-17,3.21741031256609e-15,1.65771670703539e-15,1.43802608112581e-15,-2.80525536197214e-16,2.91666917862995e-15,8.05126100073057e-16,-1.35293949571613e-15,3.25248459389092e-15,-1.45079506047053e-15,6.35415723604559e-16,-3.07671426854696e-15,2.85555145699197e-16,-5.24498478396464e-17,-1.62509588366376e-17,-2.06432973636803e-16,-1.3976230959961e-16,"Cosmo AF1b","MT454634"
"MT454635",3.7911614814878,-1.80363902885484,-0.271403270891878,-0.730571116475976,-0.579315439098211,-1.60903815717242,-1.04029511836416,1.19449459438217,2.61449887594982,0.208140354111993,1.97130074251476,-0.898446737841492,0.910198572168641,0.294839340415563,-0.431174141172883,0.0952860484562333,-0.0621051454732394,-0.967400565145189,-0.401797310235937,0.488512903796305,-0.444370444023797,0.0998863093784672,0.746984445149107,-0.800890456813814,-0.0272966179914696,-0.90605740877008,0.604166468495844,0.131726550280342,-0.0483419676332942,-0.198334587584293,0.511174733505757,0.235211379212523,-0.137655082214896,-0.187123217192216,-0.147813317945649,-0.106806474194194,0.0340403128563192,0.0836747987106982,0.0616409056852126,0.0275989976823349,-0.0206027489737791,1.46517327940291e-14,9.81877649484495e-16,2.85658782956292e-15,1.82425016072917e-15,2.29844892521031e-15,8.02969468059616e-17,2.51768277915528e-15,1.20758194649968e-15,-1.74151755433494e-15,2.96105104992682e-15,-1.8116175434737e-15,9.68482630992106e-16,-2.49384718061876e-15,5.07599750624228e-16,-5.24498478396464e-17,-2.43499734189599e-16,1.56116312882286e-17,-1.95273460830867e-16,"Cosmo AF1b","MT454635"
"MT454636",3.32710958574726,-2.05509074875881,-0.23908142389012,-0.795059473764452,-0.336383041188211,-1.45678546602104,-1.29778727578246,0.89256906839957,2.68594229653315,0.0255674633053666,1.97270460451309,-0.882286781912346,0.966911480428857,0.143394812235368,-0.339686139010904,0.290755631867257,0.0985074608945094,-0.630655878557819,-0.405991701387372,0.979523483792668,-0.651712566117342,0.150944000828131,0.533642259543065,-0.00309494938759076,0.0920793203093653,-0.640848094467915,0.448377619403543,-0.0767391940674993,-0.0158586049670151,0.0449332725857806,0.406558110612569,0.165524865882118,0.0751020087886528,-0.245321787600914,-0.145881830149344,0.0709585009766162,0.0152412722562084,0.0124316444684783,0.0567836761399673,-0.00625136721636472,-0.0328561930606914,1.47627550964916e-14,9.36992297843693e-17,3.21741031256609e-15,1.65771670703539e-15,1.43802608112581e-15,-2.80525536197214e-16,2.91666917862995e-15,8.05126100073057e-16,-1.35293949571613e-15,3.25248459389092e-15,-1.45079506047053e-15,6.35415723604559e-16,-3.07671426854696e-15,2.85555145699197e-16,-5.24498478396464e-17,-1.62509588366376e-17,-2.06432973636803e-16,-1.3976230959961e-16,"Cosmo AF1b","MT454636"
"MT454637",3.30956644741462,-2.43697430970959,0.00873801938217583,-0.634323431505463,-0.0906276558495954,-1.15255021159622,-1.52760772087346,0.963928063243589,2.83232810841269,-0.287323820677471,1.69601138326414,-0.769359094931712,0.898355167035779,-0.115324886747339,-0.0517136544760417,0.577455365925048,0.042696501412689,-0.230529080140513,-0.698778423726169,1.15454090410318,-0.611215447406428,-0.0904441154657187,0.593308554060801,0.136921114231291,0.16807378673815,-0.561038255436198,0.547951581454029,-0.124557135533541,0.358001189499772,0.0662065441429169,0.399541655270706,-0.142753938230414,0.215254288764791,-0.321967250247263,-0.158304065355647,0.111613512864835,0.0618609008026592,0.0437668720524094,0.0710869814837852,-0.0853540986126415,-0.0934251773769715,1.5484400062498e-14,6.07177378673504e-16,3.78639961268648e-15,2.07405034126983e-15,7.99647841966349e-16,3.30097127346622e-16,2.88197470911041e-15,6.94103797610541e-16,-1.0337503761364e-15,3.11370671581278e-15,-1.97815099716748e-15,2.19082089370125e-16,-3.36120891860716e-15,1.19021692005423e-16,-1.63472150302162e-16,-1.22069090871223e-16,-4.28477578561834e-16,-2.87400071370939e-17,"Cosmo AF1b","MT454637"
"MT454639",3.32710958574726,-2.05509074875881,-0.23908142389012,-0.795059473764452,-0.336383041188211,-1.45678546602104,-1.29778727578246,0.89256906839957,2.68594229653315,0.0255674633053666,1.97270460451309,-0.882286781912346,0.966911480428857,0.143394812235368,-0.339686139010904,0.290755631867257,0.0985074608945094,-0.630655878557819,-0.405991701387372,0.979523483792668,-0.651712566117342,0.150944000828131,0.533642259543065,-0.00309494938759076,0.0920793203093653,-0.640848094467915,0.448377619403543,-0.0767391940674993,-0.0158586049670151,0.0449332725857806,0.406558110612569,0.165524865882118,0.0751020087886528,-0.245321787600914,-0.145881830149344,0.0709585009766162,0.0152412722562084,0.0124316444684783,0.0567836761399673,-0.00625136721636472,-0.0328561930606914,1.47627550964916e-14,9.36992297843693e-17,3.21741031256609e-15,1.65771670703539e-15,1.43802608112581e-15,-2.80525536197214e-16,2.91666917862995e-15,8.05126100073057e-16,-1.35293949571613e-15,3.25248459389092e-15,-1.45079506047053e-15,6.35415723604559e-16,-3.07671426854696e-15,2.85555145699197e-16,-5.24498478396464e-17,-1.62509588366376e-17,-2.06432973636803e-16,-1.3976230959961e-16,"Cosmo AF1b","MT454639"
"MT454641",3.27654102508767,-1.87381136801955,-0.247854573236932,-0.676450979607638,-0.347789494454924,-1.41597341341329,-1.33587685926807,1.06777105816619,2.55376378385793,0.119374396872328,1.91511501311137,-0.802171030668966,0.95785303646155,0.299383074658243,-0.398351177219987,0.307209175037557,0.0652001333625977,-0.48299996520009,-0.438812733796215,0.882130130819709,-0.552489102571414,0.0710527951286029,0.449079264390055,0.0538899460912045,0.140828329126645,-0.495976148839668,0.402147149308638,-0.201515967667915,-0.0396532735750851,0.165131163065245,0.594457626679847,0.123974193698014,0.0390765846709902,-0.280842581331787,0.0179321869458512,0.100213375785252,0.0235475555951674,0.0539931184548304,0.0018568956805169,-0.0167132218506184,0.0310313466229349,1.44296881891041e-14,-6.27945736221982e-16,1.8851426830159e-15,2.15731706811671e-15,9.10670144428864e-16,-2.25014384965956e-16,2.12563527358453e-15,5.83081495148025e-16,-1.21416161763799e-15,2.91941768650337e-15,-1.39528390923927e-15,1.91326513754496e-16,-3.52080347839702e-15,2.85555145699197e-16,-5.24498478396464e-17,-1.62509588366376e-17,-2.06432973636803e-16,-1.3976230959961e-16,"Cosmo AF1b","MT454641"
"MT454643",2.66910717838479,-3.38307373799224,-0.00321727765544226,-1.16785940173346,1.42578607453661,-1.90065995953102,0.698805010854865,-0.246986498958587,1.62070599469791,-0.00762081743657943,2.38219402685941,0.848670025574293,0.809902452632939,-0.139462323473229,0.518648124323221,-1.46815410379693,0.368143533890231,1.15950924576666,0.150597070989478,-0.470996899133025,-0.887684850085341,-1.01630253558525,-0.091945867427511,0.820344998329776,-0.217543746109447,0.765677100208587,0.805284033196402,-1.13663145274686,-0.00997100611604844,1.21993836977484,0.621499845805523,-0.261066329363245,0.0692222095765817,0.518899684637372,0.32419715178288,0.172140892867694,0.408352723420109,-0.0606303604332504,0.0267091569335326,0.155047614484983,0.158630286888085,1.18821676487987e-14,-2.91635120095443e-16,-4.08048634630581e-15,4.27000688394393e-15,1.23163410733593e-15,-6.71296398448442e-17,3.65140057293929e-16,3.60040604926608e-16,-5.46757411047264e-16,5.48241027342953e-16,6.65117096932844e-16,-1.91427299482194e-15,-1.03912330458249e-15,-5.96173175282054e-16,-3.69430214992392e-16,-3.21045791464843e-16,-2.0652575553249e-16,-2.41265386676325e-16,"Cosmo AF1b","MT454643"
"MT454644",4.02475867720913,-2.75424262107719,0.0356814488217832,-2.55364951025449,-0.54880617755358,-2.06266457785491,-0.0918914306477254,0.940280286139864,1.19913994562374,-0.876339743788671,-0.0126362198450488,-1.70359180316291,1.36769730655349,0.537999079085169,1.92156942763552,1.13189756928051,-1.23794941119309,-0.592669552112999,1.47882313124961,0.420038117708769,0.313890185786528,1.01230136520111,-0.200263884200896,-0.225618714080384,-0.639964077364498,0.136517241002113,-0.214369236842268,-1.10933765162373,0.541890732838715,-0.656729429181787,-0.517198683089493,-0.0611109528013775,0.263844458160363,0.350247752322326,-0.517899409205474,0.0418733178241976,0.225314616507179,0.487785769202369,0.302991138226053,-0.102082569391185,-0.342610132844669,1.63400524170236e-14,9.18560242611341e-16,3.27812563422528e-15,5.6137147021805e-16,1.68782626166647e-15,-3.63792263044101e-16,3.32248605179127e-15,-1.14277342194651e-16,1.30639159295631e-15,4.93104639733298e-15,4.62712992974571e-17,2.54361154717905e-15,-2.03588018296088e-15,6.44209224357402e-16,-6.65728806706072e-16,-4.82891573874399e-16,9.49752303141675e-17,-6.51722575447265e-16,"Cosmo AF1b","MT454644"
"MT454645",2.8422670968584,-3.15850246098987,-0.140047591334233,-1.20752710041793,1.25893073875176,-2.06950152447608,0.846457002025967,-0.192015032591906,1.52076664894014,0.0958075462905693,2.26459224887643,0.841435078060487,1.00301855186297,-0.169918647381625,0.188942318208468,-1.57779288849653,0.185739986906328,0.898822432984327,0.193416736588519,-0.652922380699136,-0.75765527378051,-0.716180214280611,-0.00454448159189519,0.613072924672152,-0.279587336324877,0.704593997282966,0.731466094118555,-1.06096189552064,-0.267081388395701,1.1613814984012,0.626920114446358,-0.0460179322974866,-0.0424673005126837,0.531413019646879,0.356556064147561,0.0783515534531997,0.387573930757908,-0.0576647928085569,0.00923823387291678,0.116743531477409,0.128300309337124,1.17711453463362e-14,-3.47146271326701e-16,-4.49681998054024e-15,4.31164024736737e-15,1.25938968295156e-15,-9.48852154604731e-17,4.58815124996676e-16,4.98818483004753e-16,-7.41046440356666e-16,5.75996602958582e-16,8.59406126242246e-16,-1.63671723866565e-15,-9.62795471639506e-16,-3.74128570357023e-16,-2.58407912529876e-16,-3.33188855796681e-16,-9.55034530699739e-17,-2.96776537907583e-16,"Cosmo AF1b","MT454645"
"AF351828",3.89983926829103,4.89134532695422,-5.72082424743125,3.17800581450009,-0.466674763714244,-0.996812775142247,0.37401017932487,1.34035607908202,0.595538658344151,-0.872302244142057,-0.0276572640624777,1.3564012038979,-1.80580913284536,-0.136796525109171,-0.362443521314597,0.00366977415202576,0.706062235815265,0.68185180591708,-1.61714850584182,0.741332298288493,1.44230578449253,0.0161563155615186,0.853732954789788,0.571733848856476,1.21408910923335,-0.430595366232212,0.0248519712321844,0.275864107088793,1.08874083830069,0.268126461249915,-0.478466346440851,-0.081843231096073,0.364937870370074,-0.11271222358348,0.557818196774242,-0.611996112788191,-0.308684367001054,0.272309580778971,0.238909560736934,0.0564852686784983,0.405150593504789,1.52207107409518e-14,-6.94516701220449e-15,-1.72017821680487e-15,-1.88132256186983e-15,-1.47106506823593e-15,8.22783503331258e-16,-6.80273734544224e-15,9.15043697021938e-16,2.9301705358965e-15,1.22055479450121e-15,-2.93367517419829e-15,-2.43300606587279e-16,-4.41316046535738e-15,8.48499114500568e-16,-3.33163652322751e-16,-2.80523735268197e-16,4.55515196041472e-16,3.77102546137205e-16,"Bat LC","AF351845"
"AF351831",2.31992928174013,2.65672437078123,-3.69832410932222,3.44310323713821,-0.821962522747626,-2.76990146926853,-1.87138245488246,2.06850580066743,0.33686496778305,-1.122282962982,-0.83587620304396,2.02303388135185,1.44716771626599,3.04153837899532,-0.307869607585383,0.563987937810355,-0.976697425960789,1.70719648674352,0.0965340849628514,-0.192166115064409,1.08719817433764,0.235481938774451,2.25127324533397,-0.869397220765275,-1.42165581089939,0.245376686714662,0.0644283003034046,-0.614176361077356,0.834619042597128,-0.610127332443006,-0.0282558908284481,0.148555846740397,0.560711002082814,-0.661664172807428,-0.378463114363278,-0.122456071032462,-0.757220369173326,0.436102951107895,-0.10915895352076,-0.0781392702489949,0.147905975838325,1.21911359635733e-14,-5.95094472225682e-15,-5.71988503566642e-15,4.3647137994772e-16,-9.48953421818273e-16,-5.02570141122246e-16,-9.9664715561463e-15,1.88412410213063e-15,2.17722277789667e-15,2.23008194523709e-15,-9.72011381100929e-16,8.01949177298332e-16,-2.01506350124916e-15,1.14337590456973e-15,-1.81686746799918e-16,2.82555159900367e-16,1.01307762997489e-15,-5.01452154340774e-16,"Bat LC","AF351846"
"AF351832",2.07010360165635,3.88880593801218,-4.72928589882294,3.43965560982054,-1.20795892932904,-0.98159359627599,-1.59142922721402,-0.460433456656945,-0.222070482156952,0.49173227676243,-0.43961070237555,-0.287647009281312,0.489343195939786,1.40395119281333,-0.206026146131184,1.45343163696821,-1.74892857999513,1.8885691060052,-0.947120275658763,-0.420310232076583,1.69971677088203,0.274239655115386,0.149939209793033,0.0293814618667948,-0.351744366439691,-0.352705793120045,-0.521455037111709,-0.363458707048657,0.270034605942883,-0.672021747745798,0.0700596260557651,-0.284743780698362,-0.354584711016092,0.461130749353187,-0.134733750760924,-0.208497820235454,0.309370642125085,-0.96489872686822,-0.0421991321049524,-0.479082142442785,-0.29826383964342,1.40319914790387e-14,-3.88338007710542e-15,-2.14345074494321e-15,-2.60296752787618e-15,-2.83108827340175e-15,-3.97893107817254e-15,-7.62499627305525e-15,-3.3974788642564e-15,1.73694932569354e-16,-2.63717979631441e-16,-1.79396185048153e-15,1.53999512671688e-15,-3.17109845655798e-15,4.04409904650505e-16,-4.00058926365107e-16,-6.60428176507118e-16,6.5457471490981e-16,-2.7927344908552e-16,"Bat LC","AF351858"
"AF351833",3.4423398533621,5.06243888507222,-4.93818184140301,4.79710876185134,-0.50799048889484,-1.02959831503325,-0.307181581756957,0.751163352907364,0.0681563272313395,-1.01576596332778,-0.770388512688013,0.196670423704606,0.480843774690853,0.437706521325561,-0.380134437728094,-0.425692790011031,-0.602427935509341,0.474848147464866,0.13652955642004,-0.274333837543526,-0.0909979496665543,0.692403993080442,-0.038820335635208,0.268904388119164,0.277564588450525,0.619281507557572,0.0276259687474114,0.283464049017024,-0.634684639676941,-0.167921437958153,0.180188467425965,0.134361739092698,0.374899062235016,0.0417765792128083,0.19831161716756,0.14101949840661,0.106590280298596,0.598424452898059,-0.310593690855784,0.356632903200378,0.302461166799178,1.42540360839637e-14,-7.53323827056062e-15,-3.91980758434346e-15,-7.29466173821229e-16,-2.19271003424228e-15,-1.81399618015349e-15,-7.20866263882081e-15,1.01565765862859e-15,3.49170544912091e-17,1.54039443538444e-15,2.16120767474559e-15,8.18350160710527e-16,-1.92903644775859e-15,1.18503546884007e-15,1.77925909108063e-17,-6.36833007710963e-17,6.45901097529926e-16,-3.64274899408383e-16,"Bat LC","AF394883"
"AF351855",3.33553596831557,4.44018468049576,-5.71223688356759,4.97696475581666,-0.57854573547914,-1.38258521967569,-0.618813480229764,0.483018110355731,0.856912099116429,-1.0274951253893,-0.764788524214512,0.442127570777236,1.23460471746696,0.298492766531951,0.378824048174559,-0.965443945417078,-0.995076941964184,0.434259926732588,1.56152062587046,1.11927770161576,0.543972726650363,0.127911689025258,0.104769450330558,0.4352886316777,0.360158014454168,0.409282900397427,-0.786109963299452,-0.84503758699395,-0.404934932516731,0.595843166397308,-0.762608966843064,0.00672276254769651,0.149334255910957,-0.131334001860592,0.416512397758604,-0.571460116626324,0.189837265740768,-0.231032881461473,-0.293981535706464,-0.148286807549862,-0.331054719368491,1.37703848480157e-14,-8.11241017332392e-15,-1.2338901267904e-15,-3.11624229885278e-15,-6.15886514430726e-16,-3.22261655145388e-15,-7.05430452085024e-15,5.41448131724582e-16,3.68122803156856e-15,3.03369259548335e-15,2.37198941097586e-17,1.25991617495621e-15,-4.49224862494404e-15,9.5776049264021e-16,-6.99610124596244e-16,3.05865750147362e-17,7.71083705076128e-16,-4.31629534432707e-16,"Bat LC","AF394884"
"AF351861",3.75702841291722,3.82096928823669,-2.6955278597891,3.60137702361175,-1.06381909369899,-0.390644850022652,-0.389743127322847,1.36475751616255,0.704191926379444,-1.46192603452015,-0.0427254302149839,0.0757944403827586,0.0802370307195528,0.574051697675368,-0.988682977919902,-0.0787033574807233,-0.0814895699566447,0.377963205698747,-0.342272318819389,0.499711320944008,0.90187697078805,0.978933732507927,-0.858655267988839,0.0056044969622879,-0.574030337075631,0.13048849581735,0.314522841948298,-0.444455224952245,1.55810332683064,0.658896769987981,0.20720008218853,-0.367697099878518,-0.237705190209447,-0.150869969733138,-0.0603082613289568,0.0681538080326547,-0.174348339435088,0.157095493104024,-0.118263133848544,-0.287273689369442,0.202044058091105,1.52532368061264e-14,-3.82786892587416e-15,-7.83427539777392e-16,1.44934651200564e-15,-2.41475463916731e-15,-6.48262004297075e-16,-5.57108367749871e-15,-1.26029954185298e-15,2.4218965574353e-15,1.54039443538444e-15,-2.09927318225345e-15,-6.98282589895982e-17,-2.72007035280401e-15,5.39718335776696e-16,-5.76678802941848e-17,-5.47671150568626e-16,7.39576165232674e-16,-3.64121624487668e-17,"Bat LC","GU644712"
"AF351862",3.45702582280779,4.63171272525712,-5.2143583488422,3.26894504309273,-0.768706639628097,-0.629124106405494,0.00527569253722332,1.41040960397109,-0.227949714646486,0.00192379560853182,-0.974011049408214,-0.36035315401474,-1.44103911192934,-0.25271015931232,0.239383857793638,-0.847036085274606,0.424840681083676,-0.338122990840685,-0.219971557054582,-0.323253562372124,0.0963500667067173,-0.385239162558034,-0.399024140341772,0.452905409857891,0.899627730782808,0.0459644870018942,-0.0389214457065476,0.231122719624997,0.245307979305975,-0.364717536774059,0.0901646284292575,0.176458446891116,0.269582111613898,0.33599668158661,0.00643704306877527,0.114496124584379,-0.231011407052882,-0.06811416243889,-0.135774085035964,0.33262695402541,0.361174023363825,1.28575410952846e-14,-6.4468608875562e-15,-9.64172237351087e-16,-2.7566847587755e-15,-1.2353062720986e-15,-5.59377004722045e-16,-5.53195959362503e-15,-7.23008451214571e-17,2.51662312806835e-16,1.01308334395528e-15,2.42020253924872e-16,1.1165550158156e-15,-2.75068662330008e-15,9.27514043952345e-16,-2.58831144661407e-16,-1.05117269635901e-16,3.65188944036709e-16,-1.59346502322662e-16,"Bat LC","GU644713"
"AY039227",2.30456370758261,3.83385898060902,-3.28611500251974,2.77044735832171,0.453449152114455,-1.5479556629406,-0.571170966421328,1.30689598164376,0.403291020226698,-0.305920812693893,-1.6238450619322,1.37305009953407,2.00547101789047,1.90351930936544,-1.37076286801412,1.90852296865241,-1.238910214697,1.4028516780266,0.552917465330387,-0.0552049350210391,0.941724718347076,-0.429209515138791,0.785241816091144,0.0876219082682592,-1.38638809544283,-0.135791224406232,1.05040860667491,-0.535616915262192,-0.282403146920345,-0.925440514990438,-0.317283341251071,0.154648670835502,-0.0430803334448633,-0.327586623385969,0.282849477318735,-0.056157419759768,-0.362137825771814,-0.107730453430442,-0.10845086006591,-0.210488223211933,-0.262264734058402,1.46188972200594e-14,-4.72103467556772e-15,-3.97098192688478e-15,2.66265101389459e-16,-1.90127649027818e-15,-1.62317659779604e-15,-7.8396005405716e-15,-2.40498978413113e-16,1.73711446529345e-15,2.24021983266952e-15,-7.05422869306083e-16,1.90380262406923e-16,-1.64714388291236e-15,7.67671842541774e-16,-1.57441585217163e-16,-1.22772319171556e-16,1.08408140553994e-15,-9.6172450655652e-16,"Bat LC","GU644714"
"AY039228",3.89843647296599,4.77669362565893,-5.09942207173456,3.61496670277977,-1.37554205498581,-0.740183837971752,-0.31065760679982,0.905254588269735,0.332444933938445,-0.343662393269143,-1.07355860127817,0.529608388202588,0.366530311823019,-0.214238438079915,-0.314378466490606,-0.220281124253997,-0.270272926074072,-0.209863128304707,0.138229160909614,0.113680039484542,0.089710730184362,0.172380802296363,-0.510747601320159,0.384740332783144,0.459743057373799,0.233775376508697,-0.143622166480614,-0.00759632075644443,-0.311698474694528,-0.0320820020495249,-0.0653261860649456,0.0459580031973298,0.161116597916778,-0.171302711859097,-0.0583471751242634,0.0822748912651981,-0.0827745398691585,0.0358718237223959,-0.181465242763905,-0.11588190383154,0.142411537588222,1.39209691765762e-14,-6.13158170197136e-15,-2.17120632055884e-15,-1.63152238132917e-15,-1.77637640000785e-15,-2.20257423877229e-15,-5.72373934338466e-15,-5.38654575846626e-16,1.14514007911637e-15,2.06775037208139e-15,4.1260641096097e-16,9.848836144043e-16,-1.85270861481561e-15,1.09482984808927e-15,-2.24201333987958e-16,-1.71236156281658e-16,4.62020409076385e-16,-4.80501372298829e-16,"Bat LC","GU644715"
"AY039229",3.51054294779281,4.21406928576225,-4.04364933900302,2.56587021412123,-1.32179500703805,-0.938581326479696,-1.06613430792626,0.521757290861176,-0.0515738700896016,-1.15657544957696,-0.517276719710824,1.48989242274702,-0.491166874283792,0.316242001362888,-0.840973229088672,-0.40369622554242,0.77354003963038,1.05727360717012,-0.743544470191608,-0.292616407868398,-0.434846801898573,0.994788289850843,0.0775160302818021,0.162451329413053,-0.48731184038549,0.363661958440591,-0.141295323862775,-0.172322018593235,0.2341658024312,0.191183405885497,0.393190587748672,-0.00498381827073734,-0.134841360593965,0.215751803941273,-0.0557884443256994,0.364360711739081,-0.0349696643897768,0.11813011353806,-0.0331198746064029,-0.108434047250018,-0.0402256769953906,1.46981252938138e-14,-3.77235777464291e-15,-2.4210065010995e-15,1.00525730215558e-15,-2.52577694162983e-15,-6.48262004297075e-16,-5.50863363236354e-15,-6.68097903809347e-17,3.49170544912091e-17,9.29771771840602e-16,9.1220677204229e-16,4.29772102091722e-16,-2.29679782466567e-15,7.89518516317357e-16,-1.686901827567e-16,-2.96136246551988e-16,5.730427115389e-16,-4.80501372298829e-16,"Bat LC","GU644716"
"GU644652",3.23540434127224,4.28530760000781,-4.87130641246744,2.61783390875239,-1.66259179945807,-1.21977505400155,-0.564223507497169,0.101855712184104,0.814558297747431,-0.159383427472299,-0.397036784119029,-0.887622858926742,-0.579471519831168,0.999088331238661,-0.718971137576754,0.543667314363376,-0.17937258431136,0.676386659139386,-1.05294823642847,-0.674030941854749,-1.48000872161716,-0.602809177468568,-0.987110658978591,-0.424871291399873,-1.71227037301475,0.589074539664179,-0.79022219487706,-0.810562378448191,-0.284550532766024,-0.00682470697744825,0.494416167313367,-0.305545162035974,-0.309819737412335,-0.0541948666280998,-0.410539433328067,-0.0973315714562525,-0.17310162720297,0.334776288657809,0.0367529537709892,-0.0122047453580331,0.107119205373931,1.35377037086026e-14,-2.94413573508123e-15,-5.36494066004939e-15,4.81471005540065e-15,-1.27330659197458e-15,-4.75955664236211e-15,-6.13694234384605e-15,-9.40676741404251e-16,-6.64393346761941e-16,2.25707917645167e-15,-2.60899978587026e-16,2.08209621295963e-15,-3.76610860881803e-15,9.08672335073514e-16,-6.47761807875429e-17,4.43574457170842e-17,1.72863689674501e-16,-3.3322605969383e-16,"Bat LC","GU644717"
"GU644654",3.57426949542302,4.8486778138791,-4.61849110038934,3.27638311456859,-1.40125245266808,-0.784059688798918,0.41192376122583,1.26661104566314,0.226273579181761,-0.235626019070458,-0.790050323984769,0.548527936292274,1.00664176915283,-0.91184802356923,0.00991550502294962,-0.274865943042588,-0.253844500279472,-0.201916210718433,0.532375705010237,0.184800663346866,0.163464707807091,0.139101251065669,-0.423431470515447,0.773623825492647,0.55810996392356,0.215552221690392,-0.170353096569905,-0.366656725575172,-0.290200448056921,0.0906008682400233,0.00714115387997191,0.0380751141213348,0.0990216688238793,-0.394755208083428,0.0693011175219847,-0.119732654459271,0.0196081938554047,-0.0730980850113472,-0.322939235456502,-0.365290908147524,0.0181905302222891,1.38099468741137e-14,-6.13158170197136e-15,-8.38938691008649e-16,-2.20051168144956e-15,-1.02697585838587e-15,-2.61890787300673e-15,-5.31781405000609e-15,-4.83143424615368e-16,1.97780734758523e-15,1.92897249400324e-15,2.46072957267196e-16,6.51816707016754e-16,-2.38700344541646e-15,1.06707427247365e-15,-2.79712485219216e-16,-4.28666190593746e-17,6.28553862770158e-16,-3.13967918605056e-16,"Bat LC","GU644718"
"GU644655",3.9086516064989,4.77853011076399,-4.83289840958552,3.61192007049103,-1.71968762804339,-0.66366043752771,-0.720813458328098,1.03541236504168,0.290856777698626,-0.0779959385184471,-0.966818944997367,0.543519559462217,0.313854465354856,-0.438276955131168,-0.448359286964738,-0.262395874160514,-0.211747877440738,-0.328463542247297,0.0389740034738558,0.0239068103051172,-0.0937404873560508,0.334097067978651,-0.681707104312289,0.45961784183467,0.595483997957601,0.0935017807635933,-0.135069298183277,-0.00132767435480383,-0.228240194277338,-0.104407553215913,-0.0212619980650242,-0.0942507326281906,0.207361127518443,-0.245165983757962,-0.117019445236372,0.0382827009909251,-0.17023943739219,0.0556973846250976,-0.172859047836945,-0.158407104807645,0.150415620134713,1.39209691765762e-14,-5.93729267266196e-15,-1.83813941317129e-15,-1.40947777640414e-15,-1.6375985219297e-15,-2.20257423877229e-15,-5.35597796647758e-15,-5.38654575846626e-16,1.22840680596325e-15,2.12326152331265e-15,4.26484198768784e-16,9.848836144043e-16,-1.9429142355664e-15,1.06707427247365e-15,-2.51956909603587e-16,-1.72970879757635e-16,4.06509257845127e-16,-4.80501372298829e-16,"Bat LC","GU644719"
"GU644656",3.86316951958554,4.47451391820424,-5.05788373400611,2.93789417769574,-1.27482526690181,-0.174219495486533,0.380946854303346,0.026243414616874,0.0948650040899271,-0.744761936768406,-0.687337528346953,1.69489202169558,0.196141007736659,-0.534388674306863,0.438433860729545,0.0824665187035047,0.093736887776094,0.231811440284689,0.115680725041719,0.981529656402922,0.00731676558415086,0.0783878674455999,-0.268560526694383,-0.0942570050519882,-0.284881988075727,0.196067635874071,0.116580025248552,-0.420267237266272,-0.121173425503104,0.361624312445074,-0.00380250978733996,0.0188605088556806,0.14880992357676,0.0084917060067287,-0.00274429763763377,0.129907910363003,-0.119881169294165,-0.0362432353313391,-0.25178038766132,0.0775548302885837,0.103356237545542,1.44760806888888e-14,-4.32746928695549e-15,-1.81038383755566e-15,-3.03317894991843e-15,-8.32686829076466e-16,-1.7307294533066e-15,-5.37332520123735e-15,5.16057297547272e-16,1.39494025965703e-15,1.9844836452345e-15,-9.47416794204847e-16,5.96305555785496e-16,-4.09418682802905e-16,8.17274091932986e-16,-3.35223636450474e-16,-3.75933526446922e-16,4.06509257845127e-16,-4.80501372298829e-16,"Bat LC","GU644720"
"GU644657",3.40731438830685,3.96806818414859,-4.87938465506282,2.65520962200496,-0.161231084077388,-0.068703853671447,0.0617008241610598,2.0290696303473,-0.336318290966902,-0.434786162732378,-1.41592509620031,-0.389426695428134,-1.33705901953315,0.606001407194239,1.03308314332033,0.430522440944625,0.572520456724427,0.121388061851705,-0.527305461834505,-0.0495994870953189,-0.425104530204173,0.083540970343339,0.784536248069144,0.541021801650153,-0.0475192008966797,0.308416226598752,0.447286500436447,-0.449196815219556,0.112862577285826,-0.132408583857401,0.0216329503840139,-0.251578325955631,-0.439483769122017,-0.056920994509803,0.255797773215051,0.348775295542681,-0.240920916552878,-0.0193326928357051,0.628928849061105,0.354457286044241,-0.137713369407763,1.56066441238388e-14,-4.29753850082094e-15,-1.57999907132285e-15,-2.89546263685364e-15,-1.56837317948614e-15,8.83912927290658e-16,-6.06039973249446e-15,1.74029888467249e-16,-4.37022907155957e-16,1.29085594054607e-15,-1.51761975121863e-16,1.5051330744344e-15,-2.07761391462108e-15,1.14261975497347e-15,-3.78743904938304e-16,1.56822413667219e-18,5.11339396887755e-16,-4.68018860829286e-16,"Bat LC","GU644721"
"GU644658",2.79648385638556,4.10973219772335,-4.84286413684172,1.81576779277359,-0.00426432351306067,0.115298915373552,0.638943609812925,1.7155713394297,-0.907957370619262,-0.539906714748205,-0.710208100889202,0.679734642147086,-0.981515162964606,-0.57817924346289,0.751608329534672,0.707231823168101,0.219732535365828,-0.127207483767537,-0.256301034608766,-0.738707678952822,0.100895640053231,0.379430489030509,0.178607048541521,-0.0907954164778272,-0.792127912200774,-0.234882827424434,0.980523145489197,-0.0794904099458197,-0.172232629305742,-0.127966125853025,-0.116040362343733,0.144182363513319,-0.381150234064621,0.204621647281787,0.0714911811629644,0.280834450612224,-0.334516918008622,-0.0232113475493781,0.166186669853012,0.251338352383305,-0.258131738430881,1.48294880066012e-14,-2.5350594492285e-15,-2.19062173486669e-15,-3.22852954424119e-15,4.14502062203337e-17,1.0226908053688e-15,-4.68302929256888e-15,8.40163703242343e-16,-7.14578663312246e-16,9.5778903315852e-16,-3.18295428815637e-16,2.39331149413453e-15,1.63648816340955e-16,8.59859828389249e-16,-2.25871398617847e-16,-2.41293062500081e-16,6.83077021009459e-16,-8.184330029766e-16,"Bat LC","JQ685947"
"GU644659",3.30629201866404,4.24830537419192,-4.51183281500315,2.34336043391771,-0.972541867741639,-0.121557902764997,0.741302078804117,0.354648807605846,0.244442919402956,-0.460810228410112,0.15696384757663,1.20179663486729,-0.574793869541131,-1.21076169346867,0.648010312857977,0.632995509853963,0.0777129713470952,-0.333563863109518,0.232806369277849,-0.833897249812748,-0.67602590039539,-0.0112036775356653,-0.548746406926498,-0.213983711907552,-0.196156029287335,-1.0412276474584,0.68637730079915,0.204440570937661,-0.0583474484585808,-0.338333269012773,-0.0697579075498044,0.599047851044431,0.628018122176456,-0.0153082205482464,-0.272409785774042,0.0317982271858758,0.329191409482292,-0.319414422486643,0.100880461752261,0.128683707726704,0.0242577027318,1.40319914790387e-14,-2.1347788133208e-15,4.01828704172641e-15,-4.67075791124053e-15,1.19347019086444e-15,-1.17561794099402e-15,-2.78511777507995e-15,2.94012692622241e-16,2.5696165941624e-16,1.45712770853755e-15,6.06895440270372e-16,2.20612894149197e-15,6.93649965666942e-17,1.01156312124239e-15,-3.35223636450474e-16,-8.23492183248938e-16,7.39576165232674e-16,-3.69479069836314e-16,"Cosmo AM2a","AY854505"
"GU644660",3.68690076880445,3.89430497675127,-4.9616932995178,2.35736966409631,-0.439837537275458,-0.0597401180237038,0.954052349142214,0.763879133596561,1.08355188227334,-0.752499961410921,-0.0638320915679539,0.372985709503498,-0.366756049896874,-1.20506327488099,0.285840248597284,0.507848412043853,-0.223004087422422,-0.258270769646986,0.335392002396162,-0.219756065206102,-0.301208771274272,-0.234401759559091,0.00664393629255121,-0.286764612824074,-0.0867759118007281,-0.573330991535846,0.584785096678529,0.595447691760162,0.139238491872462,-0.268806554924016,-0.687285908004699,0.297586459388826,0.161252447299401,0.206587673024289,-0.535442936722774,0.0592365444086399,0.159274022431322,-0.283296679009617,0.0560903265148897,0.0691357835684036,-0.12334701430975,1.42540360839637e-14,-2.8980571427506e-15,3.96277589049515e-15,-3.53277931099975e-15,1.2489813420957e-15,-1.3421513946878e-15,-2.45205086769241e-15,2.94012692622241e-16,6.2672630106838e-17,2.42857285508456e-15,-3.92305281892269e-16,3.0943073611921e-15,-1.31147489031084e-15,1.03931869685802e-15,-3.35223636450474e-16,-6.53489282603211e-16,5.17531560307642e-16,-2.58456767373798e-16,"Cosmo AM2a","AY854525"
"GU644661",4.09626882092511,4.9627964444368,-4.53508918284563,3.69945656321991,-1.16975122489552,-0.328783975390712,-0.242460065304655,1.18119924032621,0.416123871507287,-0.662024886065816,-0.712803950720779,0.489042025684256,-0.445987467357187,0.0179240368246727,0.00924779410305402,0.529059838399427,0.342841541732702,-0.171354760211715,0.0345862799298404,0.198704106773187,-0.564578128146173,0.0566011429390385,0.117830256187209,0.0340385371679691,-0.171617181791659,-0.0402893929384083,0.200019370579882,-0.0443386743857513,0.303527574263472,0.061040321701156,0.637573292945472,-0.414564301517438,-0.373300561650833,0.199674840155968,0.0516235426354267,0.173070005838928,0.125382822531999,-0.00161153420313344,-0.17323978088336,-0.0682050813662512,0.0722467136621963,1.63634598307515e-14,-3.9527690161445e-15,2.51948595848245e-15,-1.67315574475261e-15,-1.4433094926203e-15,-1.59195157522846e-15,-5.78618938851983e-15,1.82990390159725e-16,-1.87127550433822e-16,1.29059425484378e-15,-1.19721697474551e-15,9.848836144043e-16,-3.64988213592758e-15,7.89518516317357e-16,-3.35223636450474e-16,-2.6838067093636e-16,5.17531560307642e-16,-3.69479069836314e-16,"Cosmo AM2a","AY854531"
"GU644662",4.06167467376037,4.4112550259561,-4.70141920267128,2.96168812123631,-0.856760692448618,-0.30396557281288,0.42521649068555,1.05528983022263,0.423917516659396,-0.620252634291136,-1.04883790839601,-0.0965231544307215,-0.824388929008592,0.201931116819852,0.451218851726922,-0.345099027201127,-0.0108196750411513,-0.12148570178612,-0.436103392352427,0.0864023206061707,-0.00206763420015245,-0.148669004916371,0.494003438855639,0.148765233123536,0.308246862219337,0.369696942941198,-0.115219108061635,0.221271679855818,0.339413758945498,-0.0260660759857095,-0.177064217667245,0.196072670797293,-0.0989703181864516,-0.08955176887501,0.0575842016455712,0.17723365664694,0.134597816389706,-0.260388968733859,0.445045199432717,0.212012803999042,0.169728576771281,1.36989245716512e-14,-5.46544788719627e-15,2.15773182385249e-16,-2.89440107184028e-15,-1.47106506823593e-15,-4.26217399372043e-16,-5.54679754883503e-15,-5.94165727077884e-16,1.18183781338096e-16,1.26283867922815e-15,-3.1482798889093e-17,1.42897282425436e-15,-2.35230897589693e-15,1.32034389996626e-15,-3.77290680742912e-16,-3.41239056927385e-16,5.93859393250622e-16,8.6906479266302e-18,"Cosmo AM2a","AY854544"
"GU644663",3.44897970117432,3.73429912823351,-5.05398517183197,2.70091733712303,-0.353540566837309,-0.0986403016739698,0.994290743779341,0.934674592440254,0.642779943870044,-0.0403443952863435,-0.311475648400022,0.233304699720029,-0.324873457691245,-1.60393896399663,-0.12185250041427,0.395889670423319,0.339376694135571,-0.108898377466066,0.216104342150245,-0.125805636443494,-0.0517539323773992,-0.0842681065628963,-0.153197625122198,0.177183256823486,-0.182598790884866,-0.545988178782859,0.561050953695521,0.283630056845335,0.0710442567242879,-0.248638656997228,-0.221544346471444,0.0635776224773568,0.21267820890653,-0.0960554296103121,-0.533948043770611,-0.0685328948062456,0.154071404607601,-0.327941613378314,-0.0914209242566443,0.167208106470518,-0.121214869915839,1.34870398850564e-14,-4.31113462133542e-15,3.03249515669471e-15,-3.04946919271196e-15,9.28268155546794e-16,-1.63057647503093e-15,-3.01387302082297e-15,4.83856244584712e-16,5.92701893910308e-16,1.63186791478038e-15,-7.83280016801869e-16,2.69439070344741e-15,-2.04340759383212e-15,6.9965185150973e-16,-3.16028071216784e-16,-2.74653190170788e-16,6.97292263400171e-16,-2.74841800199379e-16,"Cosmo AM2a","AY854546"
"GU644664",3.70357315254995,3.6139850311212,-4.84428126007447,3.39343492265758,-0.832387939920798,-0.951252324437052,0.322179872024162,1.43403758678102,0.257936454367641,-0.739663876074966,-0.62220824207346,-0.119171756239266,-0.360803034339586,0.742349823933964,0.676942822557335,0.48489548433423,0.0226534760440031,-0.826232500443104,-0.76523507652384,-0.607399119101448,-0.61668937593002,-0.548118320179182,0.666448664489085,-0.576394393611859,0.0855397469709503,-0.0665871817942337,1.33517532018729,0.279149431483247,-0.176410306306025,-0.438647793656886,-1.0762460420615,-0.433864109942655,-0.62618205498663,-0.537394372349976,-0.0256892731887543,0.303862927075011,0.541653865261605,0.0372707827094265,-0.251437708299296,0.0561664699164268,-0.0650006694654981,1.45871029913513e-14,-3.50867980629443e-15,-4.78116208005474e-16,-2.36704513514333e-15,5.54915906236591e-17,-1.09235121414714e-15,-4.75229419683765e-15,-6.49676878309142e-16,-1.29735057505898e-15,1.73468346469384e-15,-6.28227674625115e-16,2.87226275626707e-15,-1.78331967577654e-15,1.47993845975613e-15,-6.70242107748495e-16,-4.64404423721739e-16,6.85799737477393e-16,-5.7764588695353e-16,"Cosmo AM2a","AY854558"
"GU644665",3.1957483426742,3.69502766792756,-5.32321479183639,2.65554595069672,-0.477800579000657,0.0947968712941658,1.22315402010116,-0.039325621863267,0.219665898688162,-1.0629726125023,-0.215498988909837,1.14515331296242,0.220522935600843,-0.747804602353258,0.599009724364359,-0.0548934453648506,-0.431059072100322,-0.12000033856323,0.453243786746355,-0.153584654912681,0.523541841570591,-0.530074598108637,-0.43202783384568,-0.89137240048247,-0.187289705527418,-0.508455949162646,0.315429230603064,0.347050167983971,0.282269660639457,0.166904119563233,-0.720093631909772,-0.078921799750352,-0.0724932148013885,0.323583370028755,-0.225648669477593,0.105157237561767,0.306407294529209,-0.492280119989692,0.219665007830357,0.0487427184518746,-0.257769753949863,1.39209691765762e-14,-1.48252278635352e-15,4.6557336292591e-16,-3.31073470607472e-15,9.15914434708155e-16,-1.00908448730025e-15,-4.29085775222782e-15,-9.27232634465431e-16,1.20065123034762e-15,1.04079407430312e-15,-1.14170582351425e-15,2.37266239518575e-15,1.49877714077158e-15,8.72785243164243e-16,-5.15634877952062e-16,-9.70943678706966e-16,5.17531560307642e-16,-3.69479069836314e-16,"Cosmo AM2a","AY854567"
"GU644666",3.4892558253511,4.10472257642018,-4.57949654241352,2.51258750049407,-0.372006389436313,0.208214251015552,0.854939068812479,0.998420336219445,0.874541113187705,-0.558579360516281,-0.273760362740228,0.450454441985691,-0.261392957935821,-0.923171557209058,0.0508629569382563,0.5656824992293,-0.0879628489722047,-0.0672348810059222,0.300482163428268,-0.121654481883797,-0.188786261723724,-0.636900714044857,0.0411871714041683,-0.36513451602838,-0.056099185705661,-0.724697529530288,0.274083898751733,0.534606155594553,-0.173271653300002,-0.223105987159205,-0.714996810216922,0.458042335646099,0.176968964521449,0.293240139286294,-0.353510793944932,0.12810899009535,0.155574048923577,-0.213972214128862,-0.116033368041708,0.0824447951096263,-0.0313615200342607,1.36204283343632e-14,-3.92327871705289e-15,2.37550390997637e-15,-3.08869010114969e-15,1.38758317470546e-16,-1.48092927276594e-15,-3.18063472760267e-15,1.17070898072607e-16,9.56323761503974e-17,2.12412888505063e-15,-1.33831483971725e-16,2.37960128908965e-15,-1.38086382934992e-15,1.01286416384937e-15,-3.04757555403631e-16,-5.36395447974776e-16,3.28880382295165e-16,-3.03234317097449e-16,"Cosmo AM2a","AY854573"
"GU644667",3.56540596241858,5.01038571830793,-4.52765271084162,2.47035695978124,-0.0444989623158311,-1.0032408171827,0.114082871206656,1.91824508760311,-0.285043271944772,-1.518156272606,-0.542045184670033,0.819717070434481,-1.29085695617821,0.0326870841867703,-0.0667735284486993,-0.0507479102813315,0.494752697743433,0.402541625150703,-0.48406960456512,-0.403374598971989,-0.85328823445424,0.242843034479428,0.700334193523456,-0.392818160525148,0.372155354262756,0.814046350300179,-0.503655119243014,0.516035959208554,0.646195093513933,-0.0747546266018617,0.010763774148565,0.432713218585231,-0.156172794379458,0.103864078790754,0.258915953544305,0.465726781738742,0.261279762592732,0.184082281443836,-0.0231567261277105,-0.0943488882015758,-0.105496383557502,1.26528976688349e-14,-5.5111923210967e-15,-2.63034252495173e-15,-1.93663033518855e-15,-2.44775450506223e-15,7.18675185965427e-16,-5.88434195652113e-15,-6.22356379153468e-17,-2.91288728418327e-16,1.04071216202049e-15,1.18078045258629e-15,1.19052723591714e-15,-1.82077447193975e-15,1.34503750865203e-15,-3.56080666244212e-16,-4.23043613953199e-16,5.59013760137963e-16,-2.44031984471519e-17,"Cosmo AM2a","AY854576"
"GU644668",3.94944145187984,5.21438123014337,-4.86564646039694,3.82555060208707,-0.524521650470816,-1.09211679710262,0.361097086969183,0.981191795578473,0.599785778738373,-0.576853592188021,-0.776889105720099,0.246148842095679,0.0242958990418424,0.15777384020242,-0.130975030990163,0.747381716052425,0.429647216344641,-0.624165679569735,-0.693017903730041,-0.243314251684627,-0.00890971409093916,0.0438701200099245,0.0708812448126172,-0.444040604993712,-0.154946397133276,0.184553078483753,-0.10413892348081,-0.0173426618683394,-0.178536053826893,0.0846686301373128,0.597914810883911,-0.0826123189572429,-0.445341740521614,0.148125654234172,0.00656054421387144,-0.0552642254314492,0.182575160550284,-0.346441890320697,-0.0430255837349314,-0.182428697481703,-0.0751302909467264,1.52532368061264e-14,-4.13318025764608e-15,5.48840089772796e-16,-2.13112274241049e-15,-8.60442404692095e-16,-1.36990697030343e-15,-6.0498673568683e-15,-1.14927723939046e-15,-6.31216760283885e-16,8.18749469378087e-16,-2.04376203102219e-15,1.37346167302311e-15,-2.99068721505639e-15,1.09482984808927e-15,-3.35223636450474e-16,-4.47057188961971e-16,5.730427115389e-16,-4.24990221067572e-16,"RAC-SK SCSK","EU345002"
"GU644669",3.38219339271491,4.15644143959819,-4.65530608839139,2.19029120643989,-0.680526001344796,-0.126837933093598,0.88990540746052,0.443740920359869,0.301044500498067,-1.01299985412831,-0.043336189198469,1.24611500210309,-0.402808355038709,-0.971880541747471,0.714519627079451,0.604677124487483,-0.499301286197653,-0.267419936284052,0.0865412500476399,-0.386461705087293,-0.293415570271242,-0.241247065787617,-0.231202210644687,-0.553816294462086,-0.021647724494537,-0.361180416408718,0.27729703345718,0.76890345251813,0.147503508354754,0.0349397252412755,-0.463551583546936,0.366722278421713,0.126536493510639,0.123849639128372,-0.301872201526821,0.11511394296249,0.147951001327233,-0.199361793838322,0.0211693535145065,0.0169161666967429,-0.091428501525197,1.331903148361e-14,-3.2074795449995e-15,1.4219715149301e-15,-3.7129871745888e-15,7.44136690735091e-16,-1.0299260778192e-15,-3.37940125721062e-15,4.87866645471689e-17,4.17781789692196e-17,1.54031252310181e-15,-2.62509479426415e-16,2.52279486546732e-15,-3.05398447316891e-17,1.122992903727e-15,-3.56080666244212e-16,-7.28354945725117e-16,4.47991457675448e-16,-2.46447803372183e-16,"RAC-SK SCSK","EU345003"
"GU644670",3.33204603200171,4.5986938776203,-4.43450556115825,4.1006584816654,-0.222463002249398,-0.574418220708334,0.0864040160042842,1.04274029037223,1.0440073815654,-0.540134109673529,-0.604149793316077,0.716016281472425,-0.30253855262437,0.273650628670638,0.0191117265171281,1.07488375784395,0.66847650107688,-0.604954450452818,-0.380401934667867,-0.104067004424533,0.125488123189104,-0.341799283008676,-0.00242436046083653,-0.236152322121125,-0.220719505490351,0.411261546493301,-0.301163759558051,0.0372797284452339,0.0437349542908778,-0.425827610935499,0.481615214626217,0.177699976092491,-0.699752267862735,0.100765716803226,0.335160652661545,-0.270499919635797,0.00586207348009044,-0.551361804303731,-0.0962094542796033,0.0878407035413008,0.0534811690272875,1.30327907568761e-14,-4.96584752611495e-15,8.26395845929085e-16,-4.33769100385299e-15,6.38358678551866e-16,-4.26217399372043e-16,-5.86598666841476e-15,-1.12152166377483e-15,-5.20194457821369e-16,9.8528292307186e-16,-2.00212866759875e-15,1.31795052179185e-15,-2.5119035356868e-15,6.49005914763235e-16,-2.51306388300096e-16,-2.44094542272684e-16,9.35599918018053e-16,-2.61926214325752e-16,"RAC-SK SCSK","EU345004"
"GU644671",3.49040033724673,5.29621321928536,-5.5379813360147,2.78061304649173,-0.686833355542388,-0.654175117627676,-0.229927222310768,2.31276413958793,1.1315130505016,-0.71287337948365,-0.820233058641915,-0.495313643643795,-0.547095566857502,-0.668802034111934,0.037384172744305,-0.192378956518009,0.485293759142186,-0.0730552935885425,0.5328277003771,-0.556730025762393,-0.569160246685013,-1.0555648525883,-1.44642399170776,0.107968802889347,0.887799105258771,-0.114491114581463,0.321978300724594,0.0111797722149369,-0.340129774957653,-0.527263440632657,0.0533514578138357,0.132397625711195,0.231991180005404,-0.0554886818581572,0.0751822327962048,-0.0650933364687813,0.109008056872427,-0.0431087274605411,-0.0504193295916386,0.142737968495426,0.325844719147782,1.35879022691886e-14,-5.04911425296184e-15,7.1537354346657e-16,-4.65788205472754e-16,3.88558498011206e-16,-1.20337351660965e-15,-5.73761713119248e-15,-5.38654575846626e-16,9.23095474191334e-16,2.62286188439397e-15,9.1220677204229e-16,1.76203973164191e-15,-3.84417116523698e-15,1.45565233109245e-15,-2.79712485219216e-16,-7.40916416269572e-17,4.06509257845127e-16,-3.13967918605056e-16,"RAC-SK SCSK","JQ685938"
"GU644676",3.10152539871743,4.42261764716597,-3.73507438153779,2.24899474641044,-1.74509225520383,-0.366699277660563,-1.11747086968264,0.00308366136724027,0.454675030775941,-1.2399345802821,-1.10109786391832,1.52278177522957,-0.660359818396122,0.375558202035699,-0.703173854871815,0.0847756867048587,0.138787016212602,-0.439190447493387,-0.418666732689325,-0.327319202418744,-0.332052777788146,0.241074527359572,0.14739433167364,0.210244446010856,-0.280045506231738,1.05702544583132,0.0461214322620873,-0.356948296382527,0.0550651354502723,0.37537226542535,0.825437866540068,-0.0776090748870562,-0.15645722835872,0.172025893888578,-0.311292344776552,0.317928303537344,-0.202469560468978,0.180250268546849,-0.0689574549266994,0.00505478376943488,0.171268469531838,1.57615221377853e-14,-3.94300229881366e-15,-1.52011950032657e-15,6.30760409257123e-16,-2.0314208708278e-15,-6.96859170431648e-16,-5.29106652773706e-15,-1.73257940377862e-16,2.08311632662993e-16,5.96622952170428e-16,9.83130035767613e-17,-3.07180911705352e-17,-2.84773076971802e-15,6.73699523449007e-16,-1.38156029574625e-16,-1.48957304748863e-16,5.05237332382682e-16,-5.06656324768704e-16,"RAC-SK SCSK","JQ685968"
"GU644677",3.55527831911956,4.04806544333756,-4.61875207041112,2.90514302960637,-1.64021735885781,-0.390637923649106,-0.933120924176731,-1.0437879886655,0.0408361426612674,-1.17032455552526,-0.847951647455845,1.54130204482232,0.103008431339276,0.417911801355869,0.15619289317547,-0.633875515440814,0.130581086511402,0.404152989423643,-0.757117955922634,0.15291831564608,0.54224920482524,0.303803130727657,-0.240731987934988,0.14786704219559,-0.88850729482135,0.151187087951547,0.279627084350238,0.0924567231272922,-0.285529307102683,0.286324743984796,0.327376360518037,-0.0412719120917386,-0.0918736274032179,0.20311276222971,-0.257766331396073,0.286814569165925,-0.200561876273976,0.0270678271321972,-0.108091446123824,0.101335719096518,0.144244690458895,1.56973260159764e-14,-2.62050138659431e-15,-1.33853905208997e-15,-6.33323590461346e-17,-1.33228719015779e-15,-1.67521830207534e-15,-5.26924179267874e-15,1.82990390159725e-16,-4.9243888220574e-16,1.04079407430312e-15,-3.78427494084454e-16,5.96305555785496e-16,-1.04779692196237e-15,6.50740638239212e-16,-9.93012437176282e-17,-2.56237606604522e-16,2.95486955382611e-16,-7.02545977223861e-16,"RAC-SK SCSK","MW055084"
"GU644684",3.29532251644247,5.12882701140349,-5.22134057367794,3.84186185946671,-1.24304507045901,-1.35411542564944,-0.221374784408368,0.829187936514627,0.252833638495359,0.22717458094851,-0.657586335180689,0.472836901001145,0.00295557878049488,-0.0972084693642507,-0.290635664713916,-0.188767659574182,-0.288189570083879,-0.569378474449115,0.264704609687948,0.565956527706053,0.0301870051660314,0.157733286776328,-0.441482399572323,0.494265193497065,0.298247983687423,-0.112407212965523,-0.169485689908326,0.0470481474185737,-0.277354970344018,0.211768951321795,0.0862925078893783,-0.0580157645896232,0.132830985236075,0.141496436484046,-0.0112033641349506,-0.110529633627308,-0.0284242899478598,0.224599498845637,0.0945575531230549,0.292497434320853,0.00578225022823444,1.43650583864263e-14,-6.58954869962924e-15,-2.06018401809632e-15,-1.10416644463222e-15,-7.77175677845208e-16,-2.50788557054421e-15,-6.32395366607264e-15,6.82590751241046e-16,1.45045141088828e-15,1.9844836452345e-15,-5.72716523393857e-16,1.81755088287317e-15,-2.49108685397507e-15,1.03931869685802e-15,-1.686901827567e-16,2.3052873027744e-17,4.62020409076385e-16,-3.13967918605056e-16,"RAC-SK SCSK","MW055085"
"GU644689",3.26048829654154,4.99417506978405,-5.17039241187728,3.9654556984639,-1.60137175741678,-1.21711938975397,-0.663472220690267,0.86160367788755,0.179433055208983,0.545264320387376,-0.523238541074379,0.51089086412439,0.0699854604988017,-0.341959815730065,-0.482526096382853,-0.11305673525627,-0.154338920183629,-0.7530855188396,0.393020710507261,0.387452562699884,-0.300949478750645,0.226479753092316,-0.722477841994245,0.392637349434245,0.596911423244334,-0.414471319489656,-0.274993780435012,-0.111156768522752,-0.0949598591425772,0.327591570143225,0.107578123012904,-0.160615188487329,-0.00600756327978802,0.0402148889078759,-0.0486836670373019,-0.103875275269203,0.0207742818032876,0.310739644106051,0.186256504457375,0.158603799632115,-0.147788346858858,1.43650583864263e-14,-6.24260400443388e-15,-1.83813941317129e-15,-1.7435466150865e-16,-7.2166452661395e-16,-2.64666344862236e-15,-5.97353952392532e-15,3.49523843853499e-16,1.86678504512272e-15,2.12326152331265e-15,-5.44960947778228e-16,1.92857318533568e-15,-2.92823716992123e-15,1.01156312124239e-15,-1.54812394948886e-16,-6.36833007710963e-17,5.17531560307642e-16,-2.58456767373798e-16,"RAC-SK SCSK","MW055086"
"GU644690",3.25027316300864,4.99233858467898,-5.43691607402632,3.96850233075263,-1.2572261843592,-1.29364279019801,-0.253316369161989,0.731445901115609,0.221021211448802,0.27959786563668,-0.629978197355185,0.496979692864761,0.122661306966965,-0.117921298678812,-0.348545275908722,-0.070941985349753,-0.212863968816964,-0.634485104897011,0.492275867943018,0.47722579187931,-0.117498261210232,0.0647634874100273,-0.551518339002115,0.317759840382719,0.461170482660532,-0.274197723744553,-0.283546648732349,-0.117425414924393,-0.178418139559767,0.399917121309613,0.0635139350129828,-0.0204064526618082,-0.0522520928814535,0.114078160806741,0.00998860307480677,-0.0598830849949298,0.108239179326319,0.29091408320335,0.177650309530416,0.20112900060822,-0.155792429405349,1.43650583864263e-14,-6.43689303374328e-15,-2.17120632055884e-15,-3.96399266433682e-16,-8.88197980307724e-16,-2.64666344862236e-15,-6.33783145388045e-15,3.49523843853499e-16,1.78351831827583e-15,2.03999479646576e-15,-5.72716523393857e-16,1.92857318533568e-15,-2.83803154917043e-15,1.03931869685802e-15,-1.686901827567e-16,-6.02138538191427e-17,5.730427115389e-16,-2.58456767373798e-16,"RAC-SK SCSK","MW055087"
"GU644695",3.61447171349209,4.78276296710499,-5.19464011301267,4.0088634313815,-1.43202285937595,-0.742711989938259,-0.396610391243372,0.834198735570997,0.15186987676255,-0.264573483566922,-1.00934630492353,0.466436583334149,0.378901858902886,-0.259519003682539,-0.359756702468113,-0.0174836586421114,-0.494306223326105,-0.251753246562193,0.595148855421264,0.218790976852753,-0.0684699248852772,0.224515270769969,-0.426011330781734,0.323750710022425,0.436255402843245,-0.0681471990269725,-0.125970333166115,-0.0997293370100393,-0.141089080705384,0.226531020466358,-0.05247657231112,-0.0120333116164403,-0.0774978052112478,0.0843035768222421,-0.00178678042892631,-0.00452560621754674,0.189338157167285,0.440853352985171,0.105398306115393,0.113571266649956,-0.266053394266904,1.49201698987388e-14,-6.20097064101044e-15,-2.28222862302135e-15,7.544551903201e-17,-1.4433094926203e-15,-2.17481866315666e-15,-6.05680625077221e-15,3.49523843853499e-16,1.81127389389146e-15,2.28979497700642e-15,4.1260641096097e-16,1.70652858041065e-15,-2.86578712478606e-15,1.09482984808927e-15,-1.13179031525443e-16,-1.98991731897287e-16,5.730427115389e-16,-2.58456767373798e-16,"Bat TB1","AF351849"
"JQ685925",3.26048829654154,4.99417506978405,-5.17039241187728,3.9654556984639,-1.60137175741678,-1.21711938975397,-0.663472220690267,0.86160367788755,0.179433055208983,0.545264320387376,-0.523238541074379,0.51089086412439,0.0699854604988017,-0.341959815730065,-0.482526096382853,-0.11305673525627,-0.154338920183629,-0.7530855188396,0.393020710507261,0.387452562699884,-0.300949478750645,0.226479753092316,-0.722477841994245,0.392637349434245,0.596911423244334,-0.414471319489656,-0.274993780435012,-0.111156768522752,-0.0949598591425772,0.327591570143225,0.107578123012904,-0.160615188487329,-0.00600756327978802,0.0402148889078759,-0.0486836670373019,-0.103875275269203,0.0207742818032876,0.310739644106051,0.186256504457375,0.158603799632115,-0.147788346858858,1.43650583864263e-14,-6.24260400443388e-15,-1.83813941317129e-15,-1.7435466150865e-16,-7.2166452661395e-16,-2.64666344862236e-15,-5.97353952392532e-15,3.49523843853499e-16,1.86678504512272e-15,2.12326152331265e-15,-5.44960947778228e-16,1.92857318533568e-15,-2.92823716992123e-15,1.01156312124239e-15,-1.54812394948886e-16,-6.36833007710963e-17,5.17531560307642e-16,-2.58456767373798e-16,"Bat TB1","AF394876"
"AF351845",0.320020575792778,2.48593328288813,3.1811253146941,5.43385597486148,4.63830791149715,-0.0534688953522271,-0.888140193758274,-1.711524421981,-1.40774645738033,-0.385712837914298,0.17839230903478,-1.7743089456522,-0.484568820056536,-0.400588995462455,0.230049272237765,-0.3057393157539,-0.380949151825919,0.0988852546850525,-0.274971942845047,-0.129613957066621,-0.788233345525613,-0.0168004722052196,-0.457920947882036,0.32649220005567,0.0531827626266373,-0.516073641840063,-0.236040912268064,-0.657001513393833,-0.110438548996857,-0.0586185039702883,-0.157222158508924,-0.0967598744072843,-0.227618890325076,0.103079506432839,0.292779080851194,-0.0817346283552701,-0.0313659127777254,0.123075233195626,0.143956619375736,-0.0666481915998041,-0.07004287685138,1.29181723578857e-14,-4.79833625611386e-16,4.63236759072063e-15,-1.62604723521656e-15,-2.93703682224041e-15,-6.92854013727046e-16,5.02122572555243e-18,2.32714511634253e-16,-2.10174429008398e-15,1.67395182350016e-16,-5.78376548018133e-16,4.97331434967681e-16,-7.54432775003788e-16,3.21877951299806e-17,-2.20683482706981e-16,-5.72945908329961e-16,1.80701239065087e-16,-1.86116199803485e-16,"Bat TB1","GU644760"
"AF351846",0.219313051641282,2.51619330515913,2.49267881447177,4.8510623224107,4.84160591371466,0.349646752621597,-1.82315619922412,-1.3168924231228,-1.28556110673661,0.0986167458827406,0.869620173567518,-1.10827185003437,-0.0379476394892968,-0.379776978931226,0.299819550623806,0.160394847938083,0.062013737971903,0.427352218530175,-0.206573226072876,-0.781777219767861,0.23159193877657,-0.304519680759347,0.036945774776073,-0.33866912408004,0.396853323034356,-0.162115206487959,0.271472859227679,-0.437853671743782,-0.307673313460903,0.0491222393913992,0.0849220104173383,0.180337925772006,0.0644808233256789,-0.0616723101682351,0.180745499005326,0.313750631826106,-0.0986228684588661,-0.253559424809973,-0.27269422773945,-0.156979982170584,0.30023878651939,9.58750328401018e-15,-2.22843488939601e-15,1.5237431217702e-15,-4.12404904062316e-15,-2.1598807050028e-15,2.50835557204338e-16,-1.69153833377976e-15,-8.77508512990903e-16,-2.68461137801219e-15,-9.15072266659512e-16,-6.33887699249391e-16,-3.90846984732444e-16,7.58246096047988e-16,8.76989463612385e-17,-4.70483663247641e-16,-5.88558419613752e-16,1.2519008783383e-16,-6.85716560884806e-16,"Bat TB1","GU644761"
"AF351858",-0.340155134690417,1.70772051907307,2.20889261459555,5.03192940650947,6.11477691224761,-0.450648705503631,-2.36101162985622,-1.73456378646944,-2.05564116740472,-0.320297451562077,0.274840953734418,-0.982588432641003,-0.599285333181397,0.341110571927887,0.45763228655962,-0.236665217777558,0.26970098781308,0.687439644037943,-0.00763679703106414,-0.523360754585836,-0.604713346850742,-0.371475635796612,0.0156080533841311,-0.290392888486965,1.21668635648573,-0.0873591239878793,-0.61494926540293,0.367708395734091,0.275205002318132,0.0568372085504564,0.317191844411257,0.0993296243820053,-0.00147461953723329,-0.821113749506503,0.0905130486236313,0.173929739869705,0.126173488736817,0.301289576784354,-0.386098858604481,-0.224524756043391,0.163435354638823,8.24775465946984e-15,-3.55430572612853e-15,1.96002607597836e-15,-2.50381731406083e-15,-3.29785930524359e-15,-4.15298257570756e-16,-2.07263539740842e-15,4.14612484078105e-17,-1.68519381541505e-15,-1.32668962144363e-15,-8.70161234477022e-17,-1.15025952052132e-16,5.91525352293345e-17,4.47057756431559e-16,-5.29355841213604e-16,-1.27013554786673e-16,2.45219161185504e-17,-1.67332397165174e-16,"Bat TB1","GU644762"
"AF394883",0.281991004140545,1.64729824831711,2.51399176257531,5.27724255872912,4.47923847115833,-0.201513216309839,-1.78462297065351,-1.9467383686238,-2.41828207409868,-0.240536446538163,1.12183089592366,-0.761408922254743,0.184649016819034,-0.245078166265204,1.29381843722609,1.06868275744887,0.308601564365717,0.817185716297681,0.101609577869682,-0.0102319444176773,-0.288883539179762,-0.00021166962871726,-0.302025356572118,0.325088218583894,0.218619093796839,-0.456168247183587,-0.128185199171614,0.170514880414562,0.277580989628716,-0.128408300596235,0.0393241502870057,0.0329218680777846,-0.102129707938788,-0.235687397793248,0.430466465736668,-0.378341985563051,0.100733501448973,0.167137704986429,0.660604287458854,-0.156134213281931,0.0604996596127203,1.00545775799169e-14,-1.06443543701557e-15,3.62622797465409e-15,-5.06773861155455e-15,-4.94546168065069e-16,-5.8183171126453e-16,-9.7162809124939e-16,4.7904524522296e-16,-1.59520503509876e-15,2.08161184035471e-16,-8.85422603266028e-16,8.5121502406695e-16,2.07663593779036e-15,-7.10282516906394e-17,-1.68750198644925e-16,-6.37998038679091e-16,2.22768283357525e-16,5.56608846607823e-17,"Bat TB1","GU644763"
"AF394884",-0.0861757733842852,1.27718740726148,2.78583704394263,5.36629829767714,4.25824177658292,-0.11292926085146,-1.77590231603177,-1.83100381984895,-2.15910789642192,-0.555273136390243,0.881535126485595,-0.811664265561129,0.0483513728082059,-0.496512174052742,1.12260590099077,0.821031759797108,0.26507963727017,0.184318892765613,0.301078003364645,-0.102827943891355,-0.627011886079835,-0.313605078731157,0.136982577304285,-0.0562688274583962,-0.178287368758154,-0.306982743195225,-0.353727593126246,-0.0836743719329069,0.00747950080760541,0.401389526830621,-0.108131154036416,0.0879677365581109,0.576553750768063,-0.115564912450151,-0.376469330182144,-0.279538412283386,0.0771915566098864,-0.148674799927485,0.47865889165239,0.147944288904528,0.0133250677835142,9.09354077422578e-15,-2.10873896955361e-15,3.93674347685393e-15,-5.90040588002341e-15,-5.50057319296327e-16,-5.26320560033272e-16,-3.66426438567981e-16,8.9190943250544e-16,-1.00192960631469e-15,-5.86342167961907e-16,-6.7205161572088e-16,1.36469317295608e-15,2.85379205502797e-15,-2.59245748834123e-16,-4.00010522036084e-16,-4.38504838941758e-16,1.06108129598085e-16,-1.5359013462892e-16,"Bat TB1","GU644764"
"GU644712",0.000781945323519341,2.5453759633683,2.84845681678272,4.94515674886649,5.02048824461931,0.178757798436509,-2.13201328345175,-1.45652949531339,-1.4734878213481,-0.231825006335705,0.741298079622196,-1.53606977451534,-0.19835888664175,-0.287747238438307,0.354812111421011,-0.505574830708305,-0.0343270155269416,-0.0409087729380973,-0.235546629811111,-0.0898838232433567,0.372830254728729,0.185934109460121,0.469428361341478,0.290621441315735,-0.0495011042751051,-0.0722225373982179,0.20520507255607,-0.0728925412451985,-0.0222238289668883,-0.0400658046932566,-0.0406170854098373,0.243136172015089,-0.00600248598911268,0.121896774124634,0.0243564272973199,0.0797482117692982,-0.114645562981346,0.127185116646565,-0.0534706522889121,0.0159655299812589,-0.06892738029113,1.10307932160229e-14,-1.85373461858502e-15,3.38336668801733e-15,-3.65220425515747e-15,-1.71579149515274e-15,5.28391313360627e-16,-6.4029590733782e-16,8.98848326409347e-16,-2.46256677308716e-15,-2.48938451884418e-16,-6.33887699249391e-16,2.19775678811392e-16,9.21122812728939e-17,-1.34345658563793e-16,-1.92927907091352e-16,-3.11002663457463e-16,2.91723541527603e-16,-4.08160804728516e-16,"Bat TB1","GU644765"
"GU644713",-0.692667529075546,2.53856826246352,3.27724942239454,4.1652815459271,4.49493999240355,0.525234683711762,-1.81484108016338,-1.47712718497883,-2.03022792015313,-0.240945808594694,0.211680692988631,-1.05741795682866,0.138732320165692,-0.628851634095806,1.08824366960459,0.157624054048992,-0.0556814256209107,-0.148385425278704,-0.11160457343032,-0.246613861201916,1.490102725073,0.997064953989182,0.48742356030371,-0.315049542485821,-0.168559801854794,-0.0340089305068534,0.409350614050825,0.25591310983375,-0.0764951934458326,0.246117708450111,-0.0269120228873035,0.144035653345649,0.0279876084735576,0.102200873818417,0.0664507377362508,-0.441378189953502,-0.465112413767513,-0.14744095618334,-0.164966589132965,0.0367299589560222,0.31239656929162,1.10307932160229e-14,-1.39576762092714e-15,3.68867801978925e-15,-6.67756199726102e-15,6.05653442475094e-17,1.80514779167956e-15,-1.04969064766835e-15,1.39844868749067e-15,-1.87969968515895e-15,-1.49793935458772e-15,-1.96615532879958e-15,1.08753376348876e-16,2.34031390613884e-15,-5.22923717182598e-16,-2.20683482706981e-16,-2.45083171370344e-16,4.02745843990119e-16,-5.19183107191032e-16,"Bat TB1","GU644766"
"GU644714",-0.420183848567539,2.11021334881219,2.7250302104919,5.45148261163677,5.60127545745989,-0.214474511093929,-2.01629962033485,-1.2907063943561,-1.28793018789234,0.282671854069875,0.96067500153605,-1.5176032881366,0.164732873136339,-0.165284231568061,0.597102427201186,0.476910651409429,0.104146450804318,-0.419567840603512,-0.33392663630978,-0.380539965407351,0.499562295252669,0.491418237746405,0.179547325512607,-0.0123724099162715,0.276319948778608,-0.378127491816717,-0.0382208465088206,0.240242056189704,-0.50380403366828,0.231185898190267,0.326961845562045,-0.131581082111194,0.219030773606956,0.207971822585186,-0.344618421592573,0.203919189737062,0.068096100508782,0.212563902419299,0.329972828019794,-0.345671338987337,0.0163750736919703,1.25851054504981e-14,-9.93311774500521e-16,4.4103229857956e-15,-3.20811504530741e-15,-1.82681379761526e-15,-6.92854013727046e-16,-7.2703208113666e-16,1.49447784787367e-16,-3.2674784659404e-15,-7.48538812965738e-16,-1.48043275552607e-15,5.52842586198939e-16,4.39056976468255e-16,-7.8834507332535e-17,-2.4843905832261e-16,-4.22024965919979e-16,-2.63387970784975e-16,-5.7469425842229e-16,"Bat TB1","GU644767"
"GU644715",0.302956489803946,2.29259626419414,2.73618545252827,5.18522802445884,4.65806924623781,0.510479430453451,-2.07830949224198,-1.57067364305946,-1.55796302758541,-0.420459806465129,0.7248407546502,-1.50190594158575,0.13911526763705,-0.158734274435379,0.385668069948481,-0.114751371226989,-0.0814607443937075,0.312958166202318,0.437086964212443,-0.442732381776866,-0.198109053835233,0.172288225087318,0.326533619693866,0.198966788959142,0.120336224984626,0.00722685495901801,0.268993936815387,-0.0714147925443605,-0.297104899127369,-0.154883949446067,-0.0848773982884305,0.250920223804332,0.0114002544923668,0.116022294015228,-0.0326137853495242,0.104415669910783,0.0291278799019426,0.304224966722243,-0.13916214157427,-0.0289675842259359,-0.158018697552887,1.08087486110979e-14,-2.4088461308976e-15,3.13356650747667e-15,-3.56893752831059e-15,-1.43823573899645e-15,-3.04275955108241e-16,-4.25190196316696e-16,8.98848326409347e-16,-2.32378889500902e-15,2.78417484812532e-16,8.23280020571127e-16,2.7528683004265e-16,2.03134583735409e-16,-7.8834507332535e-17,-1.65172331475723e-16,-4.20290242444002e-16,2.91723541527603e-16,-4.63671955959774e-16,"Bat TB1","GU644768"
"GU644716",0.113496238419475,2.38718344954088,2.51245661387688,5.3622626289466,4.85194668237612,-0.0328834268865474,-2.01063544552083,-1.59618110827491,-1.50578488985515,-0.0524403145600469,0.742008396175763,-1.4148114551309,-0.00956059126927802,0.0844698146625412,0.335958146946534,-0.0680327761178382,0.107985467972638,-0.0605063324133853,0.150716026933945,-0.0906435727718268,-0.299934921999022,0.0901066926239047,0.326347015058624,0.216818027239105,0.123121515888019,-0.0392780082403218,0.0322947921694378,0.164106513006755,-0.283623063245297,-0.202981363922296,0.0606934954961226,-0.0402317398489973,0.24225443086826,0.141124437285068,0.00291501168671051,-0.104578478076365,-0.123336157505153,0.150214016124985,-0.0842363440080249,-0.0302838306325721,-0.0659161020027048,1.10307932160229e-14,-2.38109055528197e-15,3.66092244417362e-15,-4.01302673816065e-15,-1.16067998284016e-15,-6.92854013727046e-16,-6.68051482953449e-16,1.34293753625941e-15,-2.46256677308716e-15,8.41284555031292e-17,-3.56331943093102e-16,3.86309132505166e-16,1.19867856888523e-16,-1.34345658563793e-16,-2.76194633938239e-16,-3.11002663457463e-16,6.96789366025717e-17,-4.63671955959774e-16,"Bat TB1","GU644769"
"GU644717",-0.101998419241458,2.35478179418066,2.44371970604553,5.80011081032772,4.55667676450117,0.130025205493258,-2.11740058955846,-1.2514543718994,-1.78580111940687,-0.377135812255557,1.07383580175507,-1.49795002660641,-0.297630032825756,-0.41716796032554,0.363889039907467,0.207895882563574,-0.380108176073318,-0.0451323028449427,0.304789876176188,-0.0452686265282753,0.0455370970225354,0.0945727723580275,0.789647108077281,0.231359629073519,-0.253299236869928,-0.346272639513604,-0.149870713263488,-0.183491473535978,-0.147085852425792,0.177033289201536,-0.0179678636887212,0.162943598055577,0.265351382297248,0.0888297185391322,-0.339229723857582,0.00997112377674238,0.0767035070438361,-0.0345580518931045,-0.135062214512779,-0.00714222514488213,-0.0305688468756497,1.05368307062385e-14,-2.84426172336777e-15,4.90818862340095e-15,-5.45631667017335e-15,-2.21539185623406e-15,-1.13694322357711e-15,-8.48679564889534e-16,1.16946518866173e-15,-1.83459687478356e-15,-6.69608894808793e-16,-6.16540464489623e-16,1.03162626556854e-15,3.2803467400574e-16,-2.36694343646424e-16,-3.11322784326769e-16,-2.19929680968681e-16,2.79580477195765e-16,-3.72165292601998e-16,"Bat TB1","GU644770"
"GU644718",-0.37556965084752,2.10641367470159,3.06331438616982,5.00012096718747,4.95268620963194,1.01554925853595,-2.18376253972248,-1.66510436378446,-1.19477786064824,-0.701642721041986,1.05840306355174,-1.37071808081247,-0.241296005539086,-0.421898503020748,1.1364439871815,0.211896852569491,0.212063875664601,1.09170560119058,0.338048931034317,-0.312835899441641,-0.420417638149039,-0.433427954652868,0.0733179629780281,0.605187255290383,0.200925317527331,-0.264626028556884,0.682470512189487,-0.579280034444367,0.00227138600858539,-0.0754639953996064,0.0575850099678315,-0.118952149569676,0.132904170149915,0.198422996235132,-0.135864753186002,0.175876328808603,0.271471209570886,-0.0788776314693072,-0.0300925529243072,0.0195990611968286,-0.136596587983994,1.20299939381855e-14,-5.90855928073902e-16,5.99239079588645e-15,-4.48487152362634e-15,-1.27170228530268e-15,-3.04275955108241e-16,-6.09070884770237e-16,3.99247965328027e-16,-1.87969968515895e-15,-3.87716329962562e-16,3.79190810721065e-16,-2.79824682269928e-16,1.47623432504152e-16,-5.50679292798227e-16,-3.31705785169497e-16,-5.69476461378007e-16,1.2519008783383e-16,-2.97138502266001e-16,"Bat TB1","GU644771"
"GU644719",-0.0600079472047188,2.19756538305422,2.42607105160752,5.48052784067943,5.12357883118557,-0.167368571076076,-1.90735705367286,-0.993628708714965,-1.3732912607424,-0.247050258215166,0.102313493196085,-1.25766636918679,0.19918297551881,0.805523255425697,0.893295108238813,0.277880150728509,0.400398222112345,0.0216149343019294,0.570705864227928,0.0197098200999231,0.581560812966095,0.481530097442435,0.441454187200017,0.0429029864608105,0.155007317608383,0.281257160550006,-0.142120304510326,0.0486430585870456,-0.0642070232290765,0.1308482429372,0.199439132058302,0.334959149275949,0.141498596430528,0.109994706179086,0.125118424743551,-0.0314377341389423,-0.033827873113621,0.265158447887186,-0.0864742990241939,-0.155792970150823,-0.120123066689006,1.09197709135604e-14,-3.78274712387123e-15,2.57845499516409e-15,-4.734671704167e-15,-1.43823573899645e-15,4.17369010898111e-16,-2.09052473325443e-15,8.98848326409347e-16,-1.54663277777141e-15,8.61728656242442e-19,-5.3674318459469e-16,-5.77800773448971e-17,-1.43810111459952e-16,-2.33233561012772e-17,-2.34561270514796e-16,-1.82633126235179e-16,2.91723541527603e-16,-4.63671955959774e-16,"Bat TB1","GU644772"
"GU644720",-0.676470703535506,1.94034113891344,2.98902386443056,4.84155893147641,4.86369996183391,-0.186271745583138,-1.78560758143592,-1.35415930093549,-1.78429788245984,0.123013548440715,0.309520906638497,-0.366486300559147,0.1481527841943,-0.915398419031194,1.10881816823616,0.799697058755187,0.0931727457627465,0.0704457591643373,-0.161624292439156,-0.117767925906325,0.935403901755555,0.704426337117633,0.348566987051791,-0.561371949196188,0.176998526539943,-0.435543257180056,0.0848903877272444,-0.0305483140153039,-0.0140812763577234,0.301617922133798,0.215491923746797,0.137658130031008,0.335923509673405,0.0377487391021608,0.16318701009648,-0.131809756471803,-0.047821901284284,-0.0963862702455575,0.0243647805614139,-0.143265577692611,-0.198988578241992,1.12528378209479e-14,-1.32637868188807e-15,3.27234438555482e-15,-5.51182782140461e-15,-1.1051688316089e-15,1.7496366404483e-15,-1.001118390341e-15,8.98848326409347e-16,-1.49112162654015e-15,-1.47018377897209e-15,-2.25758887276368e-15,3.30797981273908e-16,1.71581345478719e-15,-2.1761238541068e-16,-3.87216936400755e-16,-5.17434757098703e-16,1.2519008783383e-16,-5.7469425842229e-16,"Bat TB1","GU644773"
"GU644721",0.0925093330444604,2.4653052059201,2.25448657958734,5.03025244561631,4.74978334259197,-0.149186416899737,-1.87277135234353,-1.53923561637392,-1.40816267654866,-0.152881874954717,0.986053640706927,-1.45301673902366,-0.1972025333887,-0.313730681086805,0.505596939496287,-0.232673581493443,-0.173164427236822,0.0869643161928367,0.0303860406630947,-0.245869788962206,-0.0251106701540157,0.410301386410419,0.231236451726589,0.319940049076754,0.107814893374,0.328917706166406,0.422382805226289,0.10430963304411,-0.0364193815080855,-0.0286495443756359,0.187503873848112,-0.296911546465679,-0.0724798650956133,0.136815849870419,-0.12415035401522,-0.14365374328132,-0.180919574250976,-0.0513328110950142,0.0100508427403246,-0.022119897753302,-0.0588815993072324,1.11092894533108e-14,-1.97343053842742e-15,3.65398355026972e-15,-4.23507134308568e-15,-4.39035016833811e-16,-4.70809408802014e-16,-9.61219750393529e-16,1.07579012095898e-15,-2.56665018164577e-15,-2.9143917704585e-16,-8.50728133746492e-16,6.84681570373176e-16,1.05990069080708e-16,-3.30369411349172e-16,-2.79013559586701e-16,-3.1794155736137e-16,3.13841265846307e-16,-4.76899222464098e-16,"Bat TB1","GU644774"
"JQ685947",0.618743915111662,2.39998896849034,2.78003033723718,5.21561584662373,4.89471169883468,-0.0343586191398154,-1.79935262947766,-1.83951573291168,-1.79652312082815,-0.210585930035634,0.812823946331594,-1.54296875135585,-0.0185529874228895,-0.461061984124931,-0.152620371477817,-0.16453001727075,-0.387028209838192,0.149948978328979,-0.212868836462495,-0.125964085453329,-0.515838018972281,-0.586165726331158,0.264755934722389,0.389429034782219,0.0771838521819876,-0.18621878192326,0.123468904246289,-0.186262863179483,-0.175122146078938,0.118252741718426,0.00776053334663368,0.118116553944203,-0.0320484084127965,-0.0656195561643529,0.0829420358471996,-0.187176741554513,0.115566756244162,-0.0148768741519294,0.388872472151547,0.12808717888698,-0.043614290024106,1.02536370987853e-14,-2.04802364789442e-15,2.93927747816727e-15,-2.73627025984172e-15,-2.27090300746532e-15,-6.92854013727046e-16,-7.99890467127686e-16,8.1558159956246e-16,-2.07398871446836e-15,-3.04449603115676e-16,-4.67354245555617e-16,5.52842586198939e-16,1.75379008119781e-16,-8.05692308085118e-17,-2.26104493569409e-16,-4.96618075386981e-16,2.70906859815881e-16,-1.06318919908552e-16,"Bat TB1","GU644775"
"AY854505",0.915210182698625,-2.81678230622457,3.34445393319659,-1.59454727749361,0.44557864049928,1.99709921266565,1.23988747921197,0.45797099868326,1.59147554711787,-1.67809641809301,1.11470222452801,1.96607610403204,-2.47185781641132,0.437129319882035,-0.287354488338956,0.814696266480415,-1.59181505709878,0.351102170803572,0.902023541862107,0.729938040900475,0.179840594182889,0.752102777007795,0.467351377480893,1.81408267703397,0.593049998695964,0.406372468833957,0.575811717092813,0.244966586234038,-0.435039084898684,-0.913764524061617,-0.602024948843,-0.338241236490315,0.19265281698005,0.336736915979585,-0.231683350441145,-0.132319343728672,-0.436696523725255,-0.0167919499490313,-0.55588378148277,-0.386286075724665,0.0920704143293029,1.56994077960964e-14,-4.42374882897799e-16,5.12177969479462e-15,-4.59702697732538e-15,-5.91486151444473e-16,-1.13180485622158e-15,6.29365065350824e-15,9.64350930890263e-16,5.99676059182055e-16,1.83869015456977e-15,1.94756821650787e-15,-2.92576942813399e-15,-8.05843735283734e-16,-9.50472535647902e-16,-1.66598702064448e-16,-3.75433647986674e-16,-2.13823791795159e-16,-3.34117246716534e-16,"Bat TB1","GU644776"
"AY854525",0.435723254809688,-3.47448881603251,2.59649755029171,-1.06916065570568,1.09247979586741,1.31923080830526,0.628899252541164,0.216798353933979,1.76535324602725,-2.34002764044126,1.45622923598795,1.65184670694002,-2.83483291880542,0.263233686958671,-1.17632788905072,0.34299912926178,-1.12205420476056,1.1537129331418,0.952460441256509,-0.0890465808105778,-0.136058725120831,1.56551924170954,-0.418533016469185,0.7992420918,0.204732459726331,0.314508743607343,0.661027364530378,0.0389424622252196,-0.586623216986337,-0.872017447436634,-0.367326818093191,-1.03177231039002,-0.174986230397686,0.13120564003386,0.104418507932238,0.247398500934203,0.262456643892536,-0.239427201335536,0.123904797417709,-0.401282685990834,-0.367838887406003,1.66711677605006e-14,3.27257999951187e-15,4.94692961811497e-15,-5.21095978791477e-16,-7.82419968124499e-16,-4.74814565506617e-16,6.06974593665229e-15,-5.13263741669317e-16,-1.40367786008345e-16,9.53325466918159e-16,2.81662469043242e-15,-1.5364580683184e-15,-5.50956887524731e-16,-5.24127036712978e-16,-4.33004810382058e-16,-7.55676840471752e-16,-2.59342039654095e-16,-7.04956902116303e-16,"Bat TB1","GU644777"
"AY854531",0.188286263860388,-2.75935556304884,2.72078634290792,-1.17500696386479,0.845836488724067,1.85779726893781,1.51312937934006,0.12414415757174,0.0258304822088356,-1.0196874024335,2.63849088565573,3.05473226574551,-3.37265173440685,-0.890652382625757,1.91413705907142,1.20282469404829,-1.0229830079119,-0.359317657806035,-0.4917463023156,-1.51140300422289,-0.742056517999112,-0.0290587473741231,0.613590217477134,0.227487185809349,0.337601954348233,0.45075856807014,0.803771966928258,0.266509760215008,0.0297238028073828,-0.285229100476876,0.811444139837843,-0.626879866733416,0.432192038669002,-0.225176131630594,-0.00797752324983482,0.404054549158925,-0.445701168537018,-0.297314083549318,-0.27548703898352,0.0694777890669215,0.20898025699173,1.14777413768724e-14,9.85302537831114e-16,2.32193600456805e-15,-6.31787266549437e-15,1.90651565396213e-15,1.81028615903509e-15,4.34642355172427e-15,8.98431438803145e-16,-2.36670108473829e-15,-2.26002773829443e-15,5.59789435726421e-16,-2.00983543281824e-15,3.01054791186524e-15,-6.31283416068169e-16,-6.07326885179806e-16,-5.05537908684935e-16,-3.44795414231408e-16,-5.55945011207068e-16,"Bat TB1","GU644778"
"AY854544",0.687403435400502,-2.99953225941173,1.07607363973855,0.346715141773699,1.13347163572868,2.54240325270337,1.5103036830308,0.781681614683155,0.957631782808975,-2.05608490254567,1.70715546366959,1.94830922535369,-3.1347209537615,0.436277846274928,0.503102903685948,0.808691486834591,-0.606932164573379,-0.944356028943767,-0.146477549988,-1.40191066614459,-0.085422775905695,-0.372580474630817,0.190568221623889,-0.232509216311124,0.265253331171966,0.846788086136589,-0.373825947846428,-0.903174702736932,-0.352031891582029,-0.956844888449377,0.274853634759718,-0.353443357228719,0.394875662336242,-0.271614280901715,0.194092775968936,-0.0178114994036089,-0.263792221716568,-0.097513647681873,0.258604450385472,-0.0325259620132241,0.0938503263427899,1.20296982600902e-14,6.21922528219307e-16,-8.20337387417957e-17,-4.07380965759198e-15,6.33114388272575e-16,2.07869839113124e-15,3.40174123059996e-15,-1.26613373024325e-15,-3.15574857082003e-16,-2.07348747606714e-18,1.25537356205329e-15,-2.18177520138178e-15,7.67432954217642e-16,-1.32509730378082e-17,-5.79317893558977e-16,-5.62255172900338e-16,-8.97728198773625e-17,-3.33942918691763e-16,"Bat TB1","GU644779"
"AY854546",0.759775278551342,-3.01427118360914,0.538574488328383,0.178760802433959,1.69350087548875,2.12503627703669,1.5622494468137,0.448020656758617,1.01138467446284,-2.5496316138993,2.05790628681099,1.94083141985056,-2.84766055593727,0.469836843166462,0.592168844133276,0.968598231302559,-0.235845696792231,-1.27104340616011,0.517052353704713,-1.27067139146819,-0.117662402199635,-0.797458314545022,0.0823361235307076,-0.421338749357683,-0.0516146226832715,0.641970100275422,-0.145155427943912,-0.873144866603116,-0.418024927044223,-0.909426004795205,0.229496671649986,0.18486497047216,0.522754110432664,-0.238145124895462,0.125162698328046,0.0731380139257641,-0.0438039370817511,0.0747821038373664,0.268904150829263,0.12172657668011,0.0334317572161228,1.16966313527026e-14,9.54989435606854e-16,9.17166983420845e-16,-4.25422089909357e-15,1.60455953481959e-15,2.16196511797813e-15,3.90481103863324e-15,-7.38777793546302e-16,-6.57746765413425e-17,7.47327054145914e-16,1.44966259136269e-15,-1.51564138660668e-15,1.28091110310678e-15,1.32465798944244e-16,-4.68295591096462e-16,-6.16031600655619e-16,6.28828460085966e-17,-3.686373882113e-16,"Bat TB1","GU644780"
"AY854558",0.924499188458951,-4.31978197755802,0.960053717507203,0.102613434574091,0.361183531849856,0.975870872709112,0.987350128984029,-1.94177357462603,0.773893985499115,-0.9734113539108,2.66785212181034,1.40601294578976,-1.88349970474509,0.800692149086135,0.0597717988154209,0.369686434023436,-0.320860733812003,0.0881543493365952,-1.14185331537785,-1.77150356638748,0.140024237086139,-0.63284966059796,0.157671711403245,1.06013135221964,-0.284151588038234,-1.33336403456015,-0.204728710754869,-0.565154266616118,-0.236006488268932,0.244597617443803,-0.647162821317006,0.455907278023512,0.344088990047488,0.1819967246784,-0.857149502560196,0.181726560486572,-0.470258104032805,0.00545614365190436,0.0401182438484654,-0.13468161049354,-0.351014132125357,1.18831027731724e-14,8.07312201935864e-16,-1.0523096785538e-15,-1.18843510277392e-16,-1.38797438685743e-16,-1.45317369715031e-15,5.53667599983254e-15,-1.71132764560695e-15,-4.83765264825856e-16,-1.33830559367677e-16,1.4048682392197e-15,-2.01271855208362e-15,1.04774903701761e-15,-7.22726673865425e-16,-1.5676395885936e-16,-6.44381984354333e-16,-3.2597772988608e-16,-2.1866654764358e-16,"Bat TB1","GU644781"
"AY854567",0.538861891517404,-1.73844426211745,-1.41768699258318,-1.14266023687498,2.0061639074997,0.434146533157995,0.191984027657146,1.69411768031246,2.94369936402283,-1.07356573749939,2.08691419863173,1.08538360943934,-1.9457390126847,-0.427106933770069,-0.52997591552764,0.800691324056153,1.21751398539414,-1.72703160096025,2.59090424555459,0.176036093527409,2.55402047444271,0.00993700440086438,0.986110545330497,-0.261993085578132,0.153652291092568,0.189007835126845,-1.73802913806462,-0.325634137173712,0.989425996022724,0.226693111581753,0.799481915963041,-0.119777522244274,0.169859011891004,0.330466684652726,0.0088383254957004,0.249120969086003,0.19178362510918,-0.305704997214208,0.234308157130956,-0.250171174719876,0.342196690767856,1.32558877154895e-14,-1.10189409917382e-15,7.1082595745773e-15,-3.47841567182832e-15,1.89463260841003e-15,2.12466083935142e-15,1.03549701635482e-15,-5.62958825948047e-16,1.8855219711376e-15,2.72151632933135e-16,-2.71071668132313e-15,-2.3617813684288e-16,-2.78576887331344e-15,-1.80397843821235e-16,-8.32972253768728e-16,3.18583971268732e-16,1.22959840295446e-16,-4.39897237450607e-16,"Bat TB1","GU644782"
"AY854573",0.311196385967998,-1.57469126072945,-1.56967056311461,-1.26096840946706,2.34941948440964,0.242141818968425,0.20593216940983,3.00465720252433,2.63068686194272,-1.11493220309231,2.54150234054378,1.7208106544629,-0.842847611493997,0.137752131188048,0.482267504081781,0.96777257649179,0.873936711311816,-1.89056685675624,1.59334904983965,0.12585986811224,1.68079450721432,0.115579446478854,0.783490024164297,0.822321723186441,-0.641040501770526,-0.654897406204596,-0.575065234383103,0.284452804167055,0.519203261057209,0.344744487729487,-0.100832635777682,0.143962729185902,-0.644486920330106,-0.16733920993417,0.343319595348727,-0.16221082025347,0.452387293388005,0.115175686223419,0.0590499531394545,-0.302090037076137,0.150209126518457,1.36530956241741e-14,-4.8112449381395e-16,6.1503352214441e-15,-3.23835466213192e-15,3.09864493506051e-15,1.65502068404196e-15,5.45454602629059e-16,7.74576925926406e-16,9.19898958573805e-16,1.68769118293015e-15,-2.0822731146107e-15,7.40673324573898e-16,-2.61044429903019e-15,-2.33344114552151e-16,-5.74047140441268e-16,5.31860029191042e-16,5.52827758300493e-16,-2.6486449440172e-16,"Bat TB1","GU644783"
"AY854576",0.274017754857202,-2.77411644992654,-0.363823771783083,-1.11652196961563,1.08648761361586,0.57605304971134,3.17820438604296,0.013027328964515,1.95349193307716,-1.49288496992738,1.79930292868485,3.58069779378512,-2.66876579902684,1.28961731690028,0.683269907690545,1.62547954404317,-0.430444165505382,-1.21583993830927,1.37428254236152,-0.319322653863665,-0.849007852429529,-0.689491725223013,0.055241080962149,0.458198084034882,0.559898821958639,-0.24628049166756,-0.854087751404256,-1.75134669231209,0.0540808566679955,-0.155714718268755,0.420585910363975,1.02280528666471,-0.14872438776039,-0.526684874296291,0.00633850495465489,-0.32325855623217,0.321458069560877,0.433579098271026,0.370051752601435,-0.0250567622878764,0.23346825789897,1.31537010951005e-14,-4.5798739418159e-16,2.95684479677556e-15,-3.51455952831585e-15,1.51793759534332e-15,-8.54249100065286e-16,2.2272419853841e-15,-3.85263933419693e-16,2.85134713099995e-15,1.93409994574849e-15,7.71425699795592e-16,-1.84330197912446e-15,-1.51361091348227e-15,3.86999264330217e-16,-1.02413933453307e-16,-3.54616966274953e-16,6.65681010525082e-16,6.23883792891658e-16,"Bat TB1","GU644784"
"EU345002",0.465541249883371,2.43467871136921,0.531750189716211,1.27610777456814,-5.25102425591335,2.55148720785225,-1.30195463784071,-1.60724544735299,2.29344685161427,4.26207222009953,1.97209261203339,-0.047147148149997,-0.744743152182237,-0.925516112801911,1.58150040718464,2.03689556354967,0.128007087264252,1.14936085706425,-0.958132826953359,-0.115255298193531,1.69365199232094,-0.526664582827289,-0.648791935619098,-0.657936416335374,-0.102012922381509,0.219703398017212,-0.129334857547378,0.320094601212902,-0.221365088701947,0.0653075439624663,-0.484420898531867,0.331632966935607,0.208529367806558,-0.491204106269043,0.373119190542294,0.507913252344695,0.281511107124367,0.266335714381786,0.0254878073633552,0.0115618589036214,0.0100654436575024,8.82035140931585e-15,-5.94747527530486e-15,-6.37734523306163e-15,-1.07620749110406e-15,3.6307165547605e-15,-3.55568345884143e-15,-1.67037337272172e-15,-2.38503037224829e-15,-4.8557775772773e-16,-2.24334932835596e-16,-4.30777656596165e-16,-1.97251544864309e-16,6.91105121274663e-16,2.70813477786526e-17,1.26118249968716e-16,-4.004922087655e-16,-5.42969327976303e-16,-2.26390063181201e-16,"Bat TB1","GU644785"
"EU345003",-0.180346582507521,3.9246875339201,3.64795305469066,2.41134392769486,-2.85222661524729,2.71839721957137,-3.60914068906277,-2.2480964020427,2.24545699405579,3.40947266434628,2.37359463046216,3.53420247801331,0.380207089219198,-1.59493407023095,0.471702513508871,-1.46479772520896,0.187810669470307,1.64316470205391,-1.22072809657116,0.257133874109955,0.33594347569382,-0.367375718565649,0.61462586959513,0.649806310212088,-1.50625784556325,-0.529619161500867,-2.13792098610007,1.75738438190352,0.746740138231302,-0.5204407992313,0.669042218722482,-1.13604383185344,0.406589804405185,0.0747771813119575,-0.654337039035709,-0.301236129344961,0.642061468985214,0.284925519329874,-0.335122394168006,0.223702749109949,-0.531538333611316,1.17880614898591e-14,-1.83338600194321e-15,1.53214433399983e-15,1.51964179938354e-16,3.7336679615906e-15,-3.9979732174862e-15,-3.02903457160072e-15,2.35454028356862e-15,-5.39686563774387e-16,-2.27397836173193e-15,4.0882978443182e-16,-1.7172276964434e-15,2.70660065804831e-15,-1.49105583934896e-15,-6.22318703815636e-17,2.04553550240406e-17,-4.10395695121084e-16,6.78112445265589e-17,"Bat TB1","GU644786"
"EU345004",0.0742123428489715,1.85771959114298,0.72357249679154,1.53650935382598,-4.89508418057481,3.37344343564569,-1.78676967452204,-1.94867346927845,1.44421987013544,3.70932324071525,2.05101450871866,-0.762758588842917,-0.810756692174453,-1.41547432725228,0.96798916231819,2.25598677096373,0.187361973994621,1.16946834542863,0.578708845382479,0.267187843091732,1.66415491200125,0.0497807502445433,-1.43147674995145,0.892328932163579,-0.675940716076562,-0.207575546148272,0.399382076648269,0.554101418812275,-0.517531225453995,0.581826133543479,0.257347281659374,0.167304896975227,0.266553256852793,0.229240207136714,0.433960817296615,-0.32998912058325,-0.19250300909192,0.274417092464348,-0.539132159961581,0.00525430340852115,0.468038224104535,1.09490443722175e-14,-5.57471647455527e-15,-1.02283094096376e-15,-2.26442547437603e-15,3.61327902304801e-15,-5.07823496099641e-15,4.57872274110074e-17,3.74961836664352e-16,1.49926781733911e-16,-3.02714879639699e-16,-4.81232033363432e-16,-8.34936194582507e-16,-9.34844016505376e-16,-1.3005135152892e-15,5.37390676294884e-16,1.63444207222194e-16,-3.74410273247491e-16,-2.73502894905817e-16,"Bat TB1","GU644787"
"JQ685938",0.42109857487816,3.03447361388678,3.12607761177388,4.73697404629632,-4.87019827948208,3.20654002887946,-3.1557569938623,-2.19313286887243,1.8117221113472,5.92701405486445,1.66441774951338,0.631082731375133,-0.442371509644927,2.35035873386407,-0.380935109950115,-1.14532525745898,-0.511347331561479,-1.12813249708767,0.607527351666723,0.453117219834425,-0.410948096555303,0.0673672103918178,0.159677551196357,0.669749406568342,0.109314273429223,0.950561054027926,0.433851182191669,0.645796615746301,0.681374558901119,-0.359657249280541,-0.0112466568267934,0.2743560195427,0.613067028588266,0.259179886863875,0.255743265015963,0.34005663092384,0.0288172558396007,0.105405989598502,0.147666995759091,0.0549386140197238,0.198439355594472,9.98715877891796e-15,-8.70509990766332e-15,-1.10538509496335e-15,-2.93448016737883e-15,2.57736515174026e-15,-4.70493003778286e-15,-2.39269588723603e-15,-3.63388376652925e-16,-4.2589621588056e-16,6.36165940478531e-16,1.82617628207411e-15,-1.49059258243593e-15,-1.97294198909513e-15,-4.99661171828644e-16,4.61629874201122e-16,-5.11114129600868e-16,4.29439406594793e-16,9.94898896018974e-19,"Bat TB1","GU644788"
"JQ685968",0.231254992513841,3.41831427751581,2.44866152624346,4.25343773854282,-4.9443099942224,3.38947070323192,-2.87533280901305,-1.6350945762999,2.16858426201,5.16781557216858,1.14157461626382,1.11698929442854,0.0234346816122896,1.87142268335608,-0.281724461660155,-1.0921422398804,-1.06419174774371,-0.900806819827225,0.308729983060534,-0.530689645575979,0.193987471583493,-0.298126502266363,0.165087996685104,0.0921715307904932,-0.198585442483345,0.906921419051337,-0.534045119443991,-0.0737785723157897,0.127433499654263,0.500121600864045,-0.323944530147108,0.338788501371511,-0.468127245300962,0.370364428538158,0.108721682967137,0.0303723925179354,0.193296460199088,-0.189971362692892,0.253283646926752,-0.236269766949608,-0.111170401663549,9.94589417706726e-15,-7.84744933901744e-15,-4.12081325247993e-15,-1.02221912393809e-15,2.14542824864361e-15,-4.60175554701193e-15,-4.1646411228051e-15,-2.17094364329785e-15,1.92365827374458e-16,-5.19291845672386e-16,1.38752605327011e-15,-1.49141561624322e-15,-2.44653863300963e-15,-4.48994517584428e-16,3.29342987909114e-16,-5.67435980291824e-16,4.58483735863706e-16,-8.9835201949679e-17,"Bat TB1","JQ685905"
"MW055084",0.563130063415465,2.6573036185703,0.636644269747361,0.449934077117164,-6.27301020591486,2.93163054757134,-1.48168640389399,-1.72125609653632,3.2208019312018,4.45422144951929,2.03115515773384,-0.349410664681197,-0.986654173372342,-1.88459413014913,1.44832190157366,1.92102759774519,1.10602683915186,1.24587737999623,-0.999726833725488,0.354744146061585,0.474989953395014,0.138053252854735,-0.0830889252102044,-0.882422376871704,-0.119973549159023,-0.814313797276545,0.20367162740454,-0.684203807551604,-0.295888120306042,-0.0518820862153559,-0.266725405945348,-0.0971286089908782,-0.443275295843705,0.21718645026466,0.251523419351567,-0.0243532414621173,0.00883323313859017,-0.184236346493523,0.183096504174131,-0.13199371339426,0.00936754576653736,1.54541670517097e-14,5.61466594550778e-16,7.12155621453812e-16,-2.35224555091357e-15,5.55669098335836e-15,-3.59535486934197e-15,5.42789823187626e-16,-1.60441145688946e-15,-5.94173096428099e-16,-3.9011793770232e-17,-1.6572858567663e-15,-1.30206464060971e-15,5.73581889520441e-16,-6.33612954276987e-16,1.14060056112009e-16,-7.20346015218297e-16,-3.33173135361933e-16,-1.78312207133616e-16,"Bat EF-E2","AF351828"
"MW055085",0.711591975787076,2.6552063919257,0.715866657548769,0.0649914930175225,-6.08332934120834,2.88402735720728,-1.30149814131303,-1.43067107982012,2.99200952914972,4.55605168954591,2.12872867054604,-0.57133967757307,-1.41224082179939,-2.07236121467004,1.28593529849154,2.4592068835206,1.29824043301878,1.17373491248369,-1.0825145979073,0.243266912778121,0.117604827937129,0.246292459556737,0.350108510488309,-0.842217129630143,-0.121839895774963,-0.378424071133999,0.0866029108898019,-0.320566782602149,-0.206417970666733,-0.0435727578444984,-0.251229507552388,0.110715174556977,-0.218463996249129,0.135874760184186,0.506866953471427,0.184570761512486,-0.115879461072776,0.193966981201294,0.0145582635823921,-0.0279449667924296,0.0886286707786637,1.40663882709283e-14,-1.96429078647145e-15,-3.42556251940087e-16,-1.63060058490722e-15,5.05709062227703e-15,-2.92922105456688e-15,1.05279852512481e-15,-6.60721885958073e-16,-1.48235151612822e-15,4.60588567311088e-16,-1.24095222253187e-15,-8.0246427952839e-16,-1.00848592057041e-15,-4.67079500583214e-16,1.14060056112009e-16,-4.98301410293265e-16,-4.44195437824449e-16,-1.78312207133616e-16,"Bat EF-E2","AF351831"
"MW055086",0.912521487584987,3.6185719484203,2.51198078822248,3.84135246798622,-5.37912777069508,3.28871164609801,-3.3711936149967,-2.44044672405754,2.03525103103801,5.49736883086457,1.05911669450804,0.500128452621463,0.058066866283597,2.02647202206775,-0.0892307475580979,-1.77313271525153,-0.013159227639022,-0.873525339220442,0.505282538862743,-0.786338011479171,-0.563877167775143,0.210371275431072,0.00875380212581299,0.168617471175333,0.363271235665293,1.30421269273208,0.450742206567357,-0.249564555238868,-0.203337351677947,-0.361530851741825,-0.256250049535774,0.235718419838201,0.028029654741065,0.129216538020481,-0.00322503474925421,0.150911172689003,-0.129708470276718,-0.157820167175887,0.273786183768238,-0.00382883615577063,-0.41268079321443,1.02193948842644e-14,-7.52028377357116e-15,-3.71440920283246e-15,-1.76874599152242e-15,4.46474429360303e-15,-3.92777392054525e-15,-2.38228754638017e-15,-1.59504204459646e-15,-3.8773229940907e-16,9.52752974844298e-16,3.14803557076844e-15,-1.42120364339685e-15,-1.91743083786387e-15,-1.3189979492156e-16,-8.54585420350634e-17,-5.19787746980752e-16,6.62759714113674e-16,-5.08363281737671e-16,"Bat EF-E2","AF351832"
"MW055087",0.657107396946481,3.64936369892485,2.91512888230476,3.86096957178535,-4.61270696531267,2.62666535228243,-3.25023290884565,-2.34600132190669,2.11219274852588,5.81328019976781,1.14119092398428,0.885537173284055,0.0816643379885561,2.05479195863372,-0.509000615873455,-1.79919443028873,0.304365808056555,-0.578650208333519,0.302709551006473,-0.38019306131894,-0.503053989716062,0.436596488905584,0.0285466537854847,-0.151656037634952,0.758533284314352,0.845724727376466,0.0753598896423142,-0.265580634451149,0.0250313232072669,-0.541227489527808,-0.420903504196353,0.172204611433011,-0.117112869844229,0.00889608809221958,0.111922874655421,-0.272002332005414,0.143790401458229,-0.0902900343979006,0.250360217532661,0.13617335218336,0.00466903127202495,9.78547572361432e-15,-7.59684871520214e-15,-2.54124364407337e-15,-1.88255602097612e-15,4.63599343029984e-15,-4.05920772576854e-15,-3.21272198572898e-15,-1.33724409509685e-15,4.49788438727407e-16,8.83003190565917e-16,2.31193756423223e-15,-1.55421681998182e-15,-1.94655049143449e-15,-7.92074688389797e-17,-4.75206287467261e-18,-7.44806487607752e-16,7.32263122824297e-16,-2.09680329120631e-16,"Bat EF-E2","AF351833"
"AF351849",0.143615867116265,6.48870681702895,2.36844435507284,-2.87516537500539,0.553044701291446,1.17056458958916,-0.395764105836302,2.54192726404208,-0.894646668281295,0.67531818271777,-0.236115518841989,-0.577733473433432,-0.277873749041507,0.468577844285206,0.348698448121219,-0.135605851363331,-0.0861922979492371,0.373951707354808,0.261794456209701,0.371262736637851,-0.0931983090197993,-0.380550630466416,0.151956386053806,-0.0824151958456029,-0.135567375859186,-0.200770268859505,0.0182106582392403,0.155241509647535,-0.148546946129393,-0.0607477839519105,-0.251265942416098,0.13863302949722,0.218456621849064,0.176285795939933,-0.10781554355372,0.2166512879551,0.0304944130002497,-0.0421031235297128,-0.125430951086067,0.0270910181803893,-0.00671609170383537,1.24018289381814e-14,-2.44552043482566e-15,-1.31403066834946e-15,-2.02141984610073e-15,-7.41151615381795e-16,-4.98411460487927e-17,-4.23793318966512e-15,5.38694426177923e-16,1.06319701231482e-15,-2.53011792109946e-16,1.10997029711382e-15,-5.06092681888398e-16,1.16168619702213e-15,3.38569940509043e-16,-4.39790033252103e-16,-1.2324467979246e-17,2.13334199175504e-17,-5.45633795262585e-16,"Bat EF-E2","AF351855"
"AF394876",0.666722766919379,6.1462509642044,2.17052830193132,-2.21575676324017,0.565451709767051,0.611245302237782,1.237953332222,2.38425756196969,-0.0809309266073081,1.95894760631356,-0.799302609542354,-0.835625991428529,-0.329694612603553,-0.638637948126725,0.390559379127077,-0.891276824786918,-0.768663956630523,0.525163764411881,-1.24790680019083,0.0945903170097015,-0.158166712333991,-0.424230412866705,0.304384176239488,0.327844675501501,0.163466077087909,-0.208846399587111,-0.0722369045736987,-0.723791855887668,0.0343182904343584,0.219045472678027,-0.280027351643779,-0.233925087838788,-0.457321668149427,-0.315015069543418,-0.250204117365465,-0.125720198422718,-0.184254966554554,-0.194619430104928,0.163934657318709,-0.271462318257868,0.00317009756188358,1.35101653181924e-14,-2.18947853189444e-15,-1.13487539405495e-15,1.31212290181239e-15,-1.19739313198527e-15,-1.04119405651984e-15,-4.29894014690005e-15,-1.79507688199384e-16,3.75546030020725e-16,-2.16016967095076e-16,-1.07254664628314e-15,-7.50582260388508e-17,-2.40315341113738e-15,5.85842043263843e-16,-3.93805639889941e-16,6.91508731133738e-17,2.95856453821393e-17,-6.75266784050649e-17,"Bat EF-E2","AF351861"
"GU644760",0.423102820677956,6.37987584989216,1.00542667946552,-2.75185630076945,0.64082122001317,0.421489612664527,0.348960785737353,2.4282262413119,-0.493145419250158,0.749211781036315,-0.356362355059862,-0.180676947294002,0.0613176854691866,0.481077071218915,0.577082092061313,0.264458583877444,-0.165902419389694,0.518268346476261,0.126418030946844,-0.212723088611623,-0.187824009800348,-0.287902728881208,-0.334136889612601,-0.245450919579478,-0.00141600234682657,0.482127792141799,-0.0770575875286396,-0.0162212337857586,-0.180387624576801,0.0870065506031422,0.280065787350283,0.0151190494243298,-0.0541727503831094,0.0155262647006613,0.273452903157995,-0.137155882458563,0.291236295158368,0.193738996655706,0.0358623645884642,-0.118546964105861,0.232060394833187,1.24213445772862e-14,-2.49929686258094e-15,-3.52753782369586e-15,-3.00574157931739e-16,-7.50178006067013e-17,-3.8290805343634e-16,-6.0641633289997e-15,-1.29476391827012e-17,1.20891378429687e-15,-3.24135454624995e-16,8.53231222669256e-16,-6.86503923389986e-16,5.51063533478292e-16,6.39544463591019e-16,-3.47632848590835e-16,-9.03870243982023e-17,1.21947381524205e-16,-2.73499049968723e-16,"Bat EF-E2","AF351862"
"GU644761",-0.0080835868671808,6.39212936368627,1.37706226720756,-3.02568294489934,0.59084280065041,0.79186720826669,-0.333302888183347,2.47562775729348,-0.593927591061302,0.817024263587279,-0.380177666729325,-0.574545170451616,-0.241202965579772,0.0735488948463288,0.415343861961342,-0.663384790865508,-0.249164971338293,0.217981665673484,-0.373227828750869,-0.156730209188952,-0.233612018521403,-0.251232998605395,-0.148441992451089,-0.236514389479043,0.170327568024699,0.104181835657245,0.209998392926948,0.466899906844469,-0.230807380248327,-0.0925782563300337,0.13788673591971,0.30694164231372,0.219334355121746,-0.0491302695761722,-0.0200231586190519,0.149090848122185,-0.147395690551175,0.0463976972173073,0.0938592150887905,0.024302000210572,0.120684076154304,1.23532566808541e-14,-1.58336286726519e-15,-3.09038750774971e-15,-6.33641065319286e-16,-7.50178006067013e-17,7.27314971188817e-16,-4.53543826579514e-15,5.76858342649413e-16,1.02160206623665e-16,-3.2673753983896e-16,1.30078987947127e-15,-3.81192591618068e-16,1.41148637756279e-15,6.56891698350787e-16,-1.92808778359905e-16,1.89005545883365e-17,-1.24936878639973e-17,-3.33347009889923e-16,"Bat EF-E2","AY039227"
"GU644762",-0.0160063217020119,6.72056764455157,1.59318835795026,-2.77308774151286,1.02850915049764,0.533254565198199,0.073008408323562,2.40271386688274,-0.810673165518403,0.520651490148054,-0.419503931499265,-0.670074519107516,-0.464054174234226,-0.133052931438497,0.321046081606197,-0.0482726100317223,-0.387126988737639,-0.0680698356233643,0.092553715211928,0.983368862470622,0.0172939315336759,0.443090715042859,-0.544609242490282,0.162854486411598,-0.0658916872077362,0.177927404061029,-0.273167261649802,-0.0725320138383909,-0.369823318098712,0.284831494574888,-0.0808822962478378,0.119619181986892,0.283467414227938,-0.0196157916307442,0.18852427249302,0.146680362493663,-0.0337002499574709,-0.297598274689999,0.0132547771965277,0.0235977584482282,-0.0797234132846891,1.29083681931667e-14,-3.23481961639511e-15,-1.23076394150257e-15,-2.57653135841331e-15,-1.18524082523186e-15,6.1181156413723e-17,-3.86930445102004e-15,1.32769132799351e-16,1.37891668494259e-15,6.32936754858671e-18,2.46078006077373e-16,1.7391892069451e-16,3.29018928553261e-16,4.90358244657013e-16,-5.25875685747452e-16,1.33392304002806e-16,-1.24936878639973e-17,-5.83147190430584e-16,"Bat EF-E2","AY039228"
"GU644763",0.86133652579191,6.03025550594157,1.05925899791991,-2.75932171607936,0.950054832690539,0.487954312984312,0.189819380216486,2.54638223169411,-0.498193826497782,0.0814315771098668,-0.596877303972578,-0.219293644603035,0.188932038924343,-0.19807477854761,0.600069281795899,0.459801496180276,-0.295131962201161,0.33132896057358,0.0177518828713764,0.00148852948945997,-0.0198975408441147,-0.21256672149842,-0.488322374561845,-0.414083205381732,0.161186505292514,0.28914101158169,-0.0404969459968973,0.0829261697914036,-0.0969263291888975,-0.0858531485210164,0.334436442140966,0.0451811726084317,0.104662150083254,0.425746795130795,0.17490316174844,-0.39740499170069,0.113571053492877,0.177592373927806,-0.134633591838557,-0.0255869361245232,0.0677492213410515,1.3254011845755e-14,-1.74295742705506e-15,-2.08424789168316e-15,-9.11196821475575e-16,1.4702680431833e-16,9.49359576113848e-16,-4.79954991501261e-15,6.53186175592393e-16,1.4309583892219e-15,-1.8824122853077e-17,2.00975195701976e-16,-5.19970469696213e-16,3.5677450416889e-16,3.06477556203472e-16,-2.92121697359577e-16,-2.29164902476347e-16,1.09250790616896e-17,-2.73499049968723e-16,"Bat EF-E2","AY039229"
"GU644764",0.229817692670333,7.25076330035247,1.71976983553243,-2.6839480793238,0.952691043805326,0.466504156894535,-0.0015725000260218,3.68590980137307,-0.737218241698183,-0.684414827164202,-0.569486899986124,-0.733871059215942,-1.1684911786804,-0.0727073224489304,-0.587623096648957,0.81117569490204,1.33917483338192,-0.735421238187058,0.32692450272436,0.722408535850513,-0.0263851257068692,-0.137446403173089,0.118111371130938,0.850200065278456,-0.186240151564537,0.0996902047336497,-0.985362708676507,0.477707111236861,-0.622790064343029,0.724098310284691,-0.747636039351426,0.161980627451589,0.545732202423644,-0.0404258572946379,0.0462766698726402,-0.320569212166359,0.0945904833881714,0.0803781633847017,0.0382178166261967,-0.0305008556557802,-0.376356144076874,1.25740002431721e-14,-5.80914925474469e-15,-6.51366300526318e-16,-2.24346445102576e-15,-1.18524082523186e-15,2.83225761338754e-16,-3.15893518760754e-15,8.09311288430305e-16,3.41201259878741e-15,-2.02704811306619e-16,9.920091007474e-16,-2.97925864771182e-16,-3.09359310606204e-16,2.15404573714689e-16,-6.69207212950036e-16,6.10441259896428e-16,-6.01985834533595e-17,-6.34538373406396e-16,"Bat EF-E2","GU644652"
"GU644765",0.186158428603195,6.83899692958656,1.48144189016448,-3.01681209575562,1.10669457749984,0.52943729889885,-0.129971399461163,2.2732355660636,-0.940759122740826,0.635870035398515,-0.503375489116357,-0.308010081199708,-0.241935640186691,0.408704669292482,0.330704374696068,0.030737491458952,-0.399819735744001,0.360832105704046,0.395814685910513,0.271686954724629,0.34511305113222,0.12904269140926,0.098842421680038,0.663621482402439,-0.296727899775178,0.425161384525768,-0.360256010033667,-0.267536868983786,-0.464670716276377,0.460726975145135,-0.204516663590742,-0.0951917766820014,0.0999700684156913,0.0442155270603874,0.178634684712463,0.147218533225177,0.112045371438876,-0.185709068672842,-0.10422399225202,-0.0238179301491963,-0.153178669547909,1.23532566808541e-14,-4.58096503375311e-15,-2.92385405405594e-15,-1.85488639240696e-15,-1.5183077326194e-15,-6.04952658361371e-16,-5.39586110987963e-15,7.72579815680927e-17,1.73973916794577e-15,-6.04293295995249e-16,1.09262306235406e-15,-4.92214894080584e-16,-1.15070281296802e-16,3.16885897059333e-16,-7.18429991580878e-16,2.60027117749113e-16,1.67917553637591e-16,-8.26008477067337e-16,"Bat EF-E2","GU644654"
"GU644766",0.474821637638027,6.4890858106424,1.64921309672941,-2.79025353049295,0.539562737338942,0.401858680886523,-0.253542766216019,2.39080891367105,-0.548628459071794,0.856245334873806,-0.57470736522726,-0.158606108182127,-0.26731005506615,0.205812923914514,0.57677472870437,0.257674611196351,-0.167537846422424,0.178674894408289,0.54541271244291,-0.315610221683979,-0.521713674135784,-0.0850261906698875,-0.126011442820757,0.0377256845232115,-0.266151319966232,-0.452123557308273,-0.124603226381273,-0.0040150165519493,-0.43088317520148,0.0990060763345689,0.0623578887915488,-0.491687710337356,-0.0623738905592198,0.161628133486185,-0.00665480879853775,-0.117013429788335,0.147336404836072,-0.101280296819602,0.0702669659015228,-0.043577835830486,-0.151984320452927,1.42406358227168e-14,-1.25029595987764e-15,2.6803714174139e-16,-1.02221912393809e-15,1.4702680431833e-16,-6.04952658361371e-16,-4.72625784815259e-15,6.87880645111929e-16,1.18462765563319e-15,-5.21026569148363e-16,7.59556154966508e-16,-4.81256842305213e-17,4.12285655400148e-16,3.93213730002312e-16,-7.47920290672483e-16,-3.31411496909677e-17,7.07730389828894e-17,-8.32947370971244e-16,"Bat EF-E2","GU644655"
"GU644767",0.106165028753617,6.56027655524376,2.05072330637261,-2.73388986674044,0.834144275385525,0.207122035076449,-0.507532475485853,2.58981741486216,-0.677224384594309,0.269068134810366,0.488586742323639,-0.187566784770087,-0.633366219575194,0.269063978223036,0.479216291340573,-0.268932055732331,-0.802643692865172,0.524823933741785,0.392497170445755,0.378881309976315,-0.31345837902313,0.501816947895547,0.303779350363355,-0.0896193266773244,0.104845903453231,-0.12088409248237,-0.0310862933278001,0.276392797413895,0.531452475281673,0.205397123356445,-0.00789268056770382,-0.308809622383213,-0.108096077354551,0.0424875677041759,0.153654825455522,-0.00781198623526378,0.328476027122205,0.107054885615959,0.04050577790892,0.0544177363900054,0.500260274307512,1.35956874512262e-14,-1.73879080858976e-15,1.23032991463962e-15,-2.02429352013839e-15,-5.62465854934611e-16,-3.35244713896675e-16,-5.4473943381487e-15,1.29852990397867e-15,1.21655316400805e-15,-6.3001241841627e-16,5.23868572851797e-16,-2.8132036326099e-17,5.49311675029485e-16,4.11354319071963e-16,-5.29684614599928e-16,-1.06810235141692e-16,3.7216895398016e-16,-1.29707800688558e-16,"Bat EF-E2","GU644656"
"GU644768",0.537834100062619,6.68643447685398,1.86124716833736,-3.03431116622822,0.697878395583826,0.581737520528814,-0.392197501256626,2.47514541268484,-0.821672841130982,0.886874083661726,-0.222848325449179,-0.383139669598798,-0.535382050177788,0.210578741906944,0.493606396383794,-0.113661600329285,-0.286196418962599,0.0185179045986892,0.290755286435993,-0.0297780199120899,0.139750915834592,0.0194701500367727,0.138386713611344,0.0909906622065712,-0.267068316094061,-0.0641103682241264,-0.0758658834712776,-0.00369526186010987,-0.132790747637743,0.0834925447028491,-0.249155637405745,-0.33921172405877,0.0811724412207367,0.0515582842915858,-0.0781420026558268,-0.0100041676140485,0.0558520238391975,-0.139167395138966,-0.0183628642597489,0.0162731714152264,-0.166478705047171,1.26863235882416e-14,-2.62419695285127e-15,-1.20300836588694e-15,-2.02141984610073e-15,3.60045018558144e-17,-1.60863448511308e-16,-4.61870499264203e-15,5.76858342649413e-16,1.46218341178948e-15,-4.93270993532734e-16,4.95878186618034e-16,6.28966182319944e-17,6.62085835940808e-16,3.93213730002312e-16,-8.03431441903741e-16,-5.38557407533877e-18,1.81795341445405e-16,-8.32947370971244e-16,"Bat EF-E2","GU644657"
"GU644769",-0.039496192286185,6.30783549488228,1.17617985309168,-3.37443512612468,0.73126027353504,0.23849207717506,0.298443288033996,1.96342788443759,-1.95918425575942,1.19807072623243,0.163714968870464,-0.266170017891303,0.365490210154744,0.0925343827804494,1.51085464068173,0.956077590689792,-1.13918355334593,1.109300793859,0.265906906112949,0.177366740682451,-0.208618933457852,0.197612913274187,-0.434292899027229,-0.710911053493574,-0.912124038174946,-0.178015996491723,-0.163578791053641,-0.248525662694706,0.343983244056751,-0.592199183897906,0.107894399573074,0.338978406349406,-0.275231341837392,0.267869657402101,0.206080638615448,-0.265907631450208,0.0661945320794437,0.0982578990002193,0.24187892541064,-0.0595626892981403,-0.0353165949413886,1.18211302545982e-14,-7.24187196893903e-17,-3.11120418946143e-15,-2.79857596333834e-15,1.03520522401846e-15,-6.04952658361371e-16,-5.41147362116343e-15,8.2318907623812e-16,7.33599551879222e-16,6.86340970131495e-16,-1.75999622711014e-17,1.71435336736191e-15,2.5772205534192e-15,4.92960329870979e-16,-1.54428021453918e-16,-3.523302692707e-16,4.2378926634417e-16,-2.13867930482021e-16,"Bat EF-E2","GU644658"
"GU644770",0.195113601957079,6.32499988945055,1.70091742569483,-3.37447777260912,0.37032415272016,0.490970060704367,-0.330582742706818,2.35766635936122,-0.451505945926975,1.03301057477924,-0.240460385147289,-0.222999573642593,0.189120902408511,0.475095901399142,0.250020730664108,-0.30192231802786,0.01092560045709,0.287277683141948,-0.288908614822902,-0.353192368461259,-0.0293812459502623,-0.282867987655072,0.40412290222609,0.0819437269148277,-0.184068698299405,0.106001743579804,0.210554165763032,0.166847523971761,0.126141466995273,0.104159386477503,0.0397700080391179,0.0859645025270023,0.0861809903795568,0.026048241054699,-0.216215011287194,0.00231502640922745,-0.162339676597203,0.0588843813671359,0.0724856950494493,-0.135713585230818,0.0246922452994301,1.26863235882416e-14,-1.74989632095896e-15,-2.81283175159342e-15,-1.34040704237966e-16,3.69071409243361e-16,2.83225761338754e-16,-5.03156917992451e-15,4.65836040186898e-16,9.07071899476903e-16,-4.37759842301476e-16,6.62411640311807e-16,-7.69770650236873e-16,9.39641592097097e-16,3.93213730002312e-16,-3.03831080822421e-16,2.23700015402901e-17,1.81795341445405e-16,-3.88858161121181e-16,"Bat EF-E2","GU644659"
"GU644771",0.429979067508122,6.04674691059054,1.599525394918,-3.24718220101557,0.405926050383475,0.536382647338638,-0.53298584240212,2.17517312546193,-0.29000700757959,0.638742521491518,-0.500618760849959,-0.513965380788204,-0.574053841055552,0.474322722866979,-0.00286869299666755,0.118242208346926,-0.193677717839567,0.361275463544126,-0.262044223233256,-0.192920167691444,0.0768863667103118,-0.0556630326560535,-0.449279582790382,-0.511148742698066,-0.177147632215776,-0.196591606699326,0.0582236567491926,-0.170315905675028,-0.104769363476291,0.204908125620399,0.114169638827972,0.308353344161805,0.348563337997993,-0.178037759538396,0.0870165397191637,0.0513145592089825,-0.0123836915139263,0.32124056808358,0.0757902171095029,-0.0784150690894957,-0.178386349517712,1.31304127980917e-14,-1.55560729164956e-15,-3.92305477621858e-15,1.58680498393103e-15,-9.63196220306827e-16,7.27314971188817e-16,-4.32033255477401e-15,1.88280284030608e-16,1.73973916794577e-15,-2.14262080670422e-17,7.59556154966508e-16,-7.14259499005615e-16,1.90241050475116e-16,7.26280637389859e-16,-3.59342232053679e-16,-1.44163452153483e-16,-4.02492634796262e-17,-4.99880463583697e-16,"Bat EF-E2","GU644660"
"GU644772",0.514392250661535,6.70478089394261,2.1626789806813,-2.7432503954566,-0.336204986571024,0.754767899985404,-0.679160857768847,2.46727862559993,-0.642331057848166,1.03001525124961,0.118514519006223,0.23744936619837,-0.63047866043509,-0.00730659238973742,-0.301662906835953,-0.21024385025087,0.756809671532218,-0.0818794866901615,-0.0555831169383715,-0.586898052209,0.446929040285868,0.0950122612363803,0.584687183137369,0.897631527416186,0.401053410812115,-0.511282525448095,0.423442317021429,0.427647767655452,-0.117267401921672,0.335787670793033,-0.306490045122636,-0.683537967691535,0.202411766544124,-0.290269986776388,-0.40280551637414,-0.262172539586013,0.159212691607791,0.0584413482461728,0.175634762394414,0.111503520131883,-0.389644399490528,1.32048754376418e-14,-3.86324957752406e-15,-5.09132708226098e-16,-9.33290996062362e-16,1.07384838549326e-15,3.39293196348392e-17,-4.30724450818603e-15,9.12309226610959e-16,2.71603869987376e-15,-1.45598340717918e-15,9.86531410816716e-16,-9.82879135039967e-16,4.57034955227382e-16,1.2418865771973e-16,-8.39779830960698e-16,1.18962542666716e-16,2.90980739714092e-16,-7.81892743953047e-16,"Bat EF-E2","GU644661"
"GU644773",0.317206513775886,6.75957599734717,1.72114127038159,-3.06530624884898,0.377153286210455,0.505549391645904,-0.333084042910071,2.47953874211233,-0.555846250794803,0.528792892602916,0.178179459295831,-0.299333836270159,-0.381687538035395,0.295682343927201,0.589741476107487,-0.0642048852837446,-0.719158375325254,-0.0278386264398961,0.00796953225935194,0.205161445118085,-0.0337290759278207,0.157604546937144,-0.0088353201092751,-0.0217834511570219,0.0702763228882487,0.148143085944627,-0.0244360374325537,0.263645152101957,0.249749563087966,-0.0249024002429505,0.0660527166087908,-0.00173477440071531,-0.0840674138669106,0.0405151840979812,0.0418829771560536,-0.0469508573023416,0.294441065663769,0.00893235695800239,0.0563940361125202,-0.157002982727099,0.145985058513497,1.31515982413761e-14,-1.54450177928036e-15,-2.12960017373081e-16,-2.07980467136964e-15,-1.18376645084548e-16,-3.35244713896675e-16,-4.79687303465739e-15,2.99329181816033e-16,1.10553086154553e-15,-3.52456662259981e-16,4.82235209428354e-16,-8.36431875573569e-17,5.49311675029485e-16,4.66865470303221e-16,-4.18662312137413e-16,-1.81403344608695e-16,2.88902227133274e-16,-2.12974527535445e-16,"Bat EF-E2","GU644662"
"GU644774",0.103047311412994,6.71371918970695,2.00206606017682,-3.02365697809252,0.536809103569492,0.50762369172143,-0.226629620421688,1.88890277291393,-1.56261239697416,0.738479200772267,-0.309117046823343,0.300240563755913,-0.663409917287012,0.0937596678481401,0.822403285765912,-0.103481827568276,-0.141086967407587,-0.0329274718473617,0.126090303577396,-0.225791417737344,0.212333614037601,0.22945267278304,-0.0732657960914095,-0.209666011616089,-0.487624079458425,-0.026644310147388,-0.106021432332121,0.1196982161947,-0.00832119494614377,0.00816807808010937,-0.305200696482617,-0.354915627328588,0.13855664101663,0.139958620795205,-0.164128211824587,0.116456293917057,-0.0907084621660746,0.119031320556411,-0.427681308268153,-0.173121393340544,-0.240452324483588,1.27973458907041e-14,-1.73601853315115e-15,-2.36874254174336e-15,-2.07693099733199e-15,3.60045018558144e-17,-2.71885750973824e-16,-4.1642074419361e-15,7.15636220727558e-16,1.24013880686445e-15,-7.15315598457765e-16,3.84855884155518e-16,-1.03636835461779e-16,2.02210904110662e-15,3.48110919626915e-16,-7.63315961521778e-16,-8.34481304942951e-17,6.38341450789822e-17,-9.35296056053875e-16,"Bat EF-E2","GU644663"
"GU644775",-0.129607596979197,6.30061377425292,1.69362307665744,-3.29105349269522,0.155328058326805,0.368871146240097,-0.265000893257637,2.11660937077633,-0.443660295004759,0.946182795724488,-0.182418079675417,-0.395016170160105,-0.435974724221723,0.43781576549986,-0.105860889457754,0.807268148330753,-0.642956727324335,0.887730062809329,0.514449891328151,-0.188819667672768,-0.181064768705505,-0.00655367227812182,-0.0884574543907128,-0.543288275672638,-0.333501910843326,-0.652711995183983,0.429858565844691,-0.226951344051779,-0.180829601524141,0.210724188033456,0.17800011969849,-0.125303318559955,0.177076182691046,-0.13937546446926,-0.183001473110888,-0.135533283947774,0.249756771073444,-0.277359306471455,0.0432335533624925,-0.247192460568658,0.0681806246512495,1.49067696374919e-14,-5.2865099387129e-16,1.29259263663246e-16,-8.55685670244318e-16,-2.97062405531733e-16,-1.60415338052401e-15,-4.88932185489441e-15,-6.00874527879401e-18,1.90627262163954e-15,-9.09604627767167e-16,2.59955793885188e-16,-7.14259499005615e-16,4.40041231015777e-16,4.90358244657013e-16,-5.25875685747452e-16,-2.88145500659558e-16,2.37306492676663e-16,-5.83147190430584e-16,"Bat EF-E2","GU644664"
"GU644776",0.196373562136098,6.84083341469163,1.74796555231352,-3.01985872804435,0.762549004442261,0.605960699342892,-0.54012725098944,2.40339334283554,-0.982347278980645,0.90153649014921,-0.396635832835551,-0.294098909940078,-0.294611486654854,0.184666152241229,0.196723554221937,-0.0113772584475653,-0.341294687110666,0.242231691761456,0.296559528474756,0.181913725545203,0.161661833591807,0.290758957091548,-0.0721170813120926,0.738498991453965,-0.160986959191376,0.284887788780665,-0.351703141736331,-0.261268222582146,-0.381212435859187,0.388401423978747,-0.16045247559082,-0.235400512507522,0.146214598017357,-0.0296477448384781,0.119962414600354,0.103226342950904,0.0245804739158447,-0.16588350777014,-0.0956177973250605,-0.0663431311253007,-0.145174587001418,1.23532566808541e-14,-4.40055379225152e-15,-2.59078714666839e-15,-1.63284178748193e-15,-1.40728543015689e-15,-6.04952658361371e-16,-5.02809973297255e-15,7.72579815680927e-17,1.85076147040829e-15,-5.48782144763992e-16,1.12037863796968e-15,-4.92214894080584e-16,-1.98337008143688e-16,2.82191427539797e-16,-7.47920290672483e-16,2.58292394273136e-16,1.26284190214147e-16,-8.32947370971244e-16,"Bat EF-E2","GU644665"
"GU644777",0.30165216299488,6.84384692674926,1.79179611266293,-2.93702796012948,0.163648997777134,0.284188070347647,-0.428269046072704,2.34675170209514,-0.89103027643547,0.640867541331235,-0.342639956401391,-0.78306915608591,-0.312301367560347,0.102523403836184,0.544773381047144,-0.18666230992189,-0.0924005987671345,0.224675402649507,0.0691674204170203,0.414969369472102,0.0127825010078687,-0.0352263222444152,0.422193847079719,-0.299552134100821,0.154809264407195,0.0511065691448865,0.173181713809383,-0.172061942871942,-0.0470737929939896,-0.054511292410282,0.0364147654652033,-0.114709131379844,0.118845765168041,0.0362463311156012,0.00941562524854478,0.203357738420562,0.0590927186291921,-0.0997068757354026,-0.0233452692422146,0.0670949618394994,-0.0165515616595945,1.35745020079417e-14,-1.80540747219022e-15,-9.25452609730653e-16,-2.02141984610073e-15,-2.97062405531733e-16,3.9424806380127e-16,-4.69156337863305e-15,6.32369493880671e-16,9.62583050708161e-16,-4.93270993532734e-16,2.59955793885188e-16,-1.59147986693037e-16,6.89841411556437e-16,6.15258334927344e-16,-5.25875685747452e-16,-5.38557407533877e-18,7.07730389828894e-17,-5.55391614814955e-16,"Bat EF-E2","GU644666"
"GU644778",0.551102485019577,6.39265709670702,2.25100958675515,-2.67359632114544,0.618887310388834,0.754493573889105,-0.576727326474087,2.6230973421966,-1.06783898175274,0.829539333146867,-0.558999276668004,-0.628757885227271,-0.225924579574087,0.83254215388113,0.155151281815884,-0.25628493449221,-0.0420910335576481,-0.0898524164304254,0.0661811873520443,0.635595916779466,-0.141427616717133,-0.312838501497285,0.268380704125409,-0.0830156012077757,-0.132197271166911,-0.136120316976031,-0.296378883599828,0.470454057069953,-0.19873443473325,0.0510549631282853,-0.066663954755976,0.265684385301605,0.196533580298286,0.0202194067989429,-0.0590337435767557,-0.075933071310734,0.0450531814344108,-0.235889856656331,0.374394667285432,0.122791210974331,0.0457202971869868,1.17356951234063e-14,-2.90348743248354e-15,-1.2585195171182e-15,-2.57653135841331e-15,-7.41151615381795e-16,1.72203458876239e-16,-4.61263346047611e-15,5.94205577409181e-16,1.17421931477733e-15,-4.19545245803719e-16,6.9363666287939e-16,-1.73025774500851e-16,1.49475310440968e-15,5.41532587198329e-16,-4.23310160230324e-16,5.18603006318959e-17,5.1673820582873e-19,-3.65222553760997e-16,"Bat EF-E2","GU644667"
"GU644779",0.408554637605823,6.82745289253316,1.01598969283764,-2.62367989143808,0.732192312501433,0.111810779680316,0.0733592076450914,2.35491958967936,-0.956296367744873,0.636362341612626,-0.0327328095855341,-0.596627374428343,-0.592443056217361,1.21039078546754,0.622348046558962,-0.462278629512224,-0.191805295913467,-0.0653809765268699,0.379970017876874,0.155440007121503,-0.0303188785144323,0.115398941726502,-0.0839762766120584,0.204287340317158,-0.241214197653944,0.697047817744604,0.190387770592262,0.126032354602248,0.254844646725211,0.267903799765872,0.392480252915738,-0.0306244960397487,-0.0132611767857225,-0.016951599461143,-0.00218204183833681,0.0961621321305157,0.0180262346867904,-0.0401239203419011,0.102174619699594,0.011121390220308,0.0568503815970411,1.22652194644483e-14,-3.4377822630844e-15,-2.58384825276448e-15,-1.96590869486947e-15,2.58049106780846e-16,-6.04952658361371e-16,-6.01862683775531e-15,3.65222078580243e-16,1.17768876172928e-15,-3.82248691070218e-16,6.06900489080549e-16,-2.28536925732109e-16,4.12285655400148e-16,5.64951354124016e-16,-4.50415214542461e-16,1.00432557959246e-16,4.1251356375032e-16,-4.48922961476878e-16,"Bat EF-E2","GU644668"
"GU644780",0.164408535868107,6.59260006265646,2.36803814502793,-2.7440516574645,0.882695479909523,0.542950946734697,-0.475752480204478,2.39696693644252,-0.81503505137119,0.511201398894886,-0.0382616144478764,-1.02036935878001,-0.266919537897604,0.193625439550292,0.396067006006476,-0.261227091784751,-0.331072000818654,-0.188826401149022,-0.350220253257028,-0.251272410909424,0.549640757221713,0.196655083988021,0.0918931461255061,0.00612813207068487,-0.227079283979534,-0.0107051817641385,0.186591593363179,0.0137176379947734,0.226406879487494,0.115185266681228,0.00280691099240059,0.250441490612564,0.0709716971594689,-0.0601362331232972,0.0160550026735783,0.40357691957623,0.180632627319417,-0.110229700963695,0.119109724306639,0.00654324052496211,-0.124318483596151,1.25753012857791e-14,-1.88867419903711e-15,-1.39729739519634e-15,-1.35528603132564e-15,-9.63196220306827e-16,1.2824264835014e-15,-4.26482140354276e-15,-5.05609106360114e-16,5.18493840858098e-16,-1.04838250584531e-15,6.48533852503993e-16,-1.59147986693037e-16,1.05066389455961e-15,6.15258334927344e-16,-4.70364534516194e-16,-1.44163452153483e-16,2.92817643907921e-16,-4.99880463583697e-16,"Bat EF-E2","GU644669"
"GU644781",0.43630892723441,6.59093014161416,1.86542943883391,-2.76551369059962,0.306238580652029,0.387526023243739,-0.282149707853021,2.63532568767069,-0.724611830981881,0.820843669485643,-0.37479648520685,-0.187391858300896,-0.216478760534,0.766126019891105,0.280875023399973,-0.225346161962744,-0.106843035392156,0.12320276463746,-0.22365161687277,-0.123790978895075,0.0464211861928615,-0.15732834706791,0.275935209387234,0.502127059065493,-0.153507066074887,0.127484228976427,0.158405489872397,0.281940794443334,-0.0516852823149379,-0.0288574854789374,0.513108148435926,-0.00342301010843242,0.477252409966034,0.29121215402056,0.18851385758136,0.089655139460351,-0.134281022279893,0.200849031614512,-0.055610699989526,0.100090554753106,-0.0126941047653765,1.40185912177918e-14,-3.33196413104981e-15,-3.00712078090282e-15,-5.22618762856771e-16,-6.3012931291928e-16,6.16292668726301e-16,-5.34034995864838e-15,8.54414098805702e-16,9.07071899476903e-16,-5.7653772037962e-16,1.20364536481657e-15,-2.21306058224958e-15,-2.53848159374946e-16,2.82191427539797e-16,-3.03831080822421e-16,1.05636728387177e-16,1.52618877516316e-17,-4.44369312352439e-16,"Bat EF-E2","GU644670"
"GU644782",-0.267363683615455,6.2665400761524,1.614208128835,-3.02105797946759,0.249789753553188,0.629343819144012,0.0694868810192717,2.69645278874892,-0.595711964859888,0.674996425528973,-0.391112130935146,-0.721966157597373,0.0335135458106923,0.240705267055989,0.235134236958777,-0.554987327301051,-0.219118098499156,0.255835929774966,-0.391597899429777,0.137860817580902,-0.243733543491101,-0.202822867319225,-0.337815779946658,-0.355699180567643,0.294131791631079,0.120790279782307,0.439281622321603,0.448458113373626,0.217942228787855,-0.102437939848819,0.290929943460938,0.624957628751918,0.330321276407534,-0.0696506663015791,-0.0651480293914918,0.142722678370328,-0.2131145212184,0.0481854804637851,0.161862546891582,-0.0946401837094917,0.246636946725206,1.25753012857791e-14,-1.19478480864638e-15,-2.75732060036216e-15,-4.67107611625513e-16,-1.86040103069217e-16,1.06038187857636e-15,-4.45564098590021e-15,3.54813737724382e-16,5.74004992089356e-16,-7.69373592983e-17,9.12211820852467e-16,-3.81192591618068e-16,1.49475310440968e-15,6.15258334927344e-16,1.40258129027642e-16,-7.4774513114411e-17,1.26284190214147e-16,8.29866243445104e-17,"Bat EF-E2","GU644671"
"GU644783",-0.267363683615455,6.2665400761524,1.614208128835,-3.02105797946759,0.249789753553188,0.629343819144012,0.0694868810192717,2.69645278874892,-0.595711964859888,0.674996425528973,-0.391112130935146,-0.721966157597373,0.0335135458106923,0.240705267055989,0.235134236958777,-0.554987327301051,-0.219118098499156,0.255835929774966,-0.391597899429777,0.137860817580902,-0.243733543491101,-0.202822867319225,-0.337815779946658,-0.355699180567643,0.294131791631079,0.120790279782307,0.439281622321603,0.448458113373626,0.217942228787855,-0.102437939848819,0.290929943460938,0.624957628751918,0.330321276407534,-0.0696506663015791,-0.0651480293914918,0.142722678370328,-0.2131145212184,0.0481854804637851,0.161862546891582,-0.0946401837094917,0.246636946725206,1.25753012857791e-14,-1.19478480864638e-15,-2.75732060036216e-15,-4.67107611625513e-16,-1.86040103069217e-16,1.06038187857636e-15,-4.45564098590021e-15,3.54813737724382e-16,5.74004992089356e-16,-7.69373592983e-17,9.12211820852467e-16,-3.81192591618068e-16,1.49475310440968e-15,6.15258334927344e-16,1.40258129027642e-16,-7.4774513114411e-17,1.26284190214147e-16,8.29866243445104e-17,"Bat EF-E2","GU644676"
"GU644784",-0.0223656014570076,6.51998578819572,1.96715005264146,-2.8895630534899,1.04455147785566,0.312422802886362,-0.184388892363028,2.62232429146831,-0.938794960223222,0.69267544147889,-0.16210095685206,-0.426017401157983,-0.323374737088538,0.31962413954882,0.0301227070195187,-0.633528187821084,-0.3631913420297,0.638809020256823,0.229566822663716,0.14386493261198,-0.211930502475071,0.384994222342198,0.0480553401926873,-0.343286447312354,0.531749297877482,-0.213719082039113,0.351789725308905,0.329643034890823,0.268171565272335,-0.144001217724783,-0.0275774023074697,0.11882093543452,0.176697190881791,-0.23756808654348,-0.139512731570177,-0.0486094183413272,0.0837254644721216,-0.0405894842909155,0.0361499146265924,0.17949779750149,0.204255757065942,1.22073016172162e-14,-2.62616878501524e-15,-9.99553230198882e-16,-1.9131852706294e-15,1.51742487321371e-16,5.40370014734263e-16,-5.10913363069937e-15,1.01853698060257e-15,1.55724250220788e-15,-3.84777940654498e-16,1.10827428252247e-15,-6.31776644490669e-17,1.18807769468277e-15,7.02211449660466e-16,-3.81743379496659e-16,-1.06371586169996e-16,4.28674225574657e-16,-1.55877860156763e-16,"Bat EF-E2","GU644677"
"GU644785",-0.232961129817555,6.63596486745269,1.36074421844501,-2.65317436525025,0.444012817698604,0.541759299014011,0.158536471402144,2.73702564384224,-0.568007284902209,0.113640721176641,-0.388593604753609,-0.560552834317576,-0.275190246054998,0.388429147091137,0.711128957916881,-0.226654522871486,-0.337889002149055,0.232236645163106,-0.0546398777268119,0.00585349143751878,-0.0483791926510557,-0.191267225912416,0.253736775126462,-0.0365231515532662,-0.93786911397156,-0.104065745968723,-0.136675867784394,-0.150360594727197,-0.205265771635501,0.254553106164936,0.0776513954954054,0.206395825551371,0.126606203094465,0.366195146296797,-0.308187848676867,-0.295160759752264,0.0995635192897762,0.018131023354219,0.335019226321907,0.302828660358096,-0.122939694280117,1.3857695615395e-14,-1.33876685715246e-15,-1.20300836588694e-15,-1.02221912393809e-15,4.80093711705877e-16,1.72203458876239e-16,-5.48259728367848e-15,1.45809786844563e-15,1.42055004836604e-15,-6.91896831532078e-16,6.69350534215714e-16,4.2371910123517e-16,9.39641592097097e-16,2.14537211976701e-16,-2.0516868312624e-16,1.71556220474296e-16,2.66796791768269e-16,-2.35118293062737e-16,"Bat EF-E2","GU644684"
"GU644786",0.150189154952233,6.42522569264626,1.3920420206142,-2.99983334628269,0.561784555836381,1.23856520219676,-0.329021975583112,2.24995753568143,-0.461056343329261,0.708585731163873,-0.0238252293418686,-0.483606584501749,0.125508022890687,0.241580764208094,0.143910855188558,-0.543279524372529,0.0844978267748574,0.00603602654837176,-0.504087109322977,0.145331272850301,-0.293947090575506,-0.00796216974497394,-0.0258852686523111,-0.608791908262533,-0.175334439034967,0.154385416921145,0.0425693100549899,0.0889817203797218,-0.0116690745746043,0.152725546046797,0.311462787926702,-0.139584917828863,-0.0874162023260677,0.124042378691034,0.224381696516421,0.161563529116376,-0.144738206965085,-0.0617051083289039,0.121991920826092,-0.0430667990911248,-0.127006921384991,1.33524574030167e-14,-5.42528781679105e-16,-2.7018094491309e-15,1.99026203149581e-16,1.4702680431833e-16,1.2824264835014e-15,-4.54237715969905e-15,1.88280284030608e-16,7.44046310080356e-17,-3.82248691070218e-16,6.56667645757853e-17,-6.032371965431e-16,7.17596987172066e-16,4.34847093425756e-16,-3.03831080822421e-16,-6.43661722585502e-17,-6.80048390952551e-17,-4.44369312352439e-16,"Bat EF-E2","GU644689"
"GU644787",1.40322021573554,6.43662560007909,0.992983296869473,-2.79266333049049,1.19181861544412,0.42796349196427,0.393164107165271,2.70888105796275,0.110847696489578,0.162251040802749,-0.340321651611928,-0.863278838480837,0.0827999021788182,-0.600525836459197,-0.150318943493047,0.356085157629006,-0.759801741773183,0.555150272194156,0.0106584887931346,-0.0880878108115925,-0.320115871781799,-0.978302010482492,-0.485656118549163,0.0878209294454353,0.192333351202854,0.110329130636647,0.016620111633406,-0.464404628640442,-0.136428805822294,-0.0252559015218036,-0.0450506369651807,-0.237673564605112,-0.278718270296278,0.438825413071383,0.066007212112475,-0.457166990613675,0.215050584799905,0.17623094369027,-0.184565176394414,-0.0406130880936813,0.00125040301985451,1.36425899043738e-14,-1.99275760759572e-15,-1.8344477111425e-15,1.364760379006e-15,-5.19107010456764e-16,-3.8290805343634e-16,-4.79608046806065e-15,2.0909696574233e-16,1.76402529660945e-15,5.36287389459501e-16,4.83195298160172e-17,-3.53437016002439e-16,-1.75264924261891e-15,3.06477556203472e-16,-4.30899575437722e-16,-2.15287114668532e-16,1.21947381524205e-16,-2.17987898737466e-16,"Bat EF-E2","GU644690"
"GU644788",0.0813664477199957,6.30668932016946,1.40221748670161,-3.1643726956826,0.340637430891704,0.465254023628429,-0.0772705839329992,2.58472238987355,-0.538786298581498,0.738582577684095,-0.291676220436363,-0.559225596366603,-0.20470179007804,0.0851859321248695,0.472617726135602,-0.458300305912037,-0.228716782493421,0.210295084016854,-0.25246452621195,-0.146139766490643,-0.0377908119265517,-0.0553941487090917,-0.387822766216077,-0.0557022662555912,0.162791360982306,0.2582085258834,0.171992645319363,0.322785499650252,0.224513390374147,-0.245812508622007,0.0849517578615816,0.255107179867109,0.103630850880631,-0.0330413924154593,0.0401080402303751,-0.0911296497842856,0.122252787066121,0.122324082361782,0.181672596727636,-0.10789568894762,0.344191200212827,1.25323668797487e-14,-1.09764029399168e-15,-1.80669213552687e-15,-6.89152216550544e-16,2.58049106780846e-16,3.9424806380127e-16,-4.75791655158916e-15,1.81341390126701e-16,9.03602452524949e-16,-1.57602000931222e-16,1.04752025197866e-15,-2.42414713539924e-16,1.18944177263776e-15,6.04849994071483e-16,-1.20384073237874e-16,-1.21612046965785e-16,2.46847471794535e-16,-5.83933389475994e-17,"Bat EF-E2","GU644695"
"JQ685905",0.306416385484104,6.4492486492302,1.75410362103443,-3.1940314506505,0.50660729770018,0.635610820013109,-0.153023248655051,2.53876176312138,-0.502290980449102,0.804012693180541,-0.332891952794974,-0.452575436103926,-0.123682201096208,0.232056654329031,0.412658302492726,-0.348879936646527,-0.0226330339678252,0.126913313761789,-0.21706080412673,-0.0601270323410897,-0.106616169216867,-0.101199853148363,-0.19813681282979,-0.184343152246651,-0.1297713310866,0.132063263702848,0.0573180024934324,0.0909494317841468,-0.0683593839093968,0.0475435125700904,-0.00133277076329992,0.0475703013692011,0.127124680812657,-0.0108256109257522,-0.0132751216192981,0.0213764169433159,-0.177047673613014,0.02349827893098,0.0602568351363209,-0.0155430094199073,0.0221713270027247,1.24642789833166e-14,-1.86091862342148e-15,-2.86834290282468e-15,-5.22618762856771e-16,2.58049106780846e-16,6.16292668726301e-16,-4.58054107617054e-15,3.54813737724382e-16,9.07071899476903e-16,-1.04692934913929e-16,6.20778276888364e-16,-3.81192591618068e-16,1.05066389455961e-15,5.04236032464828e-16,-3.59342232053679e-16,8.49221373247569e-18,1.52618877516316e-17,-4.99880463583697e-16,"Bat EF-E2","JQ685925"
"AY352488",-0.614714791144211,-1.57581164841487,-7.30607829854667,-1.54337016565607,2.06710733654478,5.08216474277069,1.59805969640319,-2.12282838640025,-0.671433227639424,-0.183575218888407,0.0875401832367337,-1.71234007338075,0.366039942342114,2.65101603684807,-0.312775769952952,0.175085262754507,0.582518495249256,-0.407515624644439,-0.15446098189435,0.427719477431181,-0.116494991294045,-0.612818244937791,-0.303762512353295,0.543848205208923,-0.121108290880618,-0.0549895797529057,-0.203107929024225,0.424454667511269,0.0261949524858636,-0.368704177183036,0.311392289505679,-0.187785849704735,0.0666365841366092,0.148833815146097,0.107610897902877,0.0636628219614391,0.0263537164157242,0.163047480283764,-0.0361583063094846,-0.0380196144026026,-0.115479106171686,1.42087393275645e-14,6.18296884482657e-16,-9.28777511773414e-16,3.07690513853239e-16,-1.16219710974941e-15,-1.96493909478702e-15,-3.61681009650617e-16,-1.58879517555782e-15,-5.41824666134102e-16,1.42079208913062e-15,3.04116804477625e-16,-8.21272892992113e-16,-2.47371938411113e-15,5.3144887981104e-17,2.32195344011367e-16,3.12155292922914e-16,-2.7759179775964e-16,6.54359328219633e-16,"Arctic A","AY352488"
"AY352501",-1.03122531037208,-0.875168864643446,-6.44000092916013,-2.55185842220884,0.869491393957236,5.09661603082443,2.38717928075606,-0.44337908260949,-1.77076528429813,0.43314573625006,1.38150045929822,0.108834028815826,0.916140266991805,-0.869348528232559,-0.762824263641239,0.00695856555602577,-0.266704666100242,0.423752037305465,0.195017144271571,-0.11208922008275,0.235722830380596,0.452897868048212,-0.354074561825098,-0.89745012199836,-0.317296819567356,-0.680149234162713,-0.0510088382852372,-0.560889710054982,-0.459315278935662,-0.038494780481878,-0.424063227483722,0.352287100613585,0.100317682567395,-0.509703125402735,-0.0744278500356075,0.126112881456094,0.233129453437676,-0.344109511599847,-0.0768160118098257,0.0381398386308157,0.0398468581693081,9.55144047543576e-15,1.11757629497429e-16,-4.12066870757074e-15,-2.19031129155336e-15,5.90482173382637e-17,-9.65738372624376e-16,-2.28540982869397e-16,-1.22103379865074e-15,8.39015220743436e-16,7.22565890049954e-16,9.9106730096444e-16,1.53795103433634e-15,1.38430562646129e-15,5.26724396922772e-16,1.43290765867556e-16,8.57868462697325e-18,2.79254438028915e-16,2.53204524399997e-16,"Arctic A","AY352501"
"KX954123",0.12403035916526,-1.55337165948857,-6.24538352210216,-1.70493314067905,1.73901980291295,5.05537328512989,1.1503419772191,-1.61950973771145,-0.653110021182331,0.835961696994443,-0.00944703882456305,-2.12179958883925,-0.414890918129754,1.65618837093358,0.38904188432707,0.201456137762578,1.2708430742137,-0.450744088405205,-0.0594456776692515,0.599472017943124,-0.0503240543889412,0.139001650558371,-1.01791055013896,-0.285770180971613,0.593120378804029,-0.643875592715841,0.882162864708726,0.524363282988829,-0.469105993967622,-0.943906861406412,0.585223118148968,-0.365063211143714,-0.148190390241066,0.172356241869949,-0.508764413924409,0.253162426736257,-0.0552456397471751,0.608110977135041,0.140599486987348,0.0061661920845086,0.177052921490748,1.64147881032526e-14,3.52821444241977e-15,1.55731646182047e-15,-9.20384527303193e-17,7.44044764125521e-16,-2.04658510583014e-15,1.4604700200944e-15,-7.24136831253144e-16,-1.86161731091776e-15,2.53477590322647e-15,-1.15531441170286e-16,2.05753936416439e-17,-1.47997497376843e-15,4.81621988546517e-16,4.00630871290994e-16,1.51588771054584e-19,-6.81324488976031e-16,3.35978586767024e-16,"Arctic A","KX954123"
"LT598537",-0.917435669843712,-1.47381603694999,-6.34425546291694,-2.26856708371866,0.958721507531682,5.13314935131807,2.13043692886894,-0.703964863404606,-1.77362388999412,0.409357675560025,1.2933212100973,0.130002732212295,0.734651482141539,-0.211224237350559,-0.43443598929175,-0.045272676011546,-0.0122817629117275,0.536193923241304,-0.0841004708942745,-0.0364195853507711,0.0121585980526176,0.227236972479278,-0.00212392594652051,-0.296035733023371,0.0464769801159042,-0.580126718862322,-0.270273827833944,-0.568373802699155,0.0710515079968227,-0.0012653665092236,-0.26471489788106,0.2244226000152,0.196185867270161,-0.124231443234509,-0.30813223987798,0.0333682552836485,0.00514894193767044,-0.249995669429975,-0.165344160777306,0.0280305571773415,0.0131898917548428,9.99552968528583e-15,-2.9069821692919e-16,-3.81535737579882e-15,-2.57888935017217e-15,-2.74018690049283e-16,-9.65738372624376e-16,-3.23950774048121e-16,-1.11001149618822e-15,8.39015220743436e-16,6.11543587587438e-16,7.69022696039409e-16,4.83239160942446e-16,5.51638357992421e-16,1.10390762688339e-16,1.43290765867556e-16,4.6742601098463e-17,1.68232135566399e-16,5.86271431787544e-16,"Arctic A","LT598537"
"LT598538",-0.59716926623291,-0.692541884342797,-6.71958907404128,-1.47341774030194,0.610850587587867,5.22718008265973,1.66794402510125,0.619714484566206,-1.41168627836057,0.861978383098621,1.71021951188441,-0.334213192661668,1.14701544778284,-1.1609183286415,-0.587669244227888,-0.57223575097637,-1.17787705560642,0.109682524701236,-0.126131978327572,-0.197504195238471,-0.142709138999248,0.764523033481755,0.783719182578204,0.17949639555315,0.154088930818164,0.155695868664402,-0.127089180525214,-0.252046065295912,0.0934453740852016,0.215701283693811,-0.185109467200415,-0.348932928667324,-0.0582520482534605,0.214658367242239,0.0355552793993423,-0.152636326033498,-0.321081878958947,0.0864866301114237,0.0285521676440284,-0.0508651279517489,0.0615627165468435,1.11449359092587e-14,-1.58583948197052e-15,-4.5947269727813e-15,-8.6091733604083e-16,2.37733977785448e-16,-4.73985823234649e-16,-1.35039859581615e-15,6.94127514150565e-16,-6.58099479091821e-17,1.10537414622147e-15,7.62318612753637e-16,1.23875556266103e-15,-1.75382627655359e-15,-4.14715488877377e-17,3.31168781110517e-16,3.21752934319077e-16,2.08552167429161e-16,6.58071656814671e-16,"Arctic A","LT598538"
"LT598539",-0.940208419836977,-0.925911383860639,-6.71886280076195,-1.38627394487318,1.10734227484298,5.26108361590552,1.48906550670958,0.679417240183911,-1.47912582902787,0.530301743459338,2.01310415152301,-0.216555570897228,1.20096217031863,-1.07748503411426,-0.818165604755078,-0.960859696072585,-0.94493406544826,0.556774301835779,0.00251932793525914,-0.225847500632369,-0.420698356964524,0.975417593119647,0.880352374792408,-0.178491942034525,0.411190550415005,0.0182448500349484,-0.353829262814151,-0.489138154219479,0.521459373402627,0.358427555094633,-0.427650172425791,-0.786194588100698,-0.0386209682722561,0.159922926194278,0.187883936164219,-0.329968853626436,-0.254519446771502,0.00943645621312953,0.175546681448289,-0.0354995156307694,0.156007926767662,1.12559582117212e-14,-9.4746124281106e-16,-3.92859315800621e-15,-4.16828126190767e-16,3.48756280247964e-16,8.11256890779294e-17,-1.98877683497561e-15,6.94127514150565e-16,8.22368471790943e-16,8.83329541296439e-16,5.40274007828606e-16,1.23875556266103e-15,-1.8648485790161e-15,-6.92271245033666e-17,1.09124176185485e-16,2.14200078808515e-16,2.3630774304479e-16,8.24605110508445e-16,"Arctic A","LT598539"
"LT598540",-0.783550179357035,-0.959820920425466,-7.1762507034944,-1.48443735369907,0.95163961145917,5.16663545938121,1.96578860423689,-0.571312763545233,-2.06411881838918,0.610569584332055,1.93741288668164,0.19309106397424,1.002198526104,-1.12352727736345,0.0353452399230337,-0.673311820865305,-0.961767910368808,-0.133141162943292,-0.00952620664928336,-0.306064320877963,-0.356746075345393,0.707888886779165,0.87006470685454,-0.270987706515272,-0.13704922158726,0.00155501544140914,-0.17798121931489,-0.0534901340643965,-0.21583361992055,0.35499583890478,-0.176026232861881,0.253303555165758,-0.0125601084985896,0.206702173650647,0.0684514973847875,0.108972343495534,-0.1122102028372,0.20847407182469,0.119970987263055,0.155177376144934,-0.0215923867828127,1.03677797920211e-14,-7.25416637886029e-16,-5.17759406070951e-15,-2.24869611682228e-15,5.70800885172995e-16,-3.62963520772133e-16,-6.5997865237738e-16,1.19372787523189e-15,-9.26232791993678e-16,8.00062814449552e-16,1.51171915437562e-15,1.57182247004858e-15,4.66619772696727e-16,1.94450843845108e-16,3.7280214453396e-16,1.67362544957141e-16,2.22429955236975e-16,6.23377187295135e-16,"Arctic A","LT598540"
"LT598541",-0.22144392549009,-0.819243188662364,-6.52445467934995,-1.17200788167533,0.114911915244293,5.28533395136152,2.1777542918469,0.685867179108011,-1.08965343706065,0.239638251264094,2.05705523059769,-0.0406165853663183,0.484548250208726,-1.12560065170927,-0.844783192721582,-0.83129856841097,-0.417692569537975,-0.0709432845844472,-0.121198343221779,-0.475228733002315,0.445717163629681,0.39690103140978,1.03195109787918,0.129267441682639,0.700011717153668,-0.227709865113175,0.17117412186571,0.350727653890095,-0.239055255490546,0.58191711302307,-0.0050079937782045,-0.654750798374397,-0.0752704821671414,-0.285721725709336,0.281086260253088,-0.32755644893723,-0.148861651463749,0.149233403678329,-0.126180089613995,-0.400543656976771,-0.0360333644744653,1.23661812363464e-14,-9.19705667195431e-16,-3.1514370407686e-15,-4.16828126190767e-16,5.70800885172995e-16,-6.9603042815968e-16,-5.7324247857854e-16,6.94127514150565e-16,3.7827926194088e-16,-4.84887840368603e-18,4.2925170536609e-16,-5.37601276739216e-16,-1.97587088147862e-15,1.40396023435202e-17,1.09124176185485e-16,3.21752934319077e-16,-6.90035887271281e-17,5.47049354352156e-16,"Arctic A","LT598541"
"LT598542",-0.783550179357035,-0.959820920425466,-7.1762507034944,-1.48443735369907,0.95163961145917,5.16663545938121,1.96578860423689,-0.571312763545233,-2.06411881838918,0.610569584332055,1.93741288668164,0.19309106397424,1.002198526104,-1.12352727736345,0.0353452399230337,-0.673311820865305,-0.961767910368808,-0.133141162943292,-0.00952620664928336,-0.306064320877963,-0.356746075345393,0.707888886779165,0.87006470685454,-0.270987706515272,-0.13704922158726,0.00155501544140914,-0.17798121931489,-0.0534901340643965,-0.21583361992055,0.35499583890478,-0.176026232861881,0.253303555165758,-0.0125601084985896,0.206702173650647,0.0684514973847875,0.108972343495534,-0.1122102028372,0.20847407182469,0.119970987263055,0.155177376144934,-0.0215923867828127,1.03677797920211e-14,-7.25416637886029e-16,-5.17759406070951e-15,-2.24869611682228e-15,5.70800885172995e-16,-3.62963520772133e-16,-6.5997865237738e-16,1.19372787523189e-15,-9.26232791993678e-16,8.00062814449552e-16,1.51171915437562e-15,1.57182247004858e-15,4.66619772696727e-16,1.94450843845108e-16,3.7280214453396e-16,1.67362544957141e-16,2.22429955236975e-16,6.23377187295135e-16,"Arctic A","LT598542"
"LT598543",-0.900822934383959,-0.934682177691155,-6.47689310685405,-1.76968221943371,1.06844452209301,4.00839376425606,1.90904932204032,-0.467184177383528,-2.14852167151412,0.0279753846027123,1.88105105151491,-0.445553278529496,1.46141662680541,-0.231414623490666,-0.752024983830189,0.516609950633298,-0.206547299512932,0.241032144226758,-0.230788786548188,-1.39182689861479,0.877948790306546,0.718602745979103,-0.816662366834739,-0.193268133774851,-0.00583244190682269,0.385329464554829,-0.0405052345388935,-0.461979589949992,0.12538470806636,0.0640872655709305,0.448880393737032,-0.0329993676245922,-0.264479685960378,-0.177959142269639,0.0186990275852467,-0.0247000458076303,0.485427205723415,-0.323892108143192,-0.0842258320959965,-0.0609129798929099,0.242851775675598,9.66593222485023e-15,-1.07479322807071e-15,-6.39662590805231e-15,-1.41315517431575e-15,-5.19740851242519e-17,-5.21649162774313e-16,-2.35921509223791e-15,-2.88636833558847e-15,1.10431360833177e-16,-7.38938638460506e-16,7.44736567375734e-16,1.75999563926138e-15,8.56949689764339e-16,1.39013700041956e-16,1.87309374070467e-16,-5.04019135562382e-17,6.26199133224276e-16,5.39000217067176e-16,"Arctic A","LT598543"
"LT909550",-0.829201441126051,-1.70484398966475,-7.09846526678123,-1.65526430883858,1.88809691044324,5.02534403799303,1.68982315876977,-2.64085794758247,-1.5072877072268,-0.301417045827029,0.00964810587061591,-1.09528447278567,0.294745096683353,2.57374422306998,0.0184979654309164,0.190004986223867,0.687027207496307,-0.44337604989537,-0.312336000393003,0.320160054135428,-0.0692711372323811,-0.48619934423544,-0.461941674362067,0.275961583693545,-0.297445370293402,0.00820411611582974,-0.271628037778258,0.605502337401935,0.050514015635395,-0.282075793551701,0.372855374084477,-0.119305497827766,0.119598934730889,0.132533243728879,0.131086345679332,0.0651743309043306,0.000763035829221139,0.157389395750931,0.000771767792633445,-0.0138159300096008,-0.109996300197508,1.35426055127894e-14,1.28443069925775e-15,-2.09451168762983e-15,-5.80487905846886e-16,-9.40152504824377e-16,-1.52084988493695e-15,-2.7841428280373e-16,-1.58879517555782e-15,-5.41824666134102e-16,8.6568057681804e-16,3.04116804477625e-16,-8.21272892992113e-16,-6.9736254471088e-16,5.3144887981104e-17,2.32195344011367e-16,2.01132990460399e-16,-3.88614100222156e-16,6.54359328219633e-16,"Arctic A","LT909550"
"MN384717",-0.481430537490854,-0.804986554944308,-5.7134633559924,-3.27264796933275,2.24886634219686,4.4954201806906,1.7308220826407,-0.0863894894885368,-1.50447097525332,1.31082553318792,0.549883206933498,0.646952174696053,1.54224118503273,-0.374560857780294,-0.0747545472311636,-0.579725282227664,0.621945050701204,0.0237109660148468,-0.398635649968755,0.181480279858525,1.16207157014017,0.734365311720568,-0.197810075116429,-0.419736973815121,0.625974530521079,-0.251871193323311,0.565893565703687,0.0910200767242548,-0.26404453784772,-0.119756696036466,0.660917402515691,0.894940808858667,-0.199202039896938,-0.418760212358254,0.527865545463846,-0.204518555886533,-0.0574242847454358,-0.14743757585232,0.128961040137811,0.121819534425107,0.0286365224912424,9.65118707530443e-15,-3.25392686448726e-16,-5.31415845904278e-15,-2.30133359401588e-15,1.28029354442594e-15,2.36493070125109e-15,-1.38560154134593e-15,-2.9122201552717e-16,2.70025920623044e-16,5.49960904190261e-16,-1.50723151021078e-17,-5.57594924643639e-16,6.90416236070565e-16,4.59937543097665e-16,3.43000806039386e-16,1.36948221849257e-16,3.67725335303732e-16,4.79152257145976e-16,"Arctic A","MN384717"
"AY352487",-0.654191465239271,-1.74944078923254,-7.26667664500253,-1.55516095005088,1.89252377655277,4.91061857433312,1.80706200892145,-2.0464625754058,-0.716717685269798,-0.180578600324439,0.0314067053019658,-1.70817193433126,0.586657750145602,2.75438125351185,-0.402185460770065,0.457651276617114,0.725823313794319,-0.494832475722547,0.236622418658534,0.393233312017194,-0.153917479278807,-0.679517252778715,-0.552116710440785,0.426468597043085,0.0276340258341773,-0.235546783625631,-0.34361381216028,0.103625230088598,0.389767128707003,-0.159445499600452,0.168249516269409,-0.164721180940143,-0.0640112980474489,0.109262995409335,0.0994341744073396,0.0220438890099611,0.148668176324382,0.218185020647356,0.0790022233110351,-0.201300630898405,-0.277281586707516,1.42642504787958e-14,6.73808035713914e-16,-8.17755209310899e-16,1.14035778232211e-15,-1.16219710974941e-15,-2.07596139724953e-15,-3.92906032218199e-16,-2.31044014156417e-15,7.07176236569199e-16,1.67059226967128e-15,-2.89501029099223e-17,-5.99228288067082e-16,-2.91780859396119e-15,1.6416719044362e-16,2.32195344011367e-16,1.94194096556492e-16,-1.66569495297124e-16,7.65381630682149e-16,"Arctic A","AY352487"
"EF611828",-0.990358327444465,-2.4351203530027,-6.2447099427672,-1.5131882393973,2.29713739989674,4.67346792360824,1.87930039594557,-2.14299915356505,-1.63441811562376,-0.626454125460051,0.588019809709963,-0.477778802569684,0.104301774827289,2.25646731824082,-0.117237113110637,0.351970567342606,0.300138565789791,0.925688955414421,-0.224353670975422,0.363909689645483,0.074605855363259,-0.110217144601097,0.318120914294064,0.417979850182184,0.260702593845994,-0.392489648932557,-0.255967717958271,-0.0800338293472963,0.806841274312177,-0.21852892792117,0.246707217303711,-0.369411417646574,0.361209575867175,0.641236641196058,-0.025330582475612,0.147865707110986,0.280977538064034,-0.21121314825809,-0.0513091950020387,-0.0141758343683349,-0.358905072708952,1.39866947226395e-14,1.00687494310146e-15,-7.06732906848383e-16,-1.7462220817033e-15,-2.27242013437456e-15,-7.43693767699345e-16,-6.16685360619208e-16,-1.7553286292516e-15,7.07176236569199e-16,-2.16786872191487e-16,1.93094502015109e-16,-1.20985095161092e-15,-1.22471848140783e-15,-3.35433170637701e-16,1.01507390863357e-17,-2.15200643774035e-16,-1.66569495297124e-16,8.76403933144665e-16,"Arctic A","EF611828"
"EF611830",-0.575062625696111,-1.78570107177241,-7.41362562725445,-1.36957735702534,2.11737892124586,5.13325390567067,1.71588051696586,-2.14551774457916,-0.85695883812675,0.0528897804573165,-0.0684373879005905,-1.88829801414188,0.321738957857881,2.49654975235934,-0.468846451260334,0.109629816950538,0.930017078739626,-0.286570969900575,-0.0963062804533237,0.389472341043658,0.022159125310518,-0.559245243706442,-0.308658522577839,0.599998160810353,-0.313824548782313,-0.0590745133830512,-0.0103704446518139,0.307269803043552,0.0184543305450325,-0.465624183237528,0.337020565693991,-0.229991989044758,0.118289464401989,0.179750483893922,0.0613296275785742,0.038551807159117,0.0203923402722682,0.115015984565989,-0.0192340396664337,0.0279418322278062,-0.0780272732984355,1.4144902434937e-14,7.04084623529529e-16,-8.29663041123618e-16,2.96539605888486e-16,-1.03231207527473e-15,-1.82454050090511e-15,-2.80758668917321e-16,-1.4527206911634e-15,-5.22410787463665e-16,1.31006112918684e-15,2.31413254025076e-16,-7.56580723595966e-16,-2.31264224223729e-15,-3.01214368666415e-17,2.52745694963972e-16,3.47096283966416e-16,-2.07744980034363e-16,5.86646129045672e-16,"Arctic A","EF611830"
"EF611851",-0.784508917850779,-0.589283012339379,-7.19690501887074,-1.78862777577418,1.10200026263713,4.93392204320441,1.45288853341619,-0.383394522755107,-1.99479022522294,0.063551511584846,2.22279744455729,0.471297196005534,1.30616990481553,-1.17424290701766,0.0202411925329986,-0.496694176873252,-1.11775967634673,-0.351599711879693,0.157856063127649,-0.18982177788306,-0.376641806227589,0.386420301513175,0.660522191358492,-0.392495459558724,-0.132219662289848,0.036923205395811,-0.133231329437109,0.232572180275993,-0.205123321723519,0.425558049439045,-0.0742674215597866,0.31460653341377,0.0165006742383928,0.213062827142907,0.0657506105645044,0.0572011926249456,-0.106373889401656,0.312332836809726,0.0267899023337283,0.133542231287348,-0.0305970785766495,1.00986912556047e-14,-5.90152765365172e-16,-5.21958441852696e-15,-1.99475731931807e-15,9.28268155546794e-16,-1.87286543018224e-16,-8.51973888886878e-16,1.50387364845907e-15,-7.22218500880112e-16,1.02167893210553e-15,1.36430764645742e-15,1.82702896545901e-15,5.2398315061355e-16,1.6709174438485e-16,3.51840467034287e-16,2.17140915268637e-16,1.52589091943454e-16,5.79726352153696e-16,"Arctic A","EF611851"
"L20675",-1.79245906086991,-1.24166221171829,-4.67705539076466,-2.18473484575623,0.971245284739976,5.03199264479035,1.61751162101228,-2.34696588984048,-1.55556179670545,-0.342920265889976,0.584738574082499,-0.429896532029158,0.605578396489825,1.00365050681219,1.66146867671035,0.76337233919235,0.627168282660975,0.0264497473777759,-1.48712759572079,-0.349766986887522,-0.255024237229594,-0.498064892650098,-0.914264888120269,0.444865550220367,-0.0276536766877333,0.180129695590465,-0.318655286498585,0.0592328514312367,0.677704860458935,-0.0936724674070381,-0.226237238301386,-0.0809315870924519,0.059261827145175,-1.44473080946429,-0.363161582932986,0.378596758648616,0.180563677795099,-0.193618436994779,-0.0194777642105879,0.317157322966055,0.20188862132744,9.33084883425596e-15,-4.94698415581113e-16,-3.11674257124906e-15,-3.52545259514121e-15,7.92845490098026e-16,-5.85008125697165e-16,-5.75410882923511e-16,-3.85431743986062e-15,1.63173550919756e-16,-5.90318051545858e-16,8.9068814997592e-16,-8.2903482070332e-16,2.96462157810333e-15,3.32361360185264e-16,-1.58456919983937e-16,2.27210504878341e-16,1.64316718791752e-16,9.49938881647769e-16,"Arctic A","L20675"
