"","PC1","PC2","PC3","PC4","PC5","PC6","PC7","PC8","PC9","PC10","PC11","PC12","PC13","PC14","PC15","PC16","PC17","PC18","PC19","PC20","clade","Accession"
"1",-1.048263625408,-0.423324055619988,-1.28009654256171,-0.430406068295813,4.23922769340554,4.42833136426011,2.12292721734281,0.45155410033322,-4.53129676638769,2.70555248129355,0.388586898888396,0.942641047442192,-0.24340015633904,-0.43534605788319,1.39776596853352,1.18453644818827,1.36742722547115,0.301079266246199,-1.24342840953035,0.0159330037330172,"Asian SEA2a","DQ666289"
"2",-2.06294295040498,0.443965438333123,-1.47360357648188,-0.484402500126233,0.714693979411215,-0.277895193787869,-1.03849191587381,1.28979090126308,-0.524120287764443,-1.57859608863313,1.16251116446458,-0.710882962215808,0.796627976600253,-1.45997633659769,-0.645422271918838,-0.7876140089077,-0.272363576416533,0.596915144290524,0.130894299955161,-0.00337462757662726,"Asian SEA2a","DQ666290"
"3",-0.36762148098065,-0.259808768964112,-2.31702905935699,-0.448341216060326,-0.2307223805425,1.02587111807159,0.274035031137457,-0.841993481391702,0.151822034508625,-0.554881195913964,0.132791507372358,-1.50832490934105,-0.471560477952045,0.211943148251599,0.590752313041662,-0.90631588350256,-0.237950328397404,-0.782816234772481,-0.74379865127736,-0.0508798019438263,"Asian SEA2a","DQ866105"
"4",-2.15751490728086,0.370787011908534,-1.38381054882335,-0.37271525832927,0.541898458740928,0.39452812928981,0.81690819551436,0.776582583544132,1.27619851289668,-0.116444172085345,-0.574852346819883,-0.213238076664987,0.496984119179656,-0.190782498710358,0.279720277415467,-0.793453095966446,0.133200180972051,0.248049238644673,-0.368464719887545,0.0158049665479659,"Asian SEA2a","DQ866106"
"5",-1.94675398882135,-0.308232923212924,-1.71139551373876,-0.299255092123017,0.238562843569563,0.420341284532293,0.285288677987985,0.330592567573205,0.667511394928766,-0.08700726776268,-0.885381636017177,-0.779719360796168,0.50302976641217,-0.52956366982488,0.31424862279463,-0.0152825595963498,0.988979824744006,0.660190779098459,0.146490700531607,-0.0148057766302788,"Asian SEA2a","DQ866108"
"6",-2.05264126690037,1.05299288020512,-1.79018505819961,0.171467301395489,-3.68245831089789,1.02490861452388,2.34974768809802,3.7136220425589,-1.10890253757174,0.171885789205278,-0.860996246759234,-1.18908417664404,-0.467248783993184,0.0555783930419375,-0.513574491033994,-0.14201908507337,-0.146450886004821,0.24452688331383,0.190173585019384,0.0115491300152554,"Asian SEA2a","DQ866109"
"7",-0.485970602071814,-0.581144025149094,-1.58497413129634,-0.0294081145052447,-0.22633391528358,1.13085399875506,0.221230008604318,-0.493165961931606,-0.124376069009133,-0.883269778839719,-0.632057338174007,-0.209332613890664,-0.198637938882979,-0.0346036316309066,0.637285880234693,-0.171851301846446,1.20076367342843,-0.43949025390276,0.277259375589855,0.127930135667351,"Asian SEA2a","DQ866110"
"8",-1.63776560004585,0.366866597405864,-1.30665882909769,-0.262664567667658,0.416503691193719,0.397389080987817,0.499613678433399,0.479222516687375,0.933761411446314,-0.390442079572312,-0.595646603978677,-0.553479856033277,0.224942700254351,-0.0681949446335209,-0.0905977613979089,-0.337202256757216,0.185331474566941,0.341488690323134,0.0748308816593318,0.029328405691711,"Asian SEA2a","DQ866112"
"9",-0.48583035910607,-0.044864712435565,-1.53384678469564,-0.350520942745138,-0.182620914527983,0.942719562932879,0.342543349563402,-0.553635198849225,0.206549397476894,-0.599451567170503,0.173522675208206,-0.485170425855081,-0.270825803371114,-0.0893438468790109,0.171683611478037,-0.0783481668699015,0.0184482763657041,-0.144993064968958,0.235837383151733,0.0104749272063627,"Asian SEA2a","DQ866116"
"10",-1.11398561541435,0.567989349473764,-1.65438598912197,-0.347381451355876,0.220085062136024,0.351265510310902,0.0893706214989873,0.00648269695271906,0.483854752411203,-0.473509286053607,-0.697900466982794,-1.11643719415005,0.00385169939310144,0.337760683324843,-0.0291952268320173,-0.294065129367473,0.135106179455527,0.235390431719338,-0.0157685254000665,0.0104929122856504,"Asian SEA2a","DQ866119"
"11",-0.48583035910607,-0.044864712435565,-1.53384678469564,-0.350520942745138,-0.182620914527983,0.942719562932879,0.342543349563402,-0.553635198849225,0.206549397476894,-0.599451567170503,0.173522675208206,-0.485170425855081,-0.270825803371114,-0.0893438468790109,0.171683611478037,-0.0783481668699015,0.0184482763657041,-0.144993064968958,0.235837383151733,0.0104749272063627,"Asian SEA2a","EU086182"
"12",-1.25187999691479,-0.200382518079309,-1.08435486235054,-0.829953583755892,4.73253855592439,3.93415957104115,2.45355715808897,1.15012692807482,-3.4115055411515,2.1160548198671,0.527185843494617,-0.454208017923381,-0.550234577761083,0.773247203137975,0.16074751188158,-0.201429562698501,-0.0533437283809437,0.531911276947951,0.440415991494879,-0.0694501043168485,"Asian SEA2a","EU086183"
"13",-0.48583035910607,-0.044864712435565,-1.53384678469564,-0.350520942745138,-0.182620914527983,0.942719562932879,0.342543349563402,-0.553635198849225,0.206549397476894,-0.599451567170503,0.173522675208206,-0.485170425855081,-0.270825803371114,-0.0893438468790109,0.171683611478037,-0.0783481668699015,0.0184482763657041,-0.144993064968958,0.235837383151733,0.0104749272063627,"Asian SEA2a","EU159386"
"14",-1.11537945182815,0.478496568188014,-2.22605418572673,-0.0767780496249109,0.316425413834423,0.794127584221732,0.200912931456503,-0.166119870275114,0.371448542655143,-1.08547226109104,-1.17430484183231,-0.999451703564845,0.325439395502742,-0.0724033215097117,-0.276141298064413,0.0900346951933488,-0.516253640633147,0.0849449370173699,0.527177274166936,0.0723022592470486,"Asian SEA2a","EU828653"
"15",-1.87426233126759,-0.0653522951229912,-3.85697321371533,-0.437354119942696,0.508877849519196,-0.79890732569088,-0.997911098629756,0.80613674353372,0.0726932769599996,-0.0907080016297247,1.44284608790841,-1.13371365058815,0.486208297756856,0.150201899214698,-0.464254113299897,0.348688052601603,0.257681525586795,0.571314145437058,0.37051929165268,-0.110720290420564,"Asian SEA2a","FJ561726"
"16",-0.0655514281129524,-1.3206906229537,-0.274984617737464,-1.66855366118627,-0.735283698451345,1.18814708601667,0.466749996882134,-0.879622962035103,-0.122401497567716,-0.0920927088754382,-0.812668886805741,-0.631497106477536,1.72222093694937,0.167386272975276,-0.876538352893554,1.26053851803738,-0.399320256310258,-0.448544558023478,-1.53064467376137,-0.142936760537316,"Asian SEA2a","FJ561727"
"17",-1.08780302762134,-1.17954631388828,-3.96503956196575,-0.387602314931875,0.155466723710918,-0.266072767976405,-0.72515405165134,0.534524881975738,-0.203098907470378,-0.45011633042631,2.05044730577067,0.00786228905667983,0.422030823969962,0.630111624095908,-0.442673155101633,0.547055512536454,0.661309809482304,-0.41558931766759,0.725177152682489,0.0430064106656447,"Asian SEA2a","FJ561728"
"18",-1.65516738526631,-2.04663345502879,-4.78541071421698,-0.888235501987888,0.586527937660375,-1.77928221947542,-2.69906540289949,1.34358044410327,-1.69990905344566,-0.620265056474149,3.55899184574798,0.359546804011349,1.03774601920834,-0.404034952825215,-1.11043977399132,0.0631735517593494,-0.092662476222849,-0.0901775618389965,0.615848038234087,0.00559783714660747,"Asian SEA2a","FJ866829"
"19",-1.5827454631574,-1.25041057949071,-4.77944483909824,-0.341032631286975,1.19718745612366,-2.51059898544811,-2.99615361498041,2.24034173046954,-1.45347533235976,-0.235776351501004,2.61618997690933,-0.197391362103545,1.84689452502162,-0.373519615755653,-1.46830830428232,0.835988870084222,0.0462093200719582,-0.112696160886186,-0.791384997744863,-0.192926158796229,"Asian SEA2a","FJ866830"
"20",-1.88808069261838,-0.511821150059653,-3.17100796988684,-1.22627429023587,-0.174846059888339,0.338403485703758,0.223279663883548,0.263796412056602,0.729398615846982,-0.229985555997194,0.392367229097306,-1.2294844426787,1.18912700583697,1.77531263080812,-0.821969004028711,1.01218143772052,0.93129463832826,0.0612981170052501,0.0917536883215621,0.0200394690711642,"Asian SEA2a","FJ866831"
"21",-2.30845001260858,0.699879241621919,-1.20675509200673,-0.580740530099487,0.381255406494371,0.266217433170134,0.294560533419771,0.224225202252998,0.903986309881549,-0.00964838050165652,-0.173543501648428,-0.966643509656519,-0.0312945476153409,-0.596623246237594,-0.0922569402554624,0.160745574495876,-0.336855073066764,0.203122814308735,0.0779842570399343,0.0752289325015498,"Asian SEA2a","GQ472468"
"22",-1.39811081486304,0.329710516348458,-0.199483236360515,-0.832543121764889,0.20831222021409,0.47195484695185,-0.423546746237753,0.289763984056685,-0.381157738037168,-1.6814402190729,-0.662421294001214,-0.654271621782548,0.43873672335353,-0.136453865175586,-1.00628978047797,-0.497486652355553,-0.126134685001197,0.236965246812833,-0.136547792397636,0.15189244004311,"Asian SEA2a","GQ472470"
"23",-1.63776560004585,0.366866597405864,-1.30665882909769,-0.262664567667658,0.416503691193719,0.397389080987817,0.499613678433399,0.479222516687375,0.933761411446314,-0.390442079572312,-0.595646603978677,-0.553479856033277,0.224942700254351,-0.0681949446335209,-0.0905977613979089,-0.337202256757216,0.185331474566941,0.341488690323134,0.0748308816593318,0.029328405691711,"Asian SEA2a","GQ472473"
"24",-1.12538523482109,0.535193910045771,-1.1779570135119,0.00252009836408932,0.402457125037338,0.587180223713001,0.685082504533026,0.445713796877791,0.962023342507147,-0.537769730963277,-0.753927781980191,-0.650625373759897,0.270679919146721,-0.446780898114511,0.0903592975714352,-0.817800585447585,0.187231835215316,1.08637453275388,-0.0313744461992802,-0.170316807283624,"Asian SEA2a","GQ472477"
"25",-0.48583035910607,-0.044864712435565,-1.53384678469564,-0.350520942745138,-0.182620914527983,0.942719562932879,0.342543349563402,-0.553635198849225,0.206549397476894,-0.599451567170503,0.173522675208206,-0.485170425855081,-0.270825803371114,-0.0893438468790109,0.171683611478037,-0.0783481668699015,0.0184482763657041,-0.144993064968958,0.235837383151733,0.0104749272063627,"Asian SEA2a","GU358653"
"26",-0.595977882438505,0.58016567723412,-1.60042226953419,-0.64223581812961,-0.276567171534438,0.761598963044329,0.225154588282443,-0.616036422062547,0.0463376452756757,-0.262160536415701,0.0513346313534075,0.092552940133923,0.0318097073379274,0.176105305753432,0.616056056672946,-0.0766078738762189,0.0701337037162028,0.0937546842700494,0.147683400368275,0.00711179125694042,"Asian SEA2a","HM486355"
"27",-0.487571933365229,-0.0287679701725392,-1.55703478483352,-0.755426000180483,-0.553878380651237,1.3501920639683,0.795621833427818,-0.878794251007734,0.111469391791734,-0.114104910045631,0.943552030703201,1.06406148779718,0.0291736234990165,-0.373586778527258,1.18725293379638,-0.317141750587878,-0.0986554929685108,-0.380068264096709,-0.0440062926268028,-0.00642963296609243,"Asian SEA2a","HM486356"
"28",-0.595977882438505,0.58016567723412,-1.60042226953419,-0.64223581812961,-0.276567171534438,0.761598963044329,0.225154588282443,-0.616036422062547,0.0463376452756757,-0.262160536415701,0.0513346313534075,0.092552940133923,0.0318097073379274,0.176105305753432,0.616056056672946,-0.0766078738762189,0.0701337037162028,0.0937546842700494,0.147683400368275,0.00711179125694042,"Asian SEA2a","HM486357"
"29",-0.595977882438505,0.58016567723412,-1.60042226953419,-0.64223581812961,-0.276567171534438,0.761598963044329,0.225154588282443,-0.616036422062547,0.0463376452756757,-0.262160536415701,0.0513346313534075,0.092552940133923,0.0318097073379274,0.176105305753432,0.616056056672946,-0.0766078738762189,0.0701337037162028,0.0937546842700494,0.147683400368275,0.00711179125694042,"Asian SEA2a","HM486358"
"30",-0.595977882438505,0.58016567723412,-1.60042226953419,-0.64223581812961,-0.276567171534438,0.761598963044329,0.225154588282443,-0.616036422062547,0.0463376452756757,-0.262160536415701,0.0513346313534075,0.092552940133923,0.0318097073379274,0.176105305753432,0.616056056672946,-0.0766078738762189,0.0701337037162028,0.0937546842700494,0.147683400368275,0.00711179125694042,"Asian SEA2a","HM486359"
"31",-0.595977882438505,0.58016567723412,-1.60042226953419,-0.64223581812961,-0.276567171534438,0.761598963044329,0.225154588282443,-0.616036422062547,0.0463376452756757,-0.262160536415701,0.0513346313534075,0.092552940133923,0.0318097073379274,0.176105305753432,0.616056056672946,-0.0766078738762189,0.0701337037162028,0.0937546842700494,0.147683400368275,0.00711179125694042,"Asian SEA2a","HM486361"
"32",-0.595977882438505,0.58016567723412,-1.60042226953419,-0.64223581812961,-0.276567171534438,0.761598963044329,0.225154588282443,-0.616036422062547,0.0463376452756757,-0.262160536415701,0.0513346313534075,0.092552940133923,0.0318097073379274,0.176105305753432,0.616056056672946,-0.0766078738762189,0.0701337037162028,0.0937546842700494,0.147683400368275,0.00711179125694042,"Asian SEA2a","HM486362"
"33",-0.595977882438505,0.58016567723412,-1.60042226953419,-0.64223581812961,-0.276567171534438,0.761598963044329,0.225154588282443,-0.616036422062547,0.0463376452756757,-0.262160536415701,0.0513346313534075,0.092552940133923,0.0318097073379274,0.176105305753432,0.616056056672946,-0.0766078738762189,0.0701337037162028,0.0937546842700494,0.147683400368275,0.00711179125694042,"Asian SEA2a","HM486364"
"34",-0.595977882438505,0.58016567723412,-1.60042226953419,-0.64223581812961,-0.276567171534438,0.761598963044329,0.225154588282443,-0.616036422062547,0.0463376452756757,-0.262160536415701,0.0513346313534075,0.092552940133923,0.0318097073379274,0.176105305753432,0.616056056672946,-0.0766078738762189,0.0701337037162028,0.0937546842700494,0.147683400368275,0.00711179125694042,"Asian SEA2a","HM486365"
"35",-0.595977882438505,0.58016567723412,-1.60042226953419,-0.64223581812961,-0.276567171534438,0.761598963044329,0.225154588282443,-0.616036422062547,0.0463376452756757,-0.262160536415701,0.0513346313534075,0.092552940133923,0.0318097073379274,0.176105305753432,0.616056056672946,-0.0766078738762189,0.0701337037162028,0.0937546842700494,0.147683400368275,0.00711179125694042,"Asian SEA2a","HM486366"
"36",-0.595977882438505,0.58016567723412,-1.60042226953419,-0.64223581812961,-0.276567171534438,0.761598963044329,0.225154588282443,-0.616036422062547,0.0463376452756757,-0.262160536415701,0.0513346313534075,0.092552940133923,0.0318097073379274,0.176105305753432,0.616056056672946,-0.0766078738762189,0.0701337037162028,0.0937546842700494,0.147683400368275,0.00711179125694042,"Asian SEA2a","HM486367"
"37",-1.63776560004585,0.366866597405864,-1.30665882909769,-0.262664567667658,0.416503691193719,0.397389080987817,0.499613678433399,0.479222516687375,0.933761411446314,-0.390442079572312,-0.595646603978677,-0.553479856033277,0.224942700254351,-0.0681949446335209,-0.0905977613979089,-0.337202256757216,0.185331474566941,0.341488690323134,0.0748308816593318,0.029328405691711,"Asian SEA2a","HM486368"
"38",-0.561966713887969,0.0102858332356941,-0.729209573759282,-1.38362519459171,-0.437035662725773,0.788884069900022,-0.372523967040676,-0.446308387643496,-0.868005337539057,-1.12554187830208,0.172791958935419,-0.0311100003654025,0.953936846614085,-0.246306672809389,0.0161829032680812,-0.373626148846402,-0.226898413199199,0.026616047105268,0.0840385594356827,0.0799325514598539,"Asian SEA2a","HM486369"
"39",-0.595977882438505,0.58016567723412,-1.60042226953419,-0.64223581812961,-0.276567171534438,0.761598963044329,0.225154588282443,-0.616036422062547,0.0463376452756757,-0.262160536415701,0.0513346313534075,0.092552940133923,0.0318097073379274,0.176105305753432,0.616056056672946,-0.0766078738762189,0.0701337037162028,0.0937546842700494,0.147683400368275,0.00711179125694042,"Asian SEA2a","HM486370"
"40",-0.595977882438505,0.58016567723412,-1.60042226953419,-0.64223581812961,-0.276567171534438,0.761598963044329,0.225154588282443,-0.616036422062547,0.0463376452756757,-0.262160536415701,0.0513346313534075,0.092552940133923,0.0318097073379274,0.176105305753432,0.616056056672946,-0.0766078738762189,0.0701337037162028,0.0937546842700494,0.147683400368275,0.00711179125694042,"Asian SEA2a","HM486371"
"41",-0.595977882438505,0.58016567723412,-1.60042226953419,-0.64223581812961,-0.276567171534438,0.761598963044329,0.225154588282443,-0.616036422062547,0.0463376452756757,-0.262160536415701,0.0513346313534075,0.092552940133923,0.0318097073379274,0.176105305753432,0.616056056672946,-0.0766078738762189,0.0701337037162028,0.0937546842700494,0.147683400368275,0.00711179125694042,"Asian SEA2a","HM486372"
"42",-0.595977882438505,0.58016567723412,-1.60042226953419,-0.64223581812961,-0.276567171534438,0.761598963044329,0.225154588282443,-0.616036422062547,0.0463376452756757,-0.262160536415701,0.0513346313534075,0.092552940133923,0.0318097073379274,0.176105305753432,0.616056056672946,-0.0766078738762189,0.0701337037162028,0.0937546842700494,0.147683400368275,0.00711179125694042,"Asian SEA2a","HM486373"
"43",-0.281928316732953,0.50395579276848,-1.32107188787126,-0.583915177815618,-0.601601360439531,1.39747272307664,0.470139964079786,-1.23798081805748,-0.289106774877015,-0.541721707659839,0.755320013098652,1.08693266254724,-0.679159492677962,-0.0194337205065021,0.87143406812118,-0.180407871216032,-0.113089535621248,-0.417453070442228,-0.191740125751178,0.0433136411823929,"Asian SEA2a","HM486374"
"44",-0.281928316732953,0.50395579276848,-1.32107188787126,-0.583915177815618,-0.601601360439531,1.39747272307664,0.470139964079786,-1.23798081805748,-0.289106774877015,-0.541721707659839,0.755320013098652,1.08693266254724,-0.679159492677962,-0.0194337205065021,0.87143406812118,-0.180407871216032,-0.113089535621248,-0.417453070442228,-0.191740125751178,0.0433136411823929,"Asian SEA2a","HM486375"
"45",0.0335712102835767,0.056804396610541,-0.908214868503102,-0.915978711249837,-0.775613499896844,0.910190941755475,0.366785006389342,-1.00355175063666,-0.118561499902573,0.223860157504832,1.39916214839392,0.606834217843687,-0.564455491535929,0.159164780384133,1.0638809662154,-0.244990735939469,0.604835620715054,-0.136183317716278,-0.143656490646928,-0.0547155407837455,"Asian SEA2a","HM486379"
"46",0.0335712102835767,0.056804396610541,-0.908214868503102,-0.915978711249837,-0.775613499896844,0.910190941755475,0.366785006389342,-1.00355175063666,-0.118561499902573,0.223860157504832,1.39916214839392,0.606834217843687,-0.564455491535929,0.159164780384133,1.0638809662154,-0.244990735939469,0.604835620715054,-0.136183317716278,-0.143656490646928,-0.0547155407837455,"Asian SEA2a","HM486380"
"47",-1.37799380502669,-0.51189177968037,-1.28577968376289,-2.30589592569997,-1.0164789792116,0.904602222651751,-0.499030736315622,-1.45294243589242,-1.10236078881562,-0.083269351197561,2.0667484813696,0.0562606063199157,0.609028831045192,-1.09547762646726,-0.0309079133812633,0.834017846778975,-1.16935610695634,-0.00307899461950857,-0.0887039859568523,-0.00739916720531412,"Asian SEA2a","HM486381"
"48",-2.1107891221112,1.38323579300361,-2.02158051031823,3.4052490936739,-15.0329863378847,-0.232059680182496,1.78942950438784,1.26627182586114,-2.66513869901947,-0.707875526988007,0.530873083963944,1.37462057832834,0.108807785615385,-0.387268053171012,1.61351880915975,0.794139308126808,0.394193262316719,-0.415891048378825,0.213138036765226,0.0338250063765748,"Asian SEA2a","JF819605"
"49",-1.06465834890952,0.27160652334602,-1.59894710326477,-0.690820168371696,-0.212804518277867,0.631201465644383,0.236488435296494,-0.423076321165459,0.161856758114448,-0.252923151749455,0.217379533767953,0.686613307623305,-0.039033177330797,0.515208050461425,-0.00121910824404912,0.415062207680573,0.24754409627455,0.1691474478211,0.22383875321546,0.0678458541940048,"Asian SEA2a","JF819615"
"50",-0.595977882438505,0.58016567723412,-1.60042226953419,-0.64223581812961,-0.276567171534438,0.761598963044329,0.225154588282443,-0.616036422062547,0.0463376452756757,-0.262160536415701,0.0513346313534075,0.092552940133923,0.0318097073379274,0.176105305753432,0.616056056672946,-0.0766078738762189,0.0701337037162028,0.0937546842700494,0.147683400368275,0.00711179125694042,"Asian SEA2a","JF819622"
"51",-0.371652158377143,-0.464851935534681,-1.89215017960704,-0.253573641710495,-0.159698519032014,1.07485564044651,0.366983570990908,-0.666613728513803,0.259291592093369,-0.745811896919635,0.214251113217681,-1.28560935059257,-0.5225108960161,-0.0714249256299278,0.159031739662395,-0.493202171683072,-0.135593739691099,-0.583278524490223,-0.209903642671085,-0.0185208693940206,"Asian SEA2a","JN974823"
"52",-0.48583035910607,-0.044864712435565,-1.53384678469564,-0.350520942745138,-0.182620914527983,0.942719562932879,0.342543349563402,-0.553635198849225,0.206549397476894,-0.599451567170503,0.173522675208206,-0.485170425855081,-0.270825803371114,-0.0893438468790109,0.171683611478037,-0.0783481668699015,0.0184482763657041,-0.144993064968958,0.235837383151733,0.0104749272063627,"Asian SEA2a","JN974824"
"53",-1.63776560004585,0.366866597405864,-1.30665882909769,-0.262664567667658,0.416503691193719,0.397389080987817,0.499613678433399,0.479222516687375,0.933761411446314,-0.390442079572312,-0.595646603978677,-0.553479856033277,0.224942700254351,-0.0681949446335209,-0.0905977613979089,-0.337202256757216,0.185331474566941,0.341488690323134,0.0748308816593318,0.029328405691711,"Asian SEA2a","JN974828"
"54",-1.63776560004585,0.366866597405864,-1.30665882909769,-0.262664567667658,0.416503691193719,0.397389080987817,0.499613678433399,0.479222516687375,0.933761411446314,-0.390442079572312,-0.595646603978677,-0.553479856033277,0.224942700254351,-0.0681949446335209,-0.0905977613979089,-0.337202256757216,0.185331474566941,0.341488690323134,0.0748308816593318,0.029328405691711,"Asian SEA2a","JN974829"
"55",-1.10241808306618,-0.878033645800065,-3.11113358549805,-0.628081521901259,-0.178474767096328,0.982397889883642,0.299043626109188,-0.629250569845697,0.168381363447272,-0.657459480736859,0.033726653942895,0.0113917280935754,0.447268656780863,0.513868281521553,-0.500870815967995,0.782381357002914,-0.416238599771257,-0.41290419510936,0.454333305871808,0.0928146999375382,"Asian SEA2a","JN974838"
"56",-0.371792401342886,-1.00113124824821,-1.94327752620774,0.0675391865293977,-0.203411519787611,1.26299007626868,0.245670230031825,-0.606144491596184,-0.0716338743926583,-1.02963010858885,-0.591328900164531,-1.00977153862815,-0.450323031527965,-0.0166847103818235,0.624634008419051,-0.586705306659617,1.04672165737163,-0.877775713424025,-0.168481650232963,0.0989343390669677,"Asian SEA2a","JN974842"
"57",-0.371652158377143,-0.464851935534681,-1.89215017960704,-0.253573641710495,-0.159698519032014,1.07485564044651,0.366983570990908,-0.666613728513803,0.259291592093369,-0.745811896919635,0.214251113217681,-1.28560935059257,-0.5225108960161,-0.0714249256299278,0.159031739662395,-0.493202171683072,-0.135593739691099,-0.583278524490223,-0.209903642671085,-0.0185208693940206,"Asian SEA2a","JN974845"
"58",-0.595977882438505,0.58016567723412,-1.60042226953419,-0.64223581812961,-0.276567171534438,0.761598963044329,0.225154588282443,-0.616036422062547,0.0463376452756757,-0.262160536415701,0.0513346313534075,0.092552940133923,0.0318097073379274,0.176105305753432,0.616056056672946,-0.0766078738762189,0.0701337037162028,0.0937546842700494,0.147683400368275,0.00711179125694042,"Asian SEA2a","JN974854"
"59",-0.400545230417427,1.79409584018614,-2.54859073470014,-1.67244563771749,0.168082889583673,0.458385041434201,0.195266443519012,-0.0767938996164941,0.600684703122979,0.209397284458157,-1.12928384087192,-0.170177227004334,0.140006131380117,-0.327054750790023,-1.00615113470083,-1.03920604031703,1.10642463738365,0.444065357399042,-0.174243709627645,-0.0899631712950853,"Asian SEA2a","JN974870"
"60",-1.87636791270682,-0.428330642540158,-1.90194856635977,-0.534480574777032,4.72860984775755,4.44439355590679,2.342587115334,0.767067911539838,-3.84830083264348,1.65390776651206,-0.40639132383915,-0.200349077982721,-0.386851512745297,0.13327997705598,0.373146997979902,0.185072999185802,0.0323794654598192,0.569343612997325,0.463992175262904,-0.0155551046726999,"Asian SEA2a","JN974871"
"61",-0.317027687418057,0.503401009976898,-1.779483631964,-0.519803788263407,-0.301948996861922,0.860965317921277,0.351535003454531,-0.623748994529301,0.0800248108101337,-0.389349457567242,0.0755290185948532,0.206535661338815,0.118469132241494,0.229247923041379,0.441524274571044,-0.303478832903176,0.136451376744176,0.65244575094993,-0.0691915510178933,0.138976613404063,"Asian SEA2a","JN974872"
"62",0.160065972377276,0.79238082473562,-1.00181701966446,-0.0835050291298556,-5.1056949307839,-2.43678840557267,-1.4016896471666,-1.70796488183369,4.25496738375607,-2.42996439332555,0.118048522919111,0.410416862007171,0.256459005371875,-1.06086332086835,0.993492751905252,-0.861361758688553,0.845411184311313,0.418279938089656,-0.615446928341087,-0.155582243750521,"Asian SEA2a","JN974873"
"63",-0.371652158377143,-0.464851935534681,-1.89215017960704,-0.253573641710495,-0.159698519032014,1.07485564044651,0.366983570990908,-0.666613728513803,0.259291592093369,-0.745811896919635,0.214251113217681,-1.28560935059257,-0.5225108960161,-0.0714249256299278,0.159031739662395,-0.493202171683072,-0.135593739691099,-0.583278524490223,-0.209903642671085,-0.0185208693940206,"Asian SEA2a","JQ970480"
"64",-0.380009249563081,-0.160826118228127,-1.82093866545713,-0.279490443408228,-0.377502440776805,1.68897908998463,0.729361987359528,-0.585694057853453,0.3644086593303,-1.41003020413345,0.715887398698603,-1.78646511710722,-0.15014158426157,-0.0381544260273707,0.031920083355246,-0.0616586334817629,0.302302635130249,-0.646584515058653,0.0887786689853091,-0.0216600337608028,"Asian SEA2a","KT221107"
"65",-0.166008541744866,0.067871827406338,-1.65618728264478,-0.08206281934563,-0.207421498820308,1.12213629955485,0.0415017016428759,-1.02580029556354,-0.14128457457538,-1.17342869453384,0.0260190956131326,-1.26273817584252,-1.23084401219308,0.282728132390828,-0.156787126012801,-0.356468292311226,-0.150027782343836,-0.620663330835743,-0.357637475795461,0.0312224047544646,"Asian SEA2a","KT894558"
"66",-1.60855833194827,-0.73195099360739,-0.9377193439587,2.79141683565782,-0.680215485185733,0.813202688504428,0.422512508297244,-2.05877102164217,-0.568568972635893,-0.132074879644436,0.912567802126528,-1.61581338927226,0.970905040728572,1.04653136163092,0.214038743532816,-0.988736426325295,-0.666339129780236,-0.514118178089947,0.0073845668039052,-0.0459421303025732,"Asian SEA2a","KT894572"
"67",-0.371652158377143,-0.464851935534681,-1.89215017960704,-0.253573641710495,-0.159698519032014,1.07485564044651,0.366983570990908,-0.666613728513803,0.259291592093369,-0.745811896919635,0.214251113217681,-1.28560935059257,-0.5225108960161,-0.0714249256299278,0.159031739662395,-0.493202171683072,-0.135593739691099,-0.583278524490223,-0.209903642671085,-0.0185208693940206,"Asian SEA2a","KT894573"
"68",-2.53837940558484,0.487033450709366,-0.996124082150367,-0.679972765728219,-3.71753203454201,1.04933276968157,2.06936364985586,4.18071014383471,-1.6808084189361,-0.417497645194138,-0.718744662018429,-0.97250533777508,0.726919774208278,-0.489421139597721,-0.743129605625483,-0.895288199252784,-0.495614296515114,0.0839487944705871,-0.316766857460086,0.0708464510744238,"Asian SEA2a","KT894577"
"69",-2.53837940558484,0.487033450709366,-0.996124082150367,-0.679972765728219,-3.71753203454201,1.04933276968157,2.06936364985586,4.18071014383471,-1.6808084189361,-0.417497645194138,-0.718744662018429,-0.97250533777508,0.726919774208278,-0.489421139597721,-0.743129605625483,-0.895288199252784,-0.495614296515114,0.0839487944705871,-0.316766857460086,0.0708464510744238,"Asian SEA2a","KT894578"
"70",-0.48583035910607,-0.044864712435565,-1.53384678469564,-0.350520942745138,-0.182620914527983,0.942719562932879,0.342543349563402,-0.553635198849225,0.206549397476894,-0.599451567170503,0.173522675208206,-0.485170425855081,-0.270825803371114,-0.0893438468790109,0.171683611478037,-0.0783481668699015,0.0184482763657041,-0.144993064968958,0.235837383151733,0.0104749272063627,"Asian SEA2a","KX148264"
"71",-0.539448153276462,-0.919049817492504,-0.623912017501767,-0.874700732356184,-0.603889496040002,1.70564701958544,1.29916013807504,-1.40300001201733,0.916836250824234,-0.178335797399265,-0.992582500900283,-1.16811798876984,-0.453411946731891,0.330032977394346,-0.323994188026746,0.169210889616743,-0.31780660005001,-0.223930885654992,-0.356508501530331,-0.00600769915120101,"Asian SEA2a","KY451767"
"72",-1.80556159494517,-0.0873312845519589,-0.0384206669924124,-0.883791658313347,-0.0276872858142692,1.02818046012675,1.43179024551753,-0.257163766816155,1.59130607017718,0.177034019948058,-1.80248021809664,-0.435988494210552,0.29404164953856,0.333262958390752,-0.57362368908705,0.325210804542599,0.00311861420803095,0.700836329158365,-0.0717739771999142,0.0418415759345306,"Asian SEA2a","MG201879"
"73",-2.0866524354509,1.62287272420355,-2.66139775397452,0.912856677857585,-3.52198981970655,0.997623507668186,2.94742624342114,3.54389400813985,-0.194559554757003,1.03526713109166,-0.982453574341245,-1.06542123614472,-1.38937592326934,0.477990371604759,0.0862986623708714,0.154999189896813,0.15058123091058,0.311665520478612,0.253818425951976,-0.061271630187658,"Asian SEA2a","MG201880"
"74",-1.63776560004585,0.366866597405864,-1.30665882909769,-0.262664567667658,0.416503691193719,0.397389080987817,0.499613678433399,0.479222516687375,0.933761411446314,-0.390442079572312,-0.595646603978677,-0.553479856033277,0.224942700254351,-0.0681949446335209,-0.0905977613979089,-0.337202256757216,0.185331474566941,0.341488690323134,0.0748308816593318,0.029328405691711,"Asian SEA2a","MG201884"
"75",-1.63776560004585,0.366866597405864,-1.30665882909769,-0.262664567667658,0.416503691193719,0.397389080987817,0.499613678433399,0.479222516687375,0.933761411446314,-0.390442079572312,-0.595646603978677,-0.553479856033277,0.224942700254351,-0.0681949446335209,-0.0905977613979089,-0.337202256757216,0.185331474566941,0.341488690323134,0.0748308816593318,0.029328405691711,"Asian SEA2a","MG201919"
"76",-1.48722150157406,1.00702676216708,-0.724443938380562,0.0421474886275123,0.501436687206549,0.621190808173018,0.573041019005729,0.399815668475203,0.867572790973904,-0.74422905537147,-0.847669660993655,-0.56171171065583,-0.191456530392654,-0.459100259279121,0.149456003277999,-0.735275586331905,0.0437123344672708,0.33480937903036,-0.0584588972528309,0.0371731103091924,"Asian SEA2a","MG201921"
"77",-0.736921684168906,-1.87629972937049,-1.35601980043647,-0.978831182717503,4.24563064235328,-0.476601576649597,-1.53315336010775,-3.31680772743427,2.66019155876553,-0.0607069464538201,0.291512952526936,1.22247885400966,0.686486600630145,-0.26143799746979,0.420315698179472,-0.35013867457011,0.104178697327203,0.128052302505346,0.0457015541068478,0.0423841560381795,"Asian SEA2b","FJ598135"
"78",-0.485365254054456,-0.0500074487813682,-1.67428022402069,-3.12163155170726,3.22826268968689,-14.3756526563827,13.2310039275322,-3.56111610353794,-4.1137233816305,-3.13853494750419,-0.0182944780376564,-0.24403809742233,-0.105285353987648,-0.392083889743131,0.140821000312271,0.186374193050188,0.197004893198448,-0.039743559138609,-0.0283438566040389,-0.000979040094093269,"Asian SEA2b","FJ712195"
"79",-1.15179735102342,-1.19017344657124,-1.8395460295384,-0.544699313654356,0.146668640261673,0.150917956886466,0.316980649556865,-0.0824082015627456,0.617527609747485,0.50162092232377,0.0261633097463788,0.586874533398893,-0.00570488361739043,-0.137664659794332,-0.00266103145661287,-0.154955502886264,-0.22760366324456,0.0310904954960416,0.1610442574669,0.024604880361724,"Asian SEA2b","FJ712196"
"80",-1.03761915029449,-1.61016066967035,-2.1978494244498,-0.447752012619714,0.169591035757642,0.283054034400096,0.341420870984371,-0.195386731227323,0.670269804363959,0.355260592574639,0.0668917477558542,-0.213564391338596,-0.257389976262376,-0.119745738545249,-0.0153129032722548,-0.569809507699435,-0.381645679301363,-0.407194964025224,-0.284696768355918,-0.00439091623865937,"Asian SEA2b","GU647092"
"81",-1.09669783286293,-1.29760984839144,-2.18579802329326,-0.678000547584661,0.0140126644605499,-0.0256031111903939,-0.0819285603634966,-0.362187920400315,0.283140063551146,0.42779110050872,0.0899543491568078,0.6179775627715,-0.297638769147364,0.607393712872024,-0.558533661807717,0.37985170606027,-0.100418565797626,0.000385000443296318,0.146600203254687,0.0665034498927279,"Asian SEA2b","KF726852"
"82",-1.09669783286293,-1.29760984839144,-2.18579802329326,-0.678000547584661,0.0140126644605499,-0.0256031111903939,-0.0819285603634966,-0.362187920400315,0.283140063551146,0.42779110050872,0.0899543491568078,0.6179775627715,-0.297638769147364,0.607393712872024,-0.558533661807717,0.37985170606027,-0.100418565797626,0.000385000443296318,0.146600203254687,0.0665034498927279,"Asian SEA2b","KP319184"
"83",-1.03761915029449,-1.61016066967035,-2.1978494244498,-0.447752012619714,0.169591035757642,0.283054034400096,0.341420870984371,-0.195386731227323,0.670269804363959,0.355260592574639,0.0668917477558542,-0.213564391338596,-0.257389976262376,-0.119745738545249,-0.0153129032722548,-0.569809507699435,-0.381645679301363,-0.407194964025224,-0.284696768355918,-0.00439091623865937,"Asian SEA2b","KP319185"
"84",-1.34908387646976,-2.02692302681881,-2.14672044065057,-0.690293334321488,0.412195541794758,-0.510486151760001,0.280084102536277,0.195858694826647,0.912986709179302,1.5934560271518,-0.287240958129994,1.06485912516349,0.330258920805058,-0.525088217417645,0.440269490525732,-0.72323292045942,-0.651065995413171,0.131781292409991,0.0100957789348818,-0.0219992294199792,"Asian SEA2b","KP319186"
"85",-1.03761915029449,-1.61016066967035,-2.1978494244498,-0.447752012619714,0.169591035757642,0.283054034400096,0.341420870984371,-0.195386731227323,0.670269804363959,0.355260592574639,0.0668917477558542,-0.213564391338596,-0.257389976262376,-0.119745738545249,-0.0153129032722548,-0.569809507699435,-0.381645679301363,-0.407194964025224,-0.284696768355918,-0.00439091623865937,"Asian SEA2b","KP319187"
"86",-1.34908387646976,-2.02692302681881,-2.14672044065057,-0.690293334321488,0.412195541794758,-0.510486151760001,0.280084102536277,0.195858694826647,0.912986709179302,1.5934560271518,-0.287240958129994,1.06485912516349,0.330258920805058,-0.525088217417645,0.440269490525732,-0.72323292045942,-0.651065995413171,0.131781292409991,0.0100957789348818,-0.0219992294199792,"Asian SEA2b","KP319188"
"87",-1.03761915029449,-1.61016066967035,-2.1978494244498,-0.447752012619714,0.169591035757642,0.283054034400096,0.341420870984371,-0.195386731227323,0.670269804363959,0.355260592574639,0.0668917477558542,-0.213564391338596,-0.257389976262376,-0.119745738545249,-0.0153129032722548,-0.569809507699435,-0.381645679301363,-0.407194964025224,-0.284696768355918,-0.00439091623865937,"Asian SEA2b","KP319189"
"88",-1.03761915029449,-1.61016066967035,-2.1978494244498,-0.447752012619714,0.169591035757642,0.283054034400096,0.341420870984371,-0.195386731227323,0.670269804363959,0.355260592574639,0.0668917477558542,-0.213564391338596,-0.257389976262376,-0.119745738545249,-0.0153129032722548,-0.569809507699435,-0.381645679301363,-0.407194964025224,-0.284696768355918,-0.00439091623865937,"Asian SEA2b","KP319190"
"89",-1.03761915029449,-1.61016066967035,-2.1978494244498,-0.447752012619714,0.169591035757642,0.283054034400096,0.341420870984371,-0.195386731227323,0.670269804363959,0.355260592574639,0.0668917477558542,-0.213564391338596,-0.257389976262376,-0.119745738545249,-0.0153129032722548,-0.569809507699435,-0.381645679301363,-0.407194964025224,-0.284696768355918,-0.00439091623865937,"Asian SEA2b","KP319191"
"90",-1.03761915029449,-1.61016066967035,-2.1978494244498,-0.447752012619714,0.169591035757642,0.283054034400096,0.341420870984371,-0.195386731227323,0.670269804363959,0.355260592574639,0.0668917477558542,-0.213564391338596,-0.257389976262376,-0.119745738545249,-0.0153129032722548,-0.569809507699435,-0.381645679301363,-0.407194964025224,-0.284696768355918,-0.00439091623865937,"Asian SEA2b","KP319192"
"91",-1.15179735102342,-1.19017344657124,-1.8395460295384,-0.544699313654356,0.146668640261673,0.150917956886466,0.316980649556865,-0.0824082015627456,0.617527609747485,0.50162092232377,0.0261633097463788,0.586874533398893,-0.00570488361739043,-0.137664659794332,-0.00266103145661287,-0.154955502886264,-0.22760366324456,0.0310904954960416,0.1610442574669,0.024604880361724,"Asian SEA2b","KP319193"
"92",-1.452885547967,-2.47049377609368,-3.00397581097265,-1.1543234262447,-0.0231973517639855,-0.296685497483937,0.170125968412206,0.0764054948615996,0.749904850692305,1.20919487392209,0.530209423776335,0.603338242643998,0.82709357767662,0.644145969496868,-0.482768560808429,0.641191156263114,0.0556346169547816,0.0444491180815899,0.427623815291225,0.00891547112676119,"Asian SEA2b","KP319194"
"93",-1.30234144949521,-1.83033361133246,-2.42176092025552,-0.849511369949526,0.0617356442488438,-0.0728837702987351,0.243553308984536,-0.00300135335057294,0.683716230219895,0.855407898122928,0.278186366761356,0.595106388021446,0.410694347029615,0.253240654851268,-0.242714796132521,0.243117826688424,-0.0859845231448889,0.0377698067888158,0.294334036379063,0.0167601757442426,"Asian SEA2b","KP319195"
"94",-1.30234144949521,-1.83033361133246,-2.42176092025552,-0.849511369949526,0.0617356442488438,-0.0728837702987351,0.243553308984536,-0.00300135335057294,0.683716230219895,0.855407898122928,0.278186366761356,0.595106388021446,0.410694347029615,0.253240654851268,-0.242714796132521,0.243117826688424,-0.0859845231448889,0.0377698067888158,0.294334036379063,0.0167601757442426,"Asian SEA2b","KP319196"
"95",-1.30234144949521,-1.83033361133246,-2.42176092025552,-0.849511369949526,0.0617356442488438,-0.0728837702987351,0.243553308984536,-0.00300135335057294,0.683716230219895,0.855407898122928,0.278186366761356,0.595106388021446,0.410694347029615,0.253240654851268,-0.242714796132521,0.243117826688424,-0.0859845231448889,0.0377698067888158,0.294334036379063,0.0167601757442426,"Asian SEA2b","KP319197"
"96",-1.30234144949521,-1.83033361133246,-2.42176092025552,-0.849511369949526,0.0617356442488438,-0.0728837702987351,0.243553308984536,-0.00300135335057294,0.683716230219895,0.855407898122928,0.278186366761356,0.595106388021446,0.410694347029615,0.253240654851268,-0.242714796132521,0.243117826688424,-0.0859845231448889,0.0377698067888158,0.294334036379063,0.0167601757442426,"Asian SEA2b","KP319198"
"97",-2.01976828903249,-1.69391038260276,-2.04681670355961,-1.00836929675332,0.37694725709541,-0.641657799577683,0.075030957522649,-0.0591386196077304,0.883211607614538,1.97424972622245,0.134862144200254,0.651695471540245,0.0740216729353661,-1.05351651902172,0.438610311668179,-0.225285089206328,-1.17325254304688,-0.00658458360440834,0.0132491543154843,0.0239012973898596,"Asian SEA2b","KP319199"
"98",-1.30234144949521,-1.83033361133246,-2.42176092025552,-0.849511369949526,0.0617356442488438,-0.0728837702987351,0.243553308984536,-0.00300135335057294,0.683716230219895,0.855407898122928,0.278186366761356,0.595106388021446,0.410694347029615,0.253240654851268,-0.242714796132521,0.243117826688424,-0.0859845231448889,0.0377698067888158,0.294334036379063,0.0167601757442426,"Asian SEA2b","KP319200"
"99",-2.01976828903249,-1.69391038260276,-2.04681670355961,-1.00836929675332,0.37694725709541,-0.641657799577683,0.075030957522649,-0.0591386196077304,0.883211607614538,1.97424972622245,0.134862144200254,0.651695471540245,0.0740216729353661,-1.05351651902172,0.438610311668179,-0.225285089206328,-1.17325254304688,-0.00658458360440834,0.0132491543154843,0.0239012973898596,"Asian SEA2b","KP319201"
"100",-1.30234144949521,-1.83033361133246,-2.42176092025552,-0.849511369949526,0.0617356442488438,-0.0728837702987351,0.243553308984536,-0.00300135335057294,0.683716230219895,0.855407898122928,0.278186366761356,0.595106388021446,0.410694347029615,0.253240654851268,-0.242714796132521,0.243117826688424,-0.0859845231448889,0.0377698067888158,0.294334036379063,0.0167601757442426,"Asian SEA2b","KP319202"
"101",-2.25295948759216,-0.376809554672886,-2.31227743329534,-0.810828548554744,0.324309486926975,-0.00579466597225158,0.344571645021669,0.576209712918736,1.00799958717275,0.163512981898763,-0.259038250394476,-0.173903192669828,0.621449464296687,0.945181188601598,-0.516206117611545,0.139427442554778,0.402004418518655,0.224023054884701,-0.249618995187596,0.0498588314614883,"Asian SEA2b","KP319203"
"102",-1.93049670580349,-1.21747954942313,-2.54230012468185,-0.846371878560265,0.464441620912851,-0.664337822920713,-0.00961941907987868,0.557116542451371,0.961021585154203,0.981350179239824,-0.593236775429643,-0.0361603802735248,0.68537184979383,0.680345185055121,-0.443593634442575,0.0274008641908527,0.030673379944934,0.418153303477112,0.0427281278272632,0.0167781608235303,"Asian SEA2b","KP319204"
"103",-1.70379884823373,-2.19954255092418,-3.1018849664855,-0.367732583330013,-4.32239747262722,0.599338277275991,1.76196927763246,2.3799041567515,-2.06575922270532,2.10582771467983,-0.0745492117933781,1.22849805157575,-1.08674858283052,-0.313164258527125,0.121644526179316,0.224877159992013,-0.235238147698386,-0.188391675589012,-0.156769279164457,-0.00581226796196797,"Asian SEA2b","KP319205"
"104",-1.03761915029449,-1.61016066967035,-2.1978494244498,-0.447752012619714,0.169591035757642,0.283054034400096,0.341420870984371,-0.195386731227323,0.670269804363959,0.355260592574639,0.0668917477558542,-0.213564391338596,-0.257389976262376,-0.119745738545249,-0.0153129032722548,-0.569809507699435,-0.381645679301363,-0.407194964025224,-0.284696768355918,-0.00439091623865937,"Asian SEA2b","KP319206"
"105",-1.03761915029449,-1.61016066967035,-2.1978494244498,-0.447752012619714,0.169591035757642,0.283054034400096,0.341420870984371,-0.195386731227323,0.670269804363959,0.355260592574639,0.0668917477558542,-0.213564391338596,-0.257389976262376,-0.119745738545249,-0.0153129032722548,-0.569809507699435,-0.381645679301363,-0.407194964025224,-0.284696768355918,-0.00439091623865937,"Asian SEA2b","KP319207"
"106",-1.30234144949521,-1.83033361133246,-2.42176092025552,-0.849511369949526,0.0617356442488438,-0.0728837702987351,0.243553308984536,-0.00300135335057294,0.683716230219895,0.855407898122928,0.278186366761356,0.595106388021446,0.410694347029615,0.253240654851268,-0.242714796132521,0.243117826688424,-0.0859845231448889,0.0377698067888158,0.294334036379063,0.0167601757442426,"Asian SEA2b","KP319208"
"107",-1.30234144949521,-1.83033361133246,-2.42176092025552,-0.849511369949526,0.0617356442488438,-0.0728837702987351,0.243553308984536,-0.00300135335057294,0.683716230219895,0.855407898122928,0.278186366761356,0.595106388021446,0.410694347029615,0.253240654851268,-0.242714796132521,0.243117826688424,-0.0859845231448889,0.0377698067888158,0.294334036379063,0.0167601757442426,"Asian SEA2b","KP319209"
"108",-1.30234144949521,-1.83033361133246,-2.42176092025552,-0.849511369949526,0.0617356442488438,-0.0728837702987351,0.243553308984536,-0.00300135335057294,0.683716230219895,0.855407898122928,0.278186366761356,0.595106388021446,0.410694347029615,0.253240654851268,-0.242714796132521,0.243117826688424,-0.0859845231448889,0.0377698067888158,0.294334036379063,0.0167601757442426,"Asian SEA2b","KP319210"
"109",-1.30234144949521,-1.83033361133246,-2.42176092025552,-0.849511369949526,0.0617356442488438,-0.0728837702987351,0.243553308984536,-0.00300135335057294,0.683716230219895,0.855407898122928,0.278186366761356,0.595106388021446,0.410694347029615,0.253240654851268,-0.242714796132521,0.243117826688424,-0.0859845231448889,0.0377698067888158,0.294334036379063,0.0167601757442426,"Asian SEA2b","KP319211"
"110",-1.93049670580349,-1.21747954942313,-2.54230012468185,-0.846371878560265,0.464441620912851,-0.664337822920713,-0.00961941907987868,0.557116542451371,0.961021585154203,0.981350179239824,-0.593236775429643,-0.0361603802735248,0.68537184979383,0.680345185055121,-0.443593634442575,0.0274008641908527,0.030673379944934,0.418153303477112,0.0427281278272632,0.0167781608235303,"Asian SEA2b","KP319212"
"111",-1.30234144949521,-1.83033361133246,-2.42176092025552,-0.849511369949526,0.0617356442488438,-0.0728837702987351,0.243553308984536,-0.00300135335057294,0.683716230219895,0.855407898122928,0.278186366761356,0.595106388021446,0.410694347029615,0.253240654851268,-0.242714796132521,0.243117826688424,-0.0859845231448889,0.0377698067888158,0.294334036379063,0.0167601757442426,"Asian SEA2b","KP319213"
"112",-2.75674893126082,3.38814330414111,0.897905431507498,0.835471633655794,-0.133619011832426,-0.548761161336509,-0.0213886559738231,-1.15254326423059,0.0482949090031284,1.38861538951862,0.68007025883613,0.193794520255568,0.429448858125626,0.767256991309504,-1.29614383640326,-0.605448310652554,-0.0522343994404967,-0.465829816888319,0.60101879155038,0.0478207545626757,"Bat DR","AB519642"
"113",-2.29570008986881,3.1189775864935,0.476401958704038,-1.15433679129555,0.323646095456894,-0.56493921745596,-0.196348043320916,0.24456103046327,0.635425257134257,0.482103266767408,0.217253018529315,0.42966124879282,-0.871641247609318,0.823450155904489,0.065579980221652,0.234925188979844,-0.364167875428563,0.115823555970252,-0.109893200098191,0.00106488051446513,"Bat DR","AF070449"
"114",-0.397354430835824,1.7677059384647,1.67073117608679,1.950783736125,-3.74243665805957,-2.60606389859064,0.494218154885525,2.78583157484501,-2.2073180887065,4.70755667112748,-0.137430181414291,0.310310075155767,-0.621911472556176,0.928732172803073,-2.08019517577902,-0.298941482495331,0.426396259863741,0.156056966479535,0.0819619697266843,-0.0520246233489233,"Bat DR","AF351847"
"115",-2.18555256653638,2.49394719682381,0.542977443542585,-0.862621915911073,0.417592352463349,-0.38381861756741,-0.0789592820399576,0.306962253676592,0.795637009335476,0.144812236012606,0.339441062384114,-0.148062117196184,-1.17427675831836,0.558001003272046,-0.378792464973257,0.233184895986161,-0.415853302779061,-0.122924193268755,-0.0217392173147337,0.00442801646388755,"Bat DR","AF351852"
"116",-3.34867946959521,3.386379140289,0.586593270546004,-1.45992448568407,0.0881158086725798,-0.725244357497773,-1.06758847330008,-0.510540227668264,-0.0948631931512617,0.865903901185027,0.137194683975069,-0.30085345604815,-1.64478397040174,0.134663569841866,0.327480101983343,1.4183975557926,-0.163457788565914,-0.299916104294223,0.0340611124164791,-0.079290322996323,"Bat DR","AY854587"
"117",-2.49444261956803,2.06490164107539,0.609178575808567,-1.40460922621316,0.219879006125549,0.00438516720610966,-0.826323911557465,0.293939935248465,-0.719625081142159,-1.09702990639313,-1.04116431079413,0.859038180652505,0.383446779648749,0.2363566355758,-0.145702726125436,0.053332603667829,-0.11960792389747,-0.334207935810636,0.0637597187428069,-0.0499847085954342,"Bat DR","AY854592"
"118",-2.49444261956803,2.06490164107539,0.609178575808567,-1.40460922621316,0.219879006125549,0.00438516720610966,-0.826323911557465,0.293939935248465,-0.719625081142159,-1.09702990639313,-1.04116431079413,0.859038180652505,0.383446779648749,0.2363566355758,-0.145702726125436,0.053332603667829,-0.11960792389747,-0.334207935810636,0.0637597187428069,-0.0499847085954342,"Bat DR","AY854594"
"119",-3.04407519721016,3.04376044633991,1.34995611804101,-2.1047986339777,-0.31553842959103,0.0155305537729943,-1.17650819708249,-0.267605095055619,-0.870401943194606,-0.788884669066716,0.784482684279447,-0.81138944185723,-0.263628094467481,-0.201335291830451,-0.574036489830574,1.32605185999677,0.0437241423680062,0.128330334652447,0.0522236317541126,0.122256094986931,"Bat DR","AY877433"
"120",-3.08899067734885,2.34276373962019,-0.095554898036832,-0.689580936798417,0.439045469623991,0.0270490124212847,-0.316309739967015,-0.0683841903916414,0.325154552309028,-0.190145896190894,-0.618330492191099,-0.00818589846041571,-1.09755311820614,-0.135108840097896,0.00813880322696699,0.846558416897421,-0.396447781966272,-0.644182923899261,0.218711917839459,-0.0735418060390864,"Bat DR","AY877434"
"121",-3.05497950879832,1.77288389562176,0.775657797738076,-1.43097031326051,0.278576978432656,0.0543341192769774,-0.913988295290135,0.10134384402741,-0.589188430505705,-1.05352723807728,-0.496873164609088,-0.131848838959741,-0.175425978929984,-0.557520818660717,-0.591734350177898,0.549540141927238,-0.693479898881674,-0.711321561064043,0.155067076906868,-0.000721045836172962,"Bat DR","AY877435"
"122",-2.64520757151459,2.85260569575717,1.5361491129508,0.856583107309301,-0.136013106524369,-0.81050263535879,-0.015542204650381,-0.917539473789436,0.320912870960407,1.66328733380125,1.27866267754044,-0.500914336318643,-0.194774348693056,0.911971843511615,-1.49357021036577,-0.991288428207059,0.547439993297679,-0.554132071425358,0.146226974766835,-0.0106254564493002,"Bat DR","GU592648"
"123",-2.49444261956803,2.06490164107539,0.609178575808567,-1.40460922621316,0.219879006125549,0.00438516720610966,-0.826323911557465,0.293939935248465,-0.719625081142159,-1.09702990639313,-1.04116431079413,0.859038180652505,0.383446779648749,0.2363566355758,-0.145702726125436,0.053332603667829,-0.11960792389747,-0.334207935810636,0.0637597187428069,-0.0499847085954342,"Bat DR","KF656696"
"124",-2.49444261956803,2.06490164107539,0.609178575808567,-1.40460922621316,0.219879006125549,0.00438516720610966,-0.826323911557465,0.293939935248465,-0.719625081142159,-1.09702990639313,-1.04116431079413,0.859038180652505,0.383446779648749,0.2363566355758,-0.145702726125436,0.053332603667829,-0.11960792389747,-0.334207935810636,0.0637597187428069,-0.0499847085954342,"Bat DR","KF656697"
"125",-2.29570008986881,3.1189775864935,0.476401958704038,-1.15433679129555,0.323646095456894,-0.56493921745596,-0.196348043320916,0.24456103046327,0.635425257134257,0.482103266767408,0.217253018529315,0.42966124879282,-0.871641247609318,0.823450155904489,0.065579980221652,0.234925188979844,-0.364167875428563,0.115823555970252,-0.109893200098191,0.00106488051446513,"Bat DR","KF864234"
"126",-2.29570008986881,3.1189775864935,0.476401958704038,-1.15433679129555,0.323646095456894,-0.56493921745596,-0.196348043320916,0.24456103046327,0.635425257134257,0.482103266767408,0.217253018529315,0.42966124879282,-0.871641247609318,0.823450155904489,0.065579980221652,0.234925188979844,-0.364167875428563,0.115823555970252,-0.109893200098191,0.00106488051446513,"Bat DR","KF864322"
"127",-2.10960948895881,2.33000584659365,0.319596687080625,-1.13020368109479,0.43199918527202,-0.580414583623567,0.207806555868657,0.866457484414143,1.03208935983331,0.656115286462501,-0.0408124534378301,0.705971006461115,0.00626969153378472,0.94458278219986,0.557589806856304,-0.172885562618137,0.106135041829906,-0.26711682834971,0.25156220903175,-0.226443742590982,"Bat DR","KF864397"
"128",-2.18958324393287,2.28890403025324,0.967856323292532,-0.667854341561243,0.488616213973835,-0.334834095192489,0.0139892578134939,0.482342006554491,0.90310656692022,-0.0461184649930646,0.420900668229437,0.0746534415523007,-1.22522717638242,0.27463292939052,-0.810513038352524,0.646298607805649,-0.313496714072757,0.0766135170135023,0.512155791291542,0.0367869490136931,"Bat DR","KM594040"
"129",-2.18555256653638,2.49394719682381,0.542977443542585,-0.862621915911073,0.417592352463349,-0.38381861756741,-0.0789592820399576,0.306962253676592,0.795637009335476,0.144812236012606,0.339441062384114,-0.148062117196184,-1.17427675831836,0.558001003272046,-0.378792464973257,0.233184895986161,-0.415853302779061,-0.122924193268755,-0.0217392173147337,0.00442801646388755,"Bat DR","KM594041"
"130",-2.18958324393287,2.28890403025324,0.967856323292532,-0.667854341561243,0.488616213973835,-0.334834095192489,0.0139892578134939,0.482342006554491,0.90310656692022,-0.0461184649930646,0.420900668229437,0.0746534415523007,-1.22522717638242,0.27463292939052,-0.810513038352524,0.646298607805649,-0.313496714072757,0.0766135170135023,0.512155791291542,0.0367869490136931,"Bat DR","KM594042"
"131",-2.18809687783148,2.66975758524888,1.26118784196584,-1.21414859802132,0.177845363523734,0.242386681888478,-0.764293537632066,-0.0121464470146843,-0.729187806900118,-1.06373194438536,-0.861927683034623,-0.0226157994382532,0.192839217276096,-1.29312843809878,0.219149745524083,-0.00787426350675381,-0.714947914734844,0.396456977336922,0.418447422023888,-0.23210452514819,"Bat DR","KP202393"
"132",-1.51486815397365,2.16093455260776,0.443073706451623,-0.544545953479244,0.452840637162697,-0.252646969749728,0.126093862973671,0.561959568110969,0.825412110900241,-0.235981463058049,-0.0826620399461347,0.265101536427057,-0.918039510448668,1.08642930487612,-0.377133286115704,-0.26476293526693,0.106333244854644,0.0154416827456436,-0.0248925926953362,-0.0414725103459513,"Bat DR","KT023101"
"133",-1.51486815397365,2.16093455260776,0.443073706451623,-0.544545953479244,0.452840637162697,-0.252646969749728,0.126093862973671,0.561959568110969,0.825412110900241,-0.235981463058049,-0.0826620399461347,0.265101536427057,-0.918039510448668,1.08642930487612,-0.377133286115704,-0.26476293526693,0.106333244854644,0.0154416827456436,-0.0248925926953362,-0.0414725103459513,"Bat DR","KU523255"
"134",-2.49444261956803,2.06490164107539,0.609178575808567,-1.40460922621316,0.219879006125549,0.00438516720610966,-0.826323911557465,0.293939935248465,-0.719625081142159,-1.09702990639313,-1.04116431079413,0.859038180652505,0.383446779648749,0.2363566355758,-0.145702726125436,0.053332603667829,-0.11960792389747,-0.334207935810636,0.0637597187428069,-0.0499847085954342,"Bat DR","MN968374"
"135",-2.49444261956803,2.06490164107539,0.609178575808567,-1.40460922621316,0.219879006125549,0.00438516720610966,-0.826323911557465,0.293939935248465,-0.719625081142159,-1.09702990639313,-1.04116431079413,0.859038180652505,0.383446779648749,0.2363566355758,-0.145702726125436,0.053332603667829,-0.11960792389747,-0.334207935810636,0.0637597187428069,-0.0499847085954342,"Bat DR","MN968375"
"136",-2.49444261956803,2.06490164107539,0.609178575808567,-1.40460922621316,0.219879006125549,0.00438516720610966,-0.826323911557465,0.293939935248465,-0.719625081142159,-1.09702990639313,-1.04116431079413,0.859038180652505,0.383446779648749,0.2363566355758,-0.145702726125436,0.053332603667829,-0.11960792389747,-0.334207935810636,0.0637597187428069,-0.0499847085954342,"Bat DR","MN968376"
"137",-2.49444261956803,2.06490164107539,0.609178575808567,-1.40460922621316,0.219879006125549,0.00438516720610966,-0.826323911557465,0.293939935248465,-0.719625081142159,-1.09702990639313,-1.04116431079413,0.859038180652505,0.383446779648749,0.2363566355758,-0.145702726125436,0.053332603667829,-0.11960792389747,-0.334207935810636,0.0637597187428069,-0.0499847085954342,"Bat DR","MN968377"
"138",-2.49444261956803,2.06490164107539,0.609178575808567,-1.40460922621316,0.219879006125549,0.00438516720610966,-0.826323911557465,0.293939935248465,-0.719625081142159,-1.09702990639313,-1.04116431079413,0.859038180652505,0.383446779648749,0.2363566355758,-0.145702726125436,0.053332603667829,-0.11960792389747,-0.334207935810636,0.0637597187428069,-0.0499847085954342,"Bat DR","MN968378"
"139",-2.49444261956803,2.06490164107539,0.609178575808567,-1.40460922621316,0.219879006125549,0.00438516720610966,-0.826323911557465,0.293939935248465,-0.719625081142159,-1.09702990639313,-1.04116431079413,0.859038180652505,0.383446779648749,0.2363566355758,-0.145702726125436,0.053332603667829,-0.11960792389747,-0.334207935810636,0.0637597187428069,-0.0499847085954342,"Bat DR","MN968379"
"140",-2.49444261956803,2.06490164107539,0.609178575808567,-1.40460922621316,0.219879006125549,0.00438516720610966,-0.826323911557465,0.293939935248465,-0.719625081142159,-1.09702990639313,-1.04116431079413,0.859038180652505,0.383446779648749,0.2363566355758,-0.145702726125436,0.053332603667829,-0.11960792389747,-0.334207935810636,0.0637597187428069,-0.0499847085954342,"Bat DR","MN968380"
"141",-2.49444261956803,2.06490164107539,0.609178575808567,-1.40460922621316,0.219879006125549,0.00438516720610966,-0.826323911557465,0.293939935248465,-0.719625081142159,-1.09702990639313,-1.04116431079413,0.859038180652505,0.383446779648749,0.2363566355758,-0.145702726125436,0.053332603667829,-0.11960792389747,-0.334207935810636,0.0637597187428069,-0.0499847085954342,"Bat DR","MN968381"
"142",-2.49444261956803,2.06490164107539,0.609178575808567,-1.40460922621316,0.219879006125549,0.00438516720610966,-0.826323911557465,0.293939935248465,-0.719625081142159,-1.09702990639313,-1.04116431079413,0.859038180652505,0.383446779648749,0.2363566355758,-0.145702726125436,0.053332603667829,-0.11960792389747,-0.334207935810636,0.0637597187428069,-0.0499847085954342,"Bat DR","MN968382"
"143",-2.49444261956803,2.06490164107539,0.609178575808567,-1.40460922621316,0.219879006125549,0.00438516720610966,-0.826323911557465,0.293939935248465,-0.719625081142159,-1.09702990639313,-1.04116431079413,0.859038180652505,0.383446779648749,0.2363566355758,-0.145702726125436,0.053332603667829,-0.11960792389747,-0.334207935810636,0.0637597187428069,-0.0499847085954342,"Bat DR","MN968383"
"144",-2.49444261956803,2.06490164107539,0.609178575808567,-1.40460922621316,0.219879006125549,0.00438516720610966,-0.826323911557465,0.293939935248465,-0.719625081142159,-1.09702990639313,-1.04116431079413,0.859038180652505,0.383446779648749,0.2363566355758,-0.145702726125436,0.053332603667829,-0.11960792389747,-0.334207935810636,0.0637597187428069,-0.0499847085954342,"Bat DR","MN968384"
"145",-2.49444261956803,2.06490164107539,0.609178575808567,-1.40460922621316,0.219879006125549,0.00438516720610966,-0.826323911557465,0.293939935248465,-0.719625081142159,-1.09702990639313,-1.04116431079413,0.859038180652505,0.383446779648749,0.2363566355758,-0.145702726125436,0.053332603667829,-0.11960792389747,-0.334207935810636,0.0637597187428069,-0.0499847085954342,"Bat DR","MN968385"
"146",-2.49444261956803,2.06490164107539,0.609178575808567,-1.40460922621316,0.219879006125549,0.00438516720610966,-0.826323911557465,0.293939935248465,-0.719625081142159,-1.09702990639313,-1.04116431079413,0.859038180652505,0.383446779648749,0.2363566355758,-0.145702726125436,0.053332603667829,-0.11960792389747,-0.334207935810636,0.0637597187428069,-0.0499847085954342,"Bat DR","MN968386"
"147",-2.49444261956803,2.06490164107539,0.609178575808567,-1.40460922621316,0.219879006125549,0.00438516720610966,-0.826323911557465,0.293939935248465,-0.719625081142159,-1.09702990639313,-1.04116431079413,0.859038180652505,0.383446779648749,0.2363566355758,-0.145702726125436,0.053332603667829,-0.11960792389747,-0.334207935810636,0.0637597187428069,-0.0499847085954342,"Bat DR","MN968387"
"148",-1.30401269948069,1.56272953533102,1.67497005532369,-0.463587203385413,0.74713423139369,-0.535636784049905,0.76469572394401,1.48015962759393,1.87232581362856,-0.0280582339765152,1.07535703424655,-0.00352343138583276,-1.16296708531225,1.05499175036731,-1.09530775197483,-0.696142917534659,0.0191499187747966,-0.154640143938943,0.130284613379495,-0.0731688806346171,"Bat DR","MT891038"
"149",-2.70933255116788,2.29282444475591,0.890704603566869,-0.777905032222855,0.614010981521044,-0.337695046890495,0.331283774894454,0.779702073411248,1.24554366837059,0.227879442493901,0.44169492538823,0.414895220920591,-0.953185757457111,0.152045375313682,-0.440194999539149,0.190047768596418,-0.365628007667647,-0.0168259346649594,0.0688601897446646,0.0232635098699481,"Bat DR","MW249020"
"150",-1.30401269948069,1.56272953533102,1.67497005532369,-0.463587203385413,0.74713423139369,-0.535636784049905,0.76469572394401,1.48015962759393,1.87232581362856,-0.0280582339765152,1.07535703424655,-0.00352343138583276,-1.16296708531225,1.05499175036731,-1.09530775197483,-0.696142917534659,0.0191499187747966,-0.154640143938943,0.130284613379495,-0.0731688806346171,"Bat DR","MW249021"
"151",2.34479723567867,0.389228401293607,-0.0321814061198406,0.281917190146442,0.0915414999928208,-0.199615688369922,-0.204650081835865,-0.0212684142747523,-0.00987880577216468,0.21495112149892,-0.04188998806737,-0.158743856612237,0.0087718768780262,0.170873011081442,0.19527179905112,0.375666904032513,-0.00896209886478847,-0.548064378221857,0.131624643059773,-0.131668160507826,"Cosmo AF1b","AB284509"
"152",2.34479723567867,0.389228401293607,-0.0321814061198406,0.281917190146442,0.0915414999928208,-0.199615688369922,-0.204650081835865,-0.0212684142747523,-0.00987880577216468,0.21495112149892,-0.04188998806737,-0.158743856612237,0.0087718768780262,0.170873011081442,0.19527179905112,0.375666904032513,-0.00896209886478847,-0.548064378221857,0.131624643059773,-0.131668160507826,"Cosmo AF1b","AB284510"
"153",1.82101725104717,0.188105649225708,0.315545753904444,0.36663407383466,0.287960129050516,-0.153492117693007,0.205592975098547,0.451471405459904,0.440027853262946,0.298018327980215,0.0603638749367468,0.404213481504538,0.229862877739275,-0.235082616876922,0.133869264485229,0.332529776642771,0.0412631962466257,-0.441966119618061,0.222224050119171,-0.112832667101766,"Cosmo AF1b","AB284511"
"154",2.34479723567867,0.389228401293607,-0.0321814061198406,0.281917190146442,0.0915414999928208,-0.199615688369922,-0.204650081835865,-0.0212684142747523,-0.00987880577216468,0.21495112149892,-0.04188998806737,-0.158743856612237,0.0087718768780262,0.170873011081442,0.19527179905112,0.375666904032513,-0.00896209886478847,-0.548064378221857,0.131624643059773,-0.131668160507826,"Cosmo AF1b","AB284512"
"155",2.34479723567867,0.389228401293607,-0.0321814061198406,0.281917190146442,0.0915414999928208,-0.199615688369922,-0.204650081835865,-0.0212684142747523,-0.00987880577216468,0.21495112149892,-0.04188998806737,-0.158743856612237,0.0087718768780262,0.170873011081442,0.19527179905112,0.375666904032513,-0.00896209886478847,-0.548064378221857,0.131624643059773,-0.131668160507826,"Cosmo AF1b","AB284513"
"156",2.34479723567867,0.389228401293607,-0.0321814061198406,0.281917190146442,0.0915414999928208,-0.199615688369922,-0.204650081835865,-0.0212684142747523,-0.00987880577216468,0.21495112149892,-0.04188998806737,-0.158743856612237,0.0087718768780262,0.170873011081442,0.19527179905112,0.375666904032513,-0.00896209886478847,-0.548064378221857,0.131624643059773,-0.131668160507826,"Cosmo AF1b","AB284514"
"157",2.34479723567867,0.389228401293607,-0.0321814061198406,0.281917190146442,0.0915414999928208,-0.199615688369922,-0.204650081835865,-0.0212684142747523,-0.00987880577216468,0.21495112149892,-0.04188998806737,-0.158743856612237,0.0087718768780262,0.170873011081442,0.19527179905112,0.375666904032513,-0.00896209886478847,-0.548064378221857,0.131624643059773,-0.131668160507826,"Cosmo AF1b","AB285215"
"158",1.95306301813639,0.64547637825244,-0.111339031458693,0.0862732575808157,0.0309113899659885,-0.231420981310656,-0.283322811677405,-0.283978301175884,-0.00596674180247122,0.468555899418035,0.404407501504324,-0.457924789030586,-0.160805946088098,-0.304412673234684,0.0190808380916648,0.646743776258648,-0.46483097347052,-0.127739187556375,-0.082096932945793,0.0460971884491351,"Cosmo AF1b","EU853582"
"159",2.65775859924965,-0.25741610996204,0.659969927225254,-0.337040156449452,-0.0943088165259981,-0.0729642266372812,-0.675948221986897,0.140747047677544,-0.89053462305244,-0.775619141539003,0.103761726756087,-0.16842407590667,1.01755844105775,-0.198396350193432,-0.579133136455647,-0.148222329964627,-0.239676542752216,-0.0565119487067579,-0.148895149258988,0.0730174218422097,"Cosmo AF1b","EU853584"
"160",2.65775859924965,-0.25741610996204,0.659969927225254,-0.337040156449452,-0.0943088165259981,-0.0729642266372812,-0.675948221986897,0.140747047677544,-0.89053462305244,-0.775619141539003,0.103761726756087,-0.16842407590667,1.01755844105775,-0.198396350193432,-0.579133136455647,-0.148222329964627,-0.239676542752216,-0.0565119487067579,-0.148895149258988,0.0730174218422097,"Cosmo AF1b","EU853585"
"161",2.65775859924965,-0.25741610996204,0.659969927225254,-0.337040156449452,-0.0943088165259981,-0.0729642266372812,-0.675948221986897,0.140747047677544,-0.89053462305244,-0.775619141539003,0.103761726756087,-0.16842407590667,1.01755844105775,-0.198396350193432,-0.579133136455647,-0.148222329964627,-0.239676542752216,-0.0565119487067579,-0.148895149258988,0.0730174218422097,"Cosmo AF1b","EU853586"
"162",2.62374743069911,0.312463734036385,-0.211242768549654,0.404349220012645,0.0661596746653367,-0.100249333492974,-0.0782696666637769,-0.0289809867415069,0.0238083597622933,0.0877622003473796,-0.0176956008259243,-0.0447611354073447,0.0954313017815933,0.224015628369389,0.0207400169492183,0.148795945005557,0.0573555741631851,0.0106266884580236,-0.0852503083263957,0.000196661639296242,"Cosmo AF1b","EU853587"
"163",2.62374743069911,0.312463734036385,-0.211242768549654,0.404349220012645,0.0661596746653367,-0.100249333492974,-0.0782696666637769,-0.0289809867415069,0.0238083597622933,0.0877622003473796,-0.0176956008259243,-0.0447611354073447,0.0954313017815933,0.224015628369389,0.0207400169492183,0.148795945005557,0.0573555741631851,0.0106266884580236,-0.0852503083263957,0.000196661639296242,"Cosmo AF1b","EU853588"
"164",2.62374743069911,0.312463734036385,-0.211242768549654,0.404349220012645,0.0661596746653367,-0.100249333492974,-0.0782696666637769,-0.0289809867415069,0.0238083597622933,0.0877622003473796,-0.0176956008259243,-0.0447611354073447,0.0954313017815933,0.224015628369389,0.0207400169492183,0.148795945005557,0.0573555741631851,0.0106266884580236,-0.0852503083263957,0.000196661639296242,"Cosmo AF1b","EU853589"
"165",3.29443184326184,-0.020548910179669,-0.311146505640616,0.722425182444474,0.101407959364685,0.0309223143247084,0.126783478349851,0.22601632769287,0.0535834613270579,-0.293031498723275,-0.439798703156173,0.368402518215897,0.351668549651285,0.752443929973462,0.0223991958067718,-0.349151886247534,0.57954212179689,0.148992564472422,-0.0884036837069981,-0.0457038651705426,"Cosmo AF1b","EU853590"
"166",3.50495389524426,0.0650413244471228,0.752843939480244,1.46963515809451,0.246200401617346,-1.18029185208982,-0.36994567941578,0.522551719493697,-0.331146116239473,0.11670327520919,-0.767850174726069,1.65825932880535,1.13964846471271,2.69468298012609,2.00649524966268,-0.128642244141745,-0.96646705969723,0.0496140266416839,0.58708846454989,0.181085878024196,"Cosmo AF1b","HM179504"
"167",2.5396916368192,-0.146105795221153,-0.996003203188003,0.828854560768004,-3.6748662716956,-0.745396406443498,1.05529486253067,3.1054056980023,-2.17095065851124,2.13214557367985,-1.11888005412257,-0.0417668771071616,-0.905207108723329,0.0496824628958141,-0.202512573210748,-0.199590999875832,-1.08365419980365,0.17110112060956,0.0237572063921216,-0.047524120308335,"Cosmo AF1b","HM179505"
"168",3.06833628612069,1.29521233243641,-0.974409665710037,-0.612325137082094,0.628600715308514,-1.11409210782017,-0.914211160048877,0.139694370654194,0.0969140833878417,1.07672934209963,-1.74493900293241,-0.260860036604136,-0.527442429759619,-0.242969990987733,-1.67014177482888,-0.562223961400377,0.641563753576197,-0.0410082628459733,-0.0456891770456645,-0.212080519549325,"Cosmo AF1b","HM179506"
"169",3.29443184326184,-0.020548910179669,-0.311146505640616,0.722425182444474,0.101407959364685,0.0309223143247084,0.126783478349851,0.22601632769287,0.0535834613270579,-0.293031498723275,-0.439798703156173,0.368402518215897,0.351668549651285,0.752443929973462,0.0223991958067718,-0.349151886247534,0.57954212179689,0.148992564472422,-0.0884036837069981,-0.0457038651705426,"Cosmo AF1b","KF155002"
"170",2.65775859924965,-0.25741610996204,0.659969927225254,-0.337040156449452,-0.0943088165259981,-0.0729642266372812,-0.675948221986897,0.140747047677544,-0.89053462305244,-0.775619141539003,0.103761726756087,-0.16842407590667,1.01755844105775,-0.198396350193432,-0.579133136455647,-0.148222329964627,-0.239676542752216,-0.0565119487067579,-0.148895149258988,0.0730174218422097,"Cosmo AF1b","KR534217"
"171",2.65775859924965,-0.25741610996204,0.659969927225254,-0.337040156449452,-0.0943088165259981,-0.0729642266372812,-0.675948221986897,0.140747047677544,-0.89053462305244,-0.775619141539003,0.103761726756087,-0.16842407590667,1.01755844105775,-0.198396350193432,-0.579133136455647,-0.148222329964627,-0.239676542752216,-0.0565119487067579,-0.148895149258988,0.0730174218422097,"Cosmo AF1b","KR534218"
"172",3.08839721977363,0.415979721353916,0.21216094493087,0.647701144604561,0.0734208829192513,0.0791326862818924,0.00334502617562394,-0.046561334760695,0.0157588045082653,-0.112405885324537,-0.102280897395147,-0.416105944148242,0.115323768386262,-0.39845519022013,0.206294608486947,0.0702395752682522,-0.017698229688858,0.134771635189231,0.372489347432695,-0.0281784687479626,"Cosmo AF1b","KR534219"
"173",2.65775859924965,-0.25741610996204,0.659969927225254,-0.337040156449452,-0.0943088165259981,-0.0729642266372812,-0.675948221986897,0.140747047677544,-0.89053462305244,-0.775619141539003,0.103761726756087,-0.16842407590667,1.01755844105775,-0.198396350193432,-0.579133136455647,-0.148222329964627,-0.239676542752216,-0.0565119487067579,-0.148895149258988,0.0730174218422097,"Cosmo AF1b","KR534220"
"174",3.08839721977363,0.415979721353916,0.21216094493087,0.647701144604561,0.0734208829192513,0.0791326862818924,0.00334502617562394,-0.046561334760695,0.0157588045082653,-0.112405885324537,-0.102280897395147,-0.416105944148242,0.115323768386262,-0.39845519022013,0.206294608486947,0.0702395752682522,-0.017698229688858,0.134771635189231,0.372489347432695,-0.0281784687479626,"Cosmo AF1b","KR534228"
"175",2.62374743069911,0.312463734036385,-0.211242768549654,0.404349220012645,0.0661596746653367,-0.100249333492974,-0.0782696666637769,-0.0289809867415069,0.0238083597622933,0.0877622003473796,-0.0176956008259243,-0.0447611354073447,0.0954313017815933,0.224015628369389,0.0207400169492183,0.148795945005557,0.0573555741631851,0.0106266884580236,-0.0852503083263957,0.000196661639296242,"Cosmo AF1b","KR534229"
"176",3.29404083640591,0.948703484294935,0.448123841893135,0.819211966969426,0.0256979031309574,0.126413345390234,-0.322136843172408,-0.405747901810437,-0.384817362160483,-0.540022682938745,-0.290512914999696,-0.393234769398187,-0.593009347790716,-0.0443021321993737,-0.10952425718825,0.206973454640098,-0.0321322723415948,0.0973868288437112,0.224755514308319,0.0215648054005227,"Cosmo AF1b","KR534230"
"177",3.08839721977363,0.415979721353916,0.21216094493087,0.647701144604561,0.0734208829192513,0.0791326862818924,0.00334502617562394,-0.046561334760695,0.0157588045082653,-0.112405885324537,-0.102280897395147,-0.416105944148242,0.115323768386262,-0.39845519022013,0.206294608486947,0.0702395752682522,-0.017698229688858,0.134771635189231,0.372489347432695,-0.0281784687479626,"Cosmo AF1b","KR534231"
"178",2.62374743069911,0.312463734036385,-0.211242768549654,0.404349220012645,0.0661596746653367,-0.100249333492974,-0.0782696666637769,-0.0289809867415069,0.0238083597622933,0.0877622003473796,-0.0176956008259243,-0.0447611354073447,0.0954313017815933,0.224015628369389,0.0207400169492183,0.148795945005557,0.0573555741631851,0.0106266884580236,-0.0852503083263957,0.000196661639296242,"Cosmo AF1b","KR534233"
"179",3.08839721977363,0.415979721353916,0.21216094493087,0.647701144604561,0.0734208829192513,0.0791326862818924,0.00334502617562394,-0.046561334760695,0.0157588045082653,-0.112405885324537,-0.102280897395147,-0.416105944148242,0.115323768386262,-0.39845519022013,0.206294608486947,0.0702395752682522,-0.017698229688858,0.134771635189231,0.372489347432695,-0.0281784687479626,"Cosmo AF1b","KR534238"
"180",2.62374743069911,0.312463734036385,-0.211242768549654,0.404349220012645,0.0661596746653367,-0.100249333492974,-0.0782696666637769,-0.0289809867415069,0.0238083597622933,0.0877622003473796,-0.0176956008259243,-0.0447611354073447,0.0954313017815933,0.224015628369389,0.0207400169492183,0.148795945005557,0.0573555741631851,0.0106266884580236,-0.0852503083263957,0.000196661639296242,"Cosmo AF1b","KR534244"
"181",2.62374743069911,0.312463734036385,-0.211242768549654,0.404349220012645,0.0661596746653367,-0.100249333492974,-0.0782696666637769,-0.0289809867415069,0.0238083597622933,0.0877622003473796,-0.0176956008259243,-0.0447611354073447,0.0954313017815933,0.224015628369389,0.0207400169492183,0.148795945005557,0.0573555741631851,0.0106266884580236,-0.0852503083263957,0.000196661639296242,"Cosmo AF1b","KR534247"
"182",2.62374743069911,0.312463734036385,-0.211242768549654,0.404349220012645,0.0661596746653367,-0.100249333492974,-0.0782696666637769,-0.0289809867415069,0.0238083597622933,0.0877622003473796,-0.0176956008259243,-0.0447611354073447,0.0954313017815933,0.224015628369389,0.0207400169492183,0.148795945005557,0.0573555741631851,0.0106266884580236,-0.0852503083263957,0.000196661639296242,"Cosmo AF1b","KR534249"
"183",2.62374743069911,0.312463734036385,-0.211242768549654,0.404349220012645,0.0661596746653367,-0.100249333492974,-0.0782696666637769,-0.0289809867415069,0.0238083597622933,0.0877622003473796,-0.0176956008259243,-0.0447611354073447,0.0954313017815933,0.224015628369389,0.0207400169492183,0.148795945005557,0.0573555741631851,0.0106266884580236,-0.0852503083263957,0.000196661639296242,"Cosmo AF1b","KR534250"
"184",3.08839721977363,0.415979721353916,0.21216094493087,0.647701144604561,0.0734208829192513,0.0791326862818924,0.00334502617562394,-0.046561334760695,0.0157588045082653,-0.112405885324537,-0.102280897395147,-0.416105944148242,0.115323768386262,-0.39845519022013,0.206294608486947,0.0702395752682522,-0.017698229688858,0.134771635189231,0.372489347432695,-0.0281784687479626,"Cosmo AF1b","KR534251"
"185",2.56461723514213,0.214856969286017,0.559888104955154,0.73241802829278,0.269839511976946,0.125256256958807,0.413588083110036,0.426178484973961,0.465665463543376,-0.0293386788432412,-2.7034391030396e-05,0.146851393968533,0.336414769247511,-0.804410818178493,0.144892073921055,0.0271024478785098,0.0325270654225562,0.240869893793026,0.463088754492093,-0.00934297534190212,"Cosmo AF1b","KR534252"
"186",2.62374743069911,0.312463734036385,-0.211242768549654,0.404349220012645,0.0661596746653367,-0.100249333492974,-0.0782696666637769,-0.0289809867415069,0.0238083597622933,0.0877622003473796,-0.0176956008259243,-0.0447611354073447,0.0954313017815933,0.224015628369389,0.0207400169492183,0.148795945005557,0.0573555741631851,0.0106266884580236,-0.0852503083263957,0.000196661639296242,"Cosmo AF1b","KR534253"
"187",3.08839721977363,0.415979721353916,0.21216094493087,0.647701144604561,0.0734208829192513,0.0791326862818924,0.00334502617562394,-0.046561334760695,0.0157588045082653,-0.112405885324537,-0.102280897395147,-0.416105944148242,0.115323768386262,-0.39845519022013,0.206294608486947,0.0702395752682522,-0.017698229688858,0.134771635189231,0.372489347432695,-0.0281784687479626,"Cosmo AF1b","KR906734"
"188",2.65775859924965,-0.25741610996204,0.659969927225254,-0.337040156449452,-0.0943088165259981,-0.0729642266372812,-0.675948221986897,0.140747047677544,-0.89053462305244,-0.775619141539003,0.103761726756087,-0.16842407590667,1.01755844105775,-0.198396350193432,-0.579133136455647,-0.148222329964627,-0.239676542752216,-0.0565119487067579,-0.148895149258988,0.0730174218422097,"Cosmo AF1b","KR906735"
"189",2.65775859924965,-0.25741610996204,0.659969927225254,-0.337040156449452,-0.0943088165259981,-0.0729642266372812,-0.675948221986897,0.140747047677544,-0.89053462305244,-0.775619141539003,0.103761726756087,-0.16842407590667,1.01755844105775,-0.198396350193432,-0.579133136455647,-0.148222329964627,-0.239676542752216,-0.0565119487067579,-0.148895149258988,0.0730174218422097,"Cosmo AF1b","KR906736"
"190",2.56461723514213,0.214856969286017,0.559888104955154,0.73241802829278,0.269839511976946,0.125256256958807,0.413588083110036,0.426178484973961,0.465665463543376,-0.0293386788432412,-2.7034391030396e-05,0.146851393968533,0.336414769247511,-0.804410818178493,0.144892073921055,0.0271024478785098,0.0325270654225562,0.240869893793026,0.463088754492093,-0.00934297534190212,"Cosmo AF1b","KR906739"
"191",2.62374743069911,0.312463734036385,-0.211242768549654,0.404349220012645,0.0661596746653367,-0.100249333492974,-0.0782696666637769,-0.0289809867415069,0.0238083597622933,0.0877622003473796,-0.0176956008259243,-0.0447611354073447,0.0954313017815933,0.224015628369389,0.0207400169492183,0.148795945005557,0.0573555741631851,0.0106266884580236,-0.0852503083263957,0.000196661639296242,"Cosmo AF1b","KR906741"
"192",2.62374743069911,0.312463734036385,-0.211242768549654,0.404349220012645,0.0661596746653367,-0.100249333492974,-0.0782696666637769,-0.0289809867415069,0.0238083597622933,0.0877622003473796,-0.0176956008259243,-0.0447611354073447,0.0954313017815933,0.224015628369389,0.0207400169492183,0.148795945005557,0.0573555741631851,0.0106266884580236,-0.0852503083263957,0.000196661639296242,"Cosmo AF1b","KR906742"
"193",3.08839721977363,0.415979721353916,0.21216094493087,0.647701144604561,0.0734208829192513,0.0791326862818924,0.00334502617562394,-0.046561334760695,0.0157588045082653,-0.112405885324537,-0.102280897395147,-0.416105944148242,0.115323768386262,-0.39845519022013,0.206294608486947,0.0702395752682522,-0.017698229688858,0.134771635189231,0.372489347432695,-0.0281784687479626,"Cosmo AF1b","KR906743"
"194",2.56461723514213,0.214856969286017,0.559888104955154,0.73241802829278,0.269839511976946,0.125256256958807,0.413588083110036,0.426178484973961,0.465665463543376,-0.0293386788432412,-2.7034391030396e-05,0.146851393968533,0.336414769247511,-0.804410818178493,0.144892073921055,0.0271024478785098,0.0325270654225562,0.240869893793026,0.463088754492093,-0.00934297534190212,"Cosmo AF1b","KR906744"
"195",2.62374743069911,0.312463734036385,-0.211242768549654,0.404349220012645,0.0661596746653367,-0.100249333492974,-0.0782696666637769,-0.0289809867415069,0.0238083597622933,0.0877622003473796,-0.0176956008259243,-0.0447611354073447,0.0954313017815933,0.224015628369389,0.0207400169492183,0.148795945005557,0.0573555741631851,0.0106266884580236,-0.0852503083263957,0.000196661639296242,"Cosmo AF1b","KR906745"
"196",2.59191167211758,0.16920641989109,-0.900426902979745,1.59933569379362,0.970796479693972,-1.07063933249623,-1.17067470124919,0.80244010199991,-0.529311121637922,-0.497336213846884,0.723711617065484,0.346708416162401,-1.13591458528192,-0.527964496827492,-0.190716244490488,-0.853304195507146,-0.214222115191074,-0.455449256789509,-0.206308204405063,0.062764559267227,"Cosmo AF1b","KR906746"
"197",2.59191167211758,0.16920641989109,-0.900426902979745,1.59933569379362,0.970796479693972,-1.07063933249623,-1.17067470124919,0.80244010199991,-0.529311121637922,-0.497336213846884,0.723711617065484,0.346708416162401,-1.13591458528192,-0.527964496827492,-0.190716244490488,-0.853304195507146,-0.214222115191074,-0.455449256789509,-0.206308204405063,0.062764559267227,"Cosmo AF1b","KR906747"
"198",0.153000043388632,-0.237044812800371,-0.231472509806165,0.636773275840126,0.605844817488577,0.400004486151544,0.82216050635895,0.83851227551633,0.795576322256433,0.192936388593437,-0.750165172234109,1.56127153893026,0.886378362541615,-1.40359302499412,0.655184254831034,0.219644371928101,0.125080391603912,-0.391874976643353,-0.106895960600283,-0.0536256131953016,"Cosmo AF1b","KR906748"
"199",2.62374743069911,0.312463734036385,-0.211242768549654,0.404349220012645,0.0661596746653367,-0.100249333492974,-0.0782696666637769,-0.0289809867415069,0.0238083597622933,0.0877622003473796,-0.0176956008259243,-0.0447611354073447,0.0954313017815933,0.224015628369389,0.0207400169492183,0.148795945005557,0.0573555741631851,0.0106266884580236,-0.0852503083263957,0.000196661639296242,"Cosmo AF1b","KR906749"
"200",2.62374743069911,0.312463734036385,-0.211242768549654,0.404349220012645,0.0661596746653367,-0.100249333492974,-0.0782696666637769,-0.0289809867415069,0.0238083597622933,0.0877622003473796,-0.0176956008259243,-0.0447611354073447,0.0954313017815933,0.224015628369389,0.0207400169492183,0.148795945005557,0.0573555741631851,0.0106266884580236,-0.0852503083263957,0.000196661639296242,"Cosmo AF1b","KR906750"
"201",3.26259608468031,-0.163806224324964,-1.00033064007071,1.91741165622545,1.00604476439332,-0.939467684678546,-0.965621556235565,1.05743741643429,-0.499536020073157,-0.878129912917539,0.301608514735236,0.759872069785643,-0.879677337412226,0.000463804776580902,-0.189057065632935,-1.35125202676024,0.307964432442631,-0.31708338077511,-0.209461579785666,0.0168640324573881,"Cosmo AF1b","KR906751"
"202",0.153000043388632,-0.237044812800371,-0.231472509806165,0.636773275840126,0.605844817488577,0.400004486151544,0.82216050635895,0.83851227551633,0.795576322256433,0.192936388593437,-0.750165172234109,1.56127153893026,0.886378362541615,-1.40359302499412,0.655184254831034,0.219644371928101,0.125080391603912,-0.391874976643353,-0.106895960600283,-0.0536256131953016,"Cosmo AF1b","KR906752"
"203",2.62374743069911,0.312463734036385,-0.211242768549654,0.404349220012645,0.0661596746653367,-0.100249333492974,-0.0782696666637769,-0.0289809867415069,0.0238083597622933,0.0877622003473796,-0.0176956008259243,-0.0447611354073447,0.0954313017815933,0.224015628369389,0.0207400169492183,0.148795945005557,0.0573555741631851,0.0106266884580236,-0.0852503083263957,0.000196661639296242,"Cosmo AF1b","KR906754"
"204",2.62374743069911,0.312463734036385,-0.211242768549654,0.404349220012645,0.0661596746653367,-0.100249333492974,-0.0782696666637769,-0.0289809867415069,0.0238083597622933,0.0877622003473796,-0.0176956008259243,-0.0447611354073447,0.0954313017815933,0.224015628369389,0.0207400169492183,0.148795945005557,0.0573555741631851,0.0106266884580236,-0.0852503083263957,0.000196661639296242,"Cosmo AF1b","KR906755"
"205",2.62374743069911,0.312463734036385,-0.211242768549654,0.404349220012645,0.0661596746653367,-0.100249333492974,-0.0782696666637769,-0.0289809867415069,0.0238083597622933,0.0877622003473796,-0.0176956008259243,-0.0447611354073447,0.0954313017815933,0.224015628369389,0.0207400169492183,0.148795945005557,0.0573555741631851,0.0106266884580236,-0.0852503083263957,0.000196661639296242,"Cosmo AF1b","KR906756"
"206",3.25423899349437,0.140219592981589,-0.929119125920795,1.89149485452772,0.78824084264853,-0.32534423514042,-0.603243139866945,1.13835708709464,-0.394418952836226,-1.54234822013136,0.803244800216157,0.259016303270995,-0.507308025657695,0.0337343043791379,-0.316168721940084,-0.919708488558928,0.745860807263979,-0.38038937134354,0.0892207318707277,0.013724868090606,"Cosmo AF1b","KR906757"
"207",3.08839721977363,0.415979721353916,0.21216094493087,0.647701144604561,0.0734208829192513,0.0791326862818924,0.00334502617562394,-0.046561334760695,0.0157588045082653,-0.112405885324537,-0.102280897395147,-0.416105944148242,0.115323768386262,-0.39845519022013,0.206294608486947,0.0702395752682522,-0.017698229688858,0.134771635189231,0.372489347432695,-0.0281784687479626,"Cosmo AF1b","KR906759"
"208",2.62374743069911,0.312463734036385,-0.211242768549654,0.404349220012645,0.0661596746653367,-0.100249333492974,-0.0782696666637769,-0.0289809867415069,0.0238083597622933,0.0877622003473796,-0.0176956008259243,-0.0447611354073447,0.0954313017815933,0.224015628369389,0.0207400169492183,0.148795945005557,0.0573555741631851,0.0106266884580236,-0.0852503083263957,0.000196661639296242,"Cosmo AF1b","KR906760"
"209",2.62374743069911,0.312463734036385,-0.211242768549654,0.404349220012645,0.0661596746653367,-0.100249333492974,-0.0782696666637769,-0.0289809867415069,0.0238083597622933,0.0877622003473796,-0.0176956008259243,-0.0447611354073447,0.0954313017815933,0.224015628369389,0.0207400169492183,0.148795945005557,0.0573555741631851,0.0106266884580236,-0.0852503083263957,0.000196661639296242,"Cosmo AF1b","KR906762"
"210",2.80830269772144,0.38274405479918,1.24218481794238,-0.0322281001542817,-0.00937582051316877,0.15083750054792,-0.602520881414568,0.0613401994653716,-0.95672324352485,-1.12940611733816,-0.148261330258891,-0.176655930529223,0.601159210410746,-0.589301664839032,-0.339079371779739,-0.546295659539315,-0.381295682851887,-0.063191259999532,-0.28218492817115,0.0808621264596912,"Cosmo AF1b","KR906763"
"211",2.65775859924965,-0.25741610996204,0.659969927225254,-0.337040156449452,-0.0943088165259981,-0.0729642266372812,-0.675948221986897,0.140747047677544,-0.89053462305244,-0.775619141539003,0.103761726756087,-0.16842407590667,1.01755844105775,-0.198396350193432,-0.579133136455647,-0.148222329964627,-0.239676542752216,-0.0565119487067579,-0.148895149258988,0.0730174218422097,"Cosmo AF1b","KR906765"
"212",2.65775859924965,-0.25741610996204,0.659969927225254,-0.337040156449452,-0.0943088165259981,-0.0729642266372812,-0.675948221986897,0.140747047677544,-0.89053462305244,-0.775619141539003,0.103761726756087,-0.16842407590667,1.01755844105775,-0.198396350193432,-0.579133136455647,-0.148222329964627,-0.239676542752216,-0.0565119487067579,-0.148895149258988,0.0730174218422097,"Cosmo AF1b","KR906766"
"213",2.62374743069911,0.312463734036385,-0.211242768549654,0.404349220012645,0.0661596746653367,-0.100249333492974,-0.0782696666637769,-0.0289809867415069,0.0238083597622933,0.0877622003473796,-0.0176956008259243,-0.0447611354073447,0.0954313017815933,0.224015628369389,0.0207400169492183,0.148795945005557,0.0573555741631851,0.0106266884580236,-0.0852503083263957,0.000196661639296242,"Cosmo AF1b","KR906767"
"214",2.62374743069911,0.312463734036385,-0.211242768549654,0.404349220012645,0.0661596746653367,-0.100249333492974,-0.0782696666637769,-0.0289809867415069,0.0238083597622933,0.0877622003473796,-0.0176956008259243,-0.0447611354073447,0.0954313017815933,0.224015628369389,0.0207400169492183,0.148795945005557,0.0573555741631851,0.0106266884580236,-0.0852503083263957,0.000196661639296242,"Cosmo AF1b","KR906768"
"215",3.29404083640591,0.948703484294935,0.448123841893135,0.819211966969426,0.0256979031309574,0.126413345390234,-0.322136843172408,-0.405747901810437,-0.384817362160483,-0.540022682938745,-0.290512914999696,-0.393234769398187,-0.593009347790716,-0.0443021321993737,-0.10952425718825,0.206973454640098,-0.0321322723415948,0.0973868288437112,0.224755514308319,0.0215648054005227,"Cosmo AF1b","KR906770"
"216",2.62374743069911,0.312463734036385,-0.211242768549654,0.404349220012645,0.0661596746653367,-0.100249333492974,-0.0782696666637769,-0.0289809867415069,0.0238083597622933,0.0877622003473796,-0.0176956008259243,-0.0447611354073447,0.0954313017815933,0.224015628369389,0.0207400169492183,0.148795945005557,0.0573555741631851,0.0106266884580236,-0.0852503083263957,0.000196661639296242,"Cosmo AF1b","KR906771"
"217",2.62374743069911,0.312463734036385,-0.211242768549654,0.404349220012645,0.0661596746653367,-0.100249333492974,-0.0782696666637769,-0.0289809867415069,0.0238083597622933,0.0877622003473796,-0.0176956008259243,-0.0447611354073447,0.0954313017815933,0.224015628369389,0.0207400169492183,0.148795945005557,0.0573555741631851,0.0106266884580236,-0.0852503083263957,0.000196661639296242,"Cosmo AF1b","KR906772"
"218",2.62374743069911,0.312463734036385,-0.211242768549654,0.404349220012645,0.0661596746653367,-0.100249333492974,-0.0782696666637769,-0.0289809867415069,0.0238083597622933,0.0877622003473796,-0.0176956008259243,-0.0447611354073447,0.0954313017815933,0.224015628369389,0.0207400169492183,0.148795945005557,0.0573555741631851,0.0106266884580236,-0.0852503083263957,0.000196661639296242,"Cosmo AF1b","KR906773"
"219",3.08839721977363,0.415979721353916,0.21216094493087,0.647701144604561,0.0734208829192513,0.0791326862818924,0.00334502617562394,-0.046561334760695,0.0157588045082653,-0.112405885324537,-0.102280897395147,-0.416105944148242,0.115323768386262,-0.39845519022013,0.206294608486947,0.0702395752682522,-0.017698229688858,0.134771635189231,0.372489347432695,-0.0281784687479626,"Cosmo AF1b","KR906774"
"220",3.29404083640591,0.948703484294935,0.448123841893135,0.819211966969426,0.0256979031309574,0.126413345390234,-0.322136843172408,-0.405747901810437,-0.384817362160483,-0.540022682938745,-0.290512914999696,-0.393234769398187,-0.593009347790716,-0.0443021321993737,-0.10952425718825,0.206973454640098,-0.0321322723415948,0.0973868288437112,0.224755514308319,0.0215648054005227,"Cosmo AF1b","KR906776"
"221",2.62374743069911,0.312463734036385,-0.211242768549654,0.404349220012645,0.0661596746653367,-0.100249333492974,-0.0782696666637769,-0.0289809867415069,0.0238083597622933,0.0877622003473796,-0.0176956008259243,-0.0447611354073447,0.0954313017815933,0.224015628369389,0.0207400169492183,0.148795945005557,0.0573555741631851,0.0106266884580236,-0.0852503083263957,0.000196661639296242,"Cosmo AF1b","KR906780"
"222",2.62374743069911,0.312463734036385,-0.211242768549654,0.404349220012645,0.0661596746653367,-0.100249333492974,-0.0782696666637769,-0.0289809867415069,0.0238083597622933,0.0877622003473796,-0.0176956008259243,-0.0447611354073447,0.0954313017815933,0.224015628369389,0.0207400169492183,0.148795945005557,0.0573555741631851,0.0106266884580236,-0.0852503083263957,0.000196661639296242,"Cosmo AF1b","KR906782"
"223",3.29404083640591,0.948703484294935,0.448123841893135,0.819211966969426,0.0256979031309574,0.126413345390234,-0.322136843172408,-0.405747901810437,-0.384817362160483,-0.540022682938745,-0.290512914999696,-0.393234769398187,-0.593009347790716,-0.0443021321993737,-0.10952425718825,0.206973454640098,-0.0321322723415948,0.0973868288437112,0.224755514308319,0.0215648054005227,"Cosmo AF1b","KR906784"
"224",3.29404083640591,0.948703484294935,0.448123841893135,0.819211966969426,0.0256979031309574,0.126413345390234,-0.322136843172408,-0.405747901810437,-0.384817362160483,-0.540022682938745,-0.290512914999696,-0.393234769398187,-0.593009347790716,-0.0443021321993737,-0.10952425718825,0.206973454640098,-0.0321322723415948,0.0973868288437112,0.224755514308319,0.0215648054005227,"Cosmo AF1b","KR906789"
"225",2.56461723514213,0.214856969286017,0.559888104955154,0.73241802829278,0.269839511976946,0.125256256958807,0.413588083110036,0.426178484973961,0.465665463543376,-0.0293386788432412,-2.7034391030396e-05,0.146851393968533,0.336414769247511,-0.804410818178493,0.144892073921055,0.0271024478785098,0.0325270654225562,0.240869893793026,0.463088754492093,-0.00934297534190212,"Cosmo AF1b","KR906790"
"226",2.62374743069911,0.312463734036385,-0.211242768549654,0.404349220012645,0.0661596746653367,-0.100249333492974,-0.0782696666637769,-0.0289809867415069,0.0238083597622933,0.0877622003473796,-0.0176956008259243,-0.0447611354073447,0.0954313017815933,0.224015628369389,0.0207400169492183,0.148795945005557,0.0573555741631851,0.0106266884580236,-0.0852503083263957,0.000196661639296242,"Cosmo AF1b","KR906792"
"227",2.63210452188505,0.00843791672983161,-0.282454282699565,0.430266021710378,0.283963596410127,-0.7143727830311,-0.440648083032397,-0.109900657401856,-0.0813087074746376,0.751980507561199,-0.519331886306846,0.456094631107303,-0.276938009972937,0.190745128766832,0.147851673256368,-0.282747593195752,-0.380540800658163,0.0739326790264533,-0.383932619982789,0.00333582600607849,"Cosmo AF1b","KT336432"
"228",2.3531543268646,0.0852025839870529,-0.103392920269752,0.307833991844175,0.309345421737611,-0.813739137908048,-0.567028498204485,-0.102188084935102,-0.114995873009096,0.879169428712739,-0.543526273548292,0.34211190990241,-0.363597434876504,0.137602511478885,0.32238345535827,-0.0558766341687957,-0.446858473686137,-0.484758387653427,-0.167057668596621,-0.128528996141044,"Cosmo AF1b","KT336433"
"229",2.9110547169055,-0.0683267505273897,-0.461515645129379,0.552698051576581,0.258581771082643,-0.615006428154151,-0.314267667860309,-0.117613229868611,-0.0476215419401796,0.624791586409659,-0.4951374990654,0.570077352312195,-0.19027858506937,0.243887746054778,-0.0266801088455344,-0.509618552222709,-0.31422312763019,0.632623745706334,-0.600807571368958,0.135200648153201,"Cosmo AF1b","KT336434"
"230",2.63210452188505,0.00843791672983161,-0.282454282699565,0.430266021710378,0.283963596410127,-0.7143727830311,-0.440648083032397,-0.109900657401856,-0.0813087074746376,0.751980507561199,-0.519331886306846,0.456094631107303,-0.276938009972937,0.190745128766832,0.147851673256368,-0.282747593195752,-0.380540800658163,0.0739326790264533,-0.383932619982789,0.00333582600607849,"Cosmo AF1b","KT336435"
"231",2.63210452188505,0.00843791672983161,-0.282454282699565,0.430266021710378,0.283963596410127,-0.7143727830311,-0.440648083032397,-0.109900657401856,-0.0813087074746376,0.751980507561199,-0.519331886306846,0.456094631107303,-0.276938009972937,0.190745128766832,0.147851673256368,-0.282747593195752,-0.380540800658163,0.0739326790264533,-0.383932619982789,0.00333582600607849,"Cosmo AF1b","KT336436"
"232",2.51792632115612,0.428425139828947,0.0758491122118344,0.333318720675735,0.261041200914158,-0.846508860544729,-0.465088304459903,0.00307787226272141,-0.134050902091112,0.89834083731033,-0.560060324316322,1.25653355584479,-0.0252529173279511,0.172826207517749,0.160503545072009,0.132106411617418,-0.22649878460136,0.512218138547718,0.061808405840028,0.0323316226064619,"Cosmo AF1b","KT336437"
"233",2.63210452188505,0.00843791672983161,-0.282454282699565,0.430266021710378,0.283963596410127,-0.7143727830311,-0.440648083032397,-0.109900657401856,-0.0813087074746376,0.751980507561199,-0.519331886306846,0.456094631107303,-0.276938009972937,0.190745128766832,0.147851673256368,-0.282747593195752,-0.380540800658163,0.0739326790264533,-0.383932619982789,0.00333582600607849,"Cosmo AF1b","KX148203"
"234",1.48383662146152,-0.420632959798917,-0.752320826684512,0.810455914377456,0.47645351730098,-0.158015227488542,-0.141375068852954,-0.0202198542021872,-0.0681973399315171,0.372900660687454,-1.3506551906365,1.27291090916474,0.107536055904098,-0.855177725273527,0.298848624788798,0.0606178412988084,-0.244592311705986,0.217463273679624,-0.269757029155366,0.0760663190562877,"Cosmo AF1b","KX148204"
"235",1.95306301813639,0.64547637825244,-0.111339031458693,0.0862732575808157,0.0309113899659885,-0.231420981310656,-0.283322811677405,-0.283978301175884,-0.00596674180247122,0.468555899418035,0.404407501504324,-0.457924789030586,-0.160805946088098,-0.304412673234684,0.0190808380916648,0.646743776258648,-0.46483097347052,-0.127739187556375,-0.082096932945793,0.0460971884491351,"Cosmo AF1b","KX148205"
"236",2.56461723514213,0.214856969286017,0.559888104955154,0.73241802829278,0.269839511976946,0.125256256958807,0.413588083110036,0.426178484973961,0.465665463543376,-0.0293386788432412,-2.7034391030396e-05,0.146851393968533,0.336414769247511,-0.804410818178493,0.144892073921055,0.0271024478785098,0.0325270654225562,0.240869893793026,0.463088754492093,-0.00934297534190212,"Cosmo AF1b","KX148206"
"237",1.94962707296771,0.897139874799429,-0.548063713644097,1.36642090039964,0.855464930000421,-0.591512912169737,-0.515441989227119,1.29369836918159,-0.134499147567099,-0.741196283824606,1.20541372169572,0.986533353753533,-0.239818761957096,-0.635200472550856,0.0651420098313799,-0.463157491701897,0.325584982092187,-0.173909239515135,0.0948195315272708,0.0750977523570832,"Cosmo AF1b","KX148208"
"238",2.65775859924965,-0.25741610996204,0.659969927225254,-0.337040156449452,-0.0943088165259981,-0.0729642266372812,-0.675948221986897,0.140747047677544,-0.89053462305244,-0.775619141539003,0.103761726756087,-0.16842407590667,1.01755844105775,-0.198396350193432,-0.579133136455647,-0.148222329964627,-0.239676542752216,-0.0565119487067579,-0.148895149258988,0.0730174218422097,"Cosmo AF1b","KY210222"
"239",3.08839721977363,0.415979721353916,0.21216094493087,0.647701144604561,0.0734208829192513,0.0791326862818924,0.00334502617562394,-0.046561334760695,0.0157588045082653,-0.112405885324537,-0.102280897395147,-0.416105944148242,0.115323768386262,-0.39845519022013,0.206294608486947,0.0702395752682522,-0.017698229688858,0.134771635189231,0.372489347432695,-0.0281784687479626,"Cosmo AF1b","KY210223"
"240",2.62374743069911,0.312463734036385,-0.211242768549654,0.404349220012645,0.0661596746653367,-0.100249333492974,-0.0782696666637769,-0.0289809867415069,0.0238083597622933,0.0877622003473796,-0.0176956008259243,-0.0447611354073447,0.0954313017815933,0.224015628369389,0.0207400169492183,0.148795945005557,0.0573555741631851,0.0106266884580236,-0.0852503083263957,0.000196661639296242,"Cosmo AF1b","KY210224"
"241",2.62374743069911,0.312463734036385,-0.211242768549654,0.404349220012645,0.0661596746653367,-0.100249333492974,-0.0782696666637769,-0.0289809867415069,0.0238083597622933,0.0877622003473796,-0.0176956008259243,-0.0447611354073447,0.0954313017815933,0.224015628369389,0.0207400169492183,0.148795945005557,0.0573555741631851,0.0106266884580236,-0.0852503083263957,0.000196661639296242,"Cosmo AF1b","KY210226"
"242",3.29404083640591,0.948703484294935,0.448123841893135,0.819211966969426,0.0256979031309574,0.126413345390234,-0.322136843172408,-0.405747901810437,-0.384817362160483,-0.540022682938745,-0.290512914999696,-0.393234769398187,-0.593009347790716,-0.0443021321993737,-0.10952425718825,0.206973454640098,-0.0321322723415948,0.0973868288437112,0.224755514308319,0.0215648054005227,"Cosmo AF1b","KY210227"
"243",2.62374743069911,0.312463734036385,-0.211242768549654,0.404349220012645,0.0661596746653367,-0.100249333492974,-0.0782696666637769,-0.0289809867415069,0.0238083597622933,0.0877622003473796,-0.0176956008259243,-0.0447611354073447,0.0954313017815933,0.224015628369389,0.0207400169492183,0.148795945005557,0.0573555741631851,0.0106266884580236,-0.0852503083263957,0.000196661639296242,"Cosmo AF1b","KY210229"
"244",2.62374743069911,0.312463734036385,-0.211242768549654,0.404349220012645,0.0661596746653367,-0.100249333492974,-0.0782696666637769,-0.0289809867415069,0.0238083597622933,0.0877622003473796,-0.0176956008259243,-0.0447611354073447,0.0954313017815933,0.224015628369389,0.0207400169492183,0.148795945005557,0.0573555741631851,0.0106266884580236,-0.0852503083263957,0.000196661639296242,"Cosmo AF1b","KY210231"
"245",2.62374743069911,0.312463734036385,-0.211242768549654,0.404349220012645,0.0661596746653367,-0.100249333492974,-0.0782696666637769,-0.0289809867415069,0.0238083597622933,0.0877622003473796,-0.0176956008259243,-0.0447611354073447,0.0954313017815933,0.224015628369389,0.0207400169492183,0.148795945005557,0.0573555741631851,0.0106266884580236,-0.0852503083263957,0.000196661639296242,"Cosmo AF1b","KY210232"
"246",2.62374743069911,0.312463734036385,-0.211242768549654,0.404349220012645,0.0661596746653367,-0.100249333492974,-0.0782696666637769,-0.0289809867415069,0.0238083597622933,0.0877622003473796,-0.0176956008259243,-0.0447611354073447,0.0954313017815933,0.224015628369389,0.0207400169492183,0.148795945005557,0.0573555741631851,0.0106266884580236,-0.0852503083263957,0.000196661639296242,"Cosmo AF1b","KY210234"
"247",2.62374743069911,0.312463734036385,-0.211242768549654,0.404349220012645,0.0661596746653367,-0.100249333492974,-0.0782696666637769,-0.0289809867415069,0.0238083597622933,0.0877622003473796,-0.0176956008259243,-0.0447611354073447,0.0954313017815933,0.224015628369389,0.0207400169492183,0.148795945005557,0.0573555741631851,0.0106266884580236,-0.0852503083263957,0.000196661639296242,"Cosmo AF1b","KY210235"
"248",2.62374743069911,0.312463734036385,-0.211242768549654,0.404349220012645,0.0661596746653367,-0.100249333492974,-0.0782696666637769,-0.0289809867415069,0.0238083597622933,0.0877622003473796,-0.0176956008259243,-0.0447611354073447,0.0954313017815933,0.224015628369389,0.0207400169492183,0.148795945005557,0.0573555741631851,0.0106266884580236,-0.0852503083263957,0.000196661639296242,"Cosmo AF1b","KY210238"
"249",2.62374743069911,0.312463734036385,-0.211242768549654,0.404349220012645,0.0661596746653367,-0.100249333492974,-0.0782696666637769,-0.0289809867415069,0.0238083597622933,0.0877622003473796,-0.0176956008259243,-0.0447611354073447,0.0954313017815933,0.224015628369389,0.0207400169492183,0.148795945005557,0.0573555741631851,0.0106266884580236,-0.0852503083263957,0.000196661639296242,"Cosmo AF1b","KY210239"
"250",2.62374743069911,0.312463734036385,-0.211242768549654,0.404349220012645,0.0661596746653367,-0.100249333492974,-0.0782696666637769,-0.0289809867415069,0.0238083597622933,0.0877622003473796,-0.0176956008259243,-0.0447611354073447,0.0954313017815933,0.224015628369389,0.0207400169492183,0.148795945005557,0.0573555741631851,0.0106266884580236,-0.0852503083263957,0.000196661639296242,"Cosmo AF1b","KY210243"
"251",2.62374743069911,0.312463734036385,-0.211242768549654,0.404349220012645,0.0661596746653367,-0.100249333492974,-0.0782696666637769,-0.0289809867415069,0.0238083597622933,0.0877622003473796,-0.0176956008259243,-0.0447611354073447,0.0954313017815933,0.224015628369389,0.0207400169492183,0.148795945005557,0.0573555741631851,0.0106266884580236,-0.0852503083263957,0.000196661639296242,"Cosmo AF1b","KY210244"
"252",2.56461723514213,0.214856969286017,0.559888104955154,0.73241802829278,0.269839511976946,0.125256256958807,0.413588083110036,0.426178484973961,0.465665463543376,-0.0293386788432412,-2.7034391030396e-05,0.146851393968533,0.336414769247511,-0.804410818178493,0.144892073921055,0.0271024478785098,0.0325270654225562,0.240869893793026,0.463088754492093,-0.00934297534190212,"Cosmo AF1b","KY210245"
"253",2.62374743069911,0.312463734036385,-0.211242768549654,0.404349220012645,0.0661596746653367,-0.100249333492974,-0.0782696666637769,-0.0289809867415069,0.0238083597622933,0.0877622003473796,-0.0176956008259243,-0.0447611354073447,0.0954313017815933,0.224015628369389,0.0207400169492183,0.148795945005557,0.0573555741631851,0.0106266884580236,-0.0852503083263957,0.000196661639296242,"Cosmo AF1b","KY210247"
"254",2.62374743069911,0.312463734036385,-0.211242768549654,0.404349220012645,0.0661596746653367,-0.100249333492974,-0.0782696666637769,-0.0289809867415069,0.0238083597622933,0.0877622003473796,-0.0176956008259243,-0.0447611354073447,0.0954313017815933,0.224015628369389,0.0207400169492183,0.148795945005557,0.0573555741631851,0.0106266884580236,-0.0852503083263957,0.000196661639296242,"Cosmo AF1b","KY210248"
"255",2.62374743069911,0.312463734036385,-0.211242768549654,0.404349220012645,0.0661596746653367,-0.100249333492974,-0.0782696666637769,-0.0289809867415069,0.0238083597622933,0.0877622003473796,-0.0176956008259243,-0.0447611354073447,0.0954313017815933,0.224015628369389,0.0207400169492183,0.148795945005557,0.0573555741631851,0.0106266884580236,-0.0852503083263957,0.000196661639296242,"Cosmo AF1b","KY210249"
"256",2.62374743069911,0.312463734036385,-0.211242768549654,0.404349220012645,0.0661596746653367,-0.100249333492974,-0.0782696666637769,-0.0289809867415069,0.0238083597622933,0.0877622003473796,-0.0176956008259243,-0.0447611354073447,0.0954313017815933,0.224015628369389,0.0207400169492183,0.148795945005557,0.0573555741631851,0.0106266884580236,-0.0852503083263957,0.000196661639296242,"Cosmo AF1b","KY210250"
"257",2.62374743069911,0.312463734036385,-0.211242768549654,0.404349220012645,0.0661596746653367,-0.100249333492974,-0.0782696666637769,-0.0289809867415069,0.0238083597622933,0.0877622003473796,-0.0176956008259243,-0.0447611354073447,0.0954313017815933,0.224015628369389,0.0207400169492183,0.148795945005557,0.0573555741631851,0.0106266884580236,-0.0852503083263957,0.000196661639296242,"Cosmo AF1b","KY210251"
"258",2.56461723514213,0.214856969286017,0.559888104955154,0.73241802829278,0.269839511976946,0.125256256958807,0.413588083110036,0.426178484973961,0.465665463543376,-0.0293386788432412,-2.7034391030396e-05,0.146851393968533,0.336414769247511,-0.804410818178493,0.144892073921055,0.0271024478785098,0.0325270654225562,0.240869893793026,0.463088754492093,-0.00934297534190212,"Cosmo AF1b","KY210252"
"259",3.29404083640591,0.948703484294935,0.448123841893135,0.819211966969426,0.0256979031309574,0.126413345390234,-0.322136843172408,-0.405747901810437,-0.384817362160483,-0.540022682938745,-0.290512914999696,-0.393234769398187,-0.593009347790716,-0.0443021321993737,-0.10952425718825,0.206973454640098,-0.0321322723415948,0.0973868288437112,0.224755514308319,0.0215648054005227,"Cosmo AF1b","KY210253"
"260",3.29404083640591,0.948703484294935,0.448123841893135,0.819211966969426,0.0256979031309574,0.126413345390234,-0.322136843172408,-0.405747901810437,-0.384817362160483,-0.540022682938745,-0.290512914999696,-0.393234769398187,-0.593009347790716,-0.0443021321993737,-0.10952425718825,0.206973454640098,-0.0321322723415948,0.0973868288437112,0.224755514308319,0.0215648054005227,"Cosmo AF1b","KY210254"
"261",3.29404083640591,0.948703484294935,0.448123841893135,0.819211966969426,0.0256979031309574,0.126413345390234,-0.322136843172408,-0.405747901810437,-0.384817362160483,-0.540022682938745,-0.290512914999696,-0.393234769398187,-0.593009347790716,-0.0443021321993737,-0.10952425718825,0.206973454640098,-0.0321322723415948,0.0973868288437112,0.224755514308319,0.0215648054005227,"Cosmo AF1b","KY210255"
"262",3.29404083640591,0.948703484294935,0.448123841893135,0.819211966969426,0.0256979031309574,0.126413345390234,-0.322136843172408,-0.405747901810437,-0.384817362160483,-0.540022682938745,-0.290512914999696,-0.393234769398187,-0.593009347790716,-0.0443021321993737,-0.10952425718825,0.206973454640098,-0.0321322723415948,0.0973868288437112,0.224755514308319,0.0215648054005227,"Cosmo AF1b","KY210256"
"263",3.29404083640591,0.948703484294935,0.448123841893135,0.819211966969426,0.0256979031309574,0.126413345390234,-0.322136843172408,-0.405747901810437,-0.384817362160483,-0.540022682938745,-0.290512914999696,-0.393234769398187,-0.593009347790716,-0.0443021321993737,-0.10952425718825,0.206973454640098,-0.0321322723415948,0.0973868288437112,0.224755514308319,0.0215648054005227,"Cosmo AF1b","KY210257"
"264",2.62374743069911,0.312463734036385,-0.211242768549654,0.404349220012645,0.0661596746653367,-0.100249333492974,-0.0782696666637769,-0.0289809867415069,0.0238083597622933,0.0877622003473796,-0.0176956008259243,-0.0447611354073447,0.0954313017815933,0.224015628369389,0.0207400169492183,0.148795945005557,0.0573555741631851,0.0106266884580236,-0.0852503083263957,0.000196661639296242,"Cosmo AF1b","KY210258"
"265",2.62374743069911,0.312463734036385,-0.211242768549654,0.404349220012645,0.0661596746653367,-0.100249333492974,-0.0782696666637769,-0.0289809867415069,0.0238083597622933,0.0877622003473796,-0.0176956008259243,-0.0447611354073447,0.0954313017815933,0.224015628369389,0.0207400169492183,0.148795945005557,0.0573555741631851,0.0106266884580236,-0.0852503083263957,0.000196661639296242,"Cosmo AF1b","KY210260"
"266",2.56461723514213,0.214856969286017,0.559888104955154,0.73241802829278,0.269839511976946,0.125256256958807,0.413588083110036,0.426178484973961,0.465665463543376,-0.0293386788432412,-2.7034391030396e-05,0.146851393968533,0.336414769247511,-0.804410818178493,0.144892073921055,0.0271024478785098,0.0325270654225562,0.240869893793026,0.463088754492093,-0.00934297534190212,"Cosmo AF1b","KY210263"
"267",3.29404083640591,0.948703484294935,0.448123841893135,0.819211966969426,0.0256979031309574,0.126413345390234,-0.322136843172408,-0.405747901810437,-0.384817362160483,-0.540022682938745,-0.290512914999696,-0.393234769398187,-0.593009347790716,-0.0443021321993737,-0.10952425718825,0.206973454640098,-0.0321322723415948,0.0973868288437112,0.224755514308319,0.0215648054005227,"Cosmo AF1b","KY210264"
"268",2.62374743069911,0.312463734036385,-0.211242768549654,0.404349220012645,0.0661596746653367,-0.100249333492974,-0.0782696666637769,-0.0289809867415069,0.0238083597622933,0.0877622003473796,-0.0176956008259243,-0.0447611354073447,0.0954313017815933,0.224015628369389,0.0207400169492183,0.148795945005557,0.0573555741631851,0.0106266884580236,-0.0852503083263957,0.000196661639296242,"Cosmo AF1b","KY210265"
"269",3.29404083640591,0.948703484294935,0.448123841893135,0.819211966969426,0.0256979031309574,0.126413345390234,-0.322136843172408,-0.405747901810437,-0.384817362160483,-0.540022682938745,-0.290512914999696,-0.393234769398187,-0.593009347790716,-0.0443021321993737,-0.10952425718825,0.206973454640098,-0.0321322723415948,0.0973868288437112,0.224755514308319,0.0215648054005227,"Cosmo AF1b","KY210266"
"270",2.62374743069911,0.312463734036385,-0.211242768549654,0.404349220012645,0.0661596746653367,-0.100249333492974,-0.0782696666637769,-0.0289809867415069,0.0238083597622933,0.0877622003473796,-0.0176956008259243,-0.0447611354073447,0.0954313017815933,0.224015628369389,0.0207400169492183,0.148795945005557,0.0573555741631851,0.0106266884580236,-0.0852503083263957,0.000196661639296242,"Cosmo AF1b","KY210267"
"271",3.29404083640591,0.948703484294935,0.448123841893135,0.819211966969426,0.0256979031309574,0.126413345390234,-0.322136843172408,-0.405747901810437,-0.384817362160483,-0.540022682938745,-0.290512914999696,-0.393234769398187,-0.593009347790716,-0.0443021321993737,-0.10952425718825,0.206973454640098,-0.0321322723415948,0.0973868288437112,0.224755514308319,0.0215648054005227,"Cosmo AF1b","KY210269"
"272",3.29404083640591,0.948703484294935,0.448123841893135,0.819211966969426,0.0256979031309574,0.126413345390234,-0.322136843172408,-0.405747901810437,-0.384817362160483,-0.540022682938745,-0.290512914999696,-0.393234769398187,-0.593009347790716,-0.0443021321993737,-0.10952425718825,0.206973454640098,-0.0321322723415948,0.0973868288437112,0.224755514308319,0.0215648054005227,"Cosmo AF1b","KY210270"
"273",2.62374743069911,0.312463734036385,-0.211242768549654,0.404349220012645,0.0661596746653367,-0.100249333492974,-0.0782696666637769,-0.0289809867415069,0.0238083597622933,0.0877622003473796,-0.0176956008259243,-0.0447611354073447,0.0954313017815933,0.224015628369389,0.0207400169492183,0.148795945005557,0.0573555741631851,0.0106266884580236,-0.0852503083263957,0.000196661639296242,"Cosmo AF1b","KY210271"
"274",2.62374743069911,0.312463734036385,-0.211242768549654,0.404349220012645,0.0661596746653367,-0.100249333492974,-0.0782696666637769,-0.0289809867415069,0.0238083597622933,0.0877622003473796,-0.0176956008259243,-0.0447611354073447,0.0954313017815933,0.224015628369389,0.0207400169492183,0.148795945005557,0.0573555741631851,0.0106266884580236,-0.0852503083263957,0.000196661639296242,"Cosmo AF1b","KY210272"
"275",2.62374743069911,0.312463734036385,-0.211242768549654,0.404349220012645,0.0661596746653367,-0.100249333492974,-0.0782696666637769,-0.0289809867415069,0.0238083597622933,0.0877622003473796,-0.0176956008259243,-0.0447611354073447,0.0954313017815933,0.224015628369389,0.0207400169492183,0.148795945005557,0.0573555741631851,0.0106266884580236,-0.0852503083263957,0.000196661639296242,"Cosmo AF1b","KY210273"
"276",2.62374743069911,0.312463734036385,-0.211242768549654,0.404349220012645,0.0661596746653367,-0.100249333492974,-0.0782696666637769,-0.0289809867415069,0.0238083597622933,0.0877622003473796,-0.0176956008259243,-0.0447611354073447,0.0954313017815933,0.224015628369389,0.0207400169492183,0.148795945005557,0.0573555741631851,0.0106266884580236,-0.0852503083263957,0.000196661639296242,"Cosmo AF1b","KY210278"
"277",3.96992666886443,0.400660747707982,0.273961148424728,0.837905217019995,-0.398315847943346,0.728276520962529,0.0348900181522316,-0.981794169402777,-0.62581123077993,-0.61312452977469,0.507214345759012,0.512231289911061,-0.841842098267231,-0.227521797294699,0.0867570485534206,0.0206484581846047,-0.0718360109310004,0.337744227854958,-0.087583560757584,-0.149723262266842,"Cosmo AF1b","KY210279"
"278",3.08839721977363,0.415979721353916,0.21216094493087,0.647701144604561,0.0734208829192513,0.0791326862818924,0.00334502617562394,-0.046561334760695,0.0157588045082653,-0.112405885324537,-0.102280897395147,-0.416105944148242,0.115323768386262,-0.39845519022013,0.206294608486947,0.0702395752682522,-0.017698229688858,0.134771635189231,0.372489347432695,-0.0281784687479626,"Cosmo AF1b","KY210280"
"279",3.08839721977363,0.415979721353916,0.21216094493087,0.647701144604561,0.0734208829192513,0.0791326862818924,0.00334502617562394,-0.046561334760695,0.0157588045082653,-0.112405885324537,-0.102280897395147,-0.416105944148242,0.115323768386262,-0.39845519022013,0.206294608486947,0.0702395752682522,-0.017698229688858,0.134771635189231,0.372489347432695,-0.0281784687479626,"Cosmo AF1b","KY210281"
"280",3.08839721977363,0.415979721353916,0.21216094493087,0.647701144604561,0.0734208829192513,0.0791326862818924,0.00334502617562394,-0.046561334760695,0.0157588045082653,-0.112405885324537,-0.102280897395147,-0.416105944148242,0.115323768386262,-0.39845519022013,0.206294608486947,0.0702395752682522,-0.017698229688858,0.134771635189231,0.372489347432695,-0.0281784687479626,"Cosmo AF1b","KY210282"
"281",2.62374743069911,0.312463734036385,-0.211242768549654,0.404349220012645,0.0661596746653367,-0.100249333492974,-0.0782696666637769,-0.0289809867415069,0.0238083597622933,0.0877622003473796,-0.0176956008259243,-0.0447611354073447,0.0954313017815933,0.224015628369389,0.0207400169492183,0.148795945005557,0.0573555741631851,0.0106266884580236,-0.0852503083263957,0.000196661639296242,"Cosmo AF1b","KY210286"
"282",2.62374743069911,0.312463734036385,-0.211242768549654,0.404349220012645,0.0661596746653367,-0.100249333492974,-0.0782696666637769,-0.0289809867415069,0.0238083597622933,0.0877622003473796,-0.0176956008259243,-0.0447611354073447,0.0954313017815933,0.224015628369389,0.0207400169492183,0.148795945005557,0.0573555741631851,0.0106266884580236,-0.0852503083263957,0.000196661639296242,"Cosmo AF1b","KY210287"
"283",2.62374743069911,0.312463734036385,-0.211242768549654,0.404349220012645,0.0661596746653367,-0.100249333492974,-0.0782696666637769,-0.0289809867415069,0.0238083597622933,0.0877622003473796,-0.0176956008259243,-0.0447611354073447,0.0954313017815933,0.224015628369389,0.0207400169492183,0.148795945005557,0.0573555741631851,0.0106266884580236,-0.0852503083263957,0.000196661639296242,"Cosmo AF1b","KY210288"
"284",2.62374743069911,0.312463734036385,-0.211242768549654,0.404349220012645,0.0661596746653367,-0.100249333492974,-0.0782696666637769,-0.0289809867415069,0.0238083597622933,0.0877622003473796,-0.0176956008259243,-0.0447611354073447,0.0954313017815933,0.224015628369389,0.0207400169492183,0.148795945005557,0.0573555741631851,0.0106266884580236,-0.0852503083263957,0.000196661639296242,"Cosmo AF1b","KY210289"
"285",2.62374743069911,0.312463734036385,-0.211242768549654,0.404349220012645,0.0661596746653367,-0.100249333492974,-0.0782696666637769,-0.0289809867415069,0.0238083597622933,0.0877622003473796,-0.0176956008259243,-0.0447611354073447,0.0954313017815933,0.224015628369389,0.0207400169492183,0.148795945005557,0.0573555741631851,0.0106266884580236,-0.0852503083263957,0.000196661639296242,"Cosmo AF1b","KY210290"
"286",2.62374743069911,0.312463734036385,-0.211242768549654,0.404349220012645,0.0661596746653367,-0.100249333492974,-0.0782696666637769,-0.0289809867415069,0.0238083597622933,0.0877622003473796,-0.0176956008259243,-0.0447611354073447,0.0954313017815933,0.224015628369389,0.0207400169492183,0.148795945005557,0.0573555741631851,0.0106266884580236,-0.0852503083263957,0.000196661639296242,"Cosmo AF1b","KY210292"
"287",2.62374743069911,0.312463734036385,-0.211242768549654,0.404349220012645,0.0661596746653367,-0.100249333492974,-0.0782696666637769,-0.0289809867415069,0.0238083597622933,0.0877622003473796,-0.0176956008259243,-0.0447611354073447,0.0954313017815933,0.224015628369389,0.0207400169492183,0.148795945005557,0.0573555741631851,0.0106266884580236,-0.0852503083263957,0.000196661639296242,"Cosmo AF1b","KY210293"
"288",3.29404083640591,0.948703484294935,0.448123841893135,0.819211966969426,0.0256979031309574,0.126413345390234,-0.322136843172408,-0.405747901810437,-0.384817362160483,-0.540022682938745,-0.290512914999696,-0.393234769398187,-0.593009347790716,-0.0443021321993737,-0.10952425718825,0.206973454640098,-0.0321322723415948,0.0973868288437112,0.224755514308319,0.0215648054005227,"Cosmo AF1b","KY210294"
"289",2.62374743069911,0.312463734036385,-0.211242768549654,0.404349220012645,0.0661596746653367,-0.100249333492974,-0.0782696666637769,-0.0289809867415069,0.0238083597622933,0.0877622003473796,-0.0176956008259243,-0.0447611354073447,0.0954313017815933,0.224015628369389,0.0207400169492183,0.148795945005557,0.0573555741631851,0.0106266884580236,-0.0852503083263957,0.000196661639296242,"Cosmo AF1b","KY210295"
"290",2.62374743069911,0.312463734036385,-0.211242768549654,0.404349220012645,0.0661596746653367,-0.100249333492974,-0.0782696666637769,-0.0289809867415069,0.0238083597622933,0.0877622003473796,-0.0176956008259243,-0.0447611354073447,0.0954313017815933,0.224015628369389,0.0207400169492183,0.148795945005557,0.0573555741631851,0.0106266884580236,-0.0852503083263957,0.000196661639296242,"Cosmo AF1b","KY210296"
"291",2.62374743069911,0.312463734036385,-0.211242768549654,0.404349220012645,0.0661596746653367,-0.100249333492974,-0.0782696666637769,-0.0289809867415069,0.0238083597622933,0.0877622003473796,-0.0176956008259243,-0.0447611354073447,0.0954313017815933,0.224015628369389,0.0207400169492183,0.148795945005557,0.0573555741631851,0.0106266884580236,-0.0852503083263957,0.000196661639296242,"Cosmo AF1b","KY210299"
"292",2.62374743069911,0.312463734036385,-0.211242768549654,0.404349220012645,0.0661596746653367,-0.100249333492974,-0.0782696666637769,-0.0289809867415069,0.0238083597622933,0.0877622003473796,-0.0176956008259243,-0.0447611354073447,0.0954313017815933,0.224015628369389,0.0207400169492183,0.148795945005557,0.0573555741631851,0.0106266884580236,-0.0852503083263957,0.000196661639296242,"Cosmo AF1b","KY210300"
"293",2.62374743069911,0.312463734036385,-0.211242768549654,0.404349220012645,0.0661596746653367,-0.100249333492974,-0.0782696666637769,-0.0289809867415069,0.0238083597622933,0.0877622003473796,-0.0176956008259243,-0.0447611354073447,0.0954313017815933,0.224015628369389,0.0207400169492183,0.148795945005557,0.0573555741631851,0.0106266884580236,-0.0852503083263957,0.000196661639296242,"Cosmo AF1b","KY210303"
"294",3.29404083640591,0.948703484294935,0.448123841893135,0.819211966969426,0.0256979031309574,0.126413345390234,-0.322136843172408,-0.405747901810437,-0.384817362160483,-0.540022682938745,-0.290512914999696,-0.393234769398187,-0.593009347790716,-0.0443021321993737,-0.10952425718825,0.206973454640098,-0.0321322723415948,0.0973868288437112,0.224755514308319,0.0215648054005227,"Cosmo AF1b","KY210304"
"295",2.62374743069911,0.312463734036385,-0.211242768549654,0.404349220012645,0.0661596746653367,-0.100249333492974,-0.0782696666637769,-0.0289809867415069,0.0238083597622933,0.0877622003473796,-0.0176956008259243,-0.0447611354073447,0.0954313017815933,0.224015628369389,0.0207400169492183,0.148795945005557,0.0573555741631851,0.0106266884580236,-0.0852503083263957,0.000196661639296242,"Cosmo AF1b","KY210307"
"296",2.56461723514213,0.214856969286017,0.559888104955154,0.73241802829278,0.269839511976946,0.125256256958807,0.413588083110036,0.426178484973961,0.465665463543376,-0.0293386788432412,-2.7034391030396e-05,0.146851393968533,0.336414769247511,-0.804410818178493,0.144892073921055,0.0271024478785098,0.0325270654225562,0.240869893793026,0.463088754492093,-0.00934297534190212,"Cosmo AF1b","KY210311"
"297",3.43219786055431,0.0172456162556905,0.187304271201042,0.392145340507227,0.0368466518370358,-1.05500755036698,-0.743104494898786,-0.242370729497535,-0.277652433634486,0.962756653960123,-0.0395273813746826,0.112850082358698,-0.783907700104315,0.77663930496617,-0.150052076426514,-0.4374675375743,0.389267986053375,0.876508692086764,-0.700457769389083,0.086914740335548,"Cosmo AF1b","KY563717"
"298",1.4298777657327,0.901060289302099,-0.625215433369759,1.25637020973802,0.98085969754763,-0.594373863867743,-0.198147472146158,1.59105843603835,0.207937953883268,-0.46719837633764,1.22620797885452,1.32677513312182,0.032222656968209,-0.757788026627693,0.435460048644755,-0.919408330911127,0.273453688497296,-0.267348691193597,-0.348476070019606,0.0615743132133382,"Cosmo AF1b","LC029890"
"299",3.29443184326184,-0.020548910179669,-0.311146505640616,0.722425182444474,0.101407959364685,0.0309223143247084,0.126783478349851,0.22601632769287,0.0535834613270579,-0.293031498723275,-0.439798703156173,0.368402518215897,0.351668549651285,0.752443929973462,0.0223991958067718,-0.349151886247534,0.57954212179689,0.148992564472422,-0.0884036837069981,-0.0457038651705426,"Cosmo AF1b","MN726804"
"300",2.62374743069911,0.312463734036385,-0.211242768549654,0.404349220012645,0.0661596746653367,-0.100249333492974,-0.0782696666637769,-0.0289809867415069,0.0238083597622933,0.0877622003473796,-0.0176956008259243,-0.0447611354073447,0.0954313017815933,0.224015628369389,0.0207400169492183,0.148795945005557,0.0573555741631851,0.0106266884580236,-0.0852503083263957,0.000196661639296242,"Cosmo AF1b","MN726826"
"301",2.62374743069911,0.312463734036385,-0.211242768549654,0.404349220012645,0.0661596746653367,-0.100249333492974,-0.0782696666637769,-0.0289809867415069,0.0238083597622933,0.0877622003473796,-0.0176956008259243,-0.0447611354073447,0.0954313017815933,0.224015628369389,0.0207400169492183,0.148795945005557,0.0573555741631851,0.0106266884580236,-0.0852503083263957,0.000196661639296242,"Cosmo AF1b","MN726827"
"302",2.63210452188505,0.00843791672983161,-0.282454282699565,0.430266021710378,0.283963596410127,-0.7143727830311,-0.440648083032397,-0.109900657401856,-0.0813087074746376,0.751980507561199,-0.519331886306846,0.456094631107303,-0.276938009972937,0.190745128766832,0.147851673256368,-0.282747593195752,-0.380540800658163,0.0739326790264533,-0.383932619982789,0.00333582600607849,"Cosmo AF1b","MT454631"
"303",2.63210452188505,0.00843791672983161,-0.282454282699565,0.430266021710378,0.283963596410127,-0.7143727830311,-0.440648083032397,-0.109900657401856,-0.0813087074746376,0.751980507561199,-0.519331886306846,0.456094631107303,-0.276938009972937,0.190745128766832,0.147851673256368,-0.282747593195752,-0.380540800658163,0.0739326790264533,-0.383932619982789,0.00333582600607849,"Cosmo AF1b","MT454634"
"304",2.63210452188505,0.00843791672983161,-0.282454282699565,0.430266021710378,0.283963596410127,-0.7143727830311,-0.440648083032397,-0.109900657401856,-0.0813087074746376,0.751980507561199,-0.519331886306846,0.456094631107303,-0.276938009972937,0.190745128766832,0.147851673256368,-0.282747593195752,-0.380540800658163,0.0739326790264533,-0.383932619982789,0.00333582600607849,"Cosmo AF1b","MT454635"
"305",2.63210452188505,0.00843791672983161,-0.282454282699565,0.430266021710378,0.283963596410127,-0.7143727830311,-0.440648083032397,-0.109900657401856,-0.0813087074746376,0.751980507561199,-0.519331886306846,0.456094631107303,-0.276938009972937,0.190745128766832,0.147851673256368,-0.282747593195752,-0.380540800658163,0.0739326790264533,-0.383932619982789,0.00333582600607849,"Cosmo AF1b","MT454636"
"306",2.63210452188505,0.00843791672983161,-0.282454282699565,0.430266021710378,0.283963596410127,-0.7143727830311,-0.440648083032397,-0.109900657401856,-0.0813087074746376,0.751980507561199,-0.519331886306846,0.456094631107303,-0.276938009972937,0.190745128766832,0.147851673256368,-0.282747593195752,-0.380540800658163,0.0739326790264533,-0.383932619982789,0.00333582600607849,"Cosmo AF1b","MT454637"
"307",2.63210452188505,0.00843791672983161,-0.282454282699565,0.430266021710378,0.283963596410127,-0.7143727830311,-0.440648083032397,-0.109900657401856,-0.0813087074746376,0.751980507561199,-0.519331886306846,0.456094631107303,-0.276938009972937,0.190745128766832,0.147851673256368,-0.282747593195752,-0.380540800658163,0.0739326790264533,-0.383932619982789,0.00333582600607849,"Cosmo AF1b","MT454639"
"308",2.63210452188505,0.00843791672983161,-0.282454282699565,0.430266021710378,0.283963596410127,-0.7143727830311,-0.440648083032397,-0.109900657401856,-0.0813087074746376,0.751980507561199,-0.519331886306846,0.456094631107303,-0.276938009972937,0.190745128766832,0.147851673256368,-0.282747593195752,-0.380540800658163,0.0739326790264533,-0.383932619982789,0.00333582600607849,"Cosmo AF1b","MT454641"
"309",2.36252404795137,0.073006739423576,-1.92620208117899,-0.35619463052999,0.38574162595396,-0.0462961645535526,-0.316999695472333,-0.320874946395648,-0.12554318321486,0.644686378629367,-1.59605948126039,1.67255053969406,-0.350878908347901,-1.04038393935448,-1.67835235862602,-0.151456153697897,0.802225816318568,0.156684955067574,-0.3545222848117,0.020871940955978,"Cosmo AF1b","MT454643"
"310",2.73389495403155,-0.312566655633299,-0.144667283711107,0.696064095397117,0.160105931671792,0.0808712663955762,0.0391190946171811,0.0334202364718147,0.184020111963512,-0.249528830407422,0.104492443028874,-0.622484501396349,-0.207204208927448,-0.0414335242630546,-0.423632428245691,0.147055652011874,0.00567014681268639,-0.228121060780984,0.00290367445706217,0.00355979758871847,"Cosmo AF1b","MT454644"
"311",2.36252404795137,0.073006739423576,-1.92620208117899,-0.35619463052999,0.38574162595396,-0.0462961645535526,-0.316999695472333,-0.320874946395648,-0.12554318321486,0.644686378629367,-1.59605948126039,1.67255053969406,-0.350878908347901,-1.04038393935448,-1.67835235862602,-0.151456153697897,0.802225816318568,0.156684955067574,-0.3545222848117,0.020871940955978,"Cosmo AF1b","MT454645"
"312",-1.33147325523523,-3.271635955569,0.997553708641781,0.491131523401757,0.017933056005656,-0.787598653753283,-1.5541819235589,-0.16663411744162,-1.37020103749989,-0.764819970166697,-0.477264850387867,0.242221237587341,-0.933640945486489,0.920487302274462,0.26615849096921,0.21494806582889,0.0505149353628732,-0.0078265863769838,-0.0619447732261452,0.0491574911185823,"Bat LC","AF351845"
"313",-1.70015565524195,-2.37997461886842,-0.0684098646600343,1.22939337956659,-5.85568233264025,-3.2077349057171,-1.94838167642111,-4.30133215005013,3.45399219384118,0.651795085959919,-1.80718500606026,0.500532037449971,0.660167111098598,-1.18319254968147,-1.22573183720215,0.395080036387643,1.81627397577829,-0.413502080366303,0.425500435302301,-0.0329022065114621,"Bat LC","AF351846"
"314",-1.36862967711102,-3.52865907448177,1.19348597892658,1.11605202589509,0.302614199471487,-0.531030784479369,0.369958778451209,1.02194414533238,1.09674888194884,0.069883091201608,1.24916519930827,-0.426467730990926,-1.01999323169472,0.990579167910272,0.336564387882999,0.375396017360808,0.712694143672512,-0.136690960119699,0.603293418562048,-0.108242077888264,"Bat LC","AF351858"
"315",-1.39801811595056,-3.12563948899543,3.54482276711932,1.90394765989543,-0.689551190525001,-0.686276964749847,0.0270248367976051,-1.20609787584922,-0.646124511109038,2.23838594575013,-0.716112372984095,0.444721574524641,2.01314860150395,0.254822326528763,-0.3425051824057,0.14679028835934,0.782107145369546,-0.237800699816232,-0.775116630646308,0.0562051325323776,"Bat LC","AF394883"
"316",-2.31527326970029,-3.24436099429496,0.964092358888091,0.606027729796732,-1.52787004026281,0.128277560029592,-0.142439929104639,-2.82193643664538,-0.995200821065777,2.01969680680806,0.171312927468686,-2.44352718883285,2.10179266160038,0.140285004461684,-0.030679501429501,-0.155254554595177,-0.506891695276164,0.495876866679451,-0.134691212847479,-0.393086612708287,"Bat LC","AF394884"
"317",-0.609181361837059,-2.0021626840292,1.43367388275722,-1.02246552505577,0.161213539728377,-0.964243087347898,-1.02607123259622,0.220331930140667,-0.351751598463331,0.49756614383101,0.505429049831395,-0.087367784192454,-1.22780845156402,-0.64329673266128,-0.813355896699279,-0.955295077692097,0.235053127019092,-0.182992126947316,-0.138244728845475,-0.0978284988780448,"Bat LC","GU644712"
"318",-1.32640166034029,-4.93884404850028,1.94235981395088,0.721692279370616,0.316236629269346,-0.929734691339626,-0.711411534199613,1.17122174600871,-0.253636634588849,-0.413098155140171,0.0634062280271511,0.226562906988813,-0.398047539684953,0.589636904992998,0.329405159541939,-0.446668930787229,1.16008104899849,-0.435020795649852,0.282388258411184,0.0851730551424193,"Bat LC","GU644713"
"319",-1.11734007307972,-2.44602985732257,0.429415588091803,-0.862957936313585,-0.275133303524519,0.0560929400157307,0.308052659469688,-1.18239465700182,0.734010259223915,1.81082612301563,-1.67046090460192,-0.178183054796571,-1.43021146122445,-0.407591507218573,-0.106887784644145,0.297042068480101,0.399804324957669,0.212213032843794,-0.140494136939126,-0.172819856748536,"Bat LC","GU644714"
"320",-1.64986486159488,-4.77615158831732,2.4426564523782,0.123509719705981,-0.15193270840646,0.153553734242721,0.219774484074583,-0.201652891844519,0.182519086297281,-0.0331882819718722,-1.43746944245691,-0.271984970701599,-0.166910505204369,-0.0427153780208199,0.21045161411146,0.204079745816641,-0.296134407140733,0.180863604617504,0.0417822380346557,-0.026608046368665,"Bat LC","GU644715"
"321",-1.32626141737454,-4.40256473578675,1.99348716055158,0.400579451130723,0.359949630024943,-1.1178691271618,-0.59009819324053,1.11075250909109,0.0772888318971781,-0.129279943470955,0.868986241409364,-0.049274904975604,-0.470235404173088,0.534896689744894,-0.136197109214717,-0.353165795810684,-0.0222343480642377,-0.140523606716051,0.240966265973062,-0.0322821533185689,"Bat LC","GU644716"
"322",-1.7451057165343,-4.09778909730658,1.41185635350461,0.867563282474448,0.308297942069806,-0.560354483187818,-1.02655010534353,0.368506925506357,-0.76008262626356,-1.0190437944402,-0.252822943528952,0.227455209715111,-1.01518545533428,0.249082521683655,-0.239616488791591,0.170070645445465,0.0490548031237886,-0.140476077012196,0.116808616616711,0.071356120474065,"Bat LC","GU644717"
"323",-1.64986486159488,-4.77615158831732,2.4426564523782,0.123509719705981,-0.15193270840646,0.153553734242721,0.219774484074583,-0.201652891844519,0.182519086297281,-0.0331882819718722,-1.43746944245691,-0.271984970701599,-0.166910505204369,-0.0427153780208199,0.21045161411146,0.204079745816641,-0.296134407140733,0.180863604617504,0.0417822380346557,-0.026608046368665,"Bat LC","GU644718"
"324",-1.64986486159488,-4.77615158831732,2.4426564523782,0.123509719705981,-0.15193270840646,0.153553734242721,0.219774484074583,-0.201652891844519,0.182519086297281,-0.0331882819718722,-1.43746944245691,-0.271984970701599,-0.166910505204369,-0.0427153780208199,0.21045161411146,0.204079745816641,-0.296134407140733,0.180863604617504,0.0417822380346557,-0.026608046368665,"Bat LC","GU644719"
"325",-1.64986486159488,-4.77615158831732,2.4426564523782,0.123509719705981,-0.15193270840646,0.153553734242721,0.219774484074583,-0.201652891844519,0.182519086297281,-0.0331882819718722,-1.43746944245691,-0.271984970701599,-0.166910505204369,-0.0427153780208199,0.21045161411146,0.204079745816641,-0.296134407140733,0.180863604617504,0.0417822380346557,-0.026608046368665,"Bat LC","GU644720"
"326",-1.88932271852018,-4.90021144927568,1.04992009643836,-2.30849812785141,0.188640711802293,0.462745910691786,-0.726709905507648,2.4580171392185,-0.432123918235665,-3.43674855593836,0.608211147449569,-0.0393796102711364,0.0648756035760041,0.461607332598224,0.393677603383241,1.11629347792269,0.482323970868215,0.781407432858591,-0.934334398904082,-0.1014955484541,"Bat LC","GU644721"
"327",-1.88932271852018,-4.90021144927568,1.04992009643836,-2.30849812785141,0.188640711802293,0.462745910691786,-0.726709905507648,2.4580171392185,-0.432123918235665,-3.43674855593836,0.608211147449569,-0.0393796102711364,0.0648756035760041,0.461607332598224,0.393677603383241,1.11629347792269,0.482323970868215,0.781407432858591,-0.934334398904082,-0.1014955484541,"Bat LC","JQ685947"
"328",-1.95074933316657,-4.6305128602476,1.17589345654235,0.696052460109583,0.3560209218581,-0.607635142296159,-0.7010682359955,0.727693492556099,-0.359506459594812,-0.591426996825996,-0.0645909259244031,0.204584034965056,-0.306852339157302,-0.105070536337101,0.0762023768836052,0.0333367660736193,0.0634888457765253,-0.103091270666676,0.264542449741087,0.0216128463255797,"Cosmo AM2a","AY854505"
"329",-1.95074933316657,-4.6305128602476,1.17589345654235,0.696052460109583,0.3560209218581,-0.607635142296159,-0.7010682359955,0.727693492556099,-0.359506459594812,-0.591426996825996,-0.0645909259244031,0.204584034965056,-0.306852339157302,-0.105070536337101,0.0762023768836052,0.0333367660736193,0.0634888457765253,-0.103091270666676,0.264542449741087,0.0216128463255797,"Cosmo AM2a","AY854525"
"330",-1.95074933316657,-4.6305128602476,1.17589345654235,0.696052460109583,0.3560209218581,-0.607635142296159,-0.7010682359955,0.727693492556099,-0.359506459594812,-0.591426996825996,-0.0645909259244031,0.204584034965056,-0.306852339157302,-0.105070536337101,0.0762023768836052,0.0333367660736193,0.0634888457765253,-0.103091270666676,0.264542449741087,0.0216128463255797,"Cosmo AM2a","AY854531"
"331",-1.95074933316657,-4.6305128602476,1.17589345654235,0.696052460109583,0.3560209218581,-0.607635142296159,-0.7010682359955,0.727693492556099,-0.359506459594812,-0.591426996825996,-0.0645909259244031,0.204584034965056,-0.306852339157302,-0.105070536337101,0.0762023768836052,0.0333367660736193,0.0634888457765253,-0.103091270666676,0.264542449741087,0.0216128463255797,"Cosmo AM2a","AY854544"
"332",-1.01221185166899,-4.47877462025239,2.27283754221451,0.458900091444715,0.0349154411198501,-0.481995367129489,-0.345112817443188,0.488808113096158,-0.258155588255513,-0.408841114715093,1.57297162315461,0.945104817437711,-1.18120460418898,0.33935766348496,0.119180902233517,-0.456965793150497,-0.205457587401688,-0.651731361428328,-0.0984572601463918,0.00391969660688348,"Cosmo AM2a","AY854546"
"333",-1.67179913814613,-4.70727752750482,0.996832094112534,0.818484489975786,0.330639096530616,-0.508268787419211,-0.574687820823412,0.719980920089344,-0.325819294060354,-0.718615917977536,-0.0403965386829574,0.318566756169949,-0.220192914253735,-0.0519279190491541,-0.0983294052182968,-0.193534192953337,0.129806518804499,0.455599796013205,0.0476674983549185,0.153477668472702,"Cosmo AM2a","AY854558"
"334",-1.48206886669556,-4.3219537063595,1.17441829027292,0.744636810351669,0.292258268601529,-0.477237644896214,-0.71240208300955,0.534733391659012,-0.475025572433584,-0.600664381492242,-0.230635828338949,-0.389476332524325,-0.236009454488578,-0.444173281045093,0.693477541800601,-0.458333315483173,-0.113921546781822,-0.178484034217727,0.188387096893902,-0.0391212166114846,"Cosmo AM2a","AY854567"
"335",-1.95074933316657,-4.6305128602476,1.17589345654235,0.696052460109583,0.3560209218581,-0.607635142296159,-0.7010682359955,0.727693492556099,-0.359506459594812,-0.591426996825996,-0.0645909259244031,0.204584034965056,-0.306852339157302,-0.105070536337101,0.0762023768836052,0.0333367660736193,0.0634888457765253,-0.103091270666676,0.264542449741087,0.0216128463255797,"Cosmo AM2a","AY854573"
"336",-1.95074933316657,-4.6305128602476,1.17589345654235,0.696052460109583,0.3560209218581,-0.607635142296159,-0.7010682359955,0.727693492556099,-0.359506459594812,-0.591426996825996,-0.0645909259244031,0.204584034965056,-0.306852339157302,-0.105070536337101,0.0762023768836052,0.0333367660736193,0.0634888457765253,-0.103091270666676,0.264542449741087,0.0216128463255797,"Cosmo AM2a","AY854576"
"337",-1.95074933316657,-4.6305128602476,1.17589345654235,0.696052460109583,0.3560209218581,-0.607635142296159,-0.7010682359955,0.727693492556099,-0.359506459594812,-0.591426996825996,-0.0645909259244031,0.204584034965056,-0.306852339157302,-0.105070536337101,0.0762023768836052,0.0333367660736193,0.0634888457765253,-0.103091270666676,0.264542449741087,0.0216128463255797,"RAC-SK SCSK","EU345002"
"338",-1.95074933316657,-4.6305128602476,1.17589345654235,0.696052460109583,0.3560209218581,-0.607635142296159,-0.7010682359955,0.727693492556099,-0.359506459594812,-0.591426996825996,-0.0645909259244031,0.204584034965056,-0.306852339157302,-0.105070536337101,0.0762023768836052,0.0333367660736193,0.0634888457765253,-0.103091270666676,0.264542449741087,0.0216128463255797,"RAC-SK SCSK","EU345003"
"339",-1.95074933316657,-4.6305128602476,1.17589345654235,0.696052460109583,0.3560209218581,-0.607635142296159,-0.7010682359955,0.727693492556099,-0.359506459594812,-0.591426996825996,-0.0645909259244031,0.204584034965056,-0.306852339157302,-0.105070536337101,0.0762023768836052,0.0333367660736193,0.0634888457765253,-0.103091270666676,0.264542449741087,0.0216128463255797,"RAC-SK SCSK","EU345004"
"340",-1.95074933316657,-4.6305128602476,1.17589345654235,0.696052460109583,0.3560209218581,-0.607635142296159,-0.7010682359955,0.727693492556099,-0.359506459594812,-0.591426996825996,-0.0645909259244031,0.204584034965056,-0.306852339157302,-0.105070536337101,0.0762023768836052,0.0333367660736193,0.0634888457765253,-0.103091270666676,0.264542449741087,0.0216128463255797,"RAC-SK SCSK","JQ685938"
"341",-1.32626141737454,-4.40256473578675,1.99348716055158,0.400579451130723,0.359949630024943,-1.1178691271618,-0.59009819324053,1.11075250909109,0.0772888318971781,-0.129279943470955,0.868986241409364,-0.049274904975604,-0.470235404173088,0.534896689744894,-0.136197109214717,-0.353165795810684,-0.0222343480642377,-0.140523606716051,0.240966265973062,-0.0322821533185689,"RAC-SK SCSK","JQ685968"
"342",-1.32626141737454,-4.40256473578675,1.99348716055158,0.400579451130723,0.359949630024943,-1.1178691271618,-0.59009819324053,1.11075250909109,0.0772888318971781,-0.129279943470955,0.868986241409364,-0.049274904975604,-0.470235404173088,0.534896689744894,-0.136197109214717,-0.353165795810684,-0.0222343480642377,-0.140523606716051,0.240966265973062,-0.0322821533185689,"RAC-SK SCSK","MW055084"
"343",-1.64986486159488,-4.77615158831732,2.4426564523782,0.123509719705981,-0.15193270840646,0.153553734242721,0.219774484074583,-0.201652891844519,0.182519086297281,-0.0331882819718722,-1.43746944245691,-0.271984970701599,-0.166910505204369,-0.0427153780208199,0.21045161411146,0.204079745816641,-0.296134407140733,0.180863604617504,0.0417822380346557,-0.026608046368665,"RAC-SK SCSK","MW055085"
"344",-1.12608487696338,-4.57502883624942,2.09492929235392,0.0387928360177621,-0.348351337464155,0.107430163565806,-0.190468572859829,-0.674392711579175,-0.26738757273783,-0.116255488453168,-1.53972330546103,-0.834942308818374,-0.388001506065618,0.363240249937544,0.271854148677351,0.247216873206384,-0.346359702252147,0.0747653460137083,-0.0488171690247424,-0.0454435397747255,"RAC-SK SCSK","MW055086"
"345",-1.12608487696338,-4.57502883624942,2.09492929235392,0.0387928360177621,-0.348351337464155,0.107430163565806,-0.190468572859829,-0.674392711579175,-0.26738757273783,-0.116255488453168,-1.53972330546103,-0.834942308818374,-0.388001506065618,0.363240249937544,0.271854148677351,0.247216873206384,-0.346359702252147,0.0747653460137083,-0.0488171690247424,-0.0454435397747255,"RAC-SK SCSK","MW055087"
"346",-1.12608487696338,-4.57502883624942,2.09492929235392,0.0387928360177621,-0.348351337464155,0.107430163565806,-0.190468572859829,-0.674392711579175,-0.26738757273783,-0.116255488453168,-1.53972330546103,-0.834942308818374,-0.388001506065618,0.363240249937544,0.271854148677351,0.247216873206384,-0.346359702252147,0.0747653460137083,-0.0488171690247424,-0.0454435397747255,"Bat TB1","AF351849"
"347",-1.12608487696338,-4.57502883624942,2.09492929235392,0.0387928360177621,-0.348351337464155,0.107430163565806,-0.190468572859829,-0.674392711579175,-0.26738757273783,-0.116255488453168,-1.53972330546103,-0.834942308818374,-0.388001506065618,0.363240249937544,0.271854148677351,0.247216873206384,-0.346359702252147,0.0747653460137083,-0.0488171690247424,-0.0454435397747255,"Bat TB1","AF394876"
"348",-1.82587080157054,1.36656883697752,1.57775020668143,-2.21171181514723,-0.0134263399173958,-1.49611876346546,-1.58927295342279,0.242136783421928,-0.631570133614146,1.28987909012195,0.0988321429049162,-0.767743533161959,0.115905779593184,-0.497990156378133,0.811984462896071,-0.325927914357948,0.168112582289288,0.0158290916245803,0.135312732059865,0.0453974604470448,"Bat TB1","GU644760"
"349",-1.67553042847063,0.580769944146573,2.26229831180016,-3.089066611846,-0.606312966194785,-0.958731614111776,-0.741857573925036,-0.607802752766517,-0.0233559672496432,2.20190478077523,-1.02202331661262,-1.23608068420606,0.672246844193123,-0.0447296834162526,0.706179935448018,0.242888394959763,-0.0498915305282992,0.306463278201535,0.0458422992655971,-0.0106681368646815,"Bat TB1","GU644761"
"350",-1.92438820222323,0.681254722845439,0.816156806613468,-2.82000005491134,-0.659896447440621,-1.58603026965297,-2.02503527831691,0.180375634724433,-1.12064080641586,1.42469340126612,0.505647280433221,-1.29312765305072,0.414291022907297,1.41951632450056,1.03321532493023,0.147779491007731,2.60613182310234,-0.415092487217911,-0.482578047318947,0.0995990899435699,"Bat TB1","GU644762"
"351",-1.82587080157054,1.36656883697752,1.57775020668143,-2.21171181514723,-0.0134263399173958,-1.49611876346546,-1.58927295342279,0.242136783421928,-0.631570133614146,1.28987909012195,0.0988321429049162,-0.767743533161959,0.115905779593184,-0.497990156378133,0.811984462896071,-0.325927914357948,0.168112582289288,0.0158290916245803,0.135312732059865,0.0453974604470448,"Bat TB1","GU644763"
"352",-1.82587080157054,1.36656883697752,1.57775020668143,-2.21171181514723,-0.0134263399173958,-1.49611876346546,-1.58927295342279,0.242136783421928,-0.631570133614146,1.28987909012195,0.0988321429049162,-0.767743533161959,0.115905779593184,-0.497990156378133,0.811984462896071,-0.325927914357948,0.168112582289288,0.0158290916245803,0.135312732059865,0.0453974604470448,"Bat TB1","GU644764"
"353",-1.82587080157054,1.36656883697752,1.57775020668143,-2.21171181514723,-0.0134263399173958,-1.49611876346546,-1.58927295342279,0.242136783421928,-0.631570133614146,1.28987909012195,0.0988321429049162,-0.767743533161959,0.115905779593184,-0.497990156378133,0.811984462896071,-0.325927914357948,0.168112582289288,0.0158290916245803,0.135312732059865,0.0453974604470448,"Bat TB1","GU644765"
"354",-1.93601832490297,1.9915992266472,1.51117472184288,-2.5034266905317,-0.107372596923851,-1.67723936335401,-1.70666171470375,0.179735560208606,-0.791781885815365,1.62717012087675,-0.023355900949882,-0.190020167172955,0.418541290302226,-0.23254100374569,1.25635690809098,-0.324187621364265,0.219798009639787,0.254576840863588,0.0471587492764078,0.0420343244976228,"Bat TB1","GU644766"
"355",-1.82587080157054,1.36656883697752,1.57775020668143,-2.21171181514723,-0.0134263399173958,-1.49611876346546,-1.58927295342279,0.242136783421928,-0.631570133614146,1.28987909012195,0.0988321429049162,-0.767743533161959,0.115905779593184,-0.497990156378133,0.811984462896071,-0.325927914357948,0.168112582289288,0.0158290916245803,0.135312732059865,0.0453974604470448,"Bat TB1","GU644767"
"356",-1.82587080157054,1.36656883697752,1.57775020668143,-2.21171181514723,-0.0134263399173958,-1.49611876346546,-1.58927295342279,0.242136783421928,-0.631570133614146,1.28987909012195,0.0988321429049162,-0.767743533161959,0.115905779593184,-0.497990156378133,0.811984462896071,-0.325927914357948,0.168112582289288,0.0158290916245803,0.135312732059865,0.0453974604470448,"Bat TB1","GU644768"
"357",-1.30209081693904,1.56769158904542,1.23002304665715,-2.29642869883545,-0.209844968975091,-1.54224233414237,-1.9995160103572,-0.230603036312728,-1.08147679264926,1.20681188364066,-0.00342172009920072,-1.33070087127873,-0.105185221268065,-0.0920345284197696,0.873386997461963,-0.282790786968205,0.117887287177874,-0.0902691669792156,0.0447133250004674,0.0265619670409844,"Bat TB1","GU644769"
"358",-1.82587080157054,1.36656883697752,1.57775020668143,-2.21171181514723,-0.0134263399173958,-1.49611876346546,-1.58927295342279,0.242136783421928,-0.631570133614146,1.28987909012195,0.0988321429049162,-0.767743533161959,0.115905779593184,-0.497990156378133,0.811984462896071,-0.325927914357948,0.168112582289288,0.0158290916245803,0.135312732059865,0.0453974604470448,"Bat TB1","GU644770"
"359",-1.82587080157054,1.36656883697752,1.57775020668143,-2.21171181514723,-0.0134263399173958,-1.49611876346546,-1.58927295342279,0.242136783421928,-0.631570133614146,1.28987909012195,0.0988321429049162,-0.767743533161959,0.115905779593184,-0.497990156378133,0.811984462896071,-0.325927914357948,0.168112582289288,0.0158290916245803,0.135312732059865,0.0453974604470448,"Bat TB1","GU644771"
"360",-1.82587080157054,1.36656883697752,1.57775020668143,-2.21171181514723,-0.0134263399173958,-1.49611876346546,-1.58927295342279,0.242136783421928,-0.631570133614146,1.28987909012195,0.0988321429049162,-0.767743533161959,0.115905779593184,-0.497990156378133,0.811984462896071,-0.325927914357948,0.168112582289288,0.0158290916245803,0.135312732059865,0.0453974604470448,"Bat TB1","GU644772"
"361",-1.82587080157054,1.36656883697752,1.57775020668143,-2.21171181514723,-0.0134263399173958,-1.49611876346546,-1.58927295342279,0.242136783421928,-0.631570133614146,1.28987909012195,0.0988321429049162,-0.767743533161959,0.115905779593184,-0.497990156378133,0.811984462896071,-0.325927914357948,0.168112582289288,0.0158290916245803,0.135312732059865,0.0453974604470448,"Bat TB1","GU644773"
"362",-1.82587080157054,1.36656883697752,1.57775020668143,-2.21171181514723,-0.0134263399173958,-1.49611876346546,-1.58927295342279,0.242136783421928,-0.631570133614146,1.28987909012195,0.0988321429049162,-0.767743533161959,0.115905779593184,-0.497990156378133,0.811984462896071,-0.325927914357948,0.168112582289288,0.0158290916245803,0.135312732059865,0.0453974604470448,"Bat TB1","GU644774"
"363",-1.82587080157054,1.36656883697752,1.57775020668143,-2.21171181514723,-0.0134263399173958,-1.49611876346546,-1.58927295342279,0.242136783421928,-0.631570133614146,1.28987909012195,0.0988321429049162,-0.767743533161959,0.115905779593184,-0.497990156378133,0.811984462896071,-0.325927914357948,0.168112582289288,0.0158290916245803,0.135312732059865,0.0453974604470448,"Bat TB1","GU644775"
"364",0.866500310147835,-0.932466899028513,0.640144079316055,-0.02799355768441,0.336421557376606,-0.624717041164309,0.469582412942532,0.975911976946755,1.23265315869744,1.26314923246241,1.45953070323185,-0.0184871147486958,0.0735520794627233,-0.580703762303701,-0.54120436967854,0.572702733499347,0.376913149590154,0.00283438640695143,-0.222400156698379,0.0174772596317989,"Bat TB1","GU644776"
"365",1.39028029477933,-0.731344146960613,0.292416919291771,-0.112710441372628,0.140002928318911,-0.670840611841224,0.0593393560081198,0.503172157212099,0.782746499662328,1.18008202598112,1.35727684022773,-0.58144445286547,-0.147538921398526,-0.174748134345337,-0.479801835112648,0.61583986088909,0.32668785447874,-0.103263872196844,-0.312999563757777,-0.00135823377426165,"Bat TB1","GU644777"
"366",-0.377898913835876,-0.425769797216386,-0.777465246957111,-0.404582121115247,-0.124239194545985,0.142963154969996,0.0240798917687408,-0.0363841550777281,0.429342729096532,0.634678450154828,1.43202435727435,-0.870260124321801,0.11208374089743,-0.68740234383933,-0.581727775716757,2.0103901619651,0.403174679359189,-0.391648349461506,-0.445327348711846,0.123673258700202,"Bat TB1","GU644778"
"367",0.870139980688396,0.24182866201666,0.974535547099859,-0.125974347509287,0.189687639632392,-0.578210532473704,-0.0722864484331792,0.168767994565549,0.686782777625154,1.20708874925261,1.527356885543,-1.00283996111126,-0.820175399915222,-1.09408175059501,-0.241407249294294,0.715714362567492,-0.337117833254636,-0.248309059504018,-0.443135967289337,0.0523869976530586,"Bat TB1","GU644779"
"368",0.870139980688396,0.24182866201666,0.974535547099859,-0.125974347509287,0.189687639632392,-0.578210532473704,-0.0722864484331792,0.168767994565549,0.686782777625154,1.20708874925261,1.527356885543,-1.00283996111126,-0.820175399915222,-1.09408175059501,-0.241407249294294,0.715714362567492,-0.337117833254636,-0.248309059504018,-0.443135967289337,0.0523869976530586,"Bat TB1","GU644780"
"369",-0.278127919735132,-0.187242214512088,0.504669003114913,0.254215545157791,0.382177560523244,-0.0218529769311466,0.226986565746263,0.258448797765218,0.699894145168274,0.828008902378869,0.69603358121335,-0.186023683053829,-0.435701334038188,-2.14000460463537,-0.0904102977618633,1.05907979706205,-0.201169344302459,-0.104778464850847,-0.328960376461913,0.125117490703268,"Bat TB1","GU644781"
"370",1.82621867094296,-0.0269244431451914,0.241286797526998,0.0672513614534002,-0.171301906723136,0.317199410061606,0.357566691409559,-0.379572176566814,0.169258883078735,0.605710180214925,1.2801942380257,0.896515887190545,-0.27520712060693,-0.94673058357632,0.328491391369345,0.644152611440368,-0.520627089976485,-0.339974596621213,-0.0869616495661293,-0.238220207959291,"Bat TB1","GU644782"
"371",2.10516886596341,-0.103689110402413,0.0622254350971847,0.189683391319603,-0.19668373205062,0.416565764938554,0.483947106581647,-0.387284749033568,0.202946048613193,0.478521259063385,1.30438862526715,1.01049860839544,-0.188547695703363,-0.893587966288373,0.153959609267443,0.417281652413412,-0.454309416948512,0.218716470058668,-0.303836600952298,-0.106355385812169,"Bat TB1","GU644783"
"372",1.42928303350489,0.444353626184541,0.236388128565592,0.170990141269034,0.227330019023683,-0.185297410633741,0.126920245257007,0.188761518558772,0.443939917232639,0.55162310589933,0.506661364508441,0.105032549086189,0.060285054773151,-0.710368301193048,-0.0423216964742268,0.603606648868905,-0.414605678359106,-0.0216409289525795,0.00850247411360533,0.0649326818551956,"Bat TB1","GU644784"
"373",-0.227839536703321,-0.316659859501111,3.71130678081204,-0.0269866439467017,0.373438699238726,1.12959907915447,2.93064276521759,1.50772987981893,2.9574949553717,0.783450882425808,0.0215280297471495,0.850107309571703,0.591128788597735,-1.34751590587251,0.188787612265685,0.0458389547698205,0.674235801880198,-0.836329319029949,-0.355227498136644,0.0278340234924846,"Bat TB1","GU644785"
"374",0.0692340062965777,-0.969912043605434,4.55360478048121,1.50027580051525,3.79129190689142,5.49978302915043,3.55294717782817,-0.229054282813028,-4.51287414632747,2.05629056337086,-0.483483581458336,0.368331828251867,1.3043933620479,-1.24152579688253,-0.742389819667684,-0.736637061768112,1.58942389876472,-1.50905188451136,0.594959321964812,-0.0806198985398472,"Bat TB1","GU644786"
"375",0.176701070269198,1.05575952075033,3.8472693186773,-0.230380944528196,0.65707271121431,0.29251346738714,2.46529911150375,1.91854293485795,3.05654053839036,0.82287036512815,-0.535704620973187,0.319448678541993,1.05460501423954,-0.302571447711935,-0.397382376993554,0.28571038715168,0.157627411985974,-0.311636452175526,0.267677827873953,0.0459266590833447,"Bat TB1","GU644787"
"376",-0.753823048799269,1.81436262173808,3.34198121080342,1.48147152853999,0.897879695372023,0.0424342371351352,1.7678831584804,2.67896939039434,2.20524366507991,-0.855218037209292,1.24082696678198,-0.0301228058194716,1.11390951046792,0.734956104666104,1.42976188802195,0.0801631492059657,-0.131507555158599,-0.21430062034432,-0.371688218455241,-0.00768297547827986,"Bat TB1","GU644788"
"377",-0.753823048799269,1.81436262173808,3.34198121080342,1.48147152853999,0.897879695372023,0.0424342371351352,1.7678831584804,2.67896939039434,2.20524366507991,-0.855218037209292,1.24082696678198,-0.0301228058194716,1.11390951046792,0.734956104666104,1.42976188802195,0.0801631492059657,-0.131507555158599,-0.21430062034432,-0.371688218455241,-0.00768297547827986,"Bat TB1","JQ685905"
"378",0.755529060072642,0.739288284968747,3.91236963724643,0.109918281098363,0.687256314964194,0.604031564675636,2.57135402577065,1.78798405717418,3.1012331777528,0.476341949707102,-0.579561479532935,-0.852335054936393,0.822812388199225,-0.907123345052371,-0.224479657271467,-0.207699987398794,-0.0714684079228729,-0.625776964965584,0.279676457810226,-0.0114442679042973,"Bat EF-E2","AF351828"
"379",0.286848593601632,0.430729131080647,3.91384480351585,0.0613339308562772,0.751018968220765,0.47363406727569,2.5826878727847,1.98094415807127,3.21675229059157,0.485579334373348,-0.413516577118389,-0.258274687447011,0.751969503530501,-0.568020600344379,-0.841754822188463,0.283970094157998,0.105941984635475,-0.550384201414533,0.355831810657411,0.0492897950327668,"Bat EF-E2","AF351831"
"380",-1.424507461362,2.14737526595413,3.44188494789438,1.16339556610816,0.862631410672675,-0.0887374106825469,1.56283001346677,2.42397207595996,2.17546856351514,-0.474424338138637,1.66293006911222,-0.443286459442713,0.857672262598225,0.206527803062031,1.4281027091644,0.578110980459057,-0.653694102792304,-0.352666496358719,-0.368534843074638,0.038217551331559,"Bat EF-E2","AF351832"
"381",-1.38197830510755,2.42721668364741,3.22144200637709,1.48461101992925,1.30058567203603,-0.549019815486842,1.51471043041599,3.23908728619628,2.48254902001422,-0.729275756092397,0.369403824590977,-0.661389574114442,1.38858701323213,1.16206063486996,1.2288830497119,-0.135553813291606,-0.0148496520687756,0.166082876343977,-0.62329412700704,-0.00766499039899225,"Bat EF-E2","AF351833"
"382",-5.19521455632306,1.56982913776151,0.209948031196751,2.85803146310318,0.08563659903364,0.42111997089871,0.164872626690851,-1.37857325278709,-0.455907479342656,-0.0826776469409804,-0.727142720370456,0.592409062122223,0.866996309319132,-0.00993278958945548,0.0396109765279159,0.467518637722802,-0.724927010075259,0.127199083834066,0.333300766755705,0.103632248249693,"Bat EF-E2","AF351855"
"383",-5.23421729504862,0.394131364616352,0.26597682192293,2.57433088046151,-0.00169049167113276,-0.064423230308772,0.0972917374419634,-1.06416261413377,-0.117100896912967,0.545781273140806,0.123472755348831,-0.094067939829436,0.659172333147455,0.525687377258255,-0.397869162110505,0.479751849742987,0.0163665227625876,0.0455761405898013,0.0117987288843225,0.0373413326202352,"Bat EF-E2","AF351861"
"384",-4.87217730292376,1.3482575700872,-0.289869467610009,3.71687034319203,0.577149568449875,-0.412019236937266,-0.564654815956164,-0.247731797754906,-0.697053132216636,-0.513572068903441,1.08604703686485,0.277123693488048,0.148568487439887,-0.306159049184616,-0.111107575693108,-0.569662788265094,0.236270996228549,0.499827796443597,-0.00493616618002109,-0.106238283043374,"Bat EF-E2","AF351862"
"385",-3.8467670230057,1.30139058745028,-0.106239123008286,-0.165847540611628,0.603759470495416,0.42103144881851,0.115190140707957,0.248587830782427,0.644571047343885,-0.421742719933551,-0.826866990574993,0.2279042442277,-1.25064283424422,-0.983174224648196,-0.212822401305018,0.57721277481052,0.405492772752054,-0.0302635171032494,-0.33877925950283,0.0726072981462695,"Bat EF-E2","AY039227"
"386",-4.4591852807848,1.26223965383842,1.66578541664929,2.58366992777782,0.087171212508539,-0.350855487989213,0.281689120769262,-0.760510445810951,0.253505774106613,0.654141350696688,0.80502686566762,-0.356158734392649,0.0793900374846644,0.77474928869465,-0.37021488353292,-0.304824041716005,-0.210975811177846,0.00146449324765248,-0.145067233795865,-0.00870896240643184,"Bat EF-E2","AY039228"
"387",-4.87217730292376,1.3482575700872,-0.289869467610009,3.71687034319203,0.577149568449875,-0.412019236937266,-0.564654815956164,-0.247731797754906,-0.697053132216636,-0.513572068903441,1.08604703686485,0.277123693488048,0.148568487439887,-0.306159049184616,-0.111107575693108,-0.569662788265094,0.236270996228549,0.499827796443597,-0.00493616618002109,-0.106238283043374,"Bat EF-E2","AY039229"
"388",-4.4591852807848,1.26223965383842,1.66578541664929,2.58366992777782,0.087171212508539,-0.350855487989213,0.281689120769262,-0.760510445810951,0.253505774106613,0.654141350696688,0.80502686566762,-0.356158734392649,0.0793900374846644,0.77474928869465,-0.37021488353292,-0.304824041716005,-0.210975811177846,0.00146449324765248,-0.145067233795865,-0.00870896240643184,"Bat EF-E2","GU644652"
"389",-5.08367319657683,1.03429152937757,0.848191712640057,2.87914293675668,0.0832425043416965,0.15937849687643,0.170719078014293,-1.14356946234594,-0.183289517385377,0.191994297341648,-0.128550301666146,-0.102299794451989,0.24277310250045,0.134782062612656,-0.157815397434597,0.081678520168298,-0.125252617337083,0.038896829297027,-0.12149105002784,0.0451860372377168,"Bat EF-E2","GU644654"
"390",-5.08367319657683,1.03429152937757,0.848191712640057,2.87914293675668,0.0832425043416965,0.15937849687643,0.170719078014293,-1.14356946234594,-0.183289517385377,0.191994297341648,-0.128550301666146,-0.102299794451989,0.24277310250045,0.134782062612656,-0.157815397434597,0.081678520168298,-0.125252617337083,0.038896829297027,-0.12149105002784,0.0451860372377168,"Bat EF-E2","GU644655"
"391",-4.9823248262562,1.97328795975689,-0.356444952448556,3.42515546780756,0.48320331144342,-0.593139836825817,-0.682043577237122,-0.310133020968227,-0.857264884417855,-0.17628103814864,0.96385899301005,0.854847059477052,0.451203998148928,-0.0407098965521724,0.333264869501801,-0.567922495271411,0.287956423579048,0.738575545682605,-0.093090148963479,-0.109601418992796,"Bat EF-E2","GU644656"
"392",-5.08367319657683,1.03429152937757,0.848191712640057,2.87914293675668,0.0832425043416965,0.15937849687643,0.170719078014293,-1.14356946234594,-0.183289517385377,0.191994297341648,-0.128550301666146,-0.102299794451989,0.24277310250045,0.134782062612656,-0.157815397434597,0.081678520168298,-0.125252617337083,0.038896829297027,-0.12149105002784,0.0451860372377168,"Bat EF-E2","GU644657"
"393",-5.54286171548649,1.68127021430326,-0.189965730519047,3.3987943807602,0.541901283750527,-0.543190884754948,-0.769707960969792,-0.502729112189283,-0.726828233781401,-0.132778369832786,1.5081501391951,-0.136039960135194,-0.107668760429805,-0.834587350788689,-0.112766754550661,-0.0717149570120027,-0.285915551405156,0.361461920429199,-0.00178279079941847,-0.060337756233535,"Bat EF-E2","GU644658"
"394",-5.08367319657683,1.03429152937757,0.848191712640057,2.87914293675668,0.0832425043416965,0.15937849687643,0.170719078014293,-1.14356946234594,-0.183289517385377,0.191994297341648,-0.128550301666146,-0.102299794451989,0.24277310250045,0.134782062612656,-0.157815397434597,0.081678520168298,-0.125252617337083,0.038896829297027,-0.12149105002784,0.0451860372377168,"Bat EF-E2","GU644659"
"395",-5.08367319657683,1.03429152937757,0.848191712640057,2.87914293675668,0.0832425043416965,0.15937849687643,0.170719078014293,-1.14356946234594,-0.183289517385377,0.191994297341648,-0.128550301666146,-0.102299794451989,0.24277310250045,0.134782062612656,-0.157815397434597,0.081678520168298,-0.125252617337083,0.038896829297027,-0.12149105002784,0.0451860372377168,"Bat EF-E2","GU644660"
"396",-5.07861201964678,0.282982124293143,0.722805409661914,2.90087305261532,-0.419732532187552,0.818204460453219,0.201379453366221,-1.91414380745504,-0.784983954055616,0.215867937907141,0.285700048040598,0.665840423198435,-0.19010903135762,-0.522125688838638,0.502408998206175,0.299798219989351,0.495172493502531,-0.153608836639926,-0.389254757275018,0.0372537048411795,"Bat EF-E2","GU644661"
"397",-4.87217730292376,1.3482575700872,-0.289869467610009,3.71687034319203,0.577149568449875,-0.412019236937266,-0.564654815956164,-0.247731797754906,-0.697053132216636,-0.513572068903441,1.08604703686485,0.277123693488048,0.148568487439887,-0.306159049184616,-0.111107575693108,-0.569662788265094,0.236270996228549,0.499827796443597,-0.00493616618002109,-0.106238283043374,"Bat EF-E2","GU644662"
"398",-5.08367319657683,1.03429152937757,0.848191712640057,2.87914293675668,0.0832425043416965,0.15937849687643,0.170719078014293,-1.14356946234594,-0.183289517385377,0.191994297341648,-0.128550301666146,-0.102299794451989,0.24277310250045,0.134782062612656,-0.157815397434597,0.081678520168298,-0.125252617337083,0.038896829297027,-0.12149105002784,0.0451860372377168,"Bat EF-E2","GU644663"
"399",-5.55121880667243,1.98529603160981,-0.118754216369136,3.37287757906247,0.324097362005736,0.0709325647831773,-0.407329544601173,-0.421809441528934,-0.62171116654447,-0.796996677046606,2.00978642467602,-0.636895726649841,0.264700551324726,-0.801316851186132,-0.239878410857811,0.359828581189306,0.151980823416192,0.298155929860769,0.296899520856975,-0.0634769206003173,"Bat EF-E2","GU644664"
"400",-5.08367319657683,1.03429152937757,0.848191712640057,2.87914293675668,0.0832425043416965,0.15937849687643,0.170719078014293,-1.14356946234594,-0.183289517385377,0.191994297341648,-0.128550301666146,-0.102299794451989,0.24277310250045,0.134782062612656,-0.157815397434597,0.081678520168298,-0.125252617337083,0.038896829297027,-0.12149105002784,0.0451860372377168,"Bat EF-E2","GU644665"
"401",-5.08367319657683,1.03429152937757,0.848191712640057,2.87914293675668,0.0832425043416965,0.15937849687643,0.170719078014293,-1.14356946234594,-0.183289517385377,0.191994297341648,-0.128550301666146,-0.102299794451989,0.24277310250045,0.134782062612656,-0.157815397434597,0.081678520168298,-0.125252617337083,0.038896829297027,-0.12149105002784,0.0451860372377168,"Bat EF-E2","GU644666"
"402",-5.08367319657683,1.03429152937757,0.848191712640057,2.87914293675668,0.0832425043416965,0.15937849687643,0.170719078014293,-1.14356946234594,-0.183289517385377,0.191994297341648,-0.128550301666146,-0.102299794451989,0.24277310250045,0.134782062612656,-0.157815397434597,0.081678520168298,-0.125252617337083,0.038896829297027,-0.12149105002784,0.0451860372377168,"Bat EF-E2","GU644667"
"403",-5.08367319657683,1.03429152937757,0.848191712640057,2.87914293675668,0.0832425043416965,0.15937849687643,0.170719078014293,-1.14356946234594,-0.183289517385377,0.191994297341648,-0.128550301666146,-0.102299794451989,0.24277310250045,0.134782062612656,-0.157815397434597,0.081678520168298,-0.125252617337083,0.038896829297027,-0.12149105002784,0.0451860372377168,"Bat EF-E2","GU644668"
"404",-5.08367319657683,1.03429152937757,0.848191712640057,2.87914293675668,0.0832425043416965,0.15937849687643,0.170719078014293,-1.14356946234594,-0.183289517385377,0.191994297341648,-0.128550301666146,-0.102299794451989,0.24277310250045,0.134782062612656,-0.157815397434597,0.081678520168298,-0.125252617337083,0.038896829297027,-0.12149105002784,0.0451860372377168,"Bat EF-E2","GU644669"
"405",-5.07531610539089,0.730265712071017,0.776980198490145,2.90505973845442,0.301046426086487,-0.454744952661696,-0.191659338354327,-1.22448913300629,-0.288406584622308,0.856212604555467,-0.630186587147068,0.398555972062658,-0.12959620925408,0.101511563010099,-0.0307037411274479,-0.349865018033011,-0.563148992158432,0.102202819865457,-0.420173361684234,0.048325201604499,"Bat EF-E2","GU644670"
"406",-3.8467670230057,1.30139058745028,-0.106239123008286,-0.165847540611628,0.603759470495416,0.42103144881851,0.115190140707957,0.248587830782427,0.644571047343885,-0.421742719933551,-0.826866990574993,0.2279042442277,-1.25064283424422,-0.983174224648196,-0.212822401305018,0.57721277481052,0.405492772752054,-0.0302635171032494,-0.33877925950283,0.0726072981462695,"Bat EF-E2","GU644671"
"407",-3.8467670230057,1.30139058745028,-0.106239123008286,-0.165847540611628,0.603759470495416,0.42103144881851,0.115190140707957,0.248587830782427,0.644571047343885,-0.421742719933551,-0.826866990574993,0.2279042442277,-1.25064283424422,-0.983174224648196,-0.212822401305018,0.57721277481052,0.405492772752054,-0.0302635171032494,-0.33877925950283,0.0726072981462695,"Bat EF-E2","GU644676"
"408",-4.47492227931398,1.91424464935961,-0.226778327434616,-0.162708049222367,1.00646544715942,-0.170422603803467,-0.137982587356457,0.808705726584371,0.921876402278194,-0.295800438816655,-1.69829013276599,-0.40336252406727,-0.975965331480006,-0.556069694444343,-0.413701239615072,0.361495812312949,0.522150675841877,0.350119979585047,-0.590385168054629,0.0726252832255568,"Bat EF-E2","GU644677"
"409",-5.08367319657683,1.03429152937757,0.848191712640057,2.87914293675668,0.0832425043416965,0.15937849687643,0.170719078014293,-1.14356946234594,-0.183289517385377,0.191994297341648,-0.128550301666146,-0.102299794451989,0.24277310250045,0.134782062612656,-0.157815397434597,0.081678520168298,-0.125252617337083,0.038896829297027,-0.12149105002784,0.0451860372377168,"Bat EF-E2","GU644684"
"410",-3.8467670230057,1.30139058745028,-0.106239123008286,-0.165847540611628,0.603759470495416,0.42103144881851,0.115190140707957,0.248587830782427,0.644571047343885,-0.421742719933551,-0.826866990574993,0.2279042442277,-1.25064283424422,-0.983174224648196,-0.212822401305018,0.57721277481052,0.405492772752054,-0.0302635171032494,-0.33877925950283,0.0726072981462695,"Bat EF-E2","GU644689"
"411",-4.41515913892824,0.874048685869023,-0.286494060663522,1.92182949259052,1.10543853724968,-0.379212770681796,-0.646665663449805,1.32475224981685,-0.00245322650076284,-1.61101489266032,0.704689402403357,0.735705980773785,-1.20347203635911,-0.533333958471157,0.818895667552537,0.683824423186792,0.0266941089467878,1.28101887958443,-0.181953149222317,-0.120635224541779,"Bat EF-E2","GU644690"
"412",-3.63527112935263,1.61535662815991,-1.24430030325835,0.671879865823721,1.09766653460359,-0.150366284995186,-0.6201837532625,1.14442549537346,0.130807432512626,-1.12730908617864,0.387730347956002,0.607327732167737,-1.34484744930478,-1.42411533644547,-0.166114579563529,-0.0741285336228713,0.767016386317686,0.430667450043321,-0.222224375655011,-0.0788170221348214,"Bat EF-E2","GU644695"
"413",-5.08367319657683,1.03429152937757,0.848191712640057,2.87914293675668,0.0832425043416965,0.15937849687643,0.170719078014293,-1.14356946234594,-0.183289517385377,0.191994297341648,-0.128550301666146,-0.102299794451989,0.24277310250045,0.134782062612656,-0.157815397434597,0.081678520168298,-0.125252617337083,0.038896829297027,-0.12149105002784,0.0451860372377168,"Bat EF-E2","JQ685925"
"414",0.670787720802117,-0.304208206694208,3.05592346385339,-2.07438855669148,-1.22038740240601,1.33081969244458,0.978628941331106,-1.09117807852042,0.102716404617884,-0.154615708310969,1.07679957802208,0.561287403352358,-0.203962116702408,0.103904542400454,-0.423084409680291,-0.251058129249342,0.000604898206613584,0.31145174689428,0.0231228554873214,0.0169270271851259,"Arctic A","AY352488"
"415",0.670787720802117,-0.304208206694208,3.05592346385339,-2.07438855669148,-1.22038740240601,1.33081969244458,0.978628941331106,-1.09117807852042,0.102716404617884,-0.154615708310969,1.07679957802208,0.561287403352358,-0.203962116702408,0.103904542400454,-0.423084409680291,-0.251058129249342,0.000604898206613584,0.31145174689428,0.0231228554873214,0.0169270271851259,"Arctic A","AY352501"
"416",0.670787720802117,-0.304208206694208,3.05592346385339,-2.07438855669148,-1.22038740240601,1.33081969244458,0.978628941331106,-1.09117807852042,0.102716404617884,-0.154615708310969,1.07679957802208,0.561287403352358,-0.203962116702408,0.103904542400454,-0.423084409680291,-0.251058129249342,0.000604898206613584,0.31145174689428,0.0231228554873214,0.0169270271851259,"Arctic A","KX954123"
"417",0.670787720802117,-0.304208206694208,3.05592346385339,-2.07438855669148,-1.22038740240601,1.33081969244458,0.978628941331106,-1.09117807852042,0.102716404617884,-0.154615708310969,1.07679957802208,0.561287403352358,-0.203962116702408,0.103904542400454,-0.423084409680291,-0.251058129249342,0.000604898206613584,0.31145174689428,0.0231228554873214,0.0169270271851259,"Arctic A","LT598537"
"418",0.670787720802117,-0.304208206694208,3.05592346385339,-2.07438855669148,-1.22038740240601,1.33081969244458,0.978628941331106,-1.09117807852042,0.102716404617884,-0.154615708310969,1.07679957802208,0.561287403352358,-0.203962116702408,0.103904542400454,-0.423084409680291,-0.251058129249342,0.000604898206613584,0.31145174689428,0.0231228554873214,0.0169270271851259,"Arctic A","LT598538"
"419",0.560640197469682,0.320822182975477,2.98934797901484,-2.36610343207595,-1.31433365941247,1.14969909255603,0.861240180050148,-1.15357930173375,-0.0574953475833351,0.182675322443833,0.95461153416728,1.13901076934136,0.0986733940066335,0.369353695032897,0.0212880355146183,-0.24931783625566,0.0522903255571122,0.550199496133287,-0.0650311272961364,0.0135638912357038,"Arctic A","LT598539"
"420",0.670787720802117,-0.304208206694208,3.05592346385339,-2.07438855669148,-1.22038740240601,1.33081969244458,0.978628941331106,-1.09117807852042,0.102716404617884,-0.154615708310969,1.07679957802208,0.561287403352358,-0.203962116702408,0.103904542400454,-0.423084409680291,-0.251058129249342,0.000604898206613584,0.31145174689428,0.0231228554873214,0.0169270271851259,"Arctic A","LT598540"
"421",0.670787720802117,-0.304208206694208,3.05592346385339,-2.07438855669148,-1.22038740240601,1.33081969244458,0.978628941331106,-1.09117807852042,0.102716404617884,-0.154615708310969,1.07679957802208,0.561287403352358,-0.203962116702408,0.103904542400454,-0.423084409680291,-0.251058129249342,0.000604898206613584,0.31145174689428,0.0231228554873214,0.0169270271851259,"Arctic A","LT598541"
"422",0.670787720802117,-0.304208206694208,3.05592346385339,-2.07438855669148,-1.22038740240601,1.33081969244458,0.978628941331106,-1.09117807852042,0.102716404617884,-0.154615708310969,1.07679957802208,0.561287403352358,-0.203962116702408,0.103904542400454,-0.423084409680291,-0.251058129249342,0.000604898206613584,0.31145174689428,0.0231228554873214,0.0169270271851259,"Arctic A","LT598542"
"423",1.34147213336484,-0.637220850910262,2.95601972676242,-1.75631259425965,-1.18513911770666,1.46199134026227,1.18368208634473,-0.836180764086046,0.132491506182648,-0.535409407381624,0.654696475691829,0.9744510569756,0.0522751311672836,0.632332844004527,-0.421425230822737,-0.749005960502433,0.522791445840319,0.449817622908679,0.0199694801067188,-0.0289734996247129,"Arctic A","LT598543"
"424",0.670787720802117,-0.304208206694208,3.05592346385339,-2.07438855669148,-1.22038740240601,1.33081969244458,0.978628941331106,-1.09117807852042,0.102716404617884,-0.154615708310969,1.07679957802208,0.561287403352358,-0.203962116702408,0.103904542400454,-0.423084409680291,-0.251058129249342,0.000604898206613584,0.31145174689428,0.0231228554873214,0.0169270271851259,"Arctic A","LT909550"
"425",0.46514410416984,-0.836931969635227,2.81996056689112,-2.24589937905635,-1.17266442261772,1.28353903333624,1.30411081067914,-0.731991511470682,0.503292571286632,0.273001089303239,1.26503159562663,0.538416228602304,0.50437099947457,-0.250248515620302,-0.107265544005095,-0.387792008621188,0.0150389408593504,0.348836553239799,0.170856688611697,-0.0328162469633594,"Arctic A","MN384717"
"426",1.19456770543362,-0.103085454626309,2.7081963038291,-2.1591054403797,-1.4168060314637,1.28469612176767,0.568385884396694,-1.56391789825508,-0.347190254417227,-0.237682914792265,0.974545715017961,-0.00166993476441634,-0.425053117563657,0.509860170358818,-0.361681875114399,-0.2079210018596,-0.0496203969048005,0.205353488290484,-0.0674765515720769,-0.00190846622093464,"Arctic A","AY352487"
"427",0.670787720802117,-0.304208206694208,3.05592346385339,-2.07438855669148,-1.22038740240601,1.33081969244458,0.978628941331106,-1.09117807852042,0.102716404617884,-0.154615708310969,1.07679957802208,0.561287403352358,-0.203962116702408,0.103904542400454,-0.423084409680291,-0.251058129249342,0.000604898206613584,0.31145174689428,0.0231228554873214,0.0169270271851259,"Arctic A","EF611828"
"428",0.670787720802117,-0.304208206694208,3.05592346385339,-2.07438855669148,-1.22038740240601,1.33081969244458,0.978628941331106,-1.09117807852042,0.102716404617884,-0.154615708310969,1.07679957802208,0.561287403352358,-0.203962116702408,0.103904542400454,-0.423084409680291,-0.251058129249342,0.000604898206613584,0.31145174689428,0.0231228554873214,0.0169270271851259,"Arctic A","EF611830"
"429",0.670787720802117,-0.304208206694208,3.05592346385339,-2.07438855669148,-1.22038740240601,1.33081969244458,0.978628941331106,-1.09117807852042,0.102716404617884,-0.154615708310969,1.07679957802208,0.561287403352358,-0.203962116702408,0.103904542400454,-0.423084409680291,-0.251058129249342,0.000604898206613584,0.31145174689428,0.0231228554873214,0.0169270271851259,"Arctic A","EF611851"
"430",0.715772560904102,-0.900171718755989,3.45118632363878,-2.90502316244932,-1.53988432475823,1.37233930364455,-0.0131029213988698,-1.60271432684748,-1.09478510028064,-1.00472115408184,1.56659830735273,-0.84202060386171,-0.0359539845785316,-0.462544397331992,-1.41218418514011,-0.41077369752344,-0.843570324303989,0.38184212157184,-0.603759017958311,-0.0510941258468367,"Arctic A","L20675"
