"","PC1","PC2","PC3","PC4","PC5","PC6","PC7","PC8","PC9","PC10","PC11","PC12","PC13","PC14","PC15","PC16","PC17","PC18","PC19","PC20","PC21","PC22","PC23","PC24","PC25","PC26","PC27","PC28","PC29","PC30","PC31","PC32","PC33","PC34","PC35","PC36","PC37","PC38","PC39","PC40","PC41","PC42","PC43","PC44","PC45","PC46","PC47","PC48","PC49","PC50","PC51","PC52","PC53","PC54","PC55","PC56","PC57","PC58","PC59","clade"
"AY352488",4.55092849634552,-2.30642971423187,-4.3502439991051,-0.792638681269256,-0.148022439040121,-1.26759341461082,1.43599805407685,0.398203904707808,-1.92722026857839,1.32493702329439,1.59507649316119,0.147656503884287,1.89100052636576,-1.74862465936537,-0.244908517893334,-0.253208534279868,-0.489702585330796,-0.200018106217974,-0.991044517334759,0.72154993614115,-0.262237325205782,-0.631648643360014,0.32272093110252,0.075192042158787,0.0243789841986433,0.0189252976966323,0.184357181708703,-0.443890869162325,-0.018034910404722,0.0890908483950022,-0.0383558044213345,-0.31453883043394,0.0406333079631219,0.0968789555067086,-0.177690939770466,-0.0745777934374602,0.183829782703346,0.0708207413337106,-0.0995224461165719,0.164155028764896,0.0676747100455021,-0.119939985259252,-0.0115174136129384,-0.168545523769709,0.00903661828069148,0.0509418898651817,0.0623133659667503,0.000624725074778473,0.0512982838469087,0.0119764525289927,0.00573185884994313,-0.075357552549687,-0.00742439929328307,-0.0208188361619376,0.00315979992865071,-0.000338616987424078,0.00916349176704103,-0.00563067183582265,0.000235825104940926,"Arctic A"
"AY352501",4.31075262583458,-1.732159323255,-4.99951596285253,-1.84236228838781,-0.93401810591489,-0.229394320824032,0.128653198777306,-0.379305136879044,-0.0390227459729499,0.0514151557729985,0.0569178383801294,-0.0865637403064996,0.0278563213403853,0.418665162325982,0.324207274993144,0.160225800078086,-0.512965752163853,-0.493675211223332,0.00586551543452123,-0.651842929207198,0.417553887676342,0.358175781055808,0.574569632765828,0.131478327702497,-0.0220733946202168,-0.282220894553956,-0.777763640363276,-0.0169047031329574,-0.0977099811107941,0.373978479274165,0.0473064070696464,0.0814492245892404,-0.373243424880958,0.0501222417421941,-0.240345597730477,0.33671457756968,-0.208596813946264,0.0856922742220581,-0.0403714101567734,-0.0151261158106172,-0.113406367967651,-0.125964878429032,-0.0575847372387456,-0.012736549221299,-0.040625741678945,0.0209854725343359,0.00470824343693527,-0.022979085197872,-0.066624471564594,0.0339762089013737,0.00265312789241359,0.0237987324706525,-0.018025006160648,-0.035022147670516,-0.00923584679928506,0.0423060979426358,0.00406715455865287,0.023623454978756,0.0041912854348662,"Arctic A"
"JN258588",4.41998958026194,-2.10966257607182,-5.37454776152022,-0.922499996093314,-0.961807438248942,-0.667231280987642,0.155633082492763,-0.291451969674967,0.676422405025876,0.118124113661527,-0.986809052513853,0.68080516133137,-0.639567822858423,0.181610669072602,-0.290853666101081,0.338208186156307,0.0514786955314456,0.0218164189376147,-0.293846737066634,-0.00885579746593709,-0.175207148750024,-0.103853794704988,-0.020675819880195,0.497455544047197,-0.0024832694060234,-0.0697750476762978,-0.258750417101629,-0.267477026318621,-0.101334292310359,-0.00299658554829559,0.0508162966527957,0.385509406040358,-0.0111396511616801,-4.28562432309323e-05,-0.0482671787453502,-0.129219469657937,0.171288610333478,-0.221572813505534,-0.0248543218003599,0.0200365490625813,0.015877396112437,0.0204450138649748,-0.0433361687055062,-0.0256596921825382,-0.0293489068358093,0.00718285931482933,0.0381696031000787,-0.0393552856109938,-0.00878295692088746,-0.0191050316354253,-0.0352013808537712,-0.0516065499583956,-0.00187787104190249,0.0121290983378394,0.0156428160133464,-0.00441064641956917,0.00412595491638717,-0.0149454851834663,-0.00567653451226214,"Arctic A"
"JN258592",4.62105707985639,-2.39006701805433,-4.2313935951003,-0.746961429617941,0.449111327583021,-0.595867373668809,1.11417566469687,1.5103621116312,-2.59408967509151,1.11905901938264,2.01420304762113,0.311668686687778,1.32815764432592,-1.90215741667759,0.138266309266666,0.598465268285819,-0.830875651305677,-0.594578573910312,-0.723868780138008,0.878669131771888,0.00322899994396297,-0.0647028286066521,0.225049586447491,-0.285292966923432,-0.310535795284595,-0.00944231369505548,0.411905829584671,-0.00516134876783858,-0.382199490759745,0.186745990023794,0.599112708349797,-0.373065161910228,0.255149314818599,-0.393205687034714,-0.162724001823306,-0.14327392155755,0.228513017414184,-0.476555906889677,-0.0804099947636375,-0.225186688913642,-0.325171759834191,0.0858896951138097,0.0963116978267949,0.111573847491959,0.0410396292563512,0.0533069337932756,0.0521210442382165,-0.0158666324895498,-0.0517520129648038,0.00927615626487273,-0.0118541682824533,-0.0124794958349308,0.0627378397759587,0.0236312251390726,-0.0202840548395131,-0.00906610110272412,0.00697045603522957,-0.0278790435601242,-0.00500518877167245,"Arctic A"
"JX987747",4.44583700612674,-2.17754418416837,-4.48062976018497,-0.697308425969848,-0.223137712376003,-1.2652935345746,1.3295118284892,0.53622474192808,-1.78821167040674,1.31698819524588,1.61149801187815,-0.0349657971421706,1.97358532540997,-1.85009111622589,-0.178583704779249,-0.386557676526569,-0.377646562734502,-0.278437513813346,-0.945746535574707,0.669240739560587,-0.299022298455099,-0.628020670508838,0.42161288940102,-0.0194348897655225,-0.0332421143102974,-0.0837537316186838,0.419246047926244,-0.301358974586094,-0.0269120645571031,-0.0334240286222877,-0.0360919725368199,-0.29858447607307,0.0747217100115734,0.203519903218484,-0.212352483633925,-0.162321219201274,0.217705218857829,0.0870355918212705,-0.055733626570262,0.172659291802232,0.0695270635706218,-0.102995240879041,-0.00875298839601758,-0.0997760734030246,-0.0010040010987084,0.05817660589858,0.0676718149420872,0.013491184154572,0.038256211152994,-0.013471734166777,0.0175968786843464,-0.0602481790020768,-0.00530027845220452,-0.0135791890938248,0.00644078011640529,0.00216232170253968,0.015612982764346,0.00515096012523043,0.00614617451511569,"Arctic A"
"KU198460",4.34074551590796,-2.04865865410487,-4.61101552126485,-0.60197817067044,-0.298252985711884,-1.26299365453837,1.22302560290154,0.674245579148351,-1.64920307223508,1.30903936719738,1.62791953059511,-0.217588098168628,2.05617012445419,-1.9515575730864,-0.112258891665165,-0.51990681877327,-0.265590540138207,-0.356856921408718,-0.900448553814655,0.616931542980023,-0.335807271704415,-0.624392697657663,0.520504847699521,-0.114061821689832,-0.090863212819238,-0.186432760934,0.654134914143784,-0.158827080009862,-0.0357892187094847,-0.155938905639577,-0.0338281406523053,-0.2826301217122,0.108810112060025,0.310160850930258,-0.247014027497384,-0.250064644965088,0.251580655012312,0.10325044230883,-0.0119448070239521,0.181163554839568,0.0713794170957416,-0.0860504964988304,-0.0059885631790968,-0.0310066230363402,-0.0110446204781083,0.0654113219319783,0.0730302639174241,0.0263576432343654,0.0252141384590793,-0.0389199208625468,0.0294618985187495,-0.0451388054544665,-0.00317615761112592,-0.006339542025712,0.00972176030415982,0.0046632603925035,0.0220624737616509,0.0159325920862835,0.0120565239252904,"Arctic A"
"KU198462",3.75511316189852,-2.46707792706533,-2.27607630186442,-1.48275972062397,-1.15259374885114,-1.38622840223648,1.57333103439664,0.0642201771686595,-0.297567927818109,1.27775440697684,0.782513120650797,0.231886453451692,1.51200470561051,-0.438032111085871,0.3745254401263,0.17632514722568,0.0511355706020581,-0.806862554972183,-0.280937680122748,-0.311755500565853,0.858134065484581,-0.00603022335638191,-0.100141112268907,-0.743255406596188,0.465750549846651,1.01641771316307,-0.40321716903769,-0.683855277032277,0.831215224648103,0.752314484477279,-0.288096404138547,-0.417296550122457,-0.392676984568163,0.701427058062597,-0.922424543438205,0.449320552459086,0.0946642390248038,-0.163318899326483,-0.0634182590035716,0.280199457086725,0.65534579576504,0.287643340999942,-0.00177156534153479,0.439242220520084,0.00365230520732516,0.128497560055856,-0.195255611067078,0.133606001240427,-0.0633533775923279,0.107705035675646,0.245674134422217,0.0134099902496782,0.122637854073424,-0.0692873852552534,-0.0788160397966658,-0.0957305407974693,0.0187829655908819,0.0227662858037598,-0.005547766360797,"Arctic A"
"KU198464",4.4581201403697,-2.1122934938505,-4.41328719808101,-0.745761475431448,-0.125369073790703,-1.27536001310592,1.41471651135043,0.371104742234288,-2.08915281751948,1.53051051874053,1.64603256095079,0.00763562142166796,1.88106173007703,-1.8337537699901,-0.309686775984136,-0.236117427383542,-0.523297368343414,-0.218811494854422,-0.979024659963885,0.840041498867838,-0.294231864954391,-0.454990887812514,0.35811385644918,-0.0203637659381781,0.0691872879822342,0.0251686964747883,0.0399192550415005,-0.364449127390828,-0.175086415626865,0.178199354642346,0.204937143431409,-0.306685606788125,0.232440973810354,0.0223824384733413,-0.111774440991281,0.0379283675216281,-0.071639269130254,0.196388389857785,-0.10786218580942,0.145929295483833,0.131779938300696,-0.138949998911595,-0.125936472368215,-0.153995176813842,-0.00562871683226173,0.132734846861466,0.0341888972576413,0.0562910945854318,0.0831814368388045,0.0168350605257291,0.000152180110737624,-0.0837314157339252,-0.0213760672052612,-0.00695676596434117,0.01085620623893,0.0266730155587567,-0.0025675915489993,0.000485543358698505,-0.00371168899096007,"Arctic A"
"KU198466",4.27370802532205,-2.06722503585225,-4.80980795427924,-1.25814854053366,-0.804465977267959,-0.171856142926611,0.368902893993111,-0.336282836479463,0.507486397922467,-0.227903546025828,-0.0740467465383194,-0.0478062416613143,0.221825647005167,0.0746264525225152,0.0787315730705602,-0.424806982917836,-0.155350956884137,-0.054321889434242,0.289925261110857,-0.47143133765207,-0.160650608991061,0.0736466040286719,-0.154666267471115,0.0073245816710778,0.123937597148067,-0.0615649765281206,-0.170654982837476,0.057626419579582,-0.0647850376080965,-0.289445766853327,-0.0640356050885408,0.117155650804822,0.0677841229536237,0.0790096247216023,0.0878668445422211,0.115056284846921,0.306851844302889,-0.398231223376575,-0.0269346794837991,0.251320973338401,-0.0610643099192996,0.169649067478439,-0.0975351438940078,0.0116253231817275,0.0976829870396418,-0.061067026579823,0.102236567455981,-0.0135251208963415,0.00416861009150665,-0.0366656324432973,0.0201189691055117,0.0567616352211741,0.0317506250673103,0.0284113548889239,0.0165249971956875,-0.0422177678474681,-0.000657819576333725,-0.0111592553761762,0.00734414938766544,"Arctic A"
"KU198467",4.4911761841634,-1.97737687047786,-5.34025050875983,-0.992330621659162,-1.15097650644179,-0.541112569006814,-0.2874796986432,-0.593722238497475,0.415091249428549,-0.212064723988355,-0.382212088591632,0.258016361268084,-0.543624469091552,-0.0197311292889039,-0.609718499531265,-0.347604986567052,0.343749097884918,-0.0916319418504493,0.399175714013884,-0.0726603323894126,-0.10145231261443,-0.381901059033213,-0.22732276742305,0.397596842294079,0.2390789616472,0.0276501958571448,0.314014351850797,-0.105649548275195,0.0807834936217083,0.0828904653275787,-0.0987299079407716,0.183677597128005,-0.108666192451443,-0.02241740778283,-0.028784559138397,-0.294583342246315,-0.0527314345393436,-0.0364190559679373,0.0223336728833841,-0.0673865219576517,0.0453755649448833,-0.0232338990775074,-0.059699751075693,0.0562464394592511,-0.0259114110997134,0.0217215576449151,0.045431492285701,0.0105335001062525,0.0211653041147919,-0.0201549202541414,0.00665769732195812,0.00587226231144045,-0.0148944048798052,0.0133689877829338,0.00442034451097219,0.0239992066397857,0.0121943227098946,0.0100795763635649,0.00127198716205389,"Arctic A"
"KU198472",3.93646438221333,-2.19990941873724,-5.1769368272045,-0.710233540704908,-1.12869351526863,0.0641945713274565,-0.351015564882329,0.63682049847647,0.315123460704363,-0.499834960510355,-0.417949418715201,0.781089217299371,-0.915053292809872,-0.106733802419707,0.13734910309007,-0.3009186975047,0.36122179155782,0.52346156561516,0.0748370349336437,-0.0741698194677428,-0.0598568888865347,0.0265814034620576,-0.488520328529822,0.0693332802298383,-0.0571635114218044,-0.122178583713114,0.248644315994079,-0.182449931734171,0.0498090408888453,0.231087212270457,-0.0331694973063171,-0.128259974285355,-0.0098198968030551,-0.171637831630765,0.265598394022378,-0.104204094153415,-0.130790105990497,-0.1297671624643,0.102845997147299,-0.199863537339791,-0.0438794763200171,0.150028959630111,0.0570291046116755,-0.0278891636301908,0.129711680413132,0.153032722787523,-0.140218999981109,0.090101276051234,0.19808543200012,0.130999555280163,0.0534246682124566,-0.091399680679738,-0.100900723213339,-0.0331647028701596,0.0136755939070291,0.00228083699451293,-0.000710159747387655,-0.0635817426139941,-0.00787839576727184,"Arctic A"
"KU198476",4.63002641269531,-1.88583825758439,-5.24487909505871,-0.732574886753942,-0.901513612393716,-0.635728838017148,0.427254922747696,-0.263430017264549,0.494561947329934,-0.557437638927003,-0.718840149946477,0.524382662083992,-0.442681433513691,0.38351912639493,-0.619065797230936,0.0957435053737923,0.132203329541057,0.39640409022547,0.13123301105991,0.257541710594718,0.043941543013104,-0.0835426193996498,-0.180880652066543,0.443512478508619,-0.130008816052898,-0.451770310373929,-0.239404510318666,-0.204345016640256,0.00227962024151192,-0.0237106538227088,0.0245656982478543,0.309796282371924,-0.0075913033034659,-0.0688953895406306,-0.132608068953724,-0.0557277525867642,0.0239647675189701,-0.123356745654037,-0.213542965727037,-0.0983761453605403,0.0440195701561101,-0.0438403955999207,0.00939963845274354,-0.0295593989426301,-0.0750727470463571,0.0502223878558401,0.0171818451168117,-0.025907596900951,0.0106954241057793,0.000740454476740175,-0.0271325895454619,-0.0641262073934373,0.0151303662743574,0.00734992589249096,-0.00485717376921767,-0.025478525900011,-0.00459453832415203,0.00117579722413796,-0.00338369319083832,"Arctic A"
"KU198477",3.86984871720821,-2.17142407342998,-5.09943653210863,-0.576282782144759,-1.55111205245607,0.504179213828467,-0.421888386305881,-0.0844106452987655,-0.499880409045726,-0.298541189333632,-0.968649969397844,0.399531513195247,-0.659245896639867,0.0203403797605386,0.563510228770582,0.360732269075554,0.340909474965591,0.682881543728057,0.347013187907066,0.0162562836839436,0.0320220500837577,-0.649302920891367,-0.551845380671409,-0.41293876224612,-0.857638664391805,-0.0330303596481437,0.428458695059723,-0.0861923294807009,-0.43126951545707,0.27077688224673,-0.334315946454479,0.000112663888412671,-0.090647211288055,0.0491108489133086,-0.0963418391537641,0.103882131997005,0.0182975450175544,0.0719690334284123,-0.025252248188092,-0.199792262432347,0.0163221640153278,0.0367386861379526,0.106768487483732,0.0887421216603311,-0.123800835728536,-0.0167596953967759,-0.0362446538133046,-0.10571102048255,-0.0533921810902489,-0.0335295739858679,-0.0240497043348278,-0.0364535433254693,0.023286415694552,0.00908474874354032,-0.0418170900746794,-0.0105726289418222,0.00182866902284422,-0.0146120247987074,0.00493263727687007,"Arctic A"
"KU198478",3.5587378743502,-1.80387675860867,-4.49167801275028,-1.82801616956292,-0.933735237980981,-0.303713197486843,-0.439970079344821,-0.378678214230869,-0.0587952348523691,-0.0331802990439889,0.469247361710123,-0.250248448472507,0.681270144544636,0.241636193097382,-0.0660056713479146,0.0837986211613237,-0.19936190841824,-0.0304667727794072,0.305901985067448,-0.488495201211807,0.677729494124169,0.330278690339069,0.31688459441717,-0.671799924491502,0.521306835998498,-0.236713606437692,-0.530009052903572,0.0970330158262933,0.228205763864305,-0.0632636349270841,0.138664905680176,0.264843318116638,-0.170965140817267,0.145414958490592,0.228151086900259,0.174160184312174,0.185991798912067,0.0842788704734359,0.338036132698835,-0.0409230823626734,-0.20604878584871,0.253126585205563,0.0350686760473793,0.239664060587625,0.0723206175279639,-0.0987933799739865,-0.00874141132673783,0.0238145337882719,-0.0391486785246831,-0.00794887766447253,-0.0282230821523044,0.10208719469023,0.0223705397645588,0.0107418133366865,0.0124414106803945,-0.00998875437668876,-0.0012734454651671,0.00301922878649645,0.0138574249408223,"Arctic A"
"KX036361",4.37168221366268,-2.08949882965685,-5.0506879426073,-1.51125739219278,-0.710685829556999,-0.0766400989944667,0.352887047789106,-0.416716872269335,0.207495165189725,-0.0440389016031993,-0.063622391880095,-0.300448909992407,0.112758733545227,0.0350639466054164,0.199394513558565,-0.139845973802513,-0.224180718032813,-0.218035087391985,0.38707530035909,-0.347275711363971,-0.112642771031284,0.471813696926236,0.168772558346057,-0.198833441678869,-0.0994961415123177,-0.155150661543359,-0.236182838386705,0.276482797412622,0.0315356975744303,-0.279270048870909,0.162381101917281,0.0926433558187271,-0.0636133315708809,0.00395146903292075,0.0189312947726533,0.255913986459545,-0.441491111222863,-0.108804153518122,0.226482035847353,-0.0233696468245581,-0.087303386552953,0.13834515255341,0.0319808972525867,-0.0313758367592581,-0.00921631532836952,-0.0225042011942128,-0.0241363130523381,-0.0138422283493087,-0.102058175697004,-0.0156650460195504,-0.0256000582676,0.0454947633692008,0.009762534777454,0.0177015772103711,-0.000119983672363088,0.00100543173926773,0.000239768737201977,0.0106553151438482,0.00595314733779025,"Arctic A"
"KX036362",4.38758114223613,-2.14242572077613,-5.05836653528566,-1.40388093029795,-0.713072316064454,-0.143518133717424,0.377299576583381,-0.421633616809402,0.189682197700131,0.10107118857883,0.0184057411114654,-0.287048152011933,0.158446030791191,-0.184306804234998,0.178928726216175,-0.139496601418558,-0.160987742893667,-0.0777209947803418,0.25231870267485,-0.297829131993872,-0.051097771566434,0.464012613918826,0.124909850313089,-0.113337715476755,-0.0472195206304135,-0.20154711494971,-0.158409258791296,0.18427032636138,0.0817934942798468,-0.188455609532819,0.0990572472386343,-0.0996353177707932,0.0878333950316961,0.108424763831453,-0.0654368012371909,0.271732841127641,-0.185926163420383,0.111837799159871,0.0305427622059474,0.0288901603046309,0.00190428242346116,-0.0616916818011879,-0.00415524794491931,-0.053934657748886,-0.0175430842361891,0.00677656420362131,-0.0360367586045486,-0.0278097752049607,-0.0419274845394783,-0.0123352904341993,-0.0131982858232061,0.0139779393914518,-0.0132336120300099,-0.00235295244872564,0.00647110303287419,0.00895120161374998,0.00433534449606297,0.0152878431634055,0.00724222361864731,"Arctic A"
"KX036364",4.01285308025051,-1.74335191566237,-5.11191856364054,-1.45193139179679,-0.254957763655462,0.0945837237446658,0.315401080844858,-0.572495040433339,0.473560889994451,-0.185256251798024,0.164913682860233,-0.19684984150151,0.196401747451504,-0.938491090698482,0.566190761547697,0.180097229080356,-0.353036498460594,-0.138946732343516,0.235103020858289,-0.673556358777503,-0.0612451637496566,1.19646913963701,0.839603592779782,-0.285481327382958,0.034575899249876,-0.30617555037303,0.319840791063379,0.113965566090871,0.137480296920812,-0.0958663653654082,-0.0752509324963208,0.366432425059434,0.0613652014121708,0.489597741560365,0.0174580537404247,0.154510899063772,-0.116696480837614,-0.0462864334899186,-0.0317835905220475,-0.0887031934441237,-0.168004654443677,-0.220748244798055,0.128944292004538,-0.243186426509431,-0.0941029730933359,0.158488214995696,-0.0938874817307389,0.0596479931224813,-0.0899230489116284,0.00830499039418778,-0.0600591844795197,0.113030831847199,0.100403233564533,-0.0337916400540272,-0.108770411368817,0.0668226158394334,-0.0185575599615591,0.011687715672147,-0.00127821545169519,"Arctic A"
"KX036365",4.3880107528441,-2.13657910114842,-4.83444678773361,-1.7375631039184,0.250163394242761,0.13213340406373,0.0806228056241086,-0.666250776295615,-0.16478353677126,0.481043203733596,0.137993946610405,-0.636233042496785,-0.522782395242603,-0.636671687325423,0.397520534360838,0.529718293913013,-0.386301211877097,-0.736956393049016,-0.0842440882112383,0.140605635082489,0.170846941552134,1.12248379587553,1.05778774116702,-0.373620545981168,-0.0862598716221,-0.409004208594597,0.175390370013631,0.118832428815251,0.0456418302607336,-0.166439751310095,-0.0259465371670958,0.0185155797206337,0.248078817009796,0.0873481177533395,0.440923885898373,0.0182272619033365,0.0249341579988553,0.0279884879493636,-0.0131629597937838,-0.179202242242524,-0.0444178240478278,-0.136798358365109,0.0162480052305793,0.0546092854237721,0.230702369436706,-0.0822681918053521,0.0601364156561351,0.0165510689933278,-0.120741654880064,0.0188529385761385,-0.0255399713103459,0.0694870589093251,-0.0471724184587928,0.00859992039168372,0.0218370215570215,0.0057796955647564,-0.00287770561603897,-0.0241129497063716,0.00593466908520292,"Arctic A"
"KX036366",4.10288362601049,-2.2405011365283,-4.7917619768781,-1.01933054506371,-1.18303870085865,0.0602520272236473,0.516677727198998,-1.08149425773538,-0.30425743451276,0.113443843877049,-0.140057494434963,-0.627391341876817,0.340322837474864,-0.158744732589027,0.767525519024428,0.589798361438918,-0.041200194815093,0.37581979927173,0.384534047774623,-0.599141483222391,0.014761321209887,-0.427656270258096,-0.328907209299565,-0.449506441537108,-0.833333442717049,-0.0154956944919448,-0.0723934835080012,0.133920305913475,-0.831881973684371,-0.251323089382817,-0.246749115960564,0.0196190085482252,0.0228179580819863,0.354139904291752,-0.235893649775271,-0.0816859135261602,-0.221092014322732,0.0668041012824233,0.0966207213914821,-0.270004415239451,0.106187269347876,-0.314178183011572,0.164472198997422,0.145193652961836,-0.19092767422718,0.153566538474514,-0.0666168292054695,-0.138957910949682,-0.0782114824172628,0.00572053955040055,-0.0499247038367341,-0.0447302702127516,0.0138332268489398,-0.0081735482440254,-0.029172726433964,0.00268075312436497,0.0149846635351906,-0.013100273462509,0.0026242996455987,"Arctic A"
"KX954123",3.73737633777673,-2.58242918933696,-3.75630104065776,-1.08378774990854,-0.405078166351543,-1.00106234569785,1.22097273616276,1.17405817574701,-1.72382302123268,0.838488708196585,2.06869738878366,0.0119501304559492,2.22019373557503,-0.656855441683668,-0.418247989783917,0.927698336544157,-1.06063569741543,-0.284838299637431,-1.05095805246116,0.352050178888613,0.33572995642842,0.10658408459946,-0.0630388063715379,0.0924942197040874,-0.819004271184804,0.707782879639131,-0.203683651485841,-0.759853592643772,-0.329107496049068,-0.154740099544205,0.736498901845373,-0.648885346183865,0.144019671419358,-0.309482753820962,-0.0223275470887605,0.0636924287870879,0.380615474761616,-0.509639988082625,-0.0920855182203881,-0.121426801018797,-0.251019821240605,0.100936816118847,0.107744178496846,0.0772646737746111,0.000980509158364159,0.114431036089994,0.0664751603745015,0.0409951483033679,0.00399301201567907,0.0107224740780155,0.0154732773751813,-0.0528201269184857,0.105701074272087,0.012119651254627,0.00862346194693867,-0.0832693371462659,0.0129393134999528,-0.0365840132160143,-0.0189365187514977,"Arctic A"
"LT598537",4.59274795655206,-2.00464394292498,-4.48002721262408,-1.68125600417602,-1.02198452694454,-0.376754721777747,0.42881045479023,-0.246883569283363,-0.127571086796797,0.306205478382385,0.00156825814589769,-0.235592643302217,0.272435956994225,-0.139084848985834,0.0663016055265941,0.0617844079753081,-0.426613573716614,-0.385001470926552,0.118620212638778,0.117949790161915,0.0338320417741212,0.0245532790269009,0.171131867062782,-0.0845818935273013,-0.102782188928996,-0.293596603555681,-0.649594348744788,0.150489746536529,0.270369485301392,0.0764630361546094,0.0364311594610723,-0.189250774151437,-0.15019792058735,-0.188638224397627,-0.214910115352175,0.25825421499697,-0.0892939406980536,0.138673689806877,-0.0039706682923483,0.0905066550210001,-9.04632349782179e-05,-0.0342322343079428,-0.0262401529543473,-0.0660976407850289,-0.00425982912905092,-0.0631503211696316,-0.0635555686674466,-0.0604872736678501,-0.044303074264945,0.00916294649757962,-0.00999067095798745,0.00619269058305334,0.00213277846444334,-0.0314870813793564,0.00444704746100179,0.0135277446790458,-0.0057840336144731,0.0149689735135734,0.00189453701359761,"Arctic A"
"LT598538",4.08592921110417,-2.08912299604025,-5.10541016457518,-0.834964939974637,-1.18753149595712,0.0535913797489541,-0.414880913892202,0.662947872317185,0.17667746513839,-0.51241858758681,-0.569895132798953,0.759554351523913,-0.852289223357954,0.122196043872646,0.0779330312141835,-0.298586618531984,0.266829729079729,0.268634781684952,0.132380220756741,0.100765111438388,-0.144374542713627,-0.0782273984487553,-0.375996784576807,-0.00142209571649227,-0.0784288921668833,0.051995535210321,0.198756168632864,-0.0248400594679772,-0.00732068758411668,0.162143511258419,-0.0254989536723173,-0.178523692149676,0.0687773608597197,-0.152177174031353,0.00511702326309355,-0.082796027670168,0.0529112723925327,0.031998278216521,-0.0592256474776207,-0.131022674475731,0.0659355712628551,0.0581195726986397,-0.0121553445151183,0.00892990859529685,-0.0239972017822607,-0.067113396819203,-0.00370952040944283,-0.0124938654274923,0.00317240267686305,0.0112348507535488,0.00907349895339393,0.00397433067471504,-0.00702060187713508,0.00317632991934109,-0.00971110429123125,-0.00558316435692157,0.00745001372977651,-0.00568770949816514,-0.000846905262029691,"Arctic A"
"LT598539",4.27026256476007,-1.92570895063075,-4.98442949381624,-0.948625573906548,-1.26133937724776,-0.460711290058216,-0.480669513047104,0.65202353005987,0.121027543886079,-0.358716632167282,-0.833532088876589,0.830778520470558,-0.875117516037874,0.0101827813270454,0.41981615667328,-0.254738055210285,0.61106134011348,-0.0613882617837432,0.20915449813215,0.0674262446108516,-0.0511781595988585,0.182137109965017,-0.829331253946176,0.191936132908624,-0.372729833299365,-0.190220448451409,0.150612238098694,0.191926862357152,0.153326479444923,0.172202679652322,-0.355412117269215,-0.494349923389401,0.0913157926243023,-0.35307011770695,0.207691794483498,-0.107033898209268,-0.0457257375943585,0.207534319943929,-0.300711598472124,-0.105259951334902,-0.0469874207861437,-0.162435016792841,-0.014329284510356,-0.0118878279684327,-0.0349656248494516,0.0275492814706174,-0.106571395054934,-0.0297617932369777,0.0191655957536162,0.0362582274962938,0.0267674571415574,0.0226216247040437,-0.00973583906573842,0.00557318243404143,0.0129458238500417,-0.00536447804663897,-0.000909308207757935,0.0060976534719349,-0.00635183072715712,"Arctic A"
"LT598540",4.57737217380615,-2.10366856289458,-5.27802829373048,-0.935777222314915,-1.25519838641962,-0.449405735373236,0.292743547647445,-0.30592854502945,0.468300214635817,-0.212837584942076,-0.652503395678815,0.586701100674419,-0.500504118397176,0.219509632293862,-0.527859972176296,0.123638708277428,0.227819757425725,0.175370663359586,-0.0219547507956909,0.107436222473039,-0.243684980059054,0.0667080673224077,-0.363751464617156,0.446308883486362,0.0194072347758113,-0.208789923163104,-0.247427825183434,-0.151655345062948,0.0207880560822013,0.0879034623518815,0.0513343856538763,0.335731157162488,-0.0687045392874358,0.055976701656599,-0.161300291121325,-0.112424475404881,0.0832028275667319,-0.242910387369313,-0.119055105458368,-0.0322185530567733,0.0416121946144555,0.0148852176870571,0.0049290006237243,-0.0312381886765527,-0.102123921072987,0.0222158828980085,0.0522228203476259,-0.0309472730531959,-0.0112777950433177,-0.0168933480814275,-0.0290008367490984,-0.0495274770556956,0.0168508786688271,0.0204542604241492,0.00428488876669096,-0.0261155639725067,0.00737810692116397,0.00239439560570133,-0.00223222296127957,"Arctic A"
"LT598541",3.82631097357585,-2.32173489052906,-4.85900388757734,-0.671537087891986,-1.56584013326236,0.607993998182247,-0.537743986395429,-0.0501023832508718,-0.550796157218476,-0.450897787448478,-0.976397750177428,0.412343271360195,-0.306645124535215,0.069225046875592,0.503331632388263,0.493174596230041,0.640970895267629,0.539590625222791,0.436275934235057,-0.0734641721097068,-0.10299918054707,-0.652458877552733,-0.284068102626706,-0.0489203194754038,-1.03814081538603,-0.0905447641058812,0.503361139312364,-0.231358427187058,-0.559482126733522,0.249334545179999,-0.0686612350388322,-0.16593990390386,0.0473035007229411,0.035729838007381,0.0721242021320985,0.300672963394659,0.0200236762596076,-0.0254633421586171,0.139110637565822,-0.0202834733614632,0.226085926763755,-0.131176093765203,0.151886818722014,-0.0152870450053447,-0.074291629268675,0.0138337518156981,-0.149802177683889,-0.0569927991541551,-0.107104600854211,0.00111540108536198,-0.0187705153038065,-0.037118013881286,-0.0140638472490006,-0.0232724184280655,-0.0304521661985174,-0.0329415314685994,0.0153134091682087,-0.0203335495230793,-0.00695488953891894,"Arctic A"
"LT598543",4.06214108924753,-1.79745966820255,-4.71244509597333,-1.08335827073292,-0.464572132780353,-0.644158074354175,0.188412740544885,-0.454358088771991,0.603665950164448,0.353572916609497,-0.266727427739101,0.204151988452032,0.284210696871557,-0.514421152871653,0.655134391434212,-0.0149294740674473,-0.648298631782403,-0.255496158420803,0.456048357862084,-0.541359002708637,-0.42121186013546,0.81421369957191,0.800490532668014,-0.319571021160637,-0.121971835701137,0.219169710518878,0.71985123231257,-0.179246564869148,-0.0288885781103413,-0.299476752431609,-0.0266942239534537,0.06779495076666,0.187212285624434,0.383284956093163,-0.163395574935457,0.142640416724776,-0.380117141721334,0.242064518460349,-0.0562019536125571,0.246064834667303,-0.214256064406891,0.0472460115973586,-0.098913435102345,0.191574777372553,-0.206269574838022,0.200003783307504,-0.217707154835714,0.092725064144915,-0.224550450679821,-0.124606542596751,-0.0425843990492736,-0.0133404159806356,-0.0663323413680144,0.00930231009977102,-0.00102465006861551,-0.0117238894922085,0.0242436655398844,-0.0173086565194063,0.00322976017847017,"Arctic A"
"LT909550",4.69109725669959,-2.11795017315477,-4.23853900537602,-1.03880253845602,-0.401698150483849,-1.34534097566443,1.67204646394077,-0.224736813187411,-1.23988599372457,1.66049365944574,1.60025434043833,-0.298798072010582,1.97544588876173,-1.54171779707831,-0.590294794808548,-0.104631637868072,-0.508557009700206,-0.202924188522531,-0.918761187473147,0.762672100966027,-0.204962162064477,-0.500630546976593,0.355071974636664,0.188689051087804,0.08850498517022,-0.103002130491504,0.200708648200986,-0.653396679648456,-0.00554941169587054,-0.11537226339043,-0.0716383417361961,-0.223024585325329,-0.00482132034566108,0.164058781476674,-0.152886748277,-0.062944105375711,0.201828057529538,0.0812652025965272,-0.133106581736008,0.149352244469133,0.0683612208048585,-0.200922951834932,0.0117241810675206,-0.159474402121536,-0.00889905552180957,0.0828416211733456,0.078263833195194,0.0130574901791453,0.035279113291075,-0.0090069591518652,0.0137207300602743,-0.0800461834040004,-0.00572565695876851,-0.0291010706294799,0.01358961374359,-0.00975014791779475,0.0112823351820892,0.00697943137912045,1.67053991946534e-06,"Arctic A"
"MG458313",4.58015652836945,-2.3199552774984,-4.18800196667945,-0.808730540328165,-0.42196067677102,-1.04625312271331,1.49871259265386,0.762145771543072,-1.56574959628331,1.06076086404413,1.70630276978351,0.0868041693384145,1.72578869121099,-1.37064120548414,0.177870542164035,0.155242864262231,-0.670410376984193,-0.211070778030615,-0.842139114153816,0.787481439992758,-0.267632629165995,-0.467962617011119,0.317477883720805,-0.156113145294796,-0.000208173384643314,0.131454443271688,0.0321071186802861,-0.273288847251613,-0.261618976564503,-0.125142157523258,0.121398221748081,-0.301523140027072,-0.0154674776512295,-0.0785167630672569,0.0308272888574222,0.0323975021472269,0.0265711059489776,-0.074245805631634,0.00594647655201686,0.0933600795903203,-0.0686196321037748,0.0790131670502104,0.044480213711382,-0.165366797745338,0.0162794702018158,0.0284928932281381,0.0717119353257298,-0.0256766712510028,-0.0125807324561764,0.0317899319693091,-0.00264589591580061,-0.0507237745494133,0.018240204752837,-0.0133118204834742,-0.00498923031316247,-0.0211707343784633,0.00804797418043985,-0.0191933636164879,-0.00390422376177696,"Arctic A"
"MN233885",3.67829063337599,-1.89720491889959,-4.850387914926,-1.65589409995106,-1.0999277591759,-0.384654902865543,-0.357044550332009,-0.203304281425975,-0.128864711376583,0.148669972428372,0.376977810484814,-0.288020011550194,0.698127045987988,0.256187084560929,-0.0215406273968767,0.19280303195456,0.00198355034069435,0.0765435660924282,0.32623545477494,-0.373301668969406,0.628122763986454,0.453878476881645,0.399727096552294,-0.286837241795296,0.279993554169578,-0.20491247220329,-0.624993368003728,-0.0615101133658664,0.314984664893763,-0.0940128556815791,0.191279474085195,0.155405756969116,-0.296740018126895,0.0522156089827175,0.061800934900053,-0.116111825519252,0.0829486835065666,0.208380098804667,0.0621460087696328,-0.0579041347557092,-0.345970064185835,0.136679841296511,0.0623844127651319,0.130216455220932,0.0792172870713106,-0.044303859116071,0.185789911936968,0.194479386661691,-0.00924891071847076,-0.190090527519567,0.0039737517868362,0.0869593352109557,-0.00933312584650173,0.00340607158799016,0.0162937964324548,-0.0162171084257933,0.0323557017561182,-0.0249082161467952,-0.0480350137540971,"Arctic A"
"MN233886",3.73894419082543,-1.71800212490789,-4.84990108232883,-1.53354881248459,-1.0172318853324,-0.367726660792962,-0.422606799641937,0.0991178078129924,-0.406359957189487,-0.0212217113539228,0.397207820357163,0.17986543821829,0.496045978871864,0.130362623267865,0.102816230885,-0.051452662153917,0.103962540481715,0.0137444202056278,0.183125984219093,-0.38857779816938,0.722344409724144,0.400079129523769,0.346642616739118,-0.491024109253637,0.428395319647389,-0.136891198549814,-0.44581215849363,0.0980419455961642,0.219742656091557,-0.113867739714799,0.35425635424915,0.219170633748506,-0.4651285727491,-0.10940655787262,0.224213957246618,0.0168008726244225,0.198967089206043,-0.201989385598794,-0.188552319255769,0.215410899594266,0.11569162231736,0.11774818598177,-0.169620636252673,0.235185334787136,0.157537114688912,-0.0461436890387821,0.0200326411113401,-0.0830209908133503,0.152296744300435,0.0456579240823005,-0.15753678007214,0.0451957241648986,0.0140679422549431,0.0190295448196261,-0.00194669099523708,0.0763118916467667,-0.0343754639984359,-0.0389306740657656,-0.0101179901488691,"Arctic A"
"MN233892",4.09341472926165,-2.13116331755578,-5.26993886021354,-0.958657173295418,-1.13536190127109,0.0813110430412799,-0.364794093021142,0.676179416833747,0.0587797308812088,-0.476589135608618,-0.555241778776344,0.62380612784904,-0.880548339527505,0.0122284563835373,0.0905873469485251,-0.1535954969918,0.206750080913512,0.184823664231877,0.178325922587848,0.320811094927242,0.0101528219105841,0.174200017700854,-0.184989327981802,-0.0734254545197139,-0.123715311528462,0.146754881312728,0.307743324296196,0.081779279412014,0.299485710488099,0.275418582219025,0.01470349894828,-0.0795625158428975,0.00373451243947689,-0.131080043754311,0.128680981370934,0.174894162151091,0.0277891719829812,0.0834632914443917,-0.036588370863161,-0.1922512411721,0.201487296029242,0.020633005929297,-0.0118671207715507,0.017038078907202,-0.00581983804981391,-0.0441761303022173,-0.027877928406529,0.0653924679541513,-0.012142250696328,0.00561900782228472,0.0311740618327328,-0.0171711821389219,-0.0295063845420368,0.00830363536646279,0.0146058795102727,-0.00961911737865017,0.0108611547041223,0.00530554067656356,0.00287190566667563,"Arctic A"
"MN233896",3.90057184243449,-2.10369264895016,-5.01796258777071,-0.806907298364993,-1.49353166663124,-0.0293243222083601,-0.861424987161439,0.567438424787941,0.290840418917397,-1.08010280001746,-0.77068199234038,0.927856560526741,-1.05942567122606,-0.0492895452707762,-0.467981868452148,0.184910469228938,0.556738310884672,0.145083331227346,0.013785261586205,0.245789505303377,-0.317844350369771,-0.150160390187028,-0.22745451807837,0.2745435700836,-0.328375829595061,0.0113598519004847,0.309271511184943,-0.0852977605044871,-0.0760598050003876,0.226560150368966,0.258010212816742,-0.461388217543495,0.199273541513408,0.0201914480113803,0.124495035166544,0.074258788580997,-0.0666575748635233,-0.0158417364177067,0.102596705175781,0.0317684442023976,0.166776528737335,-0.0266969987551417,0.0255123737103562,-0.0920126611988465,0.00413772044753784,-0.0728583745428956,-0.110636087537464,0.00642661361527712,-0.0632138853657753,0.0350262859470242,-0.0333052489687069,-0.00149270956975178,-0.0477217836805836,-0.00664736057552097,0.011011895495829,-0.0288345747275807,0.0191168404207187,-0.00692503960973404,-0.0140657854208244,"Arctic A"
"MN233900",4.24232351331199,-2.00484341392865,-5.35583853231066,-1.05818368668036,-0.830598064490117,-0.563215344311118,0.122829612428937,-0.333612395510444,0.557224945502214,0.254791569006204,-1.27131606059282,0.755798445077249,-0.632152980884836,0.197414983756095,-0.522034311900944,0.0282050474536852,0.121106615458397,0.0712353187540342,-0.405251624261102,-0.0169600763613048,-0.224180377733607,-0.0423928595625325,-0.0297315512753179,0.500504040757889,-0.156863659125894,-0.184698784262483,-0.233727292031445,-0.410214738017548,0.0541826358955196,0.0578169481045792,-0.025639666361177,0.429428867138475,-0.0404911296487161,0.0395895973929227,-0.143064424415916,-0.140303118591772,0.134802830164401,-0.257717321494545,0.0080443011822365,-0.000647777298952601,0.073587327823964,0.0217139485103444,-0.0278046502118039,-0.0254023018251723,-0.0362757220916383,-0.0281165210239382,0.0240762065599597,-0.00438364264424955,-0.0220406677722094,-0.0370450869976765,-0.0340230621115379,-0.0480167852264398,0.000239944388033871,0.0154391661529051,0.0153499420562902,-0.0110212498665513,-0.000166836038407545,-0.00759391274575183,-0.00400208542095392,"Arctic A"
"MN233948",4.44426002298812,-2.05351160067338,-4.944881161222,-1.2980226828528,-0.861293476836303,-0.183098708983101,0.370494251808816,-0.322640726810903,0.512013191979287,-0.128821093996919,-0.0598686276173973,0.0125100657301156,0.187811935921597,0.00357814392738136,0.162647029527779,-0.374526734353735,-0.0863453152789592,-0.0145303853714074,0.237408214500788,-0.523346865023678,-0.131609388876035,0.0996695880931666,-0.10407107105396,0.0905209609129139,0.0375849682868289,-0.129723143317024,-0.109732229393026,0.0410884659860569,-0.00369329088799165,-0.268144821284627,-0.165634901966478,-0.0804970681844726,0.114214426773948,0.013978548881462,-0.0315005397846482,-0.010360206250638,0.139098393720898,-0.334301191548079,-0.221652019987048,0.281848289548926,0.039335504994014,0.0311023423658677,-0.0978638050861259,-0.110098530352965,0.0779702823182671,-0.0454503498645215,0.0994348044032131,-0.00388835271321112,0.0202559154761064,-0.0165018987187731,0.0327099574273502,0.0197132351455152,-0.00575717004630997,0.0102192382653155,0.0119045975899272,-0.0159145912885501,-0.00158823526597542,-0.000602501071419085,0.00648526888132685,"Arctic A"
"MN233949",4.46015571896731,-2.11835935285581,-5.20746152557509,-1.1728669844115,-0.91939696315916,-0.245234190357724,0.303616821059554,-0.241452353753654,0.447888255395447,-0.0435450948143495,0.319334267907394,-0.544663736784269,0.23361598786182,-0.301577575779007,0.476434185130123,0.0371573950373619,-0.118559640224324,-0.205559302192134,0.40902157162937,-0.342034049679068,-0.0389095158321684,0.406179651627546,0.232857540006713,-0.211013144111756,0.049539770580516,-0.189302407678841,0.051456482356062,0.469539932636538,-0.082600588078413,-0.371784020202984,0.177777042137122,-0.127600424508041,0.151273275567183,0.175433257907075,-0.00530109943008422,0.195073064297662,-0.115564947096823,0.164197157636441,0.041432958769661,0.0580787497035009,-0.0539532957629461,-0.0460158720663468,-0.0169223412217008,0.0145774022604323,-0.02065688835976,0.0493106605757872,-0.0165849130890926,-0.0499149590919115,-0.0417118463820712,-0.0198434217677177,-0.00251158473103615,0.0254975482071062,-0.0132273066188675,0.00157662680432158,0.0100449571776849,0.0180627437506957,0.0150776264481625,0.0187179026867442,0.0114781239375137,"Arctic A"
"MN233950",4.56524720918609,-2.2472448829193,-5.07707576449522,-1.26819723971091,-0.844281689823278,-0.247534070393948,0.410103046647207,-0.379473190973926,0.308879657223794,-0.0355962667658467,0.302912749190435,-0.362041435757811,0.151031188817604,-0.200111118918491,0.410109372016038,0.170506537284063,-0.230615662820618,-0.127139894596761,0.363723589869318,-0.289724853098504,-0.00212454258285163,0.40255167877637,0.133965581708212,-0.116386212187446,0.107160869089457,-0.0866233783635249,-0.183432383861479,0.327008038060306,-0.0737234339260316,-0.249269143185694,0.175513210252607,-0.143554778868911,0.117184873518732,0.0687923101952999,0.0293604444333749,0.282816490061476,-0.149440383251306,0.147982307148881,-0.002355860776649,0.0495744866661649,-0.0558056492880658,-0.0629606164465575,-0.0196867664386216,-0.0541920481062519,-0.0106162689803601,0.0420759445423888,-0.0219433620644296,-0.062781418171705,-0.0286697736881564,0.00560476492805203,-0.0143766045654394,0.010388174659496,-0.0153514274599461,-0.00566302026379129,0.00676397698993037,0.015561805060732,0.0086281354508577,0.00793627072569114,0.00556777452733903,"Arctic A"
"MN233952",4.03837466950217,-2.02481365391157,-4.9913718160458,-1.59807528333992,-0.580523572385226,0.158190541416897,0.124772610597976,-0.696387819285387,0.434026128131015,-0.195341457204899,0.330077546559008,-0.33807149459581,0.013611093707763,-0.636581429846535,0.303364920976716,-0.188598765910504,-0.341864055239807,0.216314883839746,0.370685394406795,-0.884304160587107,0.0712752170439857,0.556551695336007,0.268160724323669,-0.140189175041291,0.0936102755727185,-0.340939777539772,-0.354439800995246,0.177618080661415,0.112759513467391,0.0379306683905407,-0.0405906962485768,-0.0430369136905798,0.132796960766855,-0.0587973009560655,0.0228934028927638,0.310758375611357,-0.201416752950418,0.110845875773832,0.142643007143568,-0.150526570555844,0.217203264766772,-0.155133747687604,0.0805246668825994,-0.241983728236872,0.219731734110695,-0.127402458825751,0.10413033924196,-0.111064041765865,0.106747255032539,0.0821662102259548,-0.00206147405554983,0.0608742911863514,-0.00842889845222736,-0.0293907307716276,0.0225762277972289,0.052817023563544,-0.00834054220171046,0.0393375837478303,0.00864825227236661,"Arctic A"
"MN233953",4.57393191289628,-2.29217511532657,-5.10813860323241,-1.31851071465217,-0.63690387758083,-0.090064004554105,0.687530818566025,-0.183787730811285,0.246831543983584,0.331979084164855,0.476808357852909,-0.663932402885851,0.63811483407474,-0.0732361515027936,0.85096033278548,-0.203301619493985,-0.217005836771295,-0.151594681569851,0.575829790964023,-0.484500680696099,0.025157816719704,0.493067635494236,0.281903309880034,-0.0681743317813166,0.152910994494329,-0.0762826916801885,-0.138230655870675,0.325538688376858,-0.0732344475513663,-0.335207151608688,0.0249009120017928,-0.0204910462003886,0.17985877194014,-0.0665541921202925,0.032806581990034,0.174294095582174,-0.0311103454721506,0.142569750919664,-0.0656352830338401,0.00185304507861199,-0.0324965579850381,0.0429122591471812,-0.0616976856943689,0.0620739710045383,-0.121331814260995,0.0226882942669664,-0.103173803308756,-0.246444654591316,0.0252522762024581,0.130053741625749,0.0875117882168837,-0.00462220984815368,0.0848026656195348,0.0819973668786415,0.0486635570870895,0.058589666538734,-0.232892530618614,-0.0888151247745841,-0.0235142150361467,"Arctic A"
"MN233955",4.13652934872139,-2.2397326790978,-5.18465646476653,-1.01289640987125,-0.665316214147688,-0.198076061294107,0.125557036047382,0.228990138110946,-0.310400614469121,-0.228091462772624,-0.10581385834817,0.294646736832027,0.272901417727121,-0.284862494872001,0.504988220172644,-0.489672632162508,-0.172903117281575,0.105604112048502,0.194849204336342,-0.604380669934504,-0.223132690849345,0.0275452237345288,-0.141996356926571,-0.172360943024614,-0.048107990841682,0.0182451068149382,-0.379617954472273,0.398600551800556,-0.0948943544245022,-0.0315644665808313,0.175733049810104,-0.297987116096875,0.211622232072766,-0.0199238590045403,-0.220351319235156,0.299153220790569,-0.337852614218218,0.16155504246769,0.096095241874365,0.139529137343256,-0.00238788606415455,0.0338688115883048,-0.0994555180528262,-0.0920548928059051,-0.0542495450249554,0.00586460842548085,-0.101256853217447,-0.0581360678137495,0.0194864149690608,0.00672082007615213,-0.0310196056321723,0.00850229809678944,-0.0156593026431639,0.00090420305416832,-0.00749794375779216,0.0391342347720177,-0.00169202910419588,0.00659019469227011,0.00424038512965909,"Arctic A"
"MN233956",4.17018432490942,-2.19337607125696,-4.80334143814333,-1.63084091447392,-0.749631658034576,0.226742595305277,0.42010124655343,-0.119830183711639,0.456877532399385,0.0497665347538152,-0.408309933222191,-0.0444922786229549,0.0636899731182926,0.0910436387975271,0.183658965422232,-0.367793214794073,-0.105651936541396,0.169171614287947,0.0316378764117417,-0.317151169289589,-0.060899994280353,0.56616167199772,0.0222997067615001,-0.157494375209876,-0.373099140555128,-0.371505294731531,-0.0384015654167351,-0.102257287948501,0.356552586459382,-0.279355615054585,-0.200717455151286,-0.198912602403026,-0.067331286801382,0.191263764361695,-0.196797658739464,0.259853532553666,0.094877599123173,-0.0104434596295772,0.0142093968911712,-0.012787901182761,0.0061322444184584,-0.0412274809032416,0.161188329924576,-0.0873503189552781,-0.0178152966215889,-0.138783384709407,-0.0386009591689085,-0.0538018019635589,-0.104074384379577,-0.0299307741297705,-0.00123795192088389,0.0226482860621263,0.00762214398049673,-0.0221424009968237,-0.00336899472809328,-0.0441679853429517,0.0104609040747735,0.0149446090832054,0.011687663311304,"Arctic A"
"MN233958",4.27669810907546,-2.05125313802071,-5.07295147103745,-1.25906026705802,-0.918991925591416,-0.275823622347712,0.361605445911299,-0.393950579784273,0.376933660384699,0.107465173378727,-0.100636011071039,-0.151807839062841,0.357346780123089,-0.07795563258494,0.159601943257431,-0.341095735750713,-0.191757541650985,0.102698029743945,0.267132534197953,-0.563258505109627,-0.16585752770804,0.158563320117949,-0.109645313392426,-0.0588639340955978,0.0160180101298949,-0.103682321373198,-0.363266487979989,0.189094741314424,-0.0824088557156508,-0.236027578366264,0.142450512495243,-0.206472870988265,0.166167603763983,0.0472559669654245,-0.19554712774169,0.310786908852318,-0.319854339392026,0.171999503730507,0.0625111062549285,0.124726353047493,-0.00170137530479811,-0.0471141549873754,-0.0762139233723673,-0.082983771157732,-0.0721852188274565,0.0377643397336447,-0.0853063859890029,-0.0457033027093827,0.00346724441322704,-0.0142625916047057,-0.0230307344218411,0.00381366724247618,-0.0139605603086493,-0.00737803141337393,0.00293187005714719,0.0297227038416471,0.000426814310852434,0.0192002979072133,0.00400623056463763,"Arctic A"
"MN233960",4.37219073211999,-1.73458882647405,-5.06759133754777,-0.946743266963257,-0.98978744305348,-0.43653287691048,-0.382777815407666,-0.207594931726204,0.654854631431249,-0.411188543901069,-0.437650143438742,0.138014252165522,-0.87194353235942,0.475588977321897,-0.50788013824308,-0.493547506721689,0.323998863203257,0.327620737722085,0.719987261109077,0.304212317672818,0.383835266436235,-0.538151911177768,-0.164989475845214,0.27964909659484,0.0311058610304094,-0.00943149077516867,0.565708645319031,-0.475596264997068,-0.00169257070538036,-0.0307984010444467,-0.0404819090053931,-0.119920177849087,-0.070446732459282,-0.341934664943858,0.165146658195801,-0.134516704932875,-0.109475173251209,0.351077268767012,-0.0786732273667963,-0.239813523160247,0.0308982590120295,-0.0812424228913929,-0.0190359676432072,0.0290190679383671,0.026984693287225,0.0249678944753237,-0.00132337551596619,0.0122846517949636,0.0469342510921371,0.0129282980290988,0.0506823771638429,0.0106536089579374,-0.0149867600199058,-0.0280031920714871,-0.0215797472972094,0.0268656771936807,-0.00349279893649496,0.00805385700100434,-0.00473377222356653,"Arctic A"
"MN233963",4.10489490291618,-1.84185363863844,-5.1359826400231,-0.890275852132382,-1.04407463821488,-0.032019380925356,-0.15814067281225,-0.384691374081994,0.83294724178473,0.0465790785255402,-0.245511168323478,0.579678094778631,-0.624367924128955,0.265658538906434,-0.514868401275118,-0.0966285562986434,0.24992357378269,-0.0682717556852167,0.456262739845048,0.0847510307010524,0.0725692055301175,-0.26463718337418,-0.462077040383317,0.443428942984761,-0.10521374624724,-0.0132203631585965,0.351033889051098,0.202644627763027,0.195595083245738,0.139822243372528,0.14098975016106,-0.0510731028862988,-0.0862012351887923,-0.0352463853265908,-0.144505289695081,-0.291377416294357,0.0327396241025092,-0.0167188080855526,-0.0528776598121432,-0.066506119261639,0.00778273328953409,0.0119438076175021,-0.00871476243505549,0.0264496927595371,0.00709153350652715,-0.0283026892562379,0.0155044576124234,-0.024262621306787,-0.0187716172438742,0.0100590278548144,0.00877999818840572,-0.00991547994659364,0.0157352943925686,0.00835044695152643,0.00981917591961111,0.00713569949712573,0.0168315794808695,0.0132607111755543,-0.00539194463800847,"Arctic A"
"MN233967",4.38386010503811,-1.82661223558771,-5.32410558643247,-0.769764542810349,-1.08737523377137,-0.714578454748415,0.12754621499178,-0.219558242149987,0.836820850363946,0.0938053265319179,-1.01412735345312,0.840342496610799,-0.620140714016749,0.284366506610255,-0.371913620880279,0.120269160117455,0.0925263401335347,0.0662136397101017,-0.296737367869821,-0.115881967769055,-0.287713305808234,-0.291539064983147,-0.214263815900584,0.605758412339901,0.12712952329481,0.00829232273454347,-0.35451131437056,-0.331217144922446,-0.34387258270034,0.00642270894724163,0.0294170953004272,0.412500879272493,0.207049046427803,-0.16898558822659,0.0515855814863775,-0.298806356077127,0.240844115641161,-0.542144155689409,-0.285388843686203,0.254768945025814,0.117413846938184,0.094229024379687,-0.251463784601989,-0.0672732178307493,0.0514991246056936,0.0367489022429708,0.145516697398731,0.0402325063914093,0.0852835960865932,-0.018413031923263,0.00512718365757964,-0.0542451173885703,-0.0083530969701807,0.038563359249477,0.0287727168806787,-0.00226480677568852,-0.0135287081616913,-0.0247196142237698,-0.0103810033454836,"Arctic A"
"MN233968",3.80383289321282,-1.83934516260412,-4.801950131117,-1.78482346260123,-1.07216490054158,-0.447002642835449,-0.303098387305755,-0.229322187787084,-0.0974697186717046,0.167453925502014,0.422959588611563,-0.156636787574295,0.611039226918738,0.290838766285621,0.0168720580909481,0.156330840625338,0.0374104017016434,0.0387665403738978,0.23968840404298,-0.400403817013654,0.711061196481655,0.367846851219983,0.325728504585556,-0.464147847621634,0.352486184811356,-0.340510132148689,-0.453061914946696,-0.0115395634444045,0.232075972903096,-0.0363292536942135,0.234462003669209,0.228222657505238,-0.205367482778674,0.133353714116414,0.0481396479986434,0.0231080461496615,0.0669013861684618,0.147013308960515,0.154343249399075,0.00544599370108002,-0.145691186292541,0.169990305510393,0.0675403361340323,0.108564277244788,0.00822117829927323,-0.043272606943662,0.0220832555536036,0.0121430638575916,-0.0307387451700968,-0.00492870206476418,-0.00767384827063803,0.0507150682703231,0.010787760957834,-0.00291833656922109,-0.00218985876690141,0.00992392466837785,-0.00165959678223808,0.0190224959602327,0.0129034415543683,"Arctic A"
"MN233969",3.81761424920265,-1.6896445523735,-4.5458962534153,-1.85860995421401,-1.08914528226387,-0.950062746586129,-0.370478344276362,-0.25388863971296,-0.157646433980836,0.222073428892633,0.145144513613005,-0.14572892601908,0.622224645322387,0.249873812335155,0.274839727092825,0.149899155382935,0.312636371130216,-0.331048007157632,0.368979728028458,-0.381827156469582,0.775216359481397,0.602188375569261,-0.178201161200968,-0.353985998238354,0.144537872540113,-0.514567949021515,-0.562128598925317,0.22176531197425,0.33163139321203,-0.0475710308690113,0.006148136950249,0.110049145254807,-0.229259354834415,-0.00250815371904266,0.370081803545917,0.12428666670812,0.136017826763562,0.258619318859426,0.10757463890782,0.000681400631383119,-0.359013993254854,0.0879824411314834,0.0656950573309126,0.20947039421575,0.0169654599534569,0.0357733946308567,-0.0779768560391204,-0.0147616321350242,-0.0308328574779435,-6.90590465431706e-05,-0.00257087840431313,0.10641076237531,0.0455803188828508,0.0176706325690877,0.0250874689801318,-0.0161605655802574,-0.00908850303013091,0.0202511046255755,0.00825739659557935,"Arctic A"
"MN233973",3.9457604507501,-2.27760253711734,-5.21711515830426,-0.588801082787872,-0.933855784513391,0.131338940802559,-0.650929323756119,1.2858885902124,-0.510656809715429,-0.847975223738161,-0.575072980076084,1.20600892741878,-0.936734585753922,-0.0847108184144152,0.423319308129397,-0.447163514943779,0.285684153449139,0.271540863989509,0.06009689089513,0.0596429466135111,-0.201649705854932,-0.209245494832176,-0.408347828110952,-0.114919104645509,-0.14255489313846,0.173922963398458,0.182404702140581,0.184665751018155,-0.0198061862929684,0.366606623043851,0.00778358364254411,-0.270037937258286,0.114231989168503,-0.219357000001317,-0.0196871682303724,-0.0944297157319172,0.0349129975663402,0.0215538169537044,-0.0256415118581843,-0.116219890179968,0.0652490605034987,0.13910253927432,-0.0353969391955772,-0.00014121305287638,-0.00606152797975957,-0.0990131281273667,-0.0196599876378866,-0.0249266305318592,0.0191915732326968,0.0322182624344066,0.00108462774306278,0.00866296152902841,-0.0087193442116497,0.0114585643868834,-0.0201409181061706,0.00382836657344899,0.00533117031472831,-0.0182978127131082,-0.00061275069700823,"Arctic A"
"MN233974",4.48745778192771,-1.88782664267506,-4.85178012153949,-1.17035640375128,-1.46079156460009,-0.415219815804585,-0.518085484607969,-0.106976242728615,0.453876176334737,0.0939768361331729,-0.502162227768083,0.161901655569867,-0.72951698545682,0.458898065833175,-0.539951017596303,-0.418622327743478,0.358437495730696,-0.247970689527615,0.481892169183404,0.507306941102413,-0.0094625047260444,-0.569611031388095,-0.381113170512441,0.177260978336839,0.107279036786537,0.307173325577213,0.600479281079657,-0.256866368280739,0.053461199976241,-0.0773417623038007,-0.180568914690691,-0.283364018316426,-0.138816675731781,-0.281751686869099,0.0263078229403472,-0.144695593660628,-0.00992528813931291,0.280053097915791,-0.0415748465091504,-0.165780511316761,-0.0106040548731277,0.0348813914015528,-0.0917888594294541,0.0487344412943472,0.0146509330002583,-0.0285761427316951,0.0216093401307151,-0.012130368263247,0.0287490507355823,-0.0330965591768237,0.0557102630719885,0.0219622338671794,-0.0156074891147947,-0.0194631018175499,-0.00384058609441804,0.0160082241966749,0.00980247281040108,0.00449136378572867,-0.0036611772555642,"Arctic A"
"MN233975",4.35863707781082,-1.9390101627205,-5.16697783980296,-1.03672970941028,-1.29609185692132,-0.282634375155732,-0.233156101335743,-0.276857542037754,0.639551494710379,-0.194463337711907,-0.473464687056727,0.285558068448564,-0.655734165026769,0.154685888435402,-0.438585872616148,-0.24880735434362,0.295862201297619,0.0870483787649727,0.301919632316118,0.0346134719369263,-0.0942758460933761,-0.164555180549274,-0.285484254232856,0.254835877753302,0.112388035225946,-0.0211408485603353,0.264560993487972,-0.169997709114652,0.0429741523732215,0.0202854324002828,-0.0787556994639752,0.0483340750434699,-0.0426717299502531,-0.0537073779221088,0.000568327809081284,-0.182872840927367,0.00908905633969078,0.00301184175570014,-0.0352380551068366,-0.106605990364573,0.0559988234835474,-0.0230486464772739,-0.0243067504551762,0.0371237348513605,-0.0339221433422376,-0.006746053933062,0.0288362195523509,0.00523619989156347,0.00415926811791064,-0.0149517405907253,0.0118600337428417,0.00257898106592109,-0.0101081322112129,0.0041315416173663,0.00256952701734017,0.00450225567624668,0.0108815899273596,0.00850098504017147,9.54636675013438e-05,"Arctic A"
"MN233977",4.13370068925646,-2.17875730300975,-5.02061886415443,-0.782328095932768,-1.21747315100317,-0.33147728202852,-0.247052072876857,-0.123488071989959,0.787681840167893,-0.309140012196952,-0.538039822443824,0.093470362099321,-0.609805306545486,0.446244054597955,-0.534594539166104,0.146231104407443,0.236753531429763,0.113252017961137,0.504482353753668,0.0976443120627249,-0.460284081709002,-0.256676511147541,-0.345269064437798,0.192734418330394,0.694207427131561,-0.10756791225643,0.412934837685048,0.179560086538958,-0.217227495519188,0.3409039806615,-0.129094504661294,0.387778284202983,-0.308541374682004,-0.34077492137636,0.220687168238481,-0.168211523720895,0.190467133827392,0.0603410209043505,0.0853583793834713,-0.252607519930213,0.14203416001671,-0.148102207843343,0.0480377551996913,0.235788112024618,-0.150589120653961,0.0303446627701489,-0.0642460488015126,0.0433561800277262,-0.013001588572206,0.0109463034980621,0.00584678235006405,0.0560053408835201,0.00937977851378054,-0.00467405647864551,-0.0256367828869321,-0.0229398411773201,0.0396864516152781,0.0089079536274602,-0.00570289797775045,"Arctic A"
"MN233978",4.64715824312412,-1.80237974138893,-4.61891328426707,-0.749458558580172,-1.57907174618714,-0.250018633430953,-0.072724815678243,-0.0548755453597451,0.262641021384281,-0.202942690112241,-0.015060838760384,0.108285540948273,-0.371983816590934,0.0443193696368649,-0.926275566473405,-0.420928130493665,0.561560731311574,-0.0755159319630971,0.251762402459681,0.805900219375939,-0.173375496184267,-0.103543038524417,-0.771378730071953,0.181650917028511,0.247909212779656,-0.162940191841283,0.532864606657124,-0.135533239492842,0.246616586354281,0.0278740248237489,-0.387508046190017,-0.161473348269196,0.0956520524397641,-0.129255270991913,0.0920729261037602,-0.239323340161924,0.218789484398617,-0.412830087315341,-0.444891747915661,-0.0241532869890335,0.151234480032606,0.055705027077702,-0.149508112760536,-0.0166963772181186,0.0503437221090656,-0.0378371009764003,0.154175470790864,0.0998601329293647,0.0972987559259242,-0.0207389465517217,0.0632065623583402,-0.00925839990897353,0.00686632456657407,0.0364274703885833,0.0142662661817066,-0.0545301494170607,0.00334443392285782,0.00504158861376513,-0.00104810497660896,"Arctic A"
"MN233982",4.55705738800423,-2.0024782428619,-5.14583707202613,-0.732915948904476,-1.44184499774701,-0.199833213290841,-0.324461756287972,-0.221574221173866,0.77536842886278,-0.210872042768627,-0.45120006552141,0.380052360769086,-0.636708629217497,0.233215097949604,-0.343775658085549,0.0304533823372028,0.327074878139329,0.070488033855573,0.434510310301485,0.106432968950285,-0.164295569001732,-0.209662982167246,-0.234479374058624,0.35208975340631,0.425350424011618,-0.0335649244392616,0.269069471520632,0.0218889407959997,-0.0419690015123982,0.0958794578610095,-0.195713861752486,0.231345034498941,0.0069690074446191,-0.236390026951936,0.101280416811416,-0.270589577635193,0.0475236093304219,0.0995608301410699,0.0587406746790929,-0.406450092885102,0.191425170905819,-0.217509060705419,0.00756893243315798,0.200161399281848,-0.106982397612368,0.0599845075077546,-0.0728077355965613,0.0284863141778746,0.000869808094596578,0.0222893348404876,-0.00742261350797047,-0.0216920999424886,-0.0359928918388281,-0.0133012670828982,0.00918733611108778,0.0170763280008205,0.0313195987758798,-0.000449279110130656,-0.00286456875300204,"Arctic A"
"MN233985",4.59429922991679,-2.03301419344671,-5.18376082654543,-0.939713780352947,-1.20058371720836,-0.513081626391221,-0.389956562802734,-0.687275729437224,0.577489986828368,-0.450283951850125,-0.0372391884931803,0.149727724015423,-0.514822104522811,-0.15578632575577,-0.377500126713046,-0.059853818764343,0.10635450944326,-0.170492650757339,0.524277135622751,-0.204562965063807,-0.0567695658733071,-0.454907170992088,-0.176515749779158,0.270092647955356,0.475927373692973,0.178212291365422,0.272966842268188,0.129122789100904,-0.017511896902856,0.0164434960105341,-0.219670339793769,-0.0212739223480065,0.00151793181732412,-0.115019692884946,0.126656741106915,-0.257864046247527,-0.0649086922086521,0.000921045362491041,-0.0215894073027003,-0.0625439554493452,0.0277078485905012,-0.0799132791402778,-0.108031590848167,0.0653649789100301,0.0254021386634317,0.0171168416686598,0.0258984588927111,-0.0031299047466811,0.0421003869961273,0.0149286932329255,-0.00247886698010301,0.0166062239237327,-0.0429372366166367,0.0055269532501671,0.014724088309564,0.037000307600619,0.0159428492921187,-0.0027185089431286,-0.000307359049138853,"Arctic A"
"MN233988",4.67279428134364,-1.94709695110285,-5.36469276244916,-0.833213706745884,-1.12935178542444,-0.524344646193473,0.0766320412659429,-0.403180228527435,0.659582199663943,0.117309631060943,-0.91414741451236,0.907070852609706,-0.632457434446865,0.0396300210193839,-0.183950241477746,0.172150215521965,0.0727944006358339,-0.0607390692307834,-0.311301733908748,0.0518483867932309,0.0917401438422192,-0.082863249789187,0.0395186740818235,0.573614499881277,-0.184987643664728,0.0723861069297745,-0.463538536710495,-0.408610218468054,0.0128324549763256,-0.269322053917486,0.085796236439542,0.426728875325609,0.257940427144619,0.169373114021333,-0.0483065458455467,-0.106181032474676,0.196098536418499,-0.246283036097311,0.143245313998511,-0.164333340102833,-0.035131407911768,0.0895848861154692,-0.0834763302799214,0.0604374486093845,0.0339705209271578,0.0212060273371334,0.0324096793577974,-0.0638619196439758,-0.0109988656386846,-0.0279257340175241,-0.0610617650336443,-0.0922555907087457,-0.00974274628089098,0.0216940043571951,0.0550873346171266,0.00930234619965354,-0.00331048223336945,-0.0348594722258142,-0.00197932478117514,"Arctic A"
"MN233991",4.37271961187,-2.09249799653978,-4.55227862018173,-1.58123554029288,-0.86216768270384,-0.107516734719521,0.130743778728764,0.6902267555588,0.444972703431386,-0.170177679653705,-0.120363704559304,-0.162486490292175,-0.378801335221086,0.380099953900703,0.235566625723546,-0.637395995037352,0.336531002033144,0.86996451039019,-0.295755615404331,0.00125507843543823,0.395045671291498,0.308044494313534,-0.382857126950639,0.477623822054362,-0.617238605735324,0.92237475791331,0.321454807170118,0.353244765613345,-0.366566638518699,0.336199757447098,-0.543121233339894,0.405239539113997,0.478867083716592,-0.229734904193525,-0.34853671397013,-0.428609309436541,-0.109650244562374,0.134807664513926,0.3891389184138,0.579854412577352,-0.18829882587213,0.0653197163086132,0.00933926741955324,0.164464459767643,0.0486412522555903,-0.0479931693519803,0.117383318856093,0.00984171455929023,0.163983636804412,0.0914801744821483,0.080610536883023,0.0357696309740133,0.0769048391712407,-0.0674395143283802,-0.0445727130187595,0.0386880354568709,-0.0420296618749169,0.0173263325820178,-0.00410652948028748,"Arctic A"
"MN233992",3.75702500173048,-1.77700641075421,-4.83587187524073,-1.64954662911148,-1.00348202417177,-0.445197947417417,-0.10062470281684,-0.174352771951662,-0.0526154989237608,0.136049879657385,0.409076322547471,-0.109409289758375,0.98340666816038,0.0246495618346199,-0.00887488613753734,0.381215468869503,0.0701925382040262,0.0746134998146818,-0.0603107514031848,-0.352353131982063,0.664650620268734,0.452293552550422,0.230925049490629,-0.54878219524047,0.443891447073294,-0.459755586650534,-0.558869239208177,0.00189824012350314,0.316155934436228,-0.137031609819171,0.174967470650998,0.373011276673916,-0.198478082190907,0.183686215978059,0.0809347843220036,-0.0405640206712565,-0.0680426606942588,-0.104893944982676,0.154131466578981,0.00368943243249754,-0.29156790734574,0.176937780378859,0.227610029686521,-0.0876436408508983,0.101995763386145,-0.117456545520192,-0.202690038943527,0.0848362210820936,0.040262010636725,0.0648211863159644,-0.0844192764054436,-0.0175505331824439,0.0189634042641125,0.039038867599735,-0.00163492316751628,-0.0503006851835313,-0.00421956065260769,0.0248717025270355,0.00424012744217268,"Arctic A"
"MN233998",4.22609797145824,-1.90064345496315,-4.9937051708461,-1.0811287971614,-1.44120720740085,-0.024156181304651,-0.178832504028285,0.0400071544219666,0.864011739992209,-0.176861951435459,-0.564717285521823,0.313099775629044,-0.767843860961986,0.329102906159707,-0.26745324570103,-0.150009722120188,0.24797530471032,0.265728699380395,0.204663550618353,0.141887276263265,-0.0870993795723221,0.0527906979346653,-0.343645741042662,0.112074913212525,-0.0143028911953065,-0.0699318929778154,0.215107635125148,-0.234345869954109,0.00516481112473473,-0.0423196005270131,-0.0587814909871788,-0.0870094470410655,0.0233227325509364,-0.0849973480613878,0.0299212147565595,-0.0711623396084186,0.0709095472187252,0.0424427394793376,-0.0928097830970573,-0.145825458771493,0.0666220820222116,-0.0228633938770405,0.0110862501653405,0.01800103024347,-0.0419328755847618,-0.0352136655110391,0.0122409468190009,-6.1100323125519e-05,-0.0128467678789707,-0.00974856092730917,0.0170623701637252,-0.000714300179598277,-0.00532185954262058,-0.00510590454820119,0.000718709523708142,-0.0149946952872922,0.00956885714482471,0.00692239371677798,-0.00108105982705115,"Arctic A"
"MN234000",3.6304462726973,-1.75606608596044,-4.96581357665448,-1.80005436873986,-0.972718509634136,-0.484959265911873,-0.116019341095298,-0.85345656580892,-0.265711466680799,0.00823837185345587,0.712197830490761,-0.12832144948747,0.387760616317163,0.453144971263774,0.510494076292174,0.0546915152382839,0.38307357199156,-0.0170337389099248,0.0333308877605189,0.420533402957634,0.574593157154307,0.803269258883433,0.94515037471475,-0.628750819054697,0.394955505605615,-0.360834578144353,-0.407902186913696,0.114215303390641,0.362218072045546,0.216393319428972,0.0213298105409637,-0.073809813986231,-0.394136481704505,0.0167066001824368,0.125253064796149,-0.130937065076388,0.410178982391227,0.0211166772164255,0.476593591698912,0.0376848449792224,-0.0555673277357656,0.265217058749015,0.325612779027371,-0.0229436749696763,0.110791564272073,-0.0707778721380079,-0.0691251726288869,0.100874895778564,-0.12725339237253,-0.0418261219909964,-0.0263869810797153,0.0596100055956729,0.0198390846748423,-0.0419334605982993,0.0354128764130721,0.0136053464729181,-0.0125811583911965,0.0317896522617347,0.0206178893008547,"Arctic A"
"MN234002",3.76162883162781,-2.21083055993384,-5.16737863584859,-0.843940906839239,-1.29010249904307,-0.0772458036903788,-0.343345226341692,0.164826666307086,0.329473143771039,-0.661578542935871,-0.363926266640114,0.977797856753892,-0.828308495678437,0.312105915347557,0.513556586919418,-0.65751768038179,0.588652592435958,0.331650928622943,-0.0990766226143886,0.672561399882307,-0.36347364388167,-0.122437913296035,-0.00834419438327672,-0.0890349599593132,-0.0621415877962762,0.0251864582990547,0.0471065009668073,0.144566100249376,-0.0610449330506011,0.315804669859482,-0.149588476751777,-0.254511098090103,0.0191978620223929,-0.200379275348991,0.0156974290320359,-0.0655723908662103,0.00682679645154742,0.0366812916010492,-0.0896288410309281,-0.124610630794241,0.0279175982729231,0.0485173158868554,-0.00247688989061996,-0.0463156503868889,0.0396776018053855,-0.104798832016056,-0.035123171067663,0.0313345228218725,0.00156597459012639,-0.00535663168842318,-0.00971212317514264,-0.00232405376826849,-0.00472594143825936,-3.15262221625605e-05,-0.00757689492759174,0.00743652460214051,0.00151368125275834,-0.00105432487275642,-0.00231178217883633,"Arctic A"
"MN234004",3.72690068076095,-1.83115196430612,-5.22614892046131,-0.923101524648585,-1.75795789641529,-0.190487435310399,-1.05387012143465,0.357161670721495,0.127140101240192,-1.41122651419924,-0.884873157685913,0.985291202195953,-1.17005156938769,0.792524531124041,0.0128585985114676,0.0138807909913599,0.676552498439334,-0.227554851500942,-0.437983937071982,0.126191366350875,-0.324932936898544,0.00260334712125021,0.516303415409917,0.268602068721214,-0.111088627805935,0.074938640721372,-0.0159646311579651,-0.182100100047178,-0.434852124388615,0.329470453246585,-0.226098217233929,-0.277472003512195,-0.156008737426874,0.468515845447874,0.360233232567993,0.139982556575575,-0.328079408819762,0.325351185011688,0.0338333864301537,0.118691093639806,0.205996121577544,0.00239649613119257,-0.119777474971089,-0.23872876996903,0.0521063067224071,-0.0740937455421648,0.0437430828987404,0.0158837454513234,-0.0701484643487448,0.089274734357371,-0.0205612602714764,0.0123677729565286,-0.106429175842468,-0.0246225596196346,0.00124899907406564,-0.0234651576217545,0.0219241659056219,-0.0196780174805202,-0.0117071316027823,"Arctic A"
"MN234008",4.1195284706584,-1.86386901595707,-5.26744448038017,-0.948192321762021,-1.07164353564677,0.176895443114469,-0.182225380670332,0.636135743392866,0.230894233636071,-0.735465798106303,-0.666020704727798,0.90690309526217,-0.400567137201373,-0.0992791705309269,0.117487608379872,-0.036189142873008,0.300164917706665,0.21540119826915,-0.215260016041668,0.115526274028216,-0.247044353347398,0.00104441845694869,-0.489893581197644,-0.0575543035625636,9.5111268251668e-05,-0.0360606762017844,0.10823840312851,-0.00396129791016799,-0.0241413765530665,0.123442056569535,0.00910798597262314,-0.0636555167102498,0.0385280320879478,-0.160633944555027,-0.000243837370050234,-0.155102550666425,0.0539312821278692,0.070149256196831,-0.104110924978602,-0.115912685643537,0.0192324247889454,0.105589056488409,0.0196204213626679,0.0751041653241316,-0.0468423091993494,-0.101901182451924,0.0571515391042315,-0.00322611052964595,-0.0534712663378484,0.00846498973117579,2.63377292607766e-05,0.0221689118664477,-0.015370676146448,0.0219612173418011,-0.0123712455122816,-0.0243321099996895,0.00725553401674418,-0.00249476254506724,0.00401455809014597,"Arctic A"
"MN234016",4.39667746755333,-1.90055389401717,-4.67568917159504,-1.21630082168447,-0.920168687524646,-0.389353409006349,0.406467883341367,-0.345356245161097,0.537052000068678,-0.130448552609249,-0.0135475515778539,0.290937420768654,0.270423662479297,-0.124023460066281,0.24862632070013,-0.33163746180304,-0.251118625411314,0.0117496070256401,0.455603190766388,-0.537441739072509,-0.319871509687796,0.325196889566637,0.0259831783039851,0.0675821499806018,-0.00870994966377313,-0.00605512931482083,0.157020967732381,-0.16636572224713,-0.0169504364776914,-0.17720009436641,-0.185238932426534,0.064993667253934,0.0560980104247972,0.0631121926173124,-0.191217969943735,-0.00550117122154897,0.042095950715245,-0.265390863675918,-0.295639339531673,0.290127048344768,-0.0087436392899535,0.111707431763253,-0.0814933748947671,-0.117221169729781,0.0338492211244195,0.0151082321380529,0.110602839488032,-0.0184731996465165,0.0027720568439436,-0.0428959247937815,0.0321593809489983,0.0070183039759681,0.0031525320706204,0.00532058246605154,0.00317750919606056,-0.0279228589641894,0.00163489003414517,0.00145921086400415,0.00381449204760816,"Arctic A"
"MN234017",4.23744921240672,-1.98020609318813,-5.04308112615895,-1.79567144660184,-0.653646264915777,-0.192792403285487,0.199500020294612,-0.307900546853118,0.106896334102875,0.252574234052321,0.0111879510492589,-0.110224647718626,0.257647693344273,-0.170628702379733,0.138818386814129,0.05861505977414,0.258890427355206,0.212068546365671,0.552321846535376,-0.176574142414058,0.186274828954476,0.33938454514145,0.176461686925499,-0.231265632096674,0.314417380580062,-0.0359163861593088,-0.140654981579364,0.162345380642409,0.0787127498379217,-0.364175915924964,0.0660900770169142,-0.177222863615789,0.0563994497500703,0.226279602135558,-0.0180307529278223,0.155065051582733,-0.23127188985894,0.132919433821771,0.00242054181873266,-0.0157707090669177,-0.109921492588336,-0.0056924208303666,0.0331227410423873,-0.065024281479528,0.00936129056353514,-0.0162123065966905,-0.0198418401375092,-0.00570503862129771,-0.0250925270653996,-0.0391076292251119,-0.00202988689446736,0.016772117322825,-0.0398294875784533,0.00523774834063034,0.000920138203038169,0.0173208476360419,0.00980255316827637,0.00882214707237687,0.00831177620401437,"Arctic A"
"MN234018",4.38674150704387,-1.5799815412271,-4.79218926592726,-1.18458856584943,-1.14675516573129,-0.323574215553045,0.236786706187469,-0.134548049673929,0.455557759734986,-0.114058354937582,0.513875071064826,-0.618814503089474,0.0162408732108577,-0.278987728904035,0.462542195869981,-0.0899388111026754,0.137690732875327,0.151510669650756,0.0125237382831573,-0.623531351644033,-0.10578665547025,0.155566035276602,0.123062865587314,0.333243459558397,0.136586113020954,-0.0516522098711598,0.0245749790931311,0.740073108268236,-0.212074656334749,-0.519122103825462,0.10032877333797,0.340316143332876,0.352688091119995,-0.417761170427233,-0.303098374430613,0.166854546643421,0.0452665254882807,0.065450236021638,-0.115131881799444,0.366514521051295,0.0124013346897927,0.243282286030436,-0.380426962380595,-0.135793074309249,0.221407932527232,0.0107816800547015,-0.00150024731048962,0.161508323238535,-0.0146079519221231,0.00252861159995612,0.00850015489183687,0.0199035093146797,-0.0490420782731691,0.0503619782584723,0.0467211086984228,-0.0056640469359799,-0.0218055914612754,0.0143635102284552,0.0149993087438986,"Arctic A"
"MN234023",4.24710080294618,-2.06484400140405,-5.02942027757639,-0.723685321174547,-1.24871326450028,-0.387792452376859,-0.196646249903972,-0.227726877267603,0.672332951523232,-0.00183354562844593,-0.310241108241651,0.216523614460969,-0.531823112348044,-0.137302842084336,-0.504259384169875,-0.237048736982666,0.374580021415116,0.261509627750547,0.0824822085851013,0.178004885073051,-0.00148001586851195,-0.210159117142145,-0.436017370903505,0.284153013913545,0.232886321729879,-0.0777523223303642,0.369651732193773,-0.348830612330666,0.166184843515273,0.0381401910285345,-0.156377975490801,-0.0561454105830299,0.0206191589968528,-0.0128117806519433,0.0852895648313613,-0.0939952143614765,0.0630797608219038,-0.0592889375611065,-0.000798618911806096,-0.118669807629769,0.0594525113200846,-0.0553398614512481,0.00657791233649656,-0.0199476315746415,-0.0270888434261902,-0.0259108597085101,-0.00438620855565726,0.0133461447707075,0.047333751201037,0.00282112365936668,-5.11279681006408e-05,-0.015573072101975,-0.00377290600515821,0.00120721270370864,0.000357960918419857,-0.00397915435559659,0.0125157883093692,0.0061693832055478,-0.00294506548682328,"Arctic A"
"MN234043",4.19102070132295,-2.21800852610374,-4.97502440349531,-0.930295195274044,-1.11241622262124,0.0512914997127298,-0.308394688304549,0.524927035096914,0.037668866966736,-0.504469759538307,-0.586316651515912,0.942176652550371,-0.93487402240217,0.223662500733162,0.0116082181000985,-0.165237476285283,0.154773706483435,0.347054189280324,0.0870822389966894,0.153074308018952,-0.107589569464311,-0.0818553712999307,-0.474888742875308,0.0932048362078174,-0.0208077936579425,0.154674564525637,-0.0361326975846768,-0.167371954044208,0.00155646656826465,0.284658388275709,-0.0277627855568319,-0.194478046510545,0.0346889588112682,-0.258818121743127,0.0397785671265528,0.00494739809364567,0.0190358362380498,0.0157834277289612,-0.103014467023931,-0.139526937513067,0.0640832177377353,0.041174828318429,-0.0149197697320391,-0.0598395417713877,-0.0139565824028608,-0.0743481128526012,-0.00906796938477971,-0.0253603245072858,0.0162144753707778,0.0366830374493185,-0.0027915208810092,-0.0111350428728952,-0.00914472271821368,-0.00406331714877177,-0.0129920844789858,-0.00808410304688539,0.00100052273247157,-0.0164693414592182,-0.0067572546722044,"Arctic A"
"MN234046",4.23075276134576,-2.04277964769259,-4.59946537872745,-1.24639416560388,-1.01509696351755,-0.17805925571041,-0.337670548028485,0.806590380338431,0.193626435777769,-0.692030159407915,-0.321437305363615,0.324253304250499,-0.898381171830935,0.0126770815782027,-0.0356420716577748,-0.455297162529596,0.428098476617979,0.873549266779284,-0.552643794701107,0.122485721143059,0.349441665500835,0.239395053547678,-0.430950127586472,0.285287755468958,-0.688937603013433,0.966541049862107,0.356650698527776,0.551197767149794,-0.408705136096459,0.212113086790671,-0.230743169937025,0.189720871955537,0.0648574232322235,-0.173922821551945,-0.375828588388308,-0.329746996812033,-0.190450899766696,0.0898170810940581,0.36650490476404,0.685658837352613,-0.129699787291067,-0.156724836936725,-0.0198625266699582,0.20866889601002,0.152201367885784,-0.0752563652368946,0.115446107815206,0.0225516562723108,0.198642161491955,0.0633986554632008,0.029182498077641,0.0283566725583396,0.017375480355682,-0.0431397928244451,-0.010079429660464,0.0419097174263089,-0.0350176679580869,0.0119246730708758,-0.0132021569481106,"Arctic A"
"MN234055",3.93929489857776,-2.31564972207701,-5.18608786505815,-0.708257216252196,-1.4213118728019,-0.181261740366903,-0.310541756277866,0.206987092142562,0.448670603294702,-0.798245998280548,-0.0794192585611444,0.902804573008013,-0.835723337652024,0.296301600664064,0.744737232719281,-0.347514541679169,0.519024672509006,0.282232028806524,0.0123282645800796,0.680665678777675,-0.314500414898088,-0.18389884843849,0.000711537011846165,-0.0920834566700043,0.0922388019235941,0.140110194885239,0.0220833758966242,0.287303811948303,-0.21656186125648,0.254991136206608,-0.0731325137378039,-0.29843055918822,0.0485493405094289,-0.240011728985145,0.110494674702602,-0.0544887419323754,0.043312576620625,0.0728257995900597,-0.122527464013524,-0.103926304432707,-0.0297923334386039,0.0472483812414858,-0.0180084083843223,-0.0465730407442548,0.0466044170612145,-0.0694994516772883,-0.021029774527544,-0.00363712014487181,0.0148236854414483,0.0125834236738281,-0.0108904419173759,-0.00591381850022431,-0.00684375686819558,-0.00334159403722823,-0.00728402097053559,0.0140471280491226,0.00580647220755307,-0.00840589731047085,-0.00398623127014457,"Arctic A"
"MN384717",3.68189635178308,-1.82720558213289,-4.39462733631661,-2.40378803389262,-0.0291801539302476,-1.19118149088665,0.183717530551166,0.468803040078344,0.069940377777614,-0.249312570389981,-0.0195602403062488,-0.784072393691467,-0.674412295755299,-0.771937593493747,-0.591360047047597,0.845854808330665,-0.544341007658926,-0.132050620884005,0.281136568007491,-0.380878213727572,1.23232418539254,-0.194964373282496,0.414077117149095,-0.465841771313617,-0.803638640678799,0.180145730265131,-0.210274112807182,-0.165262300439068,0.0368537485755929,-0.713059122379365,0.724005300279783,0.308102085429279,-0.0530614168433544,1.02254649509784,0.189617031962881,-0.0722233972943883,-0.218012586749913,-0.152168591004513,-0.146877657849831,-0.142142262480574,-0.0233272599760911,-0.410798584295274,0.0650779099737817,-0.0385620813965467,0.30082334777568,0.00972325397428579,0.154655085250101,0.217442271230547,0.0123678573249953,-0.106423009581072,0.00790068836574786,0.0601521834568257,-0.00850905044024223,0.111180023144038,0.00280407083008004,-0.0772878802709787,-0.0136359211950547,-0.0224950667758922,0.00409104152558833,"Arctic A"
"DQ666289",4.67301895184696,6.52069644470808,1.45252972536373,0.342060290025685,2.84944741214729,-1.29647711553267,0.873706844076278,-0.861173820486762,-0.336161619644521,-0.456227273744125,-0.582549592696659,-0.340923851076857,0.473148830648727,-0.282599686311035,-0.275412947890081,-1.1891135767483,0.184489981431431,-0.694961803520941,0.583615705954065,-0.479786033829901,-0.177163641370974,-0.423545966120989,-1.0579377567967,0.206986022285862,-0.100418887000367,-0.147871364603119,0.0390753710271714,0.100859894829297,0.445018150773182,0.120028455902674,-0.663562415772811,0.132242676611249,-0.102221955468863,-0.0526111178930887,-0.0308629547123324,0.598354287509983,-0.32316011443114,0.173055289154861,-0.232609206929156,0.391512461041815,-0.407209825575579,-0.00892980364049276,0.34256831359278,0.100357741521949,0.081683408680507,0.224578438178274,-0.0449829490623984,0.183004484353431,-0.112542950433929,0.452852216475189,-0.178899588340106,0.268467326576846,0.198642501813355,0.103557703327139,0.434872040961537,0.225815514821047,0.0184082787532947,0.0362506280983499,0.0146900715560089,"Asian SEA2a"
"DQ666290",4.46667879661201,6.49851426041516,1.3282074371674,1.16938295805237,2.69489233962959,-0.642392323077512,1.04622197057096,-0.439515318181978,-0.258210861756753,-0.208753624198488,0.464501149029636,-0.576380380018454,0.374727704787921,0.204468307733004,-0.306614348723037,-0.404162649711483,0.0807224046732375,-0.329304302573691,-0.0767419626125016,-0.209185587049069,0.285194763789953,-0.163222389796207,-0.809281187646427,0.158062877012884,0.367642861075067,-0.224906474327292,0.0881820104678727,-0.102943035658914,-0.163822995760748,0.290590876672067,-0.302522619289778,-0.126462617438924,0.0167171543815281,0.227233850244429,0.0330454082187677,0.271209264944175,-0.275906912048733,0.134053335837502,0.0293061766193069,0.055698567805809,-0.0386037071482309,-0.0349295321844871,0.00565435031938726,-0.0102164093036168,0.279856113772215,-0.320767534799983,-0.169172757736629,0.00619279642056342,0.124329976913277,-0.00785950879556126,0.137438707551283,-0.119092397229645,0.129458189897672,-0.114770784881901,-0.0396716764590025,-0.0243922186834641,-0.0438350799614102,0.0155681900896441,0.044447963315357,"Asian SEA2a"
"DQ866105",3.65861711162016,5.95108945453906,1.10362969767856,1.4726489222442,2.56004167024616,-1.9139701445941,0.108007148067474,-0.566770585982388,0.563557774589843,-0.875966453891047,0.361738423191441,-0.138087063067621,-0.00678053435931467,0.599634144259321,-0.547263385731475,0.320681024262387,0.369235581474103,0.526301062879856,0.18124463121464,-0.168063019018571,0.873518206439862,-0.931906834988094,-0.0437136597610342,0.640479251929454,-0.140790723033455,0.386108573340092,-0.039669350169671,-0.226070807251433,-0.374240162984324,-0.0293869736018947,-0.0182847159099422,-0.833923528204986,0.548518891811939,-0.130006256351649,-0.394225198304393,-0.132943882775515,0.219696191560393,-0.128292252143746,-0.158793466643826,-0.10261747908771,-0.0819973060331453,-0.455821803728688,-0.101556542968306,0.127307372873217,-0.314125857626693,0.00762942763629019,0.0365455854470581,-0.108366444403406,-0.0999222583232644,-0.161269086412844,-0.0974401743511303,0.190905510891473,0.2106341595069,0.0963974262366729,-0.0218872250415829,0.00843762892536037,-0.0267765696177628,0.105952861648746,-0.00911413132615547,"Asian SEA2a"
"DQ866106",4.5737608682464,6.32890538302231,1.27888373540157,0.318516725813864,3.01505984898131,-0.89642080647379,1.41081159935572,-0.324384536081851,-0.445607201903608,-0.374952949903203,0.192115118199437,-1.00003468754886,-0.380488738382815,-0.0263405487784578,-0.0922231775105352,-0.413101217758911,-0.0121390514466607,-0.571020013991136,0.125790998455062,0.0434166953172728,0.210309964261694,-0.0272296805891621,-0.260352234583038,-0.0425699358902953,-0.241593421522884,0.267453027693988,0.0541114011142226,-0.0179452291451641,-0.313650561718174,-0.0303395890295802,-0.0460190072809586,0.127949699839354,0.00220321221018884,0.380599102563196,0.0194290227705964,-0.0212007337436651,-0.0089509260418309,-0.286422768507227,0.0251132698705314,-0.0257000241375647,-0.152446941651923,-0.322974931467412,0.00150813000300929,-0.450098795087959,-0.0961941741983628,0.17315433754714,-0.189253954374425,0.0430280055122429,0.0610486675836793,0.0325656860692453,0.0210827184080169,0.015031553703811,0.0713542196838678,-0.0312091059295924,-0.102593973619335,0.0481663408289421,-0.0594014303500243,-0.0143688958590004,-0.026783514028726,"Asian SEA2a"
"DQ866108",4.49036114095429,6.38096614951693,1.55296445571903,0.561041230922691,2.47471141932456,0.222756062086888,1.27892400504528,0.384605494458776,0.117162396885684,-0.398871358596201,-0.169622788198671,-0.842794175354821,-0.314782594334675,0.367837207860063,0.217179917155367,-0.0912216226654988,-0.0185256092306602,0.0245289057641519,0.160003361864688,0.504790606835468,-0.103437229402798,0.654517017046818,-0.487638610846632,-0.196341217425797,-0.279297521481546,-0.167822720659689,-0.159391185592705,-0.207007505537929,-0.121525269929933,-0.103323577546284,-0.0546189272790924,-0.173293800046271,0.104266724668281,-0.192500000283337,0.155333854306856,0.275028502965105,0.141047894390486,0.180888865631362,-0.244623088961219,-0.124296990245653,-0.320409173179353,-0.0919234729950228,0.319472444757283,-0.0486992836891409,0.025765386372134,-0.0623163352447224,0.0988702364689845,0.215128816146669,-0.106599843472989,-0.0507281194141892,-0.0204764472631292,0.00500039129137076,-0.13699058882282,-0.0656585732954228,-0.0130958933079024,-0.0212092257852725,-0.0816180078021237,-0.0861066133156205,0.0174186139307489,"Asian SEA2a"
"DQ866109",4.89323901983959,6.47961377077138,1.37864096149638,0.446900639739366,2.7075161189828,-0.233085208341347,1.35408676576691,-0.103734586300126,-0.180494367748987,-0.457290625908914,7.39739599042634e-05,-0.587425858488696,-0.300614198476428,0.218947667240083,-0.0774144771395186,-0.281423261332023,0.0437809951848112,-0.267985136707173,0.202675509345462,0.400945409115221,0.031652712479485,0.275124593642289,-0.549563449038175,-0.0494729764667835,0.0840125505075775,-0.108776454152187,0.0496313954036884,-0.147499257574743,-0.13402985895779,0.210596538088237,-0.0705465040962526,0.164870633861742,0.161992792305989,-0.223090694996036,0.313114377377079,0.190647437279526,0.125131295598123,-0.241598190550429,-0.248564444204866,0.108404874202614,0.0433510351597806,-0.008038646226255,-0.121811594774133,-0.133353784427439,0.118474353867062,-0.0282369658749356,-0.041173075484094,0.0554834151686238,0.0495627422558488,-0.0557657428390241,-0.16771197563913,-0.00686872627879103,-0.0951727823290726,-0.0836679560592885,-0.0826675486962151,-0.0235894559965237,0.176247526285074,0.0428312271282517,0.0109462171621886,"Asian SEA2a"
"DQ866110",4.21740635949184,5.21759175045527,1.06531295982524,1.67574451623298,1.75249209273872,0.614378365680915,-0.0492168626752026,1.21324599987382,0.451176799181924,-0.427489720656756,-0.0121813301106943,0.61437622571733,0.239099236136592,0.525741033350979,0.84136453841072,0.438815994623763,-0.114229353241977,0.133191105815052,-0.251098869615668,-0.724356587314175,-0.622133977781071,0.368650397539163,0.615924364258107,0.266502074307706,0.128255590301796,-0.302187835354027,0.37118782099486,-0.351986862129696,-0.363753685023337,0.253860915671672,-0.00926628432575628,0.505263582274886,0.283975949814862,-0.177638987974551,-0.0823238161317171,0.180132266737158,-0.0288722888356613,0.122028093875156,-0.247589923987739,-0.0164649770237574,-0.222200614640879,0.271712964986651,0.00663038494425793,0.292712114496745,-0.183187913663139,0.22889467731317,0.122024615381062,0.0239548558246177,-0.0946025470550225,0.192976877344409,-0.0514580533056849,0.13375524950365,-0.217090462292905,0.0855656290253926,-0.140718019525592,0.0856767076933041,-0.0596516143985411,-0.0692263704253146,0.0233298005677122,"Asian SEA2a"
"DQ866112",4.9385777858239,6.46523276664282,1.22942716106037,0.684616540418527,2.53165932964063,-0.809381954480504,1.3414391287163,-0.301596741104052,-0.405329143681426,-0.156344407608622,0.222055277708737,-0.934291845388376,-0.639972758430981,-0.223407244093875,-0.0891621568392764,-0.521239677312931,-0.419248657962504,-0.296669681266245,0.301716477992158,0.174035950668194,0.195893926216339,-0.0594784186396929,-0.32560893694203,-0.320142381956315,0.102748849410534,-0.586569440890441,-0.404366573414015,0.323658356143161,0.188708377410686,0.440890133086536,-0.307359989727854,0.526032628906039,-0.211075693316024,0.0308851773175511,-0.289138089442321,-0.188299579931598,0.115550346634767,-0.157138650782649,-0.0378760112693568,-0.0695810792931276,-0.243347032155856,0.0347659931585494,-0.0199888042875008,0.00246898881566715,-0.101980819588023,-0.0802168604831502,-0.0679318579027089,-0.0754389721068617,0.0424625071019767,-0.0328683361975048,0.00239935128201549,-0.0500686825491329,0.00607570342112734,0.0308541586853434,-0.00570478044626404,0.0124584328404429,-0.0401135762974395,0.0172108948031636,0.00831192252047353,"Asian SEA2a"
"DQ866116",4.19021440152817,5.28751830064147,0.585029111041917,1.50165447972455,1.19108351962406,0.797901696306317,0.0899993656698784,1.19082942980875,0.409434880939542,-1.51703227112845,0.481592767219188,-0.208276683476404,-0.474070225921129,0.617000631963617,0.326103026424816,0.841371449128148,0.14948200443581,0.330696817411953,-0.685237708721274,-0.45071124433672,-0.197223147628413,0.239058702022491,-0.221784186844053,-0.0820341257107544,0.0273634450685842,-0.114682327300841,-0.176954807323432,0.326886830314968,-0.412417861688025,0.110680171037128,0.128632513049783,-0.64324405320682,0.334305005836483,-0.00785172017903548,0.12212576681484,-0.139276381545626,0.188780984009855,-0.131487788928213,0.172307074128472,-0.071705191237812,0.0543728937761562,0.184540998586224,-0.00517133661314435,0.0642599812452025,-0.113189917213707,0.0877828410276814,0.0887484542901492,-0.0335358351307573,0.0297727278214487,0.11227098599827,0.00202368805908004,0.0743380289947578,-0.0206929567253646,0.0270629009778699,-0.000668636091220578,-0.0501532736640355,-0.012381333986608,-0.0233754302846386,0.00918181347198561,"Asian SEA2a"
"DQ866119",4.88622483213727,6.06561430801476,1.3009945470296,0.450527426114258,2.95063287757702,-0.428145620392226,1.19512749813406,-0.371310938420632,-0.233528785887095,-0.435845263244735,0.206653997950031,-0.680846317918321,0.145616840695808,-0.361563357998878,-0.203892683157364,-0.370567852401324,0.216493417691877,-0.418735259911805,0.00472036897000942,0.334690733337384,0.0635366763327596,-0.177549496920887,-0.599311921272648,0.0563756652688158,0.127042950712729,-0.338869019873851,0.300660747614472,-0.128814021219704,-0.122890666074329,0.169081592332344,0.013579303427568,0.415293934625833,0.0914311086560509,0.0831452618254793,0.193983999861818,0.288041878326905,-0.0967046508554978,0.315745859800831,-0.328866521854734,-0.121117847599879,-0.168655813507317,-0.183329199866354,-0.265000914077625,0.230240633030914,-0.124026120312293,-0.0644857167263449,0.255781490217829,-0.0973338982670325,-0.06284258821506,-0.0477017374689983,0.0929560381973347,0.0427996360060753,-0.0788347083998818,0.0303174185558689,-0.0420229712787557,-0.00266990946001109,-0.0113391040123374,-0.0168241544020034,0.00150747202943276,"Asian SEA2a"
"EU086182",4.85042830909525,6.06669635441589,1.16422355878682,1.09149912503772,1.94950524801727,-0.0956263796609441,1.00579638935567,-0.828159249005533,-0.133912916533787,-0.428467297861168,0.521822159275519,0.30603426325549,0.281638620256846,1.10581556362279,0.0550801798272091,-0.569170853800335,-0.0720600372376884,0.130946758361318,-0.632237638923762,0.465074526124715,0.0800358592475837,0.0646784735631471,0.255965920243024,-0.183570130142779,0.0831966182305527,-0.263487433713943,-0.561561741609512,-0.211287483220788,-0.168481106508317,0.12926335976541,-0.266150117477417,0.0347273337054806,0.356528382350715,-0.191772819019,-0.307811970759005,0.151340021439837,-0.328761319778732,-0.00923278109199082,0.155784068342854,-0.346070478631651,0.223602783095847,0.120976867226071,-0.19345329746579,0.0265286323716758,-0.00182272044309922,0.249976748865737,0.00754281884797378,0.0883964197433259,0.0860247650677944,0.0726399047777373,-0.0101458410128362,-0.0355826377452333,-0.0575484438323421,-0.00751261516828597,0.0412842295175688,0.00494459594880719,-0.071347336216065,-0.0149618213141218,0.00658010054248365,"Asian SEA2a"
"EU086183",5.00088571900645,6.26731489727837,0.795715782649533,0.76033840295062,2.25298177315423,0.243024568683273,0.795972553552062,-0.391040807764188,-0.589419635778993,-0.821976940317607,0.465839468304177,-0.496171653044469,-0.978671935853145,0.706484104683411,-1.09769882184985,0.360018953663429,-0.391794837772188,-0.062788589008715,-0.613232200924428,0.884933284792572,0.553832236242243,0.486676220497219,-0.415351494595161,-0.771891195709839,0.496465910271724,-0.39645270037102,0.136084179934553,0.0164330616963253,0.225519719095892,0.489328267248542,-0.455660288091284,0.348327006972555,-0.284573434821168,0.102730760151587,-0.178279102160786,-0.108611733094354,0.0195784047155113,0.127261916728385,-0.231040899889333,-0.67717064560273,-0.261844503510371,0.133133174573735,0.00452147419087626,-0.06714665946115,-0.17243373969384,0.23918555738592,0.0890042917163237,0.0863559598445127,0.145593483730912,0.212322692604194,0.0461704052941542,0.112861589707906,0.154518050362789,0.0402843805053976,0.0854177169238885,0.106908658104053,0.163386425838552,-0.240067697154543,0.0283037908589803,"Asian SEA2a"
"EU828653",4.15596904422047,5.2360102407239,1.04590346126963,1.21156756767341,1.89554996235879,0.926280704674094,-0.181816516664119,0.944450554687141,0.32535131207989,-0.897029741643461,-0.0353119790153291,0.444189832009206,0.324684456279769,0.839334685079846,0.618589083763591,0.0837705947921969,-0.142458138800731,0.568412728622606,-0.625566643160541,-1.08758009176005,-0.216620036384948,0.468605402711665,0.367045361645597,-0.192141205599738,-0.363862170074009,-0.626411564898741,0.316628040465933,-0.339199786128597,0.338060272135981,-0.0844961642393921,-0.413927503152117,-0.481399212005649,0.40487213057102,-0.579824988213479,-0.0507051336808284,-0.380854562829586,0.342297305826822,0.0398527942361622,-0.124924622247846,0.318320053796374,0.249287877988724,0.354046672925606,0.288002693876953,-0.144515536593438,-0.155209190202641,-0.0913458836365648,0.00970222287680181,-0.136806065304601,0.178316032485616,-0.214377261983435,0.147534927843907,-0.0877249338540143,-0.142816881397611,-0.0373552816225286,-0.0508802686957635,0.0575615439065137,0.00550043168023388,-0.00450226948897937,0.0196451923479228,"Asian SEA2a"
"FJ561726",3.78987519959311,6.22399623776982,1.0221209571955,1.2623475921441,1.95363218119905,0.0304410897882863,-1.09587943307183,1.20867032192009,0.0329478773869661,-0.816663254224853,-0.199619060429468,1.00009310396108,-0.422379361592445,0.164282589682446,1.43548004050642,0.680777298058087,-0.333374826967967,0.723781185814261,-0.162144886366071,-0.331829847290493,-0.410203835836398,0.77667342617112,-0.418472835645702,-0.158215238800764,0.386701890651405,-0.22547206289152,0.263046487141207,0.0302920498058112,-0.209311506752734,-0.302593133044203,-0.0194521631229532,-0.279313854168848,-0.402064990835263,0.109316801281701,0.0489393216661,0.0660477984115832,0.121529783464513,-0.057990114903227,0.0445789008733323,0.165420687080917,-0.285734744967558,-0.0924234210492702,-0.0522784866123908,-0.0352143738530262,0.0302152707980531,-0.156806369758544,0.250463918419841,-0.0809361790088435,0.0705547483207578,-0.191147855328108,-0.0270104801861767,-0.0630708121160562,-0.0229943900137247,-0.106518200285965,0.0540511730496853,-0.0215241213124344,-0.016188627200453,-0.0715996622230308,0.0527408336679957,"Asian SEA2a"
"FJ561727",3.37847252237466,5.8099255194056,1.06959623922116,1.75882731900675,1.61241035365543,0.730697696159533,-0.349866360316098,1.30888329314453,-0.0290343649884527,-0.799042434723315,-0.0920472923242475,1.40311311702213,-0.481247562966636,0.401595770142208,0.819913182776626,1.13537445259517,0.280797194401941,0.176613633709002,-0.0591557339436409,-0.773821277106201,-0.762940808882645,0.0362141267186471,0.506170298413872,-0.0869937336709057,0.658887426536501,-0.442950182609418,0.434177344794385,-0.352339474966509,0.0869562613165501,-0.409433139405067,0.487825736374449,-0.347067365452105,-0.158108993935123,0.0145109061605489,0.0565387036732949,0.186717943862516,0.115712565204394,0.197609994965479,-0.453110181329151,-0.540875620660834,0.132876494329118,0.515789798604802,-0.242637239974005,-0.0311715078491189,0.050675340975089,0.0433558600240298,-0.205703514949331,0.261847330602751,-0.336873101261892,-0.0383658509882676,0.0319914403894923,-0.0985367797173484,0.13335717692758,-0.105184361328518,0.118154185215553,0.136122504867749,0.00300208138243823,0.100385790416798,-0.126202821002838,"Asian SEA2a"
"FJ561728",3.54546512481485,6.03989480865771,1.40539213337067,1.90007298557588,1.04148295512488,0.274213735844771,-1.76913368114972,1.77504202897229,-0.124266649988496,-1.69694102881683,-0.0053008418290986,1.5556088930663,-0.253142803774228,-0.353926306299846,0.912118673814154,1.7409396247415,-0.252784309872369,0.748521720668208,0.0231525883660395,-0.00120626171276418,-0.975452254622257,0.433687639448921,0.89913798267581,0.585132399989271,0.242682463118168,-0.0434386909991242,0.299183655221953,-0.322813715968664,-0.385936853615778,-0.0319244890805523,0.738919897519335,-0.471231039698251,-0.817625990621283,-0.0654662809632735,-0.0804103115723272,-0.0703195668226985,0.0425331920630778,-0.0517804205052478,0.174242291722954,0.349195828060415,-0.0483726370598627,-0.141236717972834,-0.0978878241533884,0.185966478017274,0.0821905684772986,0.192480835537641,-0.030774496149037,-0.0926842540006441,0.136870822069491,0.0412459244663619,-0.0906955721082135,0.0244302022170123,-0.0980241514606994,0.0607301986654812,0.00119124156483559,0.00177699751055533,-0.0040607324158651,-0.0365570618604733,0.0295005942360265,"Asian SEA2a"
"FJ866829",3.5944618067042,6.42999074281833,1.34474025474385,1.82376347141541,1.4719157242918,0.410402422388454,-2.2160332682601,1.57907853218248,-0.226296240631915,-1.44438799117972,0.330221280389312,1.5607840636897,-0.508847974234058,-0.26686964907006,1.32172621524407,1.74250085729381,-1.04378118989804,0.96396529308957,-0.00142858014599856,0.439170827378816,-1.12622228021399,0.490391911396871,0.356066394977534,0.665133515095041,0.413401268767616,-0.36060312548557,0.345946954359223,-0.0677171270959453,-0.254209088980287,-0.303934193752109,0.544260658025538,-0.29222415877025,-1.07373326128332,0.344620640340445,-0.113454918925389,-0.429399782553454,0.0541579796786337,-0.103277774358527,0.140132093296303,0.319989638046012,0.030680606323485,-0.273656553581146,-0.127394415299057,0.153105155859275,0.3702595447721,0.0771943281007833,0.218274840386082,0.0154494272466218,0.217338112419448,0.0779674611503827,0.245560406073001,-0.024396932772779,0.150032352465724,-0.096779753684,-0.0752846199704771,0.0253158875472863,-0.0254300599704707,-0.00748439309798174,0.0672921725749242,"Asian SEA2a"
"FJ866830",2.99529220655108,6.93688627901197,1.34456491875999,1.53674254944272,1.53073705517491,-0.318020365907801,-1.90164385982315,1.31537842287857,-0.345021784426429,-1.23018019004451,0.0476750840375361,1.83404214373154,-0.929094902553845,-0.20511189764067,1.76756433331709,1.04873105406912,-0.98496326924817,0.695687906831513,-0.0565026781988443,-0.23075081007113,-1.23448485890005,0.0462304090401614,-0.773364172893699,0.23657572104436,0.472258891960932,-0.94593672475689,0.16143703264351,-0.290546790993193,0.185218225024402,-0.748273080618107,0.754024194861805,-0.294631912684408,-1.03947689007916,0.508915277446333,-0.178832441125569,-0.0292569610214125,-0.00776649121156288,-0.0746171571402559,-0.496194512692644,-0.107400066599994,0.0709415737391758,-0.0496291426488429,-0.394445314793792,-0.167886171369782,0.094919000510705,-0.128340858375572,0.0283048164241515,0.125872959923068,-0.232027391365618,-0.0735486736815064,0.153921089386291,-0.300491863518057,0.210828954542689,-0.136929594163076,0.184546783332884,0.155558075364567,-0.0482955840143075,0.179669218423912,0.042903128925618,"Asian SEA2a"
"FJ866831",3.77181984156826,6.59804968989784,1.16160902641584,0.882746937344832,1.81583765866311,-0.310092515473582,-1.52875393326315,1.41609187608329,-0.138121781482323,-0.748904939521684,0.101361969691396,0.997028219340449,-0.316527802149702,-0.048605294495466,1.94161940281702,0.939394191705606,-1.04394110808024,0.933189845703689,0.0646332961996977,0.306296894699939,-0.60412845625155,0.960210441269964,-0.284242287158679,0.299844454261318,0.224896079187323,-0.552548173370557,0.409852559227557,-0.284778312682061,0.246081152609397,-0.0841036575697927,0.16498440515922,0.185604925733984,-0.908458757554703,0.416717242210011,-0.150810240479774,-0.0267406175971967,0.166951064317827,-0.118123187281468,0.166652623971267,0.270471857681793,-0.10487279038694,-0.150634314866281,-0.0387104301857379,0.0490986865777186,-0.0570903635510168,-0.0143292011486077,0.104092889495911,-0.14134941334058,0.0249346765110929,-0.144824785961993,-0.180021907099264,-0.00422699205300993,-0.109937547692872,-0.00819450486848482,-0.0342855178404163,0.0819243852214866,-0.00272124271421996,-0.0884171947036606,-0.036156500347097,"Asian SEA2a"
"GQ472468",4.99853282974706,5.9946131895579,1.03743082286032,0.864158813667145,2.90237259239888,-0.701108962142484,1.35117904354952,-0.466804967186846,-0.465964311732239,-0.314685051835168,0.01333293104394,-0.758872243718501,-0.297043091630657,0.168149312036128,-0.304205510570363,-0.388169378921167,0.159076017404425,-0.379315336638768,0.404031873565117,0.110515172924208,-0.221476775771993,0.379528363033308,-0.388069953830516,0.0821246467484078,-0.0952206416350634,-0.24442290251518,0.147528397007613,0.268388807296796,-0.272442959256383,-0.102179024370607,-0.166402999553342,0.317828640215609,0.19628899814227,0.142998506223232,-0.115800076482671,0.338243097879929,0.0590321214623353,-0.198467206115518,0.0699168175000558,-0.154420758264516,-0.0153687485422767,-0.0323837425252287,0.00920428204917414,-0.35739155334566,0.133696705967601,-0.0552225017378558,0.0339265193621573,-0.171095446518697,0.164269464066393,-0.0152822411310347,0.025274973136452,-0.0570028197624692,-0.0166245604699921,0.0106193775181101,0.0250209752800656,-0.0236418510482923,-0.026908540373505,0.0111633369882161,-0.00372173279674645,"Asian SEA2a"
"GQ472470",4.73561693667145,6.39074259203834,1.14537758768942,0.423250680630169,3.08720443751808,-0.62666275766559,1.79734116743625,-0.264932893749868,-0.537011183374392,-0.370720337188497,1.07412198629639,-1.08112709308914,0.54836460101434,0.479517963047421,0.490459690646077,-0.212812371048365,-0.00824171392191383,-0.767615816903561,0.100859589315635,-0.193296821749155,0.511418806874089,0.167015149988955,-0.584968939904471,0.141343679291188,0.0271976401362757,0.276424695395903,0.116787778376392,-0.0920962919550011,-0.402413441882478,0.119532520974488,-0.0886181795506436,0.0601955007604097,-0.183382875693241,0.195211982198978,0.165522804174289,-0.141509290335002,-0.129676420272506,0.140144572634463,-0.173981836058357,-0.00206331261123734,0.0741201340034498,0.146752519764725,-0.0656793802358892,0.327768798451819,0.135021688768135,-0.179433164610391,0.050050378413204,-0.168091187472387,-0.052166688562393,0.188401867578641,0.299188422872866,-0.0715390794292129,-0.00597345023200502,-0.0293830330697546,-0.0809076215970512,0.0287345740259945,0.013176728751441,0.0196028113103755,-0.0249902492912247,"Asian SEA2a"
"GQ472473",4.71228966290289,6.36016054575317,1.48534176483515,0.481360270159883,2.99057664824249,-0.340622394037355,1.09141333391814,-0.586346219861435,-0.370784271587526,-0.641127728698935,0.136188121636121,-0.860232624945339,-0.0357765282211524,-0.0847436855615079,-0.247726742899428,-0.436678934510505,-0.106479256493685,-0.511746680891625,0.377925613689511,0.120209016856481,-0.0384603161296518,0.00984479192565845,-0.421315257014329,-0.231612013343145,0.277666121406701,-0.105300838990451,0.0952854787050328,0.112323625347844,-0.129406921139651,0.113780996723827,-0.144346395989967,0.253431905824472,0.0388259996736726,-0.0165136281675573,0.263852883221722,0.226636165793535,0.0878648969999452,-0.0451639718509217,0.249682299833009,-0.050626656159697,-0.207104501660863,0.0109828227457046,-0.0237279964398561,0.0507181013341078,0.0341131592981972,-0.0990698913924996,-0.136519507474034,-0.00333705472165476,-0.0362960699942305,-0.0182082665704639,0.0068597398367626,0.0308926825687366,-0.051031723224127,0.029241867269707,0.00996423392850319,-0.0441436076090003,-0.0238463945517637,-0.0157933337075101,-0.00207946128487647,"Asian SEA2a"
"GQ472477",5.08336234435546,6.23343259420913,1.30324920629053,0.700078919834357,2.69672232770491,-0.70370023592579,1.69839693338019,-0.635795805663899,-0.557344353988056,-0.435203322974382,0.105515430162299,-0.74089681759597,-0.102762010061978,-0.419735516288413,-0.571771626638995,-0.520309300371079,0.590160788969529,-0.924147503260739,0.386973389982898,-0.272296229918276,0.4037004142243,-0.3580486985189,0.0979610852743138,-0.311586276977456,0.23436410451531,-0.127513413459204,0.0258481246833131,0.0429962916077783,-0.0158997892553564,0.666318905353037,0.031459551331637,0.299469440526882,-0.0763127595411706,-0.266679348997076,0.105418888041021,-0.163107849405903,-0.0885728962413744,0.0824191019800083,0.0226581855255125,0.137093841003735,-0.363918407110304,0.0114479518293689,0.0761584332108282,0.132211118549366,-0.169604117015298,-0.0625165909946583,-0.147563141022728,0.151807804288509,-0.166848329691441,-0.152993546768533,0.00150831409788161,-0.0691464602090807,0.0305437421213273,-0.130306414632141,0.043572440304123,-0.0905184606122752,-0.02024409087743,-0.044412106494258,0.00907813630405476,"Asian SEA2a"
"GU358653",5.14369005381127,5.84349312782967,1.24550690249276,0.721547476075016,2.63145981733264,0.156935146244797,1.04465000437614,-0.273675858193225,-0.644371315173638,-0.291280829511317,0.481275159480196,-0.408955559151008,-0.147253994498025,0.845183996900981,-0.448793234583871,0.359016447348123,-0.353659008183668,-0.210351949456848,-0.412953461756726,0.363432799653139,0.261707180106595,0.698797031096378,0.297229163498506,-0.281063784496352,0.122938626598033,-0.574569098561772,0.204590504042798,-0.249209280694798,0.099481091662477,0.337071607200426,-0.263827064697921,0.283170376795599,-0.0196406145828314,-0.190649094233867,-0.0581323564187525,0.0329698120032645,-0.0396304179794836,-0.109528981026014,-0.0458490620006717,-0.359785018633452,0.319840875566502,0.0322841981597363,-0.0188742396609765,0.0537752773796304,-0.019532682611178,0.211663464980239,0.143255648017383,0.104861720535787,-0.000942356033082397,0.101906691942821,0.0541650624928435,0.0316933317460512,-0.0505243324749505,-0.00381950711684129,0.00678396750160312,-0.0633310900852721,-0.0501575062188692,-0.00750612838479801,0.0108197538362226,"Asian SEA2a"
"HM486355",2.43912160122109,3.71780303452217,1.34384755587342,-0.949119818274706,0.909550634927064,0.56521865982495,0.464475085272971,1.80751790797914,0.346654933128784,4.52432321001856,-0.908279188734732,0.114316003302307,-0.793378130383943,0.641879444368342,0.355975152689631,-0.0982185495533521,-0.0189631676176763,0.392624586746439,-0.615468370353634,0.0276833428357748,0.0355920926540307,-0.0394356886292279,0.2666728683116,0.374128875223763,-0.0878709268462216,-0.0679906170999528,-0.0924700727519239,0.402655964105363,0.208303400862714,-0.0795243801807202,0.0751930657600585,0.0256703564610187,-0.0814356094485512,-0.0158286871392757,0.109847095796351,-0.0591183536706052,-0.10239229948037,0.096765693555176,-0.0500416150456048,-0.0966410170696308,0.0268839375083483,-0.0188465128329803,-0.0110289304792382,-0.0958007410411623,-0.108912798609759,-0.048750690422965,-0.00523251450356732,0.00795876990950776,0.0217911482920111,-0.0808003729269492,0.0854587031561204,0.00772491789030626,-0.0428626802933826,0.0454624194598348,0.00628073681980737,0.0358502746460476,0.0111325200696246,-0.0157281115694936,0.00458385644079223,"Asian SEA2a"
"HM486356",2.29714983321356,3.83780588980158,1.3307892604623,-1.08838403829776,0.991667638241193,0.452112156908646,0.815618792953245,1.87000782097219,0.338479693983585,4.32770621388322,-0.911009310859906,0.139007474224246,-0.52233989377912,0.506838729056102,0.337303540619181,0.119916256934096,-0.0124456821182655,0.369728038835974,-0.916349988522256,-0.0108819524098999,-0.0196150779091846,0.0296859586550714,0.185349644199961,0.290636932809708,-0.185175890456569,0.114238056785337,-0.275920264007463,0.522268664663842,0.142409837502837,-0.184299826026034,0.053653739704044,0.1790356859149,-0.0321175722415501,0.193496629594274,0.0301729892725813,-0.354446954216914,-0.124383776425098,-0.0384272044243687,-0.0948116165573498,-0.270182568538431,0.211119312025931,-0.253421176656195,0.141154822764044,-0.0846984052696275,-0.0618210676937995,0.0726898354989407,-0.125326591415389,0.142440255871066,0.0415792629067968,0.0224026863905758,-0.00290464993083207,0.130886583496279,0.12510300087758,0.184802443989193,0.0286951008068654,-0.112306770743194,-0.00901613635364305,0.0605759607262785,0.00212647772261892,"Asian SEA2a"
"HM486368",4.67858035990795,6.35127223540396,0.911524296036598,0.689784441588562,2.76354672367563,-0.451207286478234,1.21338718938517,-0.55242437315501,-0.0474905703198996,-0.594664845402351,0.101707434952061,-0.592949615911953,-0.107355928301237,-0.0765085233355564,-0.0608990920114476,-0.612775825453222,0.160701050226109,0.0924636571697831,0.41143319425822,-0.410329083612394,-0.0142171218236501,-0.0763265340619186,-0.613773628434843,0.135698368143625,0.24532587605245,-0.184857000266493,-0.0754185631521791,-0.15746476410883,-0.326384396937289,0.251300886557197,0.161699660346994,0.299352407253502,0.090014573733082,-0.0250545562852939,0.0638777309034602,0.0681202612653354,-0.205465516779436,0.0292027003427376,0.155347239993253,0.0837031931071995,-0.111257621489451,-0.114974131141621,0.00496724217657645,-0.130824958507478,-0.0993458282614237,0.0129761894170355,-0.142856208394014,-0.0135267082507914,0.013720573520519,0.0112756625064928,0.0106803920080117,-0.0273536105716461,-0.0610002088201327,0.0151208826768721,-0.0168033671614025,0.00676098858847359,-0.0294637025556254,0.00890347980687269,-0.00619056246378375,"Asian SEA2a"
"HM486369",2.42541323369068,3.52456852966972,1.27036982621208,-1.06189834588075,0.738544352212664,0.474926266758067,0.488126798272632,1.56688381763917,0.346489173305616,4.35464142381305,-0.672828423884179,0.188429712287043,-0.683543679248975,0.665195795250033,0.400181847610224,-0.290739286582475,0.132360318420503,0.581697281624405,-0.523366010546849,0.311354200476526,-0.111331292325452,0.0506455524180819,0.184246619582675,0.229928467897808,-0.156553496131486,-0.17824383326558,-0.094106381733636,0.476323489656948,0.228658742408686,0.00687429116945804,0.166813824071899,-0.0803437799017684,0.0310480648424256,-0.254037471901737,-0.0921997754241543,-0.0529022979159049,-0.105423027350262,-0.0431616040319932,-0.142049572748015,-0.169425228719035,0.0652018946831749,0.0292154538106827,0.124637086342963,0.251325854548816,0.140741668536573,-0.273387995014817,-0.200017379582346,0.125025054401506,-0.0128686145071514,-0.196430935158988,0.208837400166771,0.0171686286415754,0.0462707703810252,0.0622318151639816,-0.0729655817164992,0.0866554622125834,0.00729956905455984,0.0276816694171071,0.000278867292973519,"Asian SEA2a"
"HM486374",2.65507390307238,3.72478856332946,1.35737304235971,-1.04759175523751,0.888899107786494,0.463618325125898,0.519428622136467,1.78095973584989,0.416856415135666,4.49947165016875,-0.742899812668763,0.207637858396274,-0.883643868545123,0.650615586917824,0.49979540922984,-0.0289288073632414,-0.0282789862496764,0.344378897557261,-0.65714914039505,-0.00734330157572508,0.154122787466049,-0.154216238009585,0.216489085016463,0.17719285656334,0.039596757957284,-0.187359578705665,0.0660193385629134,0.484731586928884,0.081640272896524,-0.0639373295127397,0.178165148372991,0.0183025810343738,0.0172310915976101,0.066499393110562,0.105276329453191,0.148334863083153,-0.112713586469504,0.0496821359263723,-0.012346440272673,0.0766384481213579,0.144107630816243,0.0988976253941034,-0.00405902980118756,-0.129675665160835,-0.114178274791492,0.0236712380117085,-0.122572787302625,-0.180127255420384,0.00375743122230517,0.200986933919912,0.0453223773970063,0.104112983648119,0.0970039996835403,0.0916756717670519,0.0313266451048952,-0.0672393307571599,-0.00267896517742749,0.0721708588992452,-0.0104678502418622,"Asian SEA2a"
"HM486379",2.27409859308968,3.60018727884952,1.38925357160533,-1.12745078856618,0.768748400805781,0.459374255899441,0.605443935532933,1.85892254019189,0.327162130313683,4.59321184184514,-0.823853455858466,0.0609953673577108,-0.818403914602206,0.580756010798366,0.3756204232458,-0.0734186592272405,0.0248348205543275,0.322277711828702,-0.739186744267833,-0.0400157341595694,-0.0383828399889557,0.0178000939378068,0.110893709988762,0.331697981145738,-0.189146775795911,0.288144478933027,-0.0989620711681651,0.418390961758299,0.128995833417835,-0.0306026337189976,0.0784578558874675,0.012440769398232,-0.119986504059748,0.152078564030134,0.0424995079529422,-0.347683853098233,-0.112224964628474,-0.0163950274239439,0.0882305501943856,-0.318552244558941,0.233469211460624,-0.240939129183526,-0.162424638637848,-0.0190709402031848,0.0140576059602754,0.0218404381029676,0.0540493703770166,0.164933582293643,-0.158695541967332,0.240370762426582,-0.0154349061663388,0.142761602685144,0.0369891035024677,0.0461629651230168,0.0537805875452499,-0.0772927219664495,-0.0234976025852732,-0.0366950034641814,-0.000216720052599626,"Asian SEA2a"
"HM486381",4.00738021532492,5.88939900585204,0.426115632281878,1.4461273964418,1.78205780360271,0.404135825463463,-0.271588341439275,1.15784652151028,-0.286907238980522,-0.844322795623366,-0.272389193701621,1.35869351404668,-0.482944816927639,-0.200336683771868,0.251853437041591,0.423381095656548,0.409917334338432,0.862154691325025,-0.134980961725295,-0.982784257737034,-0.924625935510345,0.475009551575116,0.78846852201683,0.273696470865054,0.535683205445661,-0.0948156804067584,0.642196159746733,-0.299928620509887,-0.874640825586388,-0.135591293461119,-0.441724466961099,-0.192068171254758,-0.323735037536324,0.110251851051404,0.514461091070207,0.532655560081628,-0.111343114615788,0.154430832989528,0.336366020875334,-0.149042152452221,-0.161386422085259,0.224303645577829,0.167688143153481,0.13213942895981,0.563120106886968,-0.114512374253914,0.169120826389663,-0.0570800549364275,0.167721638868863,-0.00687861892739631,0.0776694997773957,0.217238673761027,0.222408968755485,-0.0249699440860988,0.0646039107394905,-0.164718474337252,-0.000385660814335258,0.0293482373964779,-0.0135750677130003,"Asian SEA2a"
"JF819605",2.81970088153729,4.13111947394382,1.04533791616722,-0.87253788099231,0.53048561478928,0.101978415703054,0.013782547173682,1.75203975529164,0.470887735354193,4.63870614944133,-1.03711359585827,0.386542899103386,-1.91921186249034,0.807648925009577,-0.330917407590292,-0.213853041088808,-0.208109733162058,0.405039563880059,-0.96559484414605,0.542304565859341,0.0827090093470503,-0.643018574653644,-0.433127923981903,-0.0433215207103878,-0.321538185667971,0.396995560307095,-0.619396438806387,0.503184518571273,0.905226262550348,0.0592833174333262,-0.433488001374651,-0.374995526448699,-0.153194018162458,-0.0922914350936862,0.250970219869524,0.353161824628873,-0.161847270657115,0.14550221193586,-0.432096746515308,-0.0387101125168053,-0.299182655016822,0.592612798618545,-0.10319916309313,0.364770342561552,0.674619299136344,0.97556210723579,0.33650179542826,-0.166672687722976,0.0207177924991901,0.058150029793875,-0.417199453238562,0.0213587872846388,-0.136340383059636,-0.234783680048587,-0.230222821213398,-0.055295939728191,0.0285751167510917,0.134401411811137,0.0249003842487883,"Asian SEA2a"
"JF819615",2.4453919618228,3.78596545928983,1.50167689971486,-0.786787764640151,0.763936175392659,0.533754805661213,0.57920572107812,1.47866593878335,0.68811148277223,4.80335107603704,-0.861366171151557,-0.112860419503186,-0.718134307534913,0.534387419881998,0.12987545288383,-0.0587489848514423,0.0477805028280707,0.462097515126378,-0.712322559093259,0.096395805964876,0.132359077068548,0.0908595739195479,0.259883623634729,0.373667927310538,0.011348240715859,-0.116047071413665,-0.0637667639719126,0.218073748947341,0.26504944941478,-0.469663967276789,0.149766005190324,0.0123190876009686,-0.527187008054244,-0.136509398445405,0.215787101097356,-0.00856411406120022,-0.231259830586715,-0.125871815568881,-0.115853754562452,-0.0852489817486838,0.0407579879255996,-0.157548320487431,0.00712275227065248,-0.0487967279684786,-0.0480393993915339,-0.0784280309622493,-0.159086165782514,-0.119595530964898,0.142025587905786,0.110348011286041,0.0695819305711836,-0.122108021001143,-0.0858775611235124,0.0288698118743088,0.0498294612721555,0.015123720367371,0.0392756661553852,-0.00805021376094735,-0.0258250395494654,"Asian SEA2a"
"JN974823",4.15496192661037,5.31846535004118,0.566925185841907,1.37529956227296,1.96549868809596,-1.33844194380829,-0.0947899833069233,-1.05979597671533,0.341559633297357,-0.880444303700489,0.347341193304929,0.0995923915430194,0.0237305257827546,0.68553612007565,-0.480564598297603,0.164842068045524,0.478453202541608,0.27574196716129,0.0218898061903585,0.0579807221244403,0.187983761879461,-1.16496177274736,1.00741683913318,0.612773032539297,0.655668303073037,0.496833466533667,0.151191091081427,-0.149080050602372,0.0875633695785747,0.170544124868328,-0.531470055252393,-0.251972434769286,-0.0653979195244578,0.158612099735313,-0.233485073105618,-0.185677998444249,0.0626420049124503,-0.0481873328807368,0.205518273237778,0.0918091677108345,0.0749863539974557,-0.0145916236762706,-0.11862925397653,-0.106808515528244,-0.095514463073335,-0.0285143750430787,0.0955957026293665,-0.0292552589173748,0.00687683648463876,-0.087976472659113,-0.0633509608114414,0.0745174286017183,0.0253179732058098,0.0307275368884307,-0.00619416415651299,0.0331619309734302,-0.00700209147091518,0.0349488740517349,0.00531579958994682,"Asian SEA2a"
"JN974824",4.57892067112125,5.10450702703712,0.698279366920173,1.97992768130447,1.45815845268089,0.638038853583817,0.268514194331914,1.02922236155074,-0.0896257416905494,-0.638275325195882,0.22852656089066,0.143846652282407,0.132347190048599,0.797068143834367,0.412137788098851,0.165398174752425,0.168639262227483,0.299069121912091,-0.0352073988023872,-0.740599622901596,-0.60072027101222,0.556155643015267,0.34909826110716,0.375776877220802,0.158850905868072,-0.654558356418785,-0.0187121385010732,0.170595253088431,-0.208087705024563,0.356808901319859,-0.0276804111090994,0.130236696924011,0.246876551956504,-0.096970384624762,-0.257676951724885,0.0322259689239881,0.285845223028039,-0.325515156092428,0.2354245786284,0.0311175432724175,0.0424503275528785,0.264672453525038,-0.0191035209164821,0.0432775065449404,-0.20790672884172,0.196189539778187,-0.0157592108721937,-0.0473440037654851,0.0486202032336394,0.0290039952497103,-0.0126216539830483,0.0332918151348433,0.0261736147332609,0.00612466140704412,-0.0237007047256202,-0.0398696120444707,-0.00642366157206919,-0.0158653666270838,0.0131331851590913,"Asian SEA2a"
"JN974828",4.6978328673999,6.33034556202116,1.25003110899426,0.222915210699347,2.94368389289836,-0.785811011096969,1.51606312480979,-0.391544093075001,-0.480555181845218,-0.589760090072979,0.322580682077317,-0.97718383157874,-0.164458617860287,-0.0966201736185005,-0.143985317004968,-0.428440254937191,0.0847085308109833,-0.47047010827303,0.142649434460233,0.139723364056056,0.108880973739337,0.0243548088398438,-0.550437233943223,-0.117869230460231,-0.256307487789405,0.169163372596115,0.133024543149016,-0.0705140153886955,-0.22351380023429,0.00689557261826904,0.0716219464911362,0.0733794323453082,-0.0158507929047841,0.219632024280771,0.0376953273043905,-0.119105960160867,-0.0953342926713123,-0.112517961610681,0.0267525232577845,0.00423296814075129,0.0072748694113642,-0.14628522414036,0.0268598194455218,-0.115995078481623,-0.0123296179726318,0.00909385956245908,-0.0262642306389256,0.0216967137533337,-0.0196307441001938,0.00477524539078404,0.0651889691232737,-0.0356342112604164,-0.0624557037608759,0.0264128168916866,0.00949429550557355,-0.0421219378147206,-0.0249887499969492,0.000689646465884568,-0.00675206783407024,"Asian SEA2a"
"JN974829",4.73320747729178,5.92077601546717,1.07044871383874,0.497325839635856,2.92724424142379,-1.14139700342443,1.74707385157463,-0.613814875832604,-0.966491266688652,-0.908477057438718,0.283928844937711,-0.647361767977957,-0.182191866915906,-0.6417967406275,-0.32137230147716,-0.897023427722285,0.791530882351111,-0.790866909151178,0.0329906545022529,-0.184732562055094,0.296608204882354,-0.129232678035896,0.0453639976874439,-0.654211955694087,-0.123530154590816,0.501095035259977,0.108708710353687,0.043649028240395,-0.471669262407746,0.219578009320811,0.173056475723588,-0.0282464884838079,-0.233399946211584,-0.506219027029894,-0.196892906575906,0.0347491524282368,-0.0101596226228475,-0.382117506761094,-0.175700692329392,-0.174631279744008,-0.252424946910544,-0.220175937072617,0.0430367523280908,0.223663545027553,-0.0269531457644549,-0.0101113403009912,-0.162445583157236,0.00995902945295692,0.0216092005850846,-0.0917278077166057,0.0296666115315723,-0.0202420056509529,-0.0552967198182092,0.0387601453219254,0.0134379699857034,0.016791361142893,-0.0276707298224319,0.019386460433783,0.00409001270106881,"Asian SEA2a"
"JN974838",3.75257978217841,5.59993469238493,1.08015769191893,1.77315190718524,1.51277821211222,0.863935569910039,-0.859398791430064,1.63988893247718,-0.285353292762086,-0.804443566714935,-0.257711055623806,1.54869228726364,-0.386013062213139,-0.018729135690738,0.855363302855837,0.812403765501435,0.391557131874642,0.443661979007755,-0.411598730653494,-0.668411564740727,-0.620991566188681,0.556537063859134,0.580252248378296,-0.269606755133288,0.580113204137577,0.233592795337327,0.359975122707558,-0.0129430522494806,-0.420150192564768,-0.116420232579287,0.32315017471622,-0.348551656718271,-0.551859516065184,-0.258164028172861,-0.0564029698723902,0.0983163657754168,0.140790963560421,-0.0746474839324398,0.0218825064584466,0.188272428881032,0.0261710214796317,0.159145424538357,0.126195743135739,0.288326756175878,-0.119297087664786,0.127460740604413,-0.078231759170906,-0.248447942189879,0.283508535816897,-0.117852430442695,0.0290604047829787,0.0116424196630221,-0.0654724572477207,0.112252577307652,0.0149857028393882,-0.0154521501685967,0.0566116718436697,0.0416365726189463,-0.0189224603400998,"Asian SEA2a"
"JN974842",3.75214776820102,5.1767441783775,0.887351993935696,0.82452001534685,1.92884456115916,-1.1411104946681,0.253412637003779,-0.563173980213024,0.669555672736148,-1.20889143304006,0.457944801987799,-0.0979691725206396,-0.227995260944614,0.81153818119332,-0.127689005093591,0.353345320409937,0.252724904301798,0.418141303980307,-0.250023961587098,0.194318877997167,0.474118829894124,-0.819117206839632,0.954087152544439,0.268178828981395,0.0540814691794635,0.942222629221976,0.239769690873391,-0.266618676710407,0.457991328294803,-0.0750461957026597,-0.701177673572915,-0.565313332131968,-0.180595219917487,0.439538141408966,-0.164695953530832,-0.0151987695033307,0.298639874662997,-0.192732854302823,0.0149131709442755,0.0835639849131612,0.31898814146113,-0.11473384929603,0.250975231920823,-0.0787103491414274,-0.0837180797692044,-0.00376683234543567,0.128249264393894,0.134397747743985,-0.190976928090217,0.0895845704674975,-0.0624405603791878,0.122696278956475,-0.194178195357882,0.07566437588671,-0.0473145809470163,0.0890318523228767,-0.053425266198574,0.00872600488812763,0.0291583156691998,"Asian SEA2a"
"JN974845",3.81333834517234,5.83780405211137,0.657139038157373,0.982050957827698,1.5613984926473,-0.961779854995409,0.489682492354604,-0.478246289688337,0.826113988985795,-1.17614637340963,0.269663997827246,0.317219462663177,0.37053406962957,0.606218815983188,0.0223498865528495,0.337875284834352,0.300896333359581,0.565964703344435,-0.646020655696296,0.234033251000634,0.520391372874149,-0.706087675575973,0.655877968646962,0.235838980036732,-0.0488957672032729,1.02424119786916,-0.378099657795698,-0.360852110505715,0.153917705342625,-0.327809567255606,-0.218167796497837,-0.517880023992135,0.298438664707443,0.465126589431163,-0.232872012356376,0.0905291881346975,-0.0110461308179697,0.0256535075067403,0.228957902943203,-0.112791495153039,0.284488759130855,0.00534743041803574,-0.109861944317281,-0.0493368667931028,-0.0898697161134637,0.000353804162193859,0.123498867507287,0.0416093058010021,-0.0476593451226677,-0.0767404844769835,-0.0378057236881319,-0.000988145819796224,-0.00437836363887197,0.0515357640094718,0.0618276600890961,-0.0120233840218111,-0.018512067237753,0.0304560692338927,0.00828562039606029,"Asian SEA2a"
"JN974870",2.59761061449744,3.83250735124864,0.899851723935944,-0.976292333752196,0.951311619275393,0.691330469354673,0.315764222587615,1.92731496236242,0.404642325314567,4.80338055947012,-0.378025521224734,0.515558204998557,-0.848060885799907,0.555781295233383,0.0404245982229061,-0.0331183906065008,-0.0076058544999995,0.416954159687683,-0.370828872118069,0.00989266979472527,-0.291741433192848,-0.0837124307729463,0.373801298217131,0.264178217408238,-0.399896569328644,-0.4031846058263,-0.224688939709708,0.258928584369987,0.0209889623253762,-0.272124793009775,-0.42057499212542,0.126322450326903,-0.253545212857794,-0.297836779534605,0.466860129522865,0.415583299915336,0.131095970696539,0.348149884876117,0.117271575151397,0.295923814298179,-0.260697280175955,0.0515060969239726,-0.187533373875552,-0.120467394719956,-0.540338563723557,-0.554115875347079,-0.136023978030326,0.320902023484071,0.0560793762108272,-0.135705797606414,-0.136706611091983,-0.218571952359542,0.0900630619233172,0.0464044256877239,-0.0577225377044707,0.0553978800380913,0.0115893256644773,-0.00840086615219503,0.0124365176373917,"Asian SEA2a"
"JN974871",1.76298387718941,4.08242190752541,1.74448739643491,-1.25971304303811,1.03839320257025,0.696742916647124,0.703241436801458,2.27445541467073,0.677015172608173,4.14162557283556,-0.718995783013678,-0.0121321745566253,-1.02208711703072,0.84454783743763,0.642838092543071,-0.0966316777370093,-0.169292869356801,0.826653186098228,-0.654728025298107,0.194112617229687,0.283390812277343,0.190669096908478,0.143626134560528,0.0225665897225037,-0.447874191456235,0.513221629518998,-0.0613883384923484,-0.132743104799828,-0.0223764011991883,-0.316076987657573,0.429695515494285,0.0424876176717129,0.05423053243981,0.188655843781831,0.0851966005982045,0.00508277967405343,-0.0243413808123331,0.264054589820062,-0.41170018886592,-0.072411019629358,0.127062117986449,-0.117559056760624,0.703125312739599,-0.20596749357266,-0.239365686981384,-0.158588054179788,-0.06892236436312,0.0258564637001959,0.061272297640287,-0.0210352519212964,0.113935921254304,-0.0210709136569383,0.0547016568860959,0.124200682304103,0.178487336589938,0.0676462440775557,0.258213540088087,-0.169895000687197,0.0216682883558429,"Asian SEA2a"
"JN974872",2.67787600032448,3.4795474831452,1.30875525718041,-0.995036940782833,1.08333197642529,0.684542431374473,0.209444876847367,2.0240674462006,0.686298142591402,4.54422499040426,-0.821065864974247,0.162990833837541,-0.60478186053445,0.447828213352161,0.0739470148373135,-0.189997412606218,0.0341034269953187,0.493321027865106,-0.558054409829428,0.401960885526563,0.457367467844018,0.328159446937544,0.204980901613955,0.302439238180539,-0.425035012235786,0.224698405098918,-0.281457004787021,0.513236315207489,-0.390631706221017,0.14936940293669,-0.543858773648215,0.34401325908475,-0.210228206576826,-0.121488208237713,-0.123532991943418,-0.15720963569149,-0.26847806942335,0.228667324734338,0.470396107856588,0.799161349245618,-0.021255338307459,-0.30721834679075,0.0228693596180772,0.108440788764075,-0.0823874514577483,-0.0327431062556377,0.0699884667299819,-0.0570972786470777,0.293864463759597,-0.0970119178986397,0.0506375204176854,0.0684233709462215,0.00884030582516823,-0.0368261525859228,0.00687374210917505,0.108755553140749,-0.0458137941609079,0.0272318156403544,-0.000910789378849894,"Asian SEA2a"
"JN974873",2.42920069108864,3.37212543390695,1.38079780871004,-0.687463289172499,0.512053736275938,0.579800432923152,1.02048994547418,1.87263494492114,0.585500691352571,4.73730685210191,-1.18786657337116,0.567667490029562,-0.613543223815216,0.376704351693104,0.12644925743641,-0.212634091391011,0.127850424075505,-0.273767293750128,-0.154062462979511,-0.237076063544358,0.205711716090564,0.0411204685174388,0.618271207277573,-0.528417012226959,-0.0201188971462816,0.0604386577362381,-0.210043561575991,-0.0434092622813354,0.154342165022508,0.675423431218751,0.238992012197198,-0.418468035272827,-0.157778552964931,0.227477231586259,0.455645673745433,-0.392911535252155,-0.184891205920534,-0.0499873494214162,-0.179129448265143,-0.0975112474184127,-0.227854431971384,-0.144427541866712,0.0164786629657674,0.176828539131892,-0.307163711628546,-0.0667359978673478,0.0985385238603636,0.0821201640797358,-0.258774188493489,-0.100407577027967,-0.0384177740946869,-0.0656804410552367,-0.0173530049974649,-0.266390124306831,-0.153567527515432,-0.136340690376569,-0.24321617726273,0.0866501823570771,-0.0208560661668561,"Asian SEA2a"
"JQ970480",3.56373082002022,5.65687300640185,0.730424226334026,1.04120171552312,1.47348136863149,-0.826098119537657,0.320282484275181,-0.420520939381967,0.77699149611764,-1.38986043102774,0.187021730273022,0.143277439689972,0.694723246579111,0.576915096025677,-0.154307928191256,0.549162586343302,0.512630629070426,0.495807874647851,-0.488189839438422,0.238689783477048,0.309673467500002,-0.60393355460657,0.973053700166813,0.781868101068446,-0.301657492495464,1.18324036164534,-0.516884172212394,-0.545123820329397,0.175670552233681,-0.347230626962778,-0.130955211506845,-0.757645518170133,0.386394862830877,0.365330624749456,-0.0727335150472311,0.0420228662634114,-0.0112462677891155,0.023203967348435,0.211292412391309,-0.0626365563793001,0.205648569295196,-0.00708645901427276,-0.128461542100882,-0.0430474617331784,-0.0655728069142155,-0.000576672486954279,0.107031625031393,0.062780135560201,-0.037337693470385,-0.100334226711279,-0.0437793426894174,0.00668874930090147,0.0132676940240578,0.0635631883031875,0.0575035410967969,-0.0227267894711441,-0.00699915286438565,0.0133630672002286,0.000249474848464204,"Asian SEA2a"
"KT221107",3.69903287027318,5.51434243432334,0.681205416272347,0.842037790894771,1.66169476804913,-1.00390782403147,0.31138836226616,-0.346056340636628,0.565805458396468,-1.02074397255828,0.652328774379485,0.0853371970534655,0.70296783387744,0.753368130650151,-0.761504446828616,0.72880941042056,0.0836520440535883,0.85717833245044,-0.172976944883774,-0.0171753621757628,0.42035422459982,-0.324001080287566,-0.149009977917943,-0.201269916858126,-0.213054722882482,0.604399506298531,-0.00470282772985739,-0.0160069719159161,0.259857986485999,-0.0838764084038893,0.52883021389727,-0.593396792234547,0.500981775217005,-0.309461867941604,-0.538640240819373,-0.306839891912549,-0.0315193067853841,0.0175740529633483,-0.0490746627977737,-0.00867479148921015,0.454262415576304,0.0758722511740665,0.0448054529404305,0.293471278751971,-0.0600686872293576,-0.0830191672514004,-0.00891679815771013,0.061578795260128,-0.00515842621701182,-0.21707294856052,-0.231605751468264,0.0281420196588551,-0.00514468257247448,0.147205419912668,0.0866445062023428,-0.0461752334056131,-0.0470977408837337,0.040558816645288,0.0190596550394882,"Asian SEA2a"
"KT894558",3.63134194377176,3.77948962486933,1.03146167473919,1.15532558558442,1.99076974324548,-0.39340170861176,0.145967714369604,-0.188131017192935,-0.109574538958963,-1.35969771144362,0.740406642641382,0.187660854514345,0.458891086141577,0.698849755727829,0.65995009533635,-0.068157225082657,0.849085476795215,0.725240564065648,0.265657262862107,1.30140869840896,-0.385252151078747,-0.120814933562402,1.68803096833918,0.175749515630288,-0.483683372491351,0.247021384008848,-0.124128585679854,0.340221717976794,1.01894510944413,0.0636648711277347,-0.28781720637262,-0.0622446280052139,0.285812257775175,-0.73315592704844,0.484736479238511,-0.2477735048374,-0.431090618688459,-0.303157762647118,-0.137654862247857,-0.0817059629631468,0.37031261858446,0.442718526995194,-0.095312557992651,-0.0132855335155643,-0.0454172889133662,-0.284286634490806,0.175850313225269,-0.124795608364712,-0.0844392022080725,0.114778459829489,-0.0172584360476687,-0.0123656402061024,0.0755671778053184,0.0568242076047043,-0.0193203334475887,-0.0229977986722014,-0.00648581879931656,-0.00300491336355267,-0.0157716805646349,"Asian SEA2a"
"KT894572",3.75378305246537,4.2348144125118,0.648637692562848,1.38213720445905,1.85284619635582,-0.493336786007401,-0.63793403661599,-0.303556861479905,0.414143021716883,-1.41619243091718,1.11937094320938,0.340748073886182,-0.840169012903445,0.554584943251751,0.598889247074633,-0.445716519071428,1.1387038867785,1.14016903853236,0.418023317572071,1.09927903733371,-0.0632874212440298,-0.393443656848594,1.48017850169739,-0.609340614577946,-0.470724064171498,0.310207161387054,0.248752564157795,0.253293265487248,1.17968449598592,0.171910911168296,-0.0621583521008038,0.248458152363549,0.284271257694557,-0.224495582329757,0.482527684259831,-0.184489882607862,-0.539147347601092,-0.244662651649838,0.141378329697646,-0.220516693059326,0.319635556017234,0.108106303696258,0.0433814673039384,-0.194453321833105,0.39547770768447,0.0467259447515306,0.0377548007291418,-0.248989535909256,-0.406966858357168,-0.172389559668064,0.000769600287139712,-0.135623176810003,0.12459869621685,0.146819218833265,-0.00226224670797974,-0.0475105789947918,-0.00756507663691294,-0.0601220895491579,-0.0182185468676944,"Asian SEA2a"
"KT894573",3.88527676919655,3.88246454214234,0.67586425491197,1.18583510345204,1.37501755386552,-0.44707077252384,-0.00348491465942354,-0.732231255492258,1.06671618266249,-1.521646415962,0.258304943023381,-0.365724465516465,-0.679898972768243,1.09778500595182,-0.443897106743352,-0.471727228102377,-0.0309818562664483,1.05625443892007,0.458755819120944,0.140140208174151,0.1889708534895,-0.798420890507345,0.539161805072562,0.0783746734781482,-0.23968757259711,0.286530139167248,-0.159883909794036,0.28906861139692,0.88796784873749,0.129867494402316,0.264434593965872,0.345959909002115,0.321610993428319,-0.0811927365641021,0.359876376767539,0.389912367622405,0.73046792368671,0.334034827358071,0.164017911118757,0.109118735244516,0.629338501710284,-0.123756126193088,-0.142135640831379,0.122763182444399,-0.0295493678606029,-0.144736265641195,0.0561065278990986,-0.0479753472561845,0.0239112318935354,-0.0422863532961793,-0.0290608247622806,0.0685012428374362,0.0967809646655096,0.0598231125248778,0.0361622849861155,-0.0536931330826382,-0.024601312782836,0.033800628144917,0.0127711252630105,"Asian SEA2a"
"KT894577",5.63925594530429,6.27689918267421,1.14370632746736,-0.20631004959663,2.68392157744739,-0.761549656598837,1.54586480869237,-0.187848701792522,-0.674359243918725,-0.79189664900907,-0.51428591195349,-0.727948792433416,0.0718140957312645,-0.503974940047725,-0.398795367559382,-0.0922106314969689,-0.470425788060776,-0.274148541042192,0.487615689258449,-0.516373067000696,0.042074984354183,0.116019135824595,-0.802310315035092,-0.492471621915327,-0.608187078112287,0.446860992149768,-0.469874585424514,-0.226878687727095,0.234308585128411,-0.891836784478531,0.562649566711397,0.674816162599647,0.589062971609898,0.0594817551888711,0.282923218251371,-0.58897848142761,-0.0610411554771429,0.306149458471981,0.246677109531246,0.190557433994522,0.424561416232488,0.150284254954399,0.0773721913811622,-0.0390315455943822,0.24337736434675,-0.060532965755771,-0.220908052111819,-0.0142521280128725,-0.0321910120336909,-0.0705195022586116,-0.120931525420031,0.0335659483356251,0.0724200831053974,-0.103393178265901,-0.219046269649874,0.105113390217312,0.110277386840105,0.0317345710805024,0.0014981418758457,"Asian SEA2a"
"KT894578",5.80717723400118,6.3414916717834,1.3926667421474,-0.226720850823681,2.56660222992669,-0.926559698136853,1.54506851459232,-0.0447314850300325,-0.84907596632112,-0.631331322959756,-0.645134750550493,-0.766379827619498,0.27206332751735,-0.35665635743538,-0.522072071967245,-0.0451806554223931,-0.531603583418005,-0.628706541426008,0.402708359188376,-0.163172955449422,-0.0635962637359388,-0.0656906711077898,-0.835563197151706,-0.597656145151072,-0.681429953184869,0.520485421291325,-0.42708063479912,-0.0608384625880738,0.270953919969343,-1.04999426191247,0.395793873620077,0.485437447341745,0.581806264321368,-0.00520735793359879,0.172776605163518,-0.542460647337245,-0.0207293304130087,0.354678929336037,0.189287630120223,0.198432853534241,0.385466477888986,0.207682455960367,0.00908993742393481,-0.0176373825044794,0.258094778086412,-0.0860704980049583,-0.233016311695952,-0.0336274719188383,-0.0284029932411489,-0.0989105569063664,-0.114035392308249,0.0302758429071254,0.0700788416160388,-0.107957422543622,-0.210449170982991,0.0948929752928014,0.111600013341685,0.0269534794836634,0.00141926661428925,"Asian SEA2a"
"KX148264",5.28561172173229,6.09723133555406,1.24077696581202,0.955654428662382,2.25799586063018,0.167516292408677,0.949954832477241,-0.357721080020563,-0.473960057851004,-0.285701327312004,0.434895045299185,-0.0474495549235805,0.0587571432454316,0.809554520497821,-0.361216592919281,-0.00864065761837316,-0.363113101836598,-0.11248841310096,-0.415594627075736,0.158707610796552,0.413894716557232,0.414338282211303,0.122868493755009,-0.150431047281115,0.00367178309963762,-0.334543150379188,-0.205054844754762,-0.385518057891186,0.0494454889536644,0.0231741699977911,-0.185453859654566,0.21755229286338,0.327773672455755,-0.0824019208353323,-0.188282050023448,0.0950623169112021,-0.148748667866105,-0.0740774990471552,0.15421891784718,-0.448318715056004,0.265226413814038,0.116001597224043,-0.13107307666284,0.110823304762707,-0.0108553894394782,0.256674408532566,0.088226096890648,0.0624615589983831,0.0422364642018259,0.0911586883902157,0.0184722297143355,-0.0191199811532742,-0.0591161559925784,0.000720319937866109,0.0426892531296563,-0.0288465952381522,-0.0615024735538364,-0.0235076606833383,0.0112809705133,"Asian SEA2a"
"KY451767",4.44296901963973,4.94196896632568,0.411573340116577,1.32407065593286,1.92523665836149,-1.39625413379027,-0.0299906438971951,-1.09306845526976,0.287123219566031,-0.947743072081825,0.656653457496058,-0.109103648967384,-0.0151946891507588,0.515784382172319,-0.140290769426523,0.698850801173549,0.389030847997685,0.200955348451363,0.118738086233879,0.152996002586325,0.357617809447915,-1.021063464141,1.23104881455652,0.543225517915651,0.649328555560896,0.509572347857693,0.249136059011598,0.0448322645225237,0.180447612430359,0.137835269605898,-0.470725004281563,-0.415945335624704,-0.201198963601942,0.298853937283953,-0.326301430977472,-0.0716667296123323,0.0617599594190921,0.419356177688173,0.280472074632791,-0.0882388312074305,-0.0645152769062646,-0.198757622285764,0.0821693102361907,-0.122791176496815,-0.134512668889757,-0.0144950956686577,-0.070955588308636,-0.138503221225442,-0.01059881735835,0.0172651412119989,-0.0777400437629161,-0.0344295575559103,-0.0633083799291664,-0.0642837938369969,0.0319278629951972,0.000828131349616185,0.0705882595486229,0.0167299744283173,-0.0745248791100352,"Asian SEA2a"
"MG201879",4.96571502878025,6.36116663305356,0.894455768306721,0.230961160722702,3.10839502548902,-0.826334622168166,1.26917608544689,-0.812677387606184,-0.78297136275801,-0.396636285538929,0.156375280640227,-0.862822385033223,-0.0250065498393569,-0.33967892529396,-0.402758626614261,-0.736138515564194,0.168220483356907,-0.585603841565363,0.258930198423307,0.00909193097833621,0.065869304141798,-0.107151150588736,-0.384326492202546,0.0633510027942418,-0.108533336676037,-0.171999729256358,0.244384692723495,-0.136352958171905,0.00307866370092791,0.165250358309248,0.0113245424152684,0.07608184131697,-0.0581753671588323,0.196329305828807,-0.133984374940398,-0.0150690035012087,-0.0992928799681789,-0.00758175907682552,-0.123099682770694,0.36880606151494,-0.273051756432076,0.0130086512290352,-0.0503225530521142,-0.281635438090742,0.0860077169514135,-0.0735261262612198,-0.0607532058908992,-0.0276498660628773,0.0557425476937212,0.0303612121556387,0.0686070848504669,-0.100910870453089,-0.134499778705147,-0.0230150297690929,0.0415250269430781,-0.0541066133518841,0.0122850750518448,-0.00990266728608495,-0.08176758719817,"Asian SEA2a"
"MG201880",4.56008017499367,6.35403510896526,1.50484308095572,0.487667278351175,3.06790605051551,-0.322023696013474,0.919882737308768,-0.743729534826697,-0.278711124686191,-0.539168476003734,0.354616915497135,-0.446209693337341,0.105639866141866,0.206078495339597,-0.470180197217072,-0.332798238620818,-0.233219419880846,-0.546147003244334,0.352135280382469,0.18389756121512,0.233273083177138,0.0873658429188314,-0.621896693379533,-0.27015143005461,0.118365580583783,0.0158889744643532,0.139875655200864,0.263661372167187,0.132812782242671,0.241350977223044,0.119981806700199,0.379500007468841,0.241678466204724,-0.511176828208865,0.376732033387121,-0.0232383499339031,0.387002590498358,-0.394542721205307,-0.0208306875971291,0.0950913704690004,-0.120961458777633,0.0705758878615748,-0.216131472054427,-0.165063574903704,-0.0595750633850372,0.17777293230143,0.0359874366030509,0.00956777849531935,0.0846190440022388,-0.00706977497141277,-0.337690166709327,0.0226264775381258,-0.129565199872866,-0.0688660478243554,0.0267793061406434,-0.0570703328480239,0.164001453030469,0.0102279839066797,0.0196899583878236,"Asian SEA2a"
"MG201884",4.89935341565102,6.62019203121352,1.33695720786931,0.0892770276849114,2.94225250568801,-0.827516989269469,1.7479223639316,-0.275239005236831,-0.601055135749931,-0.652241974543157,0.0956062715514683,-0.868266123026564,0.487512700082379,-0.170776805409728,-0.227707444247142,-0.119012803203639,0.0568659240806898,-0.878261692072648,-0.289898132408249,0.507684638197158,-0.0994600849845561,-0.0780831811868367,-0.697586912680674,-0.279185961542047,-0.251026359426852,0.154731590325567,0.0853007282700558,0.116404971308135,-0.203689154362307,-0.18996335950456,-0.0606268069552432,-0.00113110747316799,-0.0533568289650851,0.146486140634627,-0.0778121464166068,-0.144894649066759,-0.0540024578718415,-0.0258375127663152,-0.0755222336542204,0.0272183765126649,-0.078523215406048,-0.041417539344622,-0.0096466686339194,-0.0284266586628858,-0.0204573116500576,-0.0512314583194489,0.0224885692906158,0.0115891247452144,-0.072486394322363,-0.0263856702793438,0.0630379410109227,-0.0207297354971834,-0.0731470195195473,0.0406334600364256,0.015431252951406,-0.0710912983819985,-0.0238606032084014,-0.00089849817785645,-0.00196947974345097,"Asian SEA2a"
"MG201919",5.04342022304675,6.29011888898717,1.48028229446474,0.338188100059338,2.69515517161884,-1.05483698931151,1.54807030077356,-0.206266450477035,-0.53607444472395,-0.565862219368341,0.476238851559283,-1.0906081505107,0.0283757719522116,0.0348940943103515,-0.036081375612968,-0.0714071401599937,-0.0460971844731972,-0.874447008473265,0.169146991584629,0.501027754502698,0.0521829546327969,-0.218815933234996,-0.574634384664714,-0.226102250406667,-0.175169973142116,0.357711538323857,0.150795368704227,0.238263921449252,-0.342385393599236,-0.21207543846855,-0.0187777835862107,-0.159918744010711,0.00624397829372268,0.115310457522148,0.0223459598871029,-0.0615044771366666,-0.0185366874381005,-0.0278439827576147,-0.0635355791358352,0.0327927140420046,-0.0895300006436655,-0.0901559577797613,-0.0569539530054079,-0.0948583057490864,0.00931461102286014,0.0188557076520393,-0.0242790936829395,-0.0326502731193763,-0.00258501445632978,-0.0056757538947196,0.0709067834928226,-0.0425140814208719,-0.0669147606801708,0.0185385047988998,0.0183842681295125,-0.0457317492922485,-0.0193733325405744,-0.0114430175686689,-0.0085053921869349,"Asian SEA2a"
"MG201921",4.29660777875604,5.63112824581208,1.52309907690089,0.297149365754125,1.77328331836577,-0.53830743703623,1.54510982784306,-0.419544948971113,-0.617389402198558,-1.05485589741669,0.702892441694271,-0.761493384432354,0.578119333957183,0.40679853853758,-0.877255875016055,-0.485778231650767,0.92718257655578,-0.961303528188588,0.0640242085591596,-0.71011697654568,0.363351911184437,0.40352598044734,-0.620821677679723,-0.411802111425566,-0.230077765861083,0.63491568227272,0.171386936253933,-0.0874044418285738,0.0935038235963349,0.48129845180493,0.109336811308729,0.0983942229945649,-0.104104872223288,0.168087219481409,0.120766580385338,0.17978876510796,0.175745429084239,-0.159564378763829,0.137464713449625,0.0872109879686699,-0.0016814289372508,0.263203472506335,0.177448747717928,-0.0218783339473802,-0.174724071323167,-0.0915126258783511,-0.111966882343002,-0.0451520848795242,-0.118878977469571,0.0466907688749597,0.0611875091018203,-0.0111702969857619,-0.00236817523500199,0.00979396573578212,0.0133508645169203,-0.110066307145059,-0.000819941970564523,0.0277766361553491,0.00788472681998178,"Asian SEA2a"
"MN784132",4.56239185986326,5.95205938943298,0.358116265323928,0.185744237850424,2.79606116155041,-0.0360077282238767,0.840390247404909,-0.28293523198339,-0.268324705780998,-0.557765378908731,-0.38618725956545,-0.71485890212477,0.218311294424505,0.11342971920588,-0.40292560150936,-0.311081346548618,1.11274047565279,0.294757542940117,0.707773408376298,-0.032003815190187,0.347522216147006,-0.168847000340132,-0.174276057737904,0.731401948743455,0.280123793673555,-0.296854194718589,-0.159052935159159,-0.338685848431785,0.295101458733634,0.0532405737947977,0.226641923007585,0.0490694962432515,-0.162396203902987,0.0269099045849466,0.373577139448352,0.300042221116985,0.150675276015871,-0.0628343218019823,0.170806485599099,0.345110984435305,-0.51188827983722,0.153512224718947,0.104790968279479,-0.271744912211079,0.0398360735817489,-0.209826873564725,-0.0945007316484104,-0.0147099219094247,-0.00148006963219352,-0.0975188132892749,0.0335668874381563,0.00814286609398058,-0.035742865910966,0.0420365746988112,-0.0321207950580959,-0.0156856493184759,-0.0197020208676141,0.00207716874658708,0.00376349913543998,"Asian SEA2a"
"FJ598135",2.16373948997382,3.91307174714855,3.04521195166503,0.178792261181719,-3.33383010076241,1.96083868100248,-2.42870730243629,-1.59045818005235,0.275172212019546,0.459648382790615,-0.380627212002003,-0.169014482893721,0.197425007260469,-0.359607150751653,-0.249285906535955,0.139327314976017,-0.48120867341281,-0.825722534015169,-0.461442594606324,-0.0260341470893345,-0.249241750599641,-0.30886097092516,0.0420959540880925,-0.380168515110179,-0.167305330675019,-0.210182308827727,-0.0121018723393015,0.653455941940026,-0.0488598656878834,-0.148107128331577,-0.392198916805746,-0.530912127180063,0.174975132322354,-0.0549786018615656,-0.318637653402863,-0.299844247682078,-0.352948967598391,0.509846410497111,0.167240845748734,0.010130682710013,-0.112421988731947,0.0134718507940626,-0.0047462671048202,0.120805141414852,-0.109333917460438,-0.124774272586657,-0.113863066705757,-0.0403888118054795,-0.106114125613371,0.0681541387730907,0.185307080067126,0.0147961688596637,-0.0734683263787207,0.10225744110393,0.106732626205742,0.00187689330905282,-0.210123986276441,-0.0595272116053766,-0.012039338009221,"Asian SEA2b"
"FJ712195",3.45651892924027,2.67650847094777,1.4608053041826,1.16399792675186,-4.88369954457482,1.48604294118438,-2.05849818606828,-1.02400110645305,-1.76956534956746,-1.18312729585701,-1.30353234029609,-0.450305869522174,-0.816739733147906,0.0364175869268713,-3.19659370307645,-0.532090404032528,3.33019349778543,-0.290803970554782,-0.810320646336764,1.42803178697837,0.237624460221848,-0.786008071095018,-0.582094191199955,0.882857056239398,0.0487715686823503,-1.34700921899026,-0.329079234818818,-0.633854911015744,-0.495546448586216,0.654616884462663,1.21946267668993,0.236925955218839,-0.655815379398856,-0.16514986846323,0.615048688118521,0.10424409948252,0.0488990573206648,-0.030617114132047,0.768549908227029,-0.0911355919357942,-0.264817293623844,-0.0359158272042233,-0.535320527216403,-0.218547862959458,-0.294023021997133,0.141102018590118,-0.197231343552688,-0.0295409704776023,0.0346202587117464,-0.0684491525069281,0.247126661759781,-0.0469184440379905,0.0511920780359371,0.00765687958522478,-0.163695414483814,0.039186093123313,0.0253146629498136,0.00904070744854471,0.054407705156869,"Asian SEA2b"
"FJ712196",2.77643133364337,3.59537879538365,2.77162167592425,0.0680002600494679,-3.60784939355872,2.0220408599288,-2.05431519548968,-0.369817138508204,-1.05461148507994,-0.487363936691719,-0.364103352462035,0.138600878323913,0.387312837882416,-0.371530355643968,-0.35101892698391,0.238592195708677,0.877534865915816,-0.297182932707842,-0.989958617399446,-0.405544276521848,-1.45946981795268,0.159353082817693,-0.573122445950134,-0.17847654078611,-0.215772234890567,0.439270227811704,-0.808942524262868,-0.552265175586304,-0.175945089683153,0.493109473185895,0.268010125479592,0.647459306287611,-0.14867211454291,0.542606885647989,0.491102579921644,-0.239002995770756,-0.189978696994367,0.146291268844729,0.467517291339775,0.16629513801446,0.606341559942814,-0.0100124998429121,-0.0751695304144744,0.0748865337770625,-0.247276193064675,0.0366957632895015,0.100841221273232,0.0824267776787691,-0.0329300833177653,0.166102758385678,0.0281904649440073,0.0261341279493967,-0.0582970487648967,0.0512265524771741,-0.00890885759722931,-0.122875656392066,0.0289735816347637,-0.0334127913301155,-0.0181637655434053,"Asian SEA2b"
"FJ719751",2.57152878097014,3.75657795069067,2.91369538063776,1.564582865782,-3.6052962914307,1.88786176827296,-1.28418023895712,-1.29532226470492,0.802364889739504,-0.984351932552972,0.366768948377802,1.0246909021786,0.457679042886713,-1.13648612188397,0.276319669043929,0.295225900470583,0.134499454857029,-0.0169756855313865,-0.0403267515715509,-0.852528282128076,0.90637933883061,-0.162501856623893,0.362011496589066,-0.273671977015693,0.0812588356197424,0.29642730500743,-0.0648308411174581,0.193778951781278,0.0844056965437301,-0.112197591866371,0.00597645350274378,0.0353182437947463,-0.109915820644823,-0.114344713670325,-0.0112874392011117,0.208193875934492,0.0435252933240032,0.0665102988728099,-0.202441048620679,0.039485756417718,-0.204817973770446,-0.227749325792079,0.210340602504342,-0.241063462895792,-0.0474008639400182,0.171723682736034,-0.0746461092721112,0.140732815493258,-0.00953753554127065,0.0434459801930834,0.103925444377609,-0.0283680032384252,-0.0190362395809126,-0.0381699818988261,-0.0325238665102091,0.00736159969485584,0.00203879530236952,0.0216279426428614,0.0133725110518338,"Asian SEA2b"
"FJ719753",1.79090536512056,3.18302791382122,3.79324075870488,0.739815779542502,-2.93103878948028,1.62588054954897,-2.32782866117014,-1.29366893913975,0.209895092957765,1.39303149148137,0.780220182887262,-0.196653844357491,-0.00468602714420762,-0.521481904936587,0.202840849918234,-0.0629799520979034,-0.166283172508976,0.119822902645987,0.533288959352209,-0.081755714422065,0.179782737659101,0.0829436701612438,0.410574903428098,-0.0501308896163213,0.556077146088694,-0.0968119622276803,0.0158199499908087,0.00554715073420702,-0.512704166402641,0.0091328217104142,0.128083323002051,0.432701234963819,0.694993446088393,0.347490622879196,0.111709740821943,-0.0506417177864917,-0.11007095384515,-0.0576845896667672,-0.403730305784321,0.0396429276514516,-0.0586318657073765,-0.158670747184311,-0.24618424225791,0.0758731700710789,-0.0865487377738304,-0.102332141872137,0.160563172387709,-0.0927037910866422,0.0175208308738823,-0.0368151442284076,-0.0714648742263947,0.0702313605489472,0.0704895307853775,0.0874914760832507,-0.0678379657565983,0.00340449694588264,0.0171786225983669,-0.00187738701410704,-0.0133743369545968,"Asian SEA2b"
"FJ719755",1.43927388903299,4.02223453429061,4.01915947661035,1.0127644473063,-3.17520295181562,2.55951473086797,-1.61946532239219,-1.23473760981398,-0.201513577621124,0.854369263410821,0.335224271803802,1.18849338521898,1.22515008261796,-1.01192437721709,-0.490214519950086,-0.44786277542573,0.89543616274448,-0.289174861648584,0.618104255421612,-0.276359870666885,0.315000481034835,0.470379960316038,0.343972237717797,0.107073433495638,-0.350799830425531,0.510519422536564,0.239774918878992,-0.300591756525535,0.452886499027386,0.078384484798166,0.15124719922588,-0.24517913279791,-0.0159976893958651,-0.325346990422499,-0.220719184032323,-0.321600268051585,-0.557712394351188,-0.0877217294232955,-0.0808076030624512,-0.0845645732282524,-0.277520731540174,0.466704053007746,0.138232355197341,0.156207709479007,0.0433130883445134,-0.0688044834923643,-0.0817259441833446,-0.00210512099939744,-0.0184346585099613,-0.0178735042652596,-0.0413985599547504,-0.0362642254612166,0.0034512561127264,0.0489144300014065,0.00184796858879808,-0.020658645559126,0.0123055983228379,-0.028159533974327,-0.00613393979779401,"Asian SEA2b"
"GU647092",1.83093609092074,3.47918713711391,3.67676084868902,0.878381503508416,-2.93494100501384,1.5864556212816,-2.22797943318228,-1.39199907412636,0.0761091290005889,1.38936987798177,0.744447806425116,-0.251341698551554,-0.053044616093401,-0.442734399783287,0.24151252945548,-0.00728734996730518,-0.173212664332605,0.18142550094846,0.573202117963982,-0.0980441560104519,0.147654043358189,0.257127298871098,0.427789019658246,-0.0726472154254058,0.645496693272654,0.00753746226443353,0.00777211650117204,-0.0332797271950562,-0.493040171789203,0.0606222673990923,0.0824339182098738,0.099818616195306,0.634138154732175,0.217876813396828,0.0481324253460072,-0.182856398091822,0.145362942346958,-0.128102530224748,-0.0191084258821954,0.161305927990967,0.0659043081110719,-0.0392642103200926,-0.0698489294165182,-0.0294383365700452,-0.102295289979944,-0.0611641963396068,0.0514987674789838,-0.0656938749194566,-0.031992659289109,-0.0590483828831744,-0.0812248335055704,0.0752604101683051,0.0765192457848707,0.0466591292310277,-0.0359086729159913,0.014837732019258,0.00828486328121617,0.010168839405794,-0.00743100534531338,"Asian SEA2b"
"HQ118114",2.08854140249616,4.11968910070787,3.30457688288187,0.350201864318925,-3.41699549109422,1.62612810493714,-2.18756655199384,-1.47471098063808,0.256987090552004,0.426091736634041,-0.407523923015427,0.234045316638121,0.195336181665249,-0.215837802477763,-0.33195788943325,0.138114131353558,-0.585846118489724,-0.813944326174761,-0.216207547766872,0.237164621537452,-0.432649749553372,-0.0874457143479877,0.000873105397686635,-0.244600083109025,-0.107857635381015,0.095117468008029,0.136605092958685,0.28360293881076,-0.151114101287445,0.0596562817409433,-0.154778670093008,0.0566662963587376,0.0811704384636825,-0.0510699031346354,-0.219711707700333,-0.191851460290829,-0.138998601720919,0.215031558289134,0.0420131911629521,0.155605807854034,-0.121468484560562,0.351963668844396,-0.121195113484019,0.192181027953763,-0.0216576424001471,0.00385149308085583,0.0148501992078877,-0.0101294250000779,-0.0529077467677729,-0.0413280106829425,-0.0201995249516788,0.041729910239426,-0.0384703658080877,0.0300706413884552,0.0164653718923094,-0.0226866249084068,-0.00363337597766491,-0.0183758561203123,0.00120984811135514,"Asian SEA2b"
"JN974877",1.9598607473491,3.90067505074071,2.94248714897724,0.340628363308172,-3.23518809363222,1.56319045135056,-2.01229719379372,-1.86961163196681,0.177523834907067,0.203907066236447,-0.3441790629065,0.384059429312154,-0.118222217525999,-0.322872492167494,-0.492401455186788,0.196493254985553,-0.631605036895396,-0.423065341844208,-0.119986439267881,0.0392619376447635,-0.282265438659704,0.0257783903200837,-0.10615621375512,0.0499953099475164,0.0981329051925648,0.221725135923923,-0.140363736546732,-0.00402880377345553,-0.209410866655365,0.489588589874907,0.0458053538128247,0.459458898941643,0.0063894343787534,0.00924858099553586,-0.0932207309253379,-0.306220612192648,-0.0391575026387192,0.2105862666923,0.13259145568144,0.0112085871216723,-0.26111629861049,0.503564907718205,-0.307096209373905,0.165792421410344,-0.0372148824458256,-0.0750969639743597,-0.0813743591297797,-0.327854654668641,0.188041741779128,0.0443951852767031,0.0224178990046446,-0.148338196562912,0.197295118480649,-0.0336974138553768,0.0960455564500636,-0.16456782561976,0.0686771569967989,0.00698565360252513,-0.0429149451081006,"Asian SEA2b"
"JQ950446",2.42332649181216,4.17241876045198,3.97271709556699,1.14135797697384,-3.69071537277725,1.86836683082106,-2.12350621894759,-0.855828680201906,0.28225141013378,0.10726655064466,0.481510125244268,0.683835640743105,-0.474394461265159,-0.579174232192799,0.207560454479643,-0.784022674102726,-0.509412975017424,0.354613293098775,-0.052300933332532,0.262606875442885,0.811424745685622,-0.316549769044283,-0.319817158581441,-0.662936690200917,-0.281733968876175,-0.720368501969362,0.126479247690333,-0.166871017639761,0.44302807265081,-0.106005179489806,-0.116834848356977,-0.00407018272987616,-0.404140481078146,-0.0777417247457896,-0.303035504627581,0.005556394252917,-0.170001505879676,-0.263205409522913,0.208804635639679,-0.102403550073066,0.191395102070615,-0.0376494890140023,0.221106080015401,0.00986996375758933,0.10216361836775,-0.0681636926718783,-0.108620286999,-0.0113190874808526,0.0284318272698285,0.0843888350001546,-0.0383111633583773,-0.0627714178841907,-0.0557316880793236,-0.0340414463885887,0.0264102533436397,-0.0140806561488955,-0.0199332179244131,-0.00456319819549806,-0.00212730393178967,"Asian SEA2b"
"JQ950448",2.05298554216681,3.82491232339355,3.74065379123215,1.04002383827593,-3.83589334823443,2.29805434546837,-2.40820877202613,-1.10504420709656,-0.00665861880596478,0.260503752821535,0.290354240654464,0.547045835605008,-0.258502303298192,-0.510387184377949,-0.0583519223788724,-0.610340447407505,-0.227795508148634,0.00183287182086013,0.105053029303408,0.18335056210594,0.066977638434306,0.378414218824008,-0.272410959209825,-0.275998174749279,-0.282199484581914,0.0345805820112312,0.0460837535481701,-0.0585640179686994,0.0491397069754403,-0.17360612773799,0.249843652920626,-0.21591166068335,0.0529218870257613,0.127179585499709,-0.0814064345215162,0.212957115707216,-0.0873007745470799,-0.0351495129766275,0.174961027871382,-0.0327657823067495,0.120654384964876,-0.0265726639472177,-0.0320371353142765,0.150055020769886,0.100771432336848,0.0546758142660741,-0.0839951758411957,0.0291998711959586,0.068737996666633,-0.0110280490686007,-0.0481872640568465,-0.0358002565118954,-0.0619721166586911,0.0233445360973481,0.0596878296584469,-0.0255833604569059,0.000205565059534238,-0.0331578650117136,-0.00841254547088918,"Asian SEA2b"
"KF726852",2.26219456846849,3.98436747781911,4.01120082072046,1.02565905552444,-3.47043688012949,2.24237416210706,-1.91562782559557,-0.702159750735477,0.147960008458607,0.167233037973023,0.559434322935645,0.34255322223894,0.439527657662233,-0.510739976553786,0.486699435620444,-0.826428689396607,-0.303095006951707,0.264170175841007,0.145639462268636,0.140333541074138,0.629543432954499,-0.151643925568404,-0.0127820561626834,-0.0100273196532755,-0.440584789126555,-0.50047541317781,-0.0198597570391674,-0.516731175681881,0.450279316460758,-0.125015142415115,-0.140043377360576,-0.163102967447327,-0.339610122126793,-0.479999581730491,-0.0726253160492218,-0.111526144870561,-0.100302736980979,-0.163688104724724,0.136871660159247,-0.114991666357101,0.166316987891076,0.15476434264156,0.0983244367160405,0.272269998824168,-0.0149102075464311,-0.0640118923397516,-0.00732008293059269,-0.206270667740103,0.0127041395826439,0.228488658275553,0.0509758795611235,-0.086365689740456,-0.0397956123410707,-0.077796433463288,0.0174966848100181,0.00215489729316875,0.0129574893601739,-0.0238430057381219,-0.0177177859724276,"Asian SEA2b"
"KP319185",2.10398618196799,3.06270084959411,3.86666055172841,0.606008832876022,-2.52880020536855,1.86309736706092,-1.51092825389751,-1.06434991095687,-0.0227619975344514,2.05667504794532,0.975181497999316,-0.422809628490477,1.2470102533032,0.0795188075193404,1.2710909268899,-0.78309599086847,-0.210161651249332,0.257347860560797,1.03765720494437,-0.731408807681319,0.296313345640037,0.165001735826144,0.587318410293607,0.181484569190744,0.7575290737557,0.160160760869394,-0.0148858269558637,-0.170694508473212,-0.312331606210704,-0.134501089075645,-0.112972221912489,0.317712930841893,0.470530911911602,-0.119197602056113,0.0738456169349871,0.0808537287880049,0.484371674795582,-0.24122818285592,0.0489180006751177,0.247574628104034,0.351590757441901,-0.209359653522028,-0.0122990963195066,-0.0711028203659181,-0.0813461572656876,-0.0163552614165489,-0.00707671267857371,-0.00177195398163779,-0.00844800014413874,-0.0497430552261723,0.0319388334205835,0.0619296277672313,0.0739600204730994,-0.012167667837583,-0.0415434802222899,0.00632666436700986,0.0231543842952363,0.00998993990420342,-0.000337966688705342,"Asian SEA2b"
"KP319186",2.77304932922126,4.04642441988303,3.00062147951281,1.43094468276756,-3.60672767864105,1.84615579010046,-1.05232099983531,-1.17901717686675,0.681864935834791,-1.04683381702315,0.139794537851954,1.13360861073078,1.10965036082938,-1.2106427536752,0.192597541801755,0.604653352204135,0.106656848126735,-0.424767269331005,-0.472874318440033,-0.484567007986974,0.698038280106718,-0.264939846650574,0.214861817851615,-0.434988708097509,0.0865399639822953,0.281995522736881,-0.112554655996418,0.380697938478108,0.104230342415713,-0.3090565239892,-0.126272299943636,-0.0391922960237301,-0.147421856705125,-0.187490597316469,-0.126794912922109,0.1824051870286,0.0848571281234738,0.153190747717175,-0.304715805532684,0.0624711647896317,-0.290616058587859,-0.122881640996342,0.1738341144249,-0.153495043077054,-0.055528557617444,0.111398364854126,-0.0258933093425698,0.130625226485138,-0.0623931857634401,0.0122850645229557,0.101774416265258,-0.0134635274751921,-0.029727555339584,-0.0239493387540872,-0.0265869090643766,-0.0216077608724221,0.00316694209091729,0.0200397979991203,0.0181550991424531,"Asian SEA2b"
"KP319187",1.91424439738141,4.07606488783752,2.96622890322654,0.919102311962688,-3.70055647583326,1.6623565234281,-2.58960166494734,-2.55145163633774,0.311991181425998,1.15093084464506,0.227141951784519,-0.613407183716331,-0.304937966720641,-0.42666408901763,0.681236806305308,0.667769564624408,-1.21861473740216,0.707530969990893,0.20639987878713,0.451526107472967,0.164836832489658,-0.678000971010827,-0.860783577159968,-0.394799747543068,-0.0899245837682764,-0.155847444251812,0.734025890709194,-0.118478780342608,-0.448265108576955,0.491868376702499,-0.44113432131173,0.719562185329147,0.536713539319535,0.717847761175264,-0.0389108359837581,0.240371174945481,0.0832467015671662,-0.164618560466478,0.111562129038139,0.24443772531504,0.396396227395978,0.0249702895589007,-0.121489432313854,-0.0979812256377869,-0.210759675853299,0.0617031239315982,0.165945592749259,0.0401306604873621,-0.101789054366419,-0.0822781048513082,-0.0376065204088671,0.00825943696511052,0.0634092443451658,0.0723783552926979,-0.0184518184785337,-0.0137308215208109,-0.0212656894885548,0.0426422485813327,0.00282834225934341,"Asian SEA2b"
"KP319188",2.73945006966703,3.82117043979985,3.1626557953178,1.54417206455495,-3.7226156389514,1.72285172673494,-1.28497653305718,-1.15220504794243,0.627648167337109,-0.823786606503658,0.235920109780798,0.986259866992519,0.657928274672799,-0.989167539271625,0.153042964636066,0.342255876545159,0.0733216594998003,-0.371533685915203,-0.125234081641624,-0.499328170576802,0.800708090740489,-0.344211663556277,0.328758614472451,-0.378856500251438,0.00801596054716031,0.370051734148987,-0.0220368904920637,0.359819176920298,0.121051031384662,-0.270355069300315,-0.160879239588576,-0.154060471463156,-0.117172527933353,-0.179033826792795,-0.121434052288965,0.254711710024857,0.0838371183881373,0.115039769736865,-0.259830528031702,0.0473611759574375,-0.243912912113949,-0.170351124786111,0.142058348547114,-0.219669299805889,-0.0326834502003553,0.146186150486847,-0.0867543688562442,0.121357471587292,-0.00574951674872856,0.0150549255453286,0.110821577489391,-0.0316581086669249,-0.0213774810702712,-0.0427342261765472,-0.0239267678433263,-0.00285881522965419,0.00336142180394956,0.0168468510460224,0.0132936357902774,"Asian SEA2b"
"KP319191",1.71833078838939,3.1589615459009,3.94233574899431,0.508801833656051,-2.72471414238557,1.72759660618927,-2.25414590564632,-1.4738502021955,-0.0483109647375509,1.53764777487455,0.479291656091333,0.0609617404148451,-0.0798559842148367,-0.404211133392577,-0.0946646089957138,-0.239633948553823,-0.208711275178318,0.247661210057779,0.376586090397689,-0.037550796736869,0.167594481924835,0.140776632452524,0.302627213734475,0.0475445390186795,0.459317854877764,-0.109056669498549,-0.194045791156549,-0.279722455540951,-0.348310084044381,0.192461232380579,0.0493635281035635,0.460666341701067,0.631553565552905,0.280482128803575,0.0515740390148367,0.0260180590434868,-0.180432170168711,-0.110043948143338,-0.414620502348034,0.0104543382525816,-0.00277428752096927,-0.174346556919152,-0.233417148981129,0.00736111006176049,-0.0834349336502595,-0.144866238244303,0.141111326872253,-0.0705986071996914,0.017305192716475,-0.0293070128948889,-0.0821515753185645,0.0587117517332927,0.0704832253742352,0.0835618968302035,-0.071411819901409,-0.00570704519106325,0.00643634064626725,-0.0053074465374457,-0.0176102372734633,"Asian SEA2b"
"KP319193",2.22286343163883,3.95902760973387,3.7155716133669,0.443018444879258,-3.65020279892528,1.33781400003361,-2.42101837931576,-1.30478163495127,0.0280535996519281,0.809704273202849,-0.442247189683585,0.0482655377137823,-0.0561366727052467,0.152955994538155,-0.494789171006801,-0.0772533682308417,-0.680359102473888,-1.11526874314277,0.0465253589614652,0.575603570498898,-0.435651187009724,-0.348427338186076,0.081517019901909,-0.293652398498698,-0.259624513888732,0.256798108561691,0.269916809088434,0.428764402391971,-0.0976480774775631,-0.0597997410041162,-0.356241302829268,-0.247580594338591,0.104163059946925,-0.107302245733431,-0.324497460155043,-0.073027103204207,-0.0997067863921213,0.225410051172879,0.0295089892529102,0.148371238561559,-0.113860276430155,0.361892386060595,-0.221253133319033,0.147400934314831,0.0159048787566045,0.0131017464643891,-0.0581191198899198,-0.0387725238038899,0.00752394103948086,-0.0669492043083243,-0.00425623061576346,0.0202452236191937,-0.0324615330281336,0.00672150968827413,0.0277226117802426,-0.0141580941901488,-0.00211626976305262,-0.0263498946702492,-0.00373049050237697,"Asian SEA2b"
"KP319194",2.41484917120205,4.39848473013921,3.62481443845446,0.743483855029733,-3.63090011589897,1.98074891779078,-2.74860881283184,-0.899269806791536,0.133245946238708,-0.10543363925598,0.381969227625135,0.517288591556415,-0.397806799669673,-0.199475216991733,0.543231293590627,-0.710715518126084,-1.13325573208498,0.506590625961914,0.261896168669664,0.541924626225072,0.340068145837355,-0.174246106351922,-0.415710995903936,-0.0948114780581499,-0.458764644008702,-0.716404720401507,-0.117208027347801,-0.0715020666122035,0.475148663138242,-0.411289700930639,-0.0602468162711652,0.0857839513084536,-0.653496248474907,0.0812350570188308,-0.384719053324027,-0.270603030879523,-0.219723574140441,-0.291567294647654,0.19447779478917,-0.0974555997960683,0.134503544575943,-0.189337333839886,0.092931850666253,0.0747416689122049,0.170730722739475,0.0199300623149995,0.0495953733376609,0.0945691667602005,0.0821155576316798,-0.016979343794501,-0.0200125336703319,-0.0443357816283978,-0.0625346903632896,0.0143729635524797,0.0355367883247261,-0.00567114084892601,-0.0142344549398747,-0.024107124209461,-0.00878347394430284,"Asian SEA2b"
"KP319195",2.10587300206029,4.19356253354792,4.24499543064531,1.03887471731765,-4.04534063348832,1.93812189979273,-2.34708528030776,-0.628449661911714,0.229600953342744,-0.0698273712677171,0.529300732038438,0.417157860639239,-0.153879790854452,-0.812041036374008,0.107877036567903,-0.551833481521187,-0.390070692176003,0.253314581044425,0.102036704719395,0.277533021943248,0.754522928492835,-0.468517203183246,0.175725430103217,-0.077594155908314,-0.574436585903307,-0.829722285256021,-0.31139544108771,-0.408431637851084,0.607834421570098,0.175135006907105,0.0768711738322882,-0.128118063669746,-0.512870489236777,-0.303270616822333,-0.216885252209025,-0.190689813603219,-0.0800058090381427,-0.271133679410708,0.257804013546823,0.00999672691465909,0.151507458445139,-0.0630773875788227,0.25146825639652,0.0513716730581528,0.114985749555073,-0.106248806411694,-0.135139630978322,0.00941604680121605,0.0195477977101879,0.0852361976496233,-0.0361082807718233,-0.0444802925957814,-0.0182538775915032,-0.0393442596796702,0.0147459603003398,-0.00748616491845884,-0.0134128171658568,-0.00641234632110229,-0.00952191141270433,"Asian SEA2b"
"KP319199",2.87703295085528,3.81658385404822,2.53784365104256,1.63051545316224,-3.4436630281503,2.17775913016328,-1.1409872947419,-1.17304158363501,0.660198218573196,-0.894311518528827,-0.239310616268062,1.09454091813291,1.04013340021138,-0.849598820692589,-0.107642541156261,0.552551539941508,0.558141997223219,-0.388685327046054,-0.660324032875713,-0.370287623746538,0.638774065850398,-0.286072831373559,-0.025114720495602,-0.234185525606603,0.234008649212384,0.162287692039721,-0.17187389821134,0.669908703395371,-0.00182396103671374,-0.484659266080142,-0.318286678828925,0.115813581431423,0.00371159171709549,-0.379913024029221,-0.0302789126480555,0.260757726786874,0.215759821348974,0.195309990766045,-0.0937563217449978,-0.468439152716559,0.00776643190524257,-0.308907174889637,0.237907414878691,-0.203696420167397,0.0832989751342836,0.039517238395754,0.0525651035156015,0.0586214394541384,0.0948571975105425,0.0653623355459297,0.109993598646286,-0.0171053490719071,-0.0279224497768696,-0.0383812754204466,0.000485772265348398,-6.95090013794629e-05,0.0108168168482811,0.0312972151685936,0.0200357022122271,"Asian SEA2b"
"KP319201",2.98856922571992,3.94241769273177,2.40028608881599,1.3174710649265,-3.49104162057133,2.2829172073844,-1.17749714617367,-1.22217224840516,0.627416761760344,-1.08694131061229,-0.402534195083138,1.1635753721205,0.91622234753265,-0.557610090172851,-0.0419690296025343,0.540792922580553,0.479424177105722,-0.563146576031628,-0.440886609144696,-0.513679036882663,0.545978235625534,-0.240468894780688,0.125418396175046,-0.263502661766846,0.113510362708452,0.21889916580975,-0.276964636917141,0.848741606611386,-0.125034652178765,-0.502514024708394,-0.2406644028021,0.220293067057922,-0.0595792972300101,-0.420808621299386,-0.115000149670335,0.171880100220983,0.161769116866761,0.257610770082852,-0.128195757940028,-0.456375335451362,0.00431274406870534,-0.276615959915663,0.207022752087018,-0.146625053741394,0.0764656752182362,0.058682044171202,0.0857875316236097,0.0505114945749943,0.0516827144274161,0.0475894712958377,0.121904760357228,0.00104670409598891,-0.0342576759829244,-0.0354569465067889,0.00269733836426871,0.00841190103046375,0.00918261846627165,0.0336288170032172,0.0230762313665518,"Asian SEA2b"
"KP319203",2.10282027368433,3.90467970870578,4.02559280575705,0.627941363781837,-3.21715519696163,2.09896210764501,-1.71995532064457,-0.866780818361598,-0.271254247639809,0.906425124671118,0.581330391081748,0.0810950063452437,0.622399793930605,-0.234651439469181,1.12015391691193,-1.4599508437792,-0.0199661749608346,-0.285810037045549,0.616798198671118,-0.302448488238431,0.370428373617344,0.851582412420816,-0.593768192671628,0.0270537046557035,-0.397560116114236,0.180432984332888,-0.180789268139925,-0.187209343045011,0.077248187636101,-0.264691635650389,0.06783389256052,-0.0237000976898914,0.213883994556289,-0.319640417242539,0.408978302234307,0.260559043588799,0.282305209261283,-0.410714789563677,-0.288889444322155,0.324588757895489,0.191857815177001,-0.00379351949543847,-0.209291078463418,0.102792420964756,0.0725590391742569,-0.143137719364786,-0.0674305160526032,-0.184083966799142,0.0904617030361393,-0.02151020546073,-0.0957106322473723,-0.0813262960930413,-0.024428976530256,-0.026598255321468,0.00367507167950086,0.0847787820069128,-0.0214632534665962,-0.0962649894906728,-0.0284672341120501,"Asian SEA2b"
"KP319204",2.02574212554749,3.83305501985674,4.02635699842316,0.71150808835419,-3.42501749298452,1.94914360461163,-2.06886123506564,-1.07885718918204,-0.213710276775644,0.573248281772846,0.406008558531837,0.231332575095333,0.217813205367631,-0.441598168773925,0.763001046736555,-1.07006850849218,0.00504916084392986,-0.257203160488185,0.416472439198229,-0.193043864375084,0.313541154584191,0.750700693351174,-0.662775305461023,-0.138406100297697,-0.54516824822838,0.0209803426828108,-0.152843133235333,-0.0988378505491312,0.047443006869879,-0.311239820286231,0.260417605383448,-0.230166741091619,0.0596354240423469,-0.0210680626119242,0.205612118568153,0.365728529738547,0.0694388510193791,-0.106702678424236,0.0313721106829295,0.220428276777563,-0.0109259548518369,-0.173595953212154,-0.00133190016622283,0.0203757996647849,0.0268032184148124,-0.16752983315458,-0.0673171126512259,-0.0762099704151796,-0.0579152617468495,-0.100178350626742,0.00272426074874764,-0.0832199104032905,-0.0872385166429239,-0.02424641520638,0.0379251872661321,0.021612496997962,0.0182646076664316,-0.0437134789758165,-0.0145414298766359,"Asian SEA2b"
"KP319205",2.09810328092584,3.83190297528413,3.6586643236713,0.910421991194048,-3.58837219529671,2.32705659981868,-2.34583394090865,-1.25714900729014,0.00180852743646295,0.37569634565745,-0.02963624172958,0.444076642374178,-0.324175933736328,-1.07912314732863,-0.213003927548922,-1.02964689884083,-0.107646939617473,0.0479770708977561,0.365569321369281,0.30731972171569,-0.287951088354506,0.0981315240816638,-0.221086444001369,-0.314836186428071,-0.439892860281235,0.00571086085486882,0.129836670933484,0.0742285340904438,0.289651908468683,-0.384043057912375,0.368784301689253,-0.112082653226949,0.157150781242301,0.0646105877812155,-0.13258213363175,0.109891809555908,-0.0504678896317341,-0.0569097039558538,0.218169792671233,0.19081917743965,0.111596645348209,0.0779701757153632,0.178997848070761,0.0623144555794207,0.0586178373857439,0.314765645808809,0.0573555386985805,0.0976105180725899,-0.0272241849132391,0.233061405770884,-0.197135433311567,0.152887725608293,0.0415112431404824,-0.163461530724364,-0.0664344982050457,-0.00714722719803217,0.150781281840208,0.069257796676837,0.010421038304077,"Asian SEA2b"
"KP319206",1.26125374668635,3.05773570723036,3.23836049859931,0.983984308422333,-3.75008955728595,1.71091028920244,-2.27838977328363,-1.57150242731974,0.270745762109816,0.296591266585686,0.0344876196877189,-0.307840127804939,-0.0401745427961099,-0.957669712179544,-0.210261305618075,0.316047256961773,-0.694783452961856,-0.285364475843909,0.266042626792134,0.366758344726338,0.452399569188503,0.427000960618042,0.486851037826661,0.820930100570211,0.366072202239996,0.284217838570767,0.467140165369648,-0.0625288425658452,-0.119919435254777,0.221795898057603,0.220626827337441,-0.169240073810214,0.485460661038875,-0.00811205017536412,0.227984259354828,0.0505820572534848,-0.0129313169792145,0.215231435532102,0.0787495927351095,0.224858912570873,0.207299897185898,0.0842835815709449,0.103095008544554,-0.0465167919340898,-0.0952274264926203,-0.0723320151148515,0.0856811912829656,0.00382809262784765,-0.203694605198128,-0.112641446287732,-0.101532737928222,0.0813489077180785,0.0222349423983214,0.0568434270761131,-0.000906865308335767,-0.00413411274067475,0.0154526773762983,0.0219219348899872,0.00738022661897702,"Asian SEA2b"
"KP319207",1.00751157179171,3.15489223131242,3.26935569837918,1.13043816570023,-3.49807233857952,1.96152528343282,-2.20337434476014,-1.67933625936398,0.464141509184166,0.537633682823134,0.262441138420968,-0.013720101474872,-0.00880830189829572,-0.846697061708512,-0.286543834277046,0.46822605500675,-0.740722080476785,-0.440684610294098,0.420385734321064,0.416895903490464,0.619244620811997,0.326918957793136,0.3102582516762,1.00952316580167,0.148470420766809,0.292138323972506,0.553613060932774,0.310113494311834,0.032701495617739,0.341332709029847,0.440372276962476,-0.268647251739983,0.441931155800335,0.0103489424201538,0.0829106418506663,-0.0579225181135054,0.010719250783604,0.19550078569085,0.0611099880298029,0.264958783673806,0.159083806991885,0.119276035665721,0.118686996564675,-0.0571908340259132,-0.0542137496438556,-0.0938886504380272,0.072349429343038,-0.0256707285705029,-0.226625490559913,-0.0876306778421924,-0.104612773482658,0.0688544467055637,0.0480783690021028,0.0610623324102732,0.00634278359393523,-0.00150066891979571,0.0214026669298082,0.02668166102537,0.00189281831346716,"Asian SEA2b"
"MT068612",3.13392571370017,3.62644368632736,2.34004122676938,1.12885073936386,-3.49735297544552,1.93335000419836,-1.35696178471285,-1.79523101117208,-0.121448526500345,-0.830984003050269,-0.610196004560197,1.26555752698527,1.76016462984506,-1.00216788977071,-0.567971073984062,1.04049579370481,0.645802482291601,-1.64161955474729,-0.736435375980597,-0.549711799197724,-0.0368462208150982,-0.580406296363968,0.420089651088129,0.579454288736595,0.34116283422549,0.904997707774361,-0.68639157260425,0.942811768408055,-0.0705896484095668,-0.396690119139773,-0.418785086461667,0.241254865154258,-0.218265693086705,-0.351972307580801,-0.14137188281508,0.00311601616880635,0.191005823459778,-0.0466934157777452,-0.0839327620883787,-0.277075714503753,-0.345553587791756,-0.319461508172987,0.0485439124944895,-0.419073776353894,0.00778124435214616,0.183180729789551,0.0179564370639358,0.0755944922823225,0.114909053079983,0.0180332788806458,0.0455359226485283,0.0803697592253169,0.0965308355822841,-0.042491222094933,-0.0982153749716882,0.0948833388221338,-0.00444038091180742,-0.00651672293177572,-0.00261460447659176,"Asian SEA2b"
"MT068615",2.13597107473206,3.75434202251415,4.10456057950217,0.680007659938043,-3.66044138448696,2.53571587377669,-2.35869305275441,-1.20365743365454,-0.584726231922877,0.0124633549013221,-0.311248406871958,0.72574008035876,0.159812816068783,-0.117006461277112,-0.383574796618762,0.281985667474069,-0.424922773665738,-0.648308185621692,0.000714856527771978,0.548328645297085,-0.361759936535367,0.555863268388995,0.28104281292355,0.502382974648699,-0.604269762768715,0.559791933285677,-0.906463579067585,-0.213585890636631,-0.122525101436074,-0.273340905934092,0.0917558076668252,-0.432585236017318,-0.0669757030271415,-0.220338844450587,-0.0030824762867548,0.0141439501924042,0.0284587464418787,-0.126282793984575,-0.220364702402455,-0.0724035940508324,-0.48818690442323,-0.150640117691631,-0.133285502026263,-0.158407463950424,0.132220362718467,0.141176526111219,0.0549956377708987,0.235357207274433,0.0667958710520301,-0.128302778864229,0.072763995183317,0.0441562111826541,0.0579985025061705,0.036078010271907,-0.0292658646391856,-0.0407322578495799,-0.01027141858566,-0.0631199612928365,-0.0228376557211456,"Asian SEA2b"
"AY854505",0.584819288535413,-1.51126883448607,3.96152168999122,-2.60307525675807,-1.73107240726989,0.147763345334965,-1.03443200955595,-0.749209822895487,-2.52255109842797,0.076662309630315,-1.9440140672596,-1.67333227885206,0.496284339242525,1.31211236827588,0.144491824470162,-1.58458235642399,-0.268109016791276,0.964248531642436,-0.561371072636898,-0.183960973602494,-0.581176650862941,-1.12379553561548,-1.43668300625927,-1.22268389098174,0.623084638763165,1.22366872079893,0.0144483320016206,0.0340487464075774,-0.227089131990523,0.493949320528907,0.49295330766788,-0.389515278187647,-0.47027405101527,0.0464567039826316,-0.121896773685266,-0.220393254891396,0.349885251220715,0.1486714978675,0.486433860045654,-0.121904949798772,0.113832804984567,-0.222725418034006,0.0985751949697714,0.0134647383671065,0.313818682902384,-0.401693726415104,-0.061069120212526,0.192144062940125,-0.117153840353583,0.149967384253649,0.0269609397036125,0.0743315803060898,-0.0623094320036161,-0.0464572091071219,0.0299066792758036,-0.0255377085971646,-0.0266066166063244,-0.00329573757349205,-0.0112574306382212,"Cosmopolitan AM2a"
"AY854525",1.05302452123184,-1.57360778346244,4.15856798904646,-1.87834207972622,-1.10854508700813,-0.491959395987382,-0.920721112621462,-0.819323603931876,-2.70418567034971,0.629957334314582,-1.85123059668167,-1.7916182856269,0.867238279247473,1.89377196974929,1.55324264730447,-1.20916993714906,0.227282081045291,0.245218963519916,-0.453720616710282,-0.606938350139814,-0.334441954105079,0.219757635360921,-1.50988043526733,-0.804055114494258,0.732419801537747,1.17748450652983,0.221987719793916,-0.242209970754847,-0.762608742567966,0.498596073120273,0.405391323171886,-0.423355969613454,-0.22432714994509,0.142868990590253,-0.552507114733085,-0.124282464946199,-0.13856533931099,0.0248597475529712,-0.118965917848583,-0.164602301684709,0.14065891334365,-0.380674788229758,-0.171843935612122,-0.0546734241432991,0.117204127515463,-0.0321566505897686,0.253916881424288,0.103666215524661,-0.0585182634317781,0.145085589312197,0.118512070803972,0.0491935118362711,-0.0724682402340138,-0.0916090525660198,-0.0410898219851316,0.0319615425693788,-0.0202413718695238,-0.0206755774513998,-0.022354709939282,"Cosmopolitan AM2a"
"AY854531",1.03837619077852,-0.923863230901611,3.37242546219145,-2.25385451062099,-2.1612759877686,-0.332953196245785,-1.20005904608801,-1.67859033524819,-1.20416343165448,-0.492054096109773,-3.21210270359232,-2.36036191723082,1.17774196875581,2.6252295028817,-1.19033266267716,-0.0685362020025418,-0.385554878470066,0.887022233341473,0.165686510011065,1.19405630707198,-1.88179364015613,0.271997771315054,-0.485717633725348,0.51350059155151,-0.463939092799122,0.526293197733204,0.421477680408019,0.00581654427933277,-0.265461099679761,-0.900093907194809,0.549183147867087,-0.0973308971926623,-0.229656079489684,0.612536531232176,-0.435368590386463,0.412350337764298,0.499124065554431,0.469803427629196,-0.000831218827389601,-0.186151962451417,0.0376137985837125,-0.0282110635605523,0.317714343515662,0.277471763360408,0.129545803677621,-0.0153179033921512,0.31727678159936,-0.180133450014598,0.0340632793053292,-0.196264337194218,-0.132744605025601,0.030593256360417,0.00107578153879137,-0.0480692651768393,0.0402210600828108,0.0194330920705628,-0.0279828051185518,-0.0201166703349107,-0.0212294939007469,"Cosmopolitan AM2a"
"AY854544",1.27741832184342,-1.9833752492509,2.66203302630188,-0.62136346833227,-2.31840768579118,-0.681492163040308,-1.33957882662484,-0.944515698447708,-2.49310903996178,0.0782078835396408,-2.34284784001964,-2.13843119564016,1.9269160260044,1.72830255598556,-0.344233681637977,-0.237762370303936,0.145888958798836,1.00909071334874,-0.126753505156692,-0.0124369924218896,-0.92586406260447,0.503595812671019,0.555917296164151,0.34966966953145,0.206816333325751,0.176370907871678,0.921326827349876,0.579390244423439,0.766514516283297,0.86404520352838,0.463046420379786,-0.135034654459035,0.557696510050513,0.344242770016675,-0.0813883452982135,0.158812165073917,0.36858396678314,0.378767450030569,-0.161091719160847,-0.369970408347726,-0.142828581274774,0.000624589002085972,0.0383178705042622,-0.00065655907954478,0.0585591557653238,-0.14125490565249,0.213899853272395,-0.0276955848752679,-0.0310179149745416,0.0120400395816874,0.0812200716078959,-0.0834834779552011,0.0108570465579631,-0.0785035904954274,-0.00411470080332356,0.0650640736535913,0.0382916725882643,0.0175670270402272,0.00491561855120433,"Cosmopolitan AM2a"
"AY854546",1.39676690945057,-2.14321253118525,2.45638934705172,-0.545801516545009,-1.75740575364702,-1.19252038343118,-1.14039357432715,-1.41168873931987,-2.63749709705196,0.271642176119534,-2.70447371499219,-1.80402116344462,2.09140927065029,1.46055943711508,-0.366596375019671,0.228203567072646,-0.218374318894744,0.735736623815495,-0.61156725842728,-0.303186977720854,-1.01826231402463,0.335406143214945,0.920638503575387,0.610594602738091,0.301103977440937,0.212166112095288,0.431444390610675,0.638293713736099,0.717236950529517,0.897734782842928,0.37524781315279,0.176452140244494,0.604066772119627,0.376227430368869,-0.098932684225377,0.126390682089352,0.420299992059508,0.115947490387115,-0.104160715067638,-0.219950160366879,-0.153531051827404,-0.0114774486732995,-0.0489048696453558,-0.0349413516974082,0.115529859021592,-0.138762477141645,0.206202079620363,-0.0456815320493255,-0.0192767319864451,0.0198271269983869,0.0209980750305717,-0.12005200138975,-0.0116239812482141,-0.0658005543270874,0.0208202755278503,0.0820386200351658,0.0323045059872563,-0.00974736472899619,0.000415246746108699,"Cosmopolitan AM2a"
"AY854558",2.11141247686619,-2.61492373318613,3.534539329099,-0.918612768363521,-1.43687795815478,-0.20663244718804,1.7315305043186,-1.59675707834792,-1.42646628202805,0.169655052945468,-2.15439591161013,-1.06464739608368,1.64783034100254,0.207965118760787,0.315590324821669,-0.229222691150305,0.217613957189681,0.720179821225464,1.2622236634252,1.34313752619166,-1.87639678397771,0.348631656840763,0.604841293984385,-0.790283683785175,0.375397155161731,-0.158262513936645,-0.925718090558013,0.211705691159232,-0.0953941095024721,0.435726518213371,-0.106856514363134,0.483454999661295,-0.0859840291508207,-0.628045824448636,-0.269936055757081,0.501444149798794,0.210164160675912,-0.228052275565689,-0.290516252454592,-0.00833573683205859,0.217433634138511,0.0704900575717688,0.895216221268901,-0.404146612492772,0.0352972209825763,-0.169383207026859,-0.0810560442414442,-0.211785166295283,0.0913854077838771,-0.04655936096008,-0.119693029153398,-0.153398205834216,0.0654615033147702,-0.0922979597928798,0.0310371976802835,-0.00741470807547094,-0.0575431430704842,0.0650357503932091,0.00623372590533714,"Cosmopolitan AM2a"
"AY854567",0.841172290896162,-1.80712455814463,1.37534450174495,-0.248113862551738,1.43296173993288,-0.689261576502385,-0.542981904373734,0.577137990985136,-3.13832217952551,-0.491964780832485,-3.41654945247952,-0.555792683273888,0.729859777044646,0.586624122190088,0.585356828214008,1.86731369537575,-0.837788741521274,1.09759371666531,-0.0728091605247601,-2.51016133173263,-0.265511634026566,-1.89342719367764,0.231850092267235,0.324833197289812,0.787385212740879,-1.03429603782255,0.89137701409058,0.274686145220617,1.15788576930069,-0.544516010603478,0.0854703224932568,-0.542295026226735,0.888357377776391,-0.35872511988146,-0.273277380392854,-0.473400496364442,-0.422518470536438,0.113205567583616,-0.0379069200692423,-0.0101940881443656,-0.528327080146154,-0.411878979780504,0.146484690275414,-0.0199561260038389,-0.108317483064506,0.0880636554008605,-0.22962045632055,-0.115817980783033,0.0738768160411319,0.112107976687288,-0.0167881510897221,-0.0440366912814902,0.0373030990292067,-0.121195368979709,-0.00470923077770376,-0.0986623024342665,0.0331676951942171,-0.0198394102843542,-0.0162166489276814,"Cosmopolitan AM2a"
"AY854573",1.12127440673747,-1.53811478054761,1.07905971687478,-0.275605162448638,1.7508640044082,-0.80203683343916,-1.48421597743604,0.89346163646062,-2.60136301301807,-0.651476559680048,-4.3335136055435,-0.673587766072787,0.387003334809193,-0.371904152532422,-0.507975445633883,1.38459385500364,-0.949366796113617,0.907096526748606,-0.165996335444167,-1.42139204880466,-0.0412553733220115,-1.26212605005121,0.418970613951531,-0.130020263756226,0.58119797440162,-0.722178210440918,0.203861912252325,-0.135080628039624,-0.531356158119916,0.394275707272021,-0.61596863648978,-0.428097377724144,0.411289215970194,0.344980596398681,0.27461786978993,-0.314625771859961,-0.555670497989633,-0.316714817389346,0.077348960939551,0.262685646415926,-0.21644051396421,-0.0662791833453776,0.14592574928672,0.0152516985457649,-0.156072431154194,0.187630017616468,-0.143214662928682,0.0636156758306319,0.150003867490492,-0.0429517621243544,-0.0552783467773703,0.0179887341277511,0.0561763729974233,-0.0386826621273801,0.0322994001402603,-0.055226565908625,-0.01360052656184,0.00064401921044273,-0.00757086609306648,"Cosmopolitan AM2a"
"AY854576",1.92427687042674,-1.51356118378252,2.06058327606578,-0.885166694764145,-0.0538427853542337,-0.225051281438949,0.0779574571233877,-2.44447281561093,-2.96090086106817,-1.00488069595167,-2.93556963065427,-2.58560966422826,1.92700149371866,0.648956402825866,-1.00227658708285,-0.892819581262567,-0.794370375172578,0.708496273613607,-1.30567727620638,-0.546602393324712,-1.14601477299951,0.123089236971893,0.29322889935543,-0.0867391312302633,0.00607104188816144,-1.19434838308259,-0.381431051586172,1.66096719713977,0.842723823380893,0.648056355302686,0.130732135866303,0.0572053411216869,0.914703930779379,0.484534883454234,0.178299594501217,0.218371868996511,-0.236464991186556,-0.569623589922602,-0.0756472722689688,0.0349925312177386,-0.131148996372354,0.00263113281697916,0.00510579118828405,0.25182230040524,0.0734048314612333,0.0131774372489367,-0.0223620406092504,0.154929857329973,0.0520645354163069,-0.116892694146342,0.0489714471872893,-0.0480998646178723,-0.0665868820885563,0.104042803963995,0.0287420744549339,0.0728710834480864,-0.0109249225223235,0.0196488534707661,0.0235840931989309,"Cosmopolitan AM2a"
"AB284509",-1.61190115274502,-4.52496041228278,1.08808236321649,0.164286552401496,1.41355991827557,0.433422042039771,0.349525878326011,-1.59435581517135,-2.47303403091504,1.50702031710943,0.406522823105273,1.13124515355155,0.569876927239331,1.25714056446403,0.975806915892787,1.112197465516,1.46047008977109,-0.711239499662449,0.217639938007616,-0.0749283259197713,0.567254441854155,-0.436481320379954,-0.52137035367864,-0.120148299591573,0.303165877495741,0.238350358163879,0.266040940761012,-0.305988176741796,0.60124565336982,-0.0375519745404551,0.476282236284295,0.20956448930136,-0.0846925320649394,-0.200707271667249,0.0221225846560952,0.102389551669501,-0.0654852345809724,-0.089610678870573,0.300418519317585,-0.192099199131211,-0.112924223879642,-0.0610571419226982,-0.0431084805956972,-0.0677618373452676,0.00114041343535433,0.132538450855206,0.0818626109410263,-0.0569669191147682,0.0487405731082257,-0.0711101011936593,-0.0783280074908444,-0.0556809348440251,0.00865032924754103,0.0350612636364514,0.0314994578900448,0.0136742208177719,-0.00534385200806255,-0.0121161209196101,-0.00313962102881782,"Cosmopolitan AF1b"
"AB284511",-1.42024249553986,-4.56534330952035,0.959876358644553,0.372470082740289,1.32567130441015,0.555205650413199,0.433568707294025,-1.68040279605578,-2.40694696784553,1.40446837168565,0.420813199165519,0.998858981349612,0.490786898278991,1.20678483262252,1.05728959470539,0.910716238116035,1.18160230083656,-0.97979030565038,-0.0328016683149406,-0.122584106619808,0.442705023817762,-0.412949740593116,-0.623431270911266,-0.00306651672933821,0.0328464495583477,0.218378940231303,0.408286517143498,-0.436913879595253,0.58929517767033,0.17095593916643,0.529095772700587,0.20182208825002,-0.0471015870330743,-0.368007106405862,-0.0256915521429178,0.0739859156720706,-0.0128354812280078,0.148854949815171,0.149002935056979,-0.151921207125767,-0.088729128794339,-0.277322710532818,0.0134625609632565,-0.228151042920854,0.0867062175014683,0.133496397702825,-0.132902239304849,-0.0264472144575698,0.140664343340498,0.0212152533748975,-0.104974804181688,-0.11743212680826,0.0109323596745212,0.0332671671134174,0.0314007993447825,-0.0167664717051655,-0.0133113907923327,0.0079343819347986,-0.0122206479527079,"Cosmopolitan AF1b"
"AB284512",-1.80787940125399,-4.24290095918848,0.86929074232688,-0.527271125916528,1.71899832517389,0.271480304078429,-0.00189399454920994,-1.51527683463073,-2.38047916093509,1.79685526910307,-0.0982242026070473,1.4712071724894,0.406103832652441,1.52490843361777,1.23837639411968,1.51311998722663,1.62528937800819,-0.749465451923982,0.465188519328216,-0.213356769415058,0.78030904345923,-0.686067314591855,0.0237902443413786,-0.216246691810899,0.52241398802045,0.599607436211115,0.167381887348948,-0.264901900500425,0.352831869393284,-0.322027087461028,0.52041925308832,0.286234677960734,-0.121852478167915,-0.17976758853314,0.0978405083191585,-0.119950858694353,-0.0767358827349952,0.0151093089719136,0.332057646393347,-0.172441149118208,-0.253938485229994,0.0327931302000147,-0.0849803237292937,-0.016201598155893,0.0939865025562086,0.113681362247163,0.117226740268527,-0.0513801399680472,0.0248958856216082,-0.117866987788662,-0.0614489909558362,-0.036813776647456,-0.0430095222176868,0.0372511312531551,0.0395179864057845,0.0522301944248446,-0.00476299372263532,-0.0335900959651827,-0.00247385084010863,"Cosmopolitan AF1b"
"AB284513",-1.74145956532291,-4.96249825042427,0.883640691081549,0.451781146632424,1.60285376404398,0.361702428134507,0.371976764749228,-1.6105977296799,-2.41389536813024,1.56962483742056,0.56335915676168,1.20158245332897,0.335296222654322,1.29950794767623,0.756945009461318,1.13722400921173,1.45718987698037,-0.865904998420083,0.483661661308833,-0.10994369582207,0.413221346756267,-0.0742993447400312,-0.58437556924391,-0.147294175663851,0.062074106350001,0.156056843884325,0.0453144022235202,-0.222118386352819,0.318707602977278,-0.471595024556798,-0.0795460645218007,0.368889698985335,0.0692102493273965,-0.163121051030506,-0.33064504637563,0.426314615568273,0.00706868398016835,-0.184975891793571,0.387026199052625,-0.0410898075773208,0.188670350278422,-0.0282094973840431,-0.220301542832684,-0.299232746671675,0.0308048651488507,0.209471937188466,-0.0305941927880999,0.000631404190683718,0.121684450154143,-0.129759560780998,-0.16087845541823,-0.0889572321324349,-0.00154707746412738,0.0498467537244126,0.0951758972771093,-0.0249523565340404,-0.0322185065638232,-7.73979006840418e-05,0.00640277955713954,"Cosmopolitan AF1b"
"AB284514",-1.7433051636856,-4.04277072562987,0.902767011140718,-0.493671146300322,1.44826074225263,0.481539251197739,0.113934927879054,-1.55685257245874,-2.75053390026623,1.6714670659456,0.287037522017581,1.23708222936983,0.535228740824956,1.47767828621431,0.936591829953665,1.31564161624407,1.76803565688985,-0.614704596138458,0.749100362970033,0.0214268132506057,0.679836672401591,-0.338847697016959,-0.283892475048922,-0.3629491604687,0.589112795985876,0.466835959502465,0.0342665525999406,-0.0696384774732549,0.317902712563701,-0.142018533313507,0.764230289942144,0.244309652728679,0.0123902995535607,-0.198244547666677,0.0507238947223689,0.00935029651779091,-0.420290717335341,0.119339383632209,0.229517123042491,-0.242921984518626,-0.164098458472782,0.00822332036975362,-0.15113421315534,-0.00722974769404033,0.00654615320607783,0.210507342826627,0.103155488806965,0.0126942421004043,0.054284200491074,-0.110796696237928,-0.0608281255903689,-0.0431085669289939,-0.0382324404189352,0.0594383635370614,0.0358564654694084,0.0575369094180878,-0.0132419250338989,-0.0101339999814941,-0.00297705338502716,"Cosmopolitan AF1b"
"EU853582",0.0228108810277591,-4.42705489462275,2.9391849165687,-0.66511774114352,0.32259182389561,-0.230700391754853,1.07866981802842,-0.715449401905377,1.35765819355525,-0.196090948154327,-0.0904316618107148,-0.236750070818293,0.657646131105268,0.0879632551461137,-0.289460911218795,1.01388802557029,-0.946686634929892,-1.04363104113647,-0.800522052129336,0.0221433084688066,1.09931866746633,-0.160252711348731,-0.872127951581547,0.662423044147624,0.0558787559142498,0.11703283000308,-0.448731151704963,0.0737045286881185,-0.294336944405365,-0.60240477123081,-0.0902172705659535,-0.223454473135186,-0.350984215482002,-0.415720076107899,0.061077669911016,-0.0371244079989677,0.148691579767517,0.0556202495467224,-0.166083803720164,0.0151302003974694,0.295955706975131,-0.023313293105998,0.242871778985103,-0.253922501121355,0.246467952468744,-0.1538988700001,0.408614446088289,-0.268946955123527,-0.000982096570683078,0.047236366636986,-0.0433956032952802,0.0316952368000023,-0.0210359228697794,-0.0139676395279649,0.0829608869126118,-0.0265816370427308,-0.0191765305658877,0.0168778226781676,0.010052905695665,"Cosmopolitan AF1b"
"EU853584",-0.15483075776936,-4.03054182704175,3.19575219944779,0.413756434366739,1.44345354706426,0.267103826344483,0.804122951972907,-0.819014501948519,1.03325005303851,0.209714771960018,-0.306824597003687,1.9980783864013,1.1054144216884,-0.17334338260102,0.874021848825583,-0.500997006875777,0.495673950210384,0.632616243234923,-0.120606586195784,-0.260773468026134,-0.27452869232143,0.665358365993512,-0.130755433954351,0.734660201270998,0.631053139373288,0.419014765804326,0.0886141534700207,-1.58720907331641,-0.237684777655013,-0.0634261793478766,-0.829978542942221,0.618692493182089,-0.133199182481297,0.268913941199662,0.0169818068911611,0.238351143764574,-0.387210272387702,0.107578030986071,-0.000915272274837902,-0.434277399397632,-0.0102058437108267,0.0014976316522587,0.278059463652447,0.213071762125093,0.185404818789366,-0.212492299832137,-0.116610020152306,-0.0129822892355286,-0.0646176676019385,-0.103615309993775,-0.00676538243749288,-0.0537733438891646,0.0338816147194705,0.0141798845815007,-0.0841272538697613,-0.0143874001578736,0.0250350556282855,-0.0228450645169511,-0.0183139488152205,"Cosmopolitan AF1b"
"EU853586",-0.350049114697445,-4.07804228008433,3.10281684064532,0.546364293399816,1.23481554856537,0.0675776872241148,0.357294955468998,-0.896447701197747,0.836938758243635,0.187056779732883,-0.0113077148688554,2.10471831106772,1.42846675071813,0.420638861692898,0.759016579727255,-0.373902868533067,0.435591579031422,0.53024762466375,-0.482263897092301,-0.546788284021287,0.125482807139414,0.973965211244905,-0.109260277041947,0.545660951726986,0.622710206478284,0.314615800088887,0.136220147908485,-1.72034306060911,-0.166283309897968,-0.0148398176525087,-0.869699350366137,0.710767682075693,-0.151849604907652,0.236689904735214,0.0377730683813475,0.128717533218793,-0.346986280754971,0.1910806676828,-0.110374773656782,-0.444778718633095,0.0154717312880981,0.0516276420129595,0.263186623387254,0.229724163074078,0.176026779815655,-0.18678128637314,-0.0674345860105331,0.0149382769036213,-0.0349708991101125,-0.073713753992667,-0.0079948570796647,-0.0674930231850372,0.027159315317247,0.00516192063283788,-0.0845174763944604,-0.0127790432463894,0.0176350036029405,-0.017331815232398,-0.0152227020378867,"Cosmopolitan AF1b"
"EU853587",-0.537966769836404,-4.65893895600043,2.49998222857519,0.3380604685011,1.68713366137695,0.104483695734387,0.773367265996687,-1.90880085108403,1.01802610912271,-0.163871769030209,-0.0809344969529601,1.87418728361537,1.15406071905601,0.525088308307041,0.853485029463944,-0.986812528177518,0.400792811838053,0.145103974603698,-0.547681664134765,-0.121772083234758,-0.666276374370783,0.39865020679822,0.0943528629920396,0.727889532870278,0.32994451124897,0.0702029019161868,-0.0911205428356913,-0.554923719103161,-0.325522565730681,0.623643263314958,-0.51995525676687,0.633645484421951,-0.187143694566199,-0.223653519112626,-0.195292103018934,-0.0412938801728808,0.397926314409655,0.458724644421618,-0.319307767556824,-0.0759378510666364,0.129843159604406,-0.415315107034244,0.0786684886928154,0.117880696046782,-0.0497794083989799,0.0410345225843965,-0.0161957934882542,-0.0635460148602465,-0.00206793994761892,-0.0555535327744131,-0.123702520036239,-0.0210799984906619,-0.00540282343508786,-0.0162114491076946,0.00988178071743866,-0.0184590967173874,0.0110657722003585,-0.00712217933781984,-0.00456696199887957,"Cosmopolitan AF1b"
"EU853590",-0.573613592792179,-4.54070501482005,2.73341806440487,0.22489790685686,1.56840045450767,0.165952154236231,0.701950804354671,-1.87893803093716,1.03127349292365,-0.194507858624246,-0.0103928054161408,1.8043151972411,1.16740633089918,0.385979503515789,0.931375389980345,-1.00834239048738,0.214921569642586,0.11560059482872,-0.557241135173786,-0.158241375308372,-0.537742991194639,0.210609023572219,0.24622430076042,0.650327533675383,0.387352743035285,-0.0611050938539668,-0.269022894643332,-0.587531357575512,-0.135637342368296,0.844708837601285,-0.501750972724008,0.56007929208198,-0.259871467731432,-0.223414931529399,-0.126175829802132,-0.223305840601905,0.365974837011461,0.408099553896947,-0.32940257903136,0.126165278761649,0.0726760925290705,-0.503086142121109,0.0456319594297024,0.338499767301794,-0.224472949482819,0.0837882481422435,-0.221559593120276,0.0812643763571144,-0.158381635464075,-0.0629357576534171,-0.149475454447494,-0.0254245620008538,-0.0398845753124117,-0.01100359752727,-0.00213887708172823,-0.022025612035199,0.0163379900365996,-0.0220400001553041,-0.00506237156413012,"Cosmopolitan AF1b"
"HM179504",-0.508025835984563,-3.27070797129575,4.76435405179169,-1.56741828473167,0.94986783579148,0.579158565848077,-0.324741465355139,-0.795748006017869,0.879318628557887,1.5348427489169,-1.06519576672943,0.399200084580849,0.0520520316399478,-0.3311332270974,-1.34351109635173,-0.335851807854257,-0.45159058720913,-0.854440158439476,-0.00563451800033391,-0.022223740680309,-0.810723067914603,0.464267870007931,0.0156098756595812,-0.56431070742489,-0.7665068466394,-0.437059505810332,-0.227485307083227,-0.371920061894793,0.96404195981181,0.137316735789634,-1.02113092758453,-0.109416918241002,-0.288855935619318,0.0513393405629037,-0.232122347280241,-0.333270456982494,0.444296555238543,-0.0611196325842866,-0.0464979543510667,0.117066739884517,-0.113489964886754,-0.010809242678071,-0.520642764642377,0.166308088738269,0.219428251572578,0.514548237489412,-0.473540309488309,-0.184866321332245,-0.164520994887114,-0.315259845068914,0.388945129821822,0.341415861208702,-0.252804130955892,0.129321058832997,0.0597432333346402,0.0491932866019697,0.00824838734501159,0.0167248047593546,-0.00727893212162417,"Cosmopolitan AF1b"
"HM179505",-0.329783305630495,-3.22350882354072,2.82559982268569,0.714576347837337,3.29712606182749,0.862900835244744,-0.386472433165728,2.04048334807324,-0.871326040397347,-1.21707148639416,-0.972356524357289,1.96338395716598,-0.152851584299758,-0.773236727029516,0.783058187455993,-0.428168107703854,0.0743475579750787,0.266578258692555,-0.0427911001236502,-0.106925773498457,0.0669192998789424,-0.419278019866034,0.378877901796195,-0.577524082789551,-1.22004730177515,-0.0257419358630832,-0.758770259289124,0.24896114264258,0.192761699780238,0.157822092565272,0.0170544818783848,-0.159213584099074,0.422365584193242,0.0582080572170248,0.00188998062431049,0.699633649166172,0.234523897901928,0.0934754779350016,0.0944149260426919,-0.246567323514266,-0.132775435195505,-0.25353361698242,-0.300475898355924,0.0383701685422107,0.111471889288908,-0.000185550932067096,-0.0751765468986331,0.122932888041488,0.0238956885502535,-0.00899106022488088,0.0386957614314866,0.0264408028674856,-0.0105313089814426,-0.113130985972523,-0.0626933325514221,-0.0234637866996061,0.234222472759909,0.0744959403495029,0.00953067272348825,"Cosmopolitan AF1b"
"HM179506",-1.1055287492144,-3.596859587931,2.00038109101102,-0.892701508281452,1.27049168320596,0.29042147536129,0.308119627472402,-0.835391442389738,-0.00617687204544311,-0.32631041174372,0.798054821314333,0.405988464093511,-1.57973574052775,-0.868699715900196,-1.08651051307847,0.395074306055762,-1.09585044495922,-1.32068674368874,0.539564224136973,-0.237748962456885,-0.821465924977438,-0.110882051376805,0.752974919264588,-0.700526374439014,-1.02617222223315,-0.10779335328549,1.0235065730445,-0.902201983410779,1.29006206050197,-0.716661406137399,-0.0188855976790727,-0.0167130512816285,-0.0282252769881486,-0.150376302429468,0.0786935474472167,0.495418739827294,-0.264484437169822,0.226489979293966,0.0805156717180426,0.354544708667805,-0.0464472762981901,0.053587062510996,-0.67175189085812,-0.0604756913902894,-0.385801361016183,-0.247398724790875,0.404965551221816,0.318981992372106,0.0436305200322357,0.00216252985572177,0.073529515970217,-0.221837260531367,0.024967877299597,-0.102147965358458,-0.0181885637675457,0.042866234290876,-0.000942701000581206,-0.00499649664111108,-0.00117020243724415,"Cosmopolitan AF1b"
"KF155002",0.369839663019965,-4.43325922695122,2.31149791597571,-0.33927805220627,0.47670416177898,-0.51733982390451,-0.70142720651546,1.56773000013256,-0.600449940382049,-1.01033846071554,0.555835896039082,0.128990843797433,0.540095898139552,-0.207089022832985,1.06349530331309,0.466800672674097,-0.496604895848612,-0.177330497793117,0.251691382180213,0.660041088043861,0.268834027428353,-0.235450702242186,-0.657326060626634,-0.0361763533740078,0.0637514146301813,0.171074877378743,0.221240050642552,0.120546073582124,0.458567187562849,0.0679457069628455,-0.0112140262832648,-0.185104427561581,-0.226871081442044,0.451138944641035,0.152147907046635,0.197595449341787,-0.051555744675666,0.0257884609970701,-0.0173052812369721,0.511079644112309,-0.207134532376592,0.343633026654431,-0.0540274961110184,-0.0322717599216197,-0.222127365272781,0.0674063536078375,0.0166004670417854,0.0783195660693354,-0.133330359218143,-0.105029948705151,-0.0112939789378044,0.0145285978577291,-0.0215229193200695,0.0658476903843299,-0.0121013521369145,-0.0600534339854988,0.00778397222827249,-0.011247486452023,0.0102463057697666,"Cosmopolitan AF1b"
"KR534217",0.53928924066467,-4.10714516089034,3.2324543545413,-0.454883122126704,-0.065572632296511,-1.15508242786614,-0.629748888835012,1.23803589889885,-0.44318730182256,-0.760508641193462,0.545491382800735,-1.50799911071223,-0.57582848877766,-0.136913564866718,0.702499508742025,-0.174262479903574,-0.0538754474089977,0.29988657213859,0.046426702299673,0.132341872931941,-0.423262067303593,0.0810393582146599,-0.172080216630732,0.423973034980213,0.171900755677222,0.0841947737320758,0.219706524526437,-0.0509806234583392,-0.517013971299823,-0.827518554738358,-0.927932005567501,0.245415446656058,0.223761798290697,0.690379415632683,-0.248213937318189,0.249768660297115,-0.229540096732632,-0.0154190501414153,0.167885587180805,0.0597909230817426,0.263659240065478,0.175405122469288,-0.214064195311429,-0.0493252385111749,0.292465535133179,-0.100845533404375,-0.0541020861243723,0.196505295858677,0.0324190194434157,-0.134610384555361,0.105231969619881,0.0275096540973262,0.0048595944996842,0.068094678954635,-0.049611764573516,-0.0342919349465621,0.00283711913184859,0.0123950516300739,0.0044143302266945,"Cosmopolitan AF1b"
"KR534218",0.59325458948681,-4.13554079476934,3.4931552959828,-0.250282754830323,-0.361288427194949,-1.09199908224415,0.00362200191395388,0.879004065438354,-0.0542607341873013,-0.572763932166605,0.404057540064813,-1.57437662086618,-0.680136052448102,-0.242957990397574,0.18516429181046,-0.20086231057359,0.485788253662393,0.0275212861354351,0.0434879500217403,-0.268382344842447,-0.0702782380475515,0.220795400440409,0.227238245282137,0.017755084252438,0.218045360135269,0.258716176780932,0.160550561739936,-0.102883489006737,-0.611506287490888,-0.952476273185355,-0.824098817036545,0.1791354074102,-0.0921775945830538,0.341334358485003,-0.21297882316304,0.341985321427471,-0.177242403047299,0.086087966619003,-0.0879330006382068,0.0452722506450504,0.196701511753893,0.128739344469601,-0.179002144172081,0.10338195550483,0.298851559642549,-0.16032344611801,-0.0746227375133411,0.109900154272297,0.0309080998250681,-0.147465178138374,0.0918104629685425,0.0282684171046068,0.00584399356292952,0.0604731997521947,-0.0366507550618066,-0.027861884254295,0.00448108277960417,0.0256233512603663,0.00996398197188634,"Cosmopolitan AF1b"
"KR534219",0.238531444176784,-3.84458818736185,2.36722146955633,0.381170710346105,0.78612559671491,1.56577889514743,1.27009542746422,-1.29385872542657,3.36186045727032,-0.277547687928674,1.20735587062845,-0.526500224065432,0.276440281592347,0.237149171535498,-0.0767375057450906,0.375079209910657,-0.218639951556108,0.102430296573208,-0.416360021019901,-0.0386949916549655,-0.918823706735021,-0.293481447959629,-0.491671410305835,0.140040826288988,-0.558621409751503,-0.470914140683227,-0.577106101166177,0.313643388244468,-0.0902443061761382,0.420735577886681,0.337412114514304,-0.149129934007294,0.232361785643913,0.013636743810716,-0.0646251262393629,0.170659856918981,-0.0715135659395136,0.0305652505660808,0.0928346338859255,0.0269818154676183,-0.0325427795735367,-0.0880022487444554,-0.0570145467546724,-0.0490535606275575,0.0231608414552083,0.0212611529767769,0.0455318386680008,0.0858554389609218,0.0383240283645915,-0.0303491694919076,-0.0365327471527476,0.024721072389102,0.044468165074591,-0.00576024259676598,0.00119829596763694,0.00181498813059664,-0.0163739342329959,-0.00867793308960582,0.00398094393338631,"Cosmopolitan AF1b"
"KR534228",0.0828981893216064,-3.47052354875441,2.28670986646147,-0.237063080859116,0.914059248015868,1.67223328983404,1.04081831522515,-1.18017370184796,3.3223327661975,-0.221217005178911,1.20616380652305,-0.287553353726483,0.553331978085874,0.186245653772618,-0.0553817085537418,0.618743397287897,0.358326497110006,0.358525186394648,-0.199117247020427,0.216814518128889,-0.593636327390428,-0.562183743737738,-0.616392404477232,-0.00640967435772046,-0.0503266284727196,-0.138649878308939,-0.356745252492308,0.0596883197781981,-0.136304026824925,0.266844099535513,0.404094361802129,-0.254168682514857,0.0817902730975167,-0.0403203842333732,0.113306169655981,-0.0266550424458092,-0.175165452185871,0.318309648504327,0.0708798240064391,-0.0696190055636437,-0.218579641072415,0.0159983328889946,0.0128393530933702,-0.00375238427628089,0.0610757714406769,-0.0328080600057014,0.127469196811212,0.119236706193586,0.0193170806490884,-0.0496451332435368,0.00254258676922265,0.068383189741966,0.00636409984261163,0.00158494645785481,-0.0220200218618905,0.0131620719550589,-0.0135029488923534,-0.0111792118851403,0.00623419420941996,"Cosmopolitan AF1b"
"KR534229",0.750543385917107,-3.93659682333397,3.77631315440299,-0.431700689862707,-0.529658930300481,-0.979168592196505,-1.07920188496523,1.0667383645829,-0.529455268262678,-0.397747488378946,0.480962915252782,-1.07764083187784,-0.322832500645729,0.0550335244333434,0.710925802119208,0.0936578978247967,-0.454662027219088,0.533232754224679,-0.0305731045869064,0.142575910857682,-0.0383237375340212,-0.304604485775946,0.162987794699155,0.551703792992699,0.388009264005428,-0.572002042129284,-0.139206436072775,0.209863855033728,0.29131430860439,0.136675383137193,-0.181395144186983,0.399401702290836,0.0897742208881838,0.012587041688733,-0.106193033827949,-0.112043190267913,0.081242692135541,-0.129100946909137,0.123692584443984,-0.000191885949259368,-0.17397746227908,0.13441267793907,-0.0678210673592265,-0.0541211573468298,-0.017459881079763,-0.0106679489754545,-0.0108389762708134,0.0147386421229578,0.00735824563371624,0.00340797834142417,-0.0258196518650195,0.00540743214508308,0.00292510092679834,0.0100580285840699,-0.0274385683280802,0.000980023073700271,0.00767723918096755,-0.0178041471082273,-0.00124872188605437,"Cosmopolitan AF1b"
"KR534230",0.602075165647291,-3.62048304626558,2.9853999644647,-0.54433230549535,1.39269516053051,1.02052288969883,1.39334455105542,-1.2179640833073,2.50467877116036,0.590611266552421,1.54812210465762,-0.138348896194382,1.11136801483813,0.243962146777579,0.16474843591223,0.58593246568821,0.399644497325498,-0.065093701306537,0.453678042345801,0.345514418477256,-0.61371009641187,-0.309300803779916,0.117684028883204,-0.182259002677567,0.12808059457868,-0.313687165920138,0.0257860854546045,0.393450566244958,0.00750600039347637,0.0888202077287334,-0.00997782829339808,0.0758849082940651,0.105498342189758,0.282014745858594,-0.19084564565059,0.0953046237416258,-0.0166566177746941,-0.169103037416751,0.0524102589666292,0.015748277623224,0.0661911016922829,0.14860229414089,-0.0707447450936092,0.0806117918401162,-0.0169501826042976,0.0754708402025577,0.0977810766940097,-0.0805560000901674,-0.0243320950488265,0.0765011014865301,0.0753862544757734,-0.0526985270266713,-0.0514125626323003,-0.0857007070638245,0.0241233733771704,0.00734707032245605,0.0302733398956645,-0.021442313848655,-0.00480650189449368,"Cosmopolitan AF1b"
"KR534233",0.606088424545837,-3.90152437707157,4.01587332806766,-0.530914083072131,-0.67962158437323,-0.998886408439409,-0.35452533926403,0.652423210258521,-0.276345634779821,-0.193594074295369,0.317264450981542,-1.2385126343523,-0.446165600125444,-0.129540110611715,0.0987803706570446,-0.212202669526043,0.053788997010593,0.277427813130924,-0.166102534850206,-0.329967803930065,0.384679814630376,-0.119740641932224,0.511301376437792,0.0482319666119162,0.121191479677804,-0.385056563201501,-0.202870876891936,-0.0339256604253216,0.281765146298945,-0.0638763607705315,0.0393962066324841,0.150110703589507,-0.275805909380439,-0.15377536642912,-0.171670008675134,0.0678902075702688,0.0951058328301431,-0.124142918534089,-0.226104733160958,0.285133544134578,-0.376361538012936,0.282207314167527,-0.0646346991082136,-0.064451627761313,0.061986397699738,-0.136876423129907,0.0702843274891302,-0.0951166137497337,0.00913678603868277,-0.0466878906728009,-0.0199585112655462,0.0304372761607733,0.0297942596176589,0.0198693580818941,-0.0210953679101182,-0.00516399855860666,-0.011116806019797,0.00437441667236732,0.00726096227964089,"Cosmopolitan AF1b"
"KR534238",-0.0221933008971733,-3.34163801869092,2.1563241053816,-0.141732825559709,0.838943974679986,1.67453316987027,0.934332089637493,-1.04215286462768,3.46134136436915,-0.229165833227414,1.22258532524001,-0.470175654752941,0.63591677713009,0.0847791969121016,0.0109431045603434,0.485394255041196,0.4703825197063,0.280105778799275,-0.153819265260375,0.164505321548325,-0.630421300639745,-0.558555770886562,-0.517500446178731,-0.10103660628203,-0.10794772698166,-0.241328907624255,-0.121856386274768,0.20222021435443,-0.145181180977307,0.144329222518223,0.406358193686643,-0.238214328153987,0.115878675145968,0.0663205634784014,0.0786446257925215,-0.114398468209623,-0.141290016031388,0.334524498991887,0.114668643552749,-0.0611147425263076,-0.216727287547296,0.0329430772692052,0.015603778310291,0.0650170660904036,0.051035152061277,-0.0255733439723032,0.132827645786549,0.13210316527338,0.00627500795517371,-0.0750933199393067,0.0144076066036258,0.0834925632895764,0.00848822068369023,0.00882459352596769,-0.018739041674136,0.0156630106450227,-0.00705345789504847,-0.000397579924087369,0.0121445436195947,"Cosmopolitan AF1b"
"KR534244",0.369538035782099,-4.04885185284355,4.12102480644849,-0.292198759844298,-1.14099786816062,-1.52801896796213,-0.721396901765234,0.650147050812239,-0.100763193611702,-0.551549769068447,0.475295899223617,-1.34643950246377,-1.49705054245875,-0.110985004197648,-0.310836598806461,0.091421812211539,-0.00407087608694313,0.305883779150277,-0.0627919237697668,-0.106741656846474,0.492890912841977,-0.335955439499536,0.419002154589315,0.019655979153417,-0.0789678794145768,0.0857150307771415,-0.111439808568377,0.147525563131527,0.175139087109026,0.00245829021792904,0.0258568042645163,-0.0419902828637579,-0.223644825188152,0.105955284835894,-0.160831205437784,-0.181946009079679,-0.0528833793402244,-0.146240975423065,-0.129018152250023,-0.0380476693742063,-0.149133077874644,0.0492438574080923,-0.0538692393117485,-0.000115019661021578,0.00805362857449603,-0.0190535230679023,-0.00615912047612625,-0.0742267582412254,0.0580725192908548,0.00243284226456991,-0.0400719388405026,-0.0319857231372654,0.00906745366943667,0.0170162381638006,0.0117019893399443,0.00738550231406638,0.00694156495921878,-0.00280488681857148,-0.00561050999878366,"Cosmopolitan AF1b"
"KR534250",0.564011899708583,-3.96676271172253,4.30715907284707,-0.212308371640196,-0.496041004266887,-1.52761158429495,-0.256197053485294,0.822463288154278,-0.239580162869341,-0.48082220873757,0.601998223717798,-1.56424839189208,-0.879490637602504,0.273394746161895,0.0836938794229122,-0.287528151298531,-0.0895344654745153,0.507177737968499,0.29825354358436,-0.191381018383434,0.818966012939451,-0.417429091144687,0.721107978686193,0.104912351146298,-0.158939143809333,-0.174144077581585,-0.139029392003047,0.0101274948843713,0.0971571574081559,-0.195014802133939,-0.0187663382149178,0.0488867999472252,-0.155077057846875,-0.204666439309996,-0.0830509538877713,-0.0855132711150725,0.00917353911012351,-0.0762796946605907,-0.22096547941818,-0.087487591285218,-0.037802897059042,-0.0925799643282597,-0.0419479884699213,-0.00152282679863154,0.0564790868311876,0.045291406826096,-0.0478310524495036,-0.0393893398033551,0.0927196067186277,0.0309201847004921,0.00945424531625613,-0.0417818837863567,0.0106978601348629,-0.0186215730446015,-0.00679814910686253,0.0089050482304442,-0.00321316683167492,-0.00850767981293773,-0.00543062688533669,"Cosmopolitan AF1b"
"KR534251",0.088399514347376,-3.68236855977386,2.38250687868304,-0.0106198059577853,0.845551647863586,1.51650462557936,1.09229587117545,-1.18012565547029,3.27907459367306,-0.126044642455183,1.20013808056625,-0.349676719772125,0.375641944145429,0.250827273390762,-0.116847845147137,0.573190871103355,0.201238218692765,0.392219837719221,-0.116356877159375,0.0825599979248483,-0.681451106214111,-0.418109516737005,-0.440119573693425,0.0221129096690695,-0.196984508541027,-0.305283411892826,-0.559351823954245,0.291718442525497,-0.0933250506180631,0.245015271494537,0.304444944292584,-0.22671747985229,0.200927840362288,0.131491582114821,-0.0172190779299946,0.0539920673740733,-0.11685929237807,0.0516468852279813,0.064712413498711,-0.01767905390393,-0.144368554585333,-0.0320029877736342,-0.0197365577673659,-0.0601431843581995,0.0500652162549325,-0.00172771782353495,0.0617267571350401,0.107960175544585,0.0551589858386703,-0.0571215082828202,-0.0253643482240089,0.0275152503204753,0.0178722895261476,0.00183045819258995,-0.00435266886219909,0.0101846341528886,-0.0109067255607825,-0.0151436291806346,0.00505049651875343,"Cosmopolitan AF1b"
"KR534252",0.646174187616367,-3.61596798516385,2.94707246105238,-0.108469502972904,1.69942789855786,1.53107020100801,0.80629891874223,-0.436064956850341,2.44369794592957,-0.207508954176442,0.434719298227097,-0.111982351861597,-1.04499214311643,-0.592397226037972,0.0748127737286603,0.159831283076739,-0.316521243872726,0.0230224799109683,0.186877592683373,-0.943496277745931,-1.17239214159694,-1.11114397191496,-0.085065615400216,1.05218130085142,-0.939597349738438,0.129813812431645,0.295107468800889,0.233702897674381,-0.0563697947388922,0.288479731856745,0.0978766607803585,0.463029616594246,0.00139139738371614,-0.300647770675301,-0.828424065886677,-0.31281854572974,0.267214320444602,0.21493475417593,0.265577116531089,0.174735311963965,-0.32323049891046,0.121690156637597,-0.0648168700055747,-0.284643646549533,0.357366502457942,-0.131861721971971,-0.205472205627396,0.0703728595624089,0.00836418967015598,0.00048980628561162,-0.0658069951110506,0.0192654435153997,0.0202354129422594,0.012394347675965,-0.0124925448346564,-0.0452790323246637,-0.0191056091080852,-0.0406613971932845,0.00118255416347797,"Cosmopolitan AF1b"
"KR534253",0.630777806571391,-4.12108805014078,3.83201994391041,-0.6547811450394,-0.868535689168175,-1.30358937097789,-0.232272029787115,0.717869246746807,-0.230304151737732,-0.760877107558898,0.475104725920369,-1.61027020070738,-0.717206709013308,-0.370381195426122,0.414013514710074,-0.196444246855473,0.146533573909245,0.74278886252082,-0.272010232528507,-0.730063014230685,0.367495875700151,0.0938852222403651,0.634186037781819,-0.0318319937177449,0.35984556700028,-0.100764816326161,-0.366837318560689,-0.454986633997211,-0.0904213614335527,-0.0834814741865337,-0.010280467697671,0.478475743364886,-0.195653410075548,-0.0420229981094894,0.138116193903499,-0.152529775652821,0.00546921606626893,-0.186481179418359,-0.0963338125341628,-0.0541953007919097,0.000397609462910046,-0.0787755223522561,0.0380474055159523,0.0522525191982013,-0.0491482852009583,0.0295912838079069,0.0735110038190456,0.0137129040465624,0.033245585124062,0.0138968073221664,-0.00527726066885977,0.00679599418413191,-0.0194338868544031,0.0136129878530778,-0.0161629753611581,-0.00289396438118868,0.00129238264551887,-0.00407476901682023,0.00614859026346399,"Cosmopolitan AF1b"
"KR906735",1.40542449999679,-3.9372085269717,2.09025894544942,1.29231049229178,0.772126897029172,-0.373069175562221,0.307406931114518,0.328769293477501,0.0874184235486349,0.144275469498616,-0.227407459902931,-0.544262620182473,-0.560853409918682,-0.905447484113048,-0.905093394157459,2.09113039255277,-0.31173527126519,-1.11951972004106,-0.656208500426761,0.212239069707129,0.271589326486531,0.347679180230412,-0.568130948570262,0.625897834803291,0.502208101831095,-0.351949851798916,-0.167184549270732,0.172566152743658,-0.223063421482977,0.0420328450409642,-0.154554060476485,-0.219231587013023,-0.0164705291721975,0.0695495454158299,0.273466029594847,-0.0731386331264541,-0.0221884868754369,0.0275576417252174,0.205490598689681,-0.0967212815592678,0.328445104812703,-0.144206902941496,0.122236641168082,0.235613919888167,0.0832536846068928,-0.0997581318243013,-0.15618647502647,-0.088833955333431,-0.0490973721559591,0.000345870088662154,-0.0316819230741321,-0.0468048764374709,0.0159614588970456,0.0268183877564144,-0.00409071156725289,0.0512858743996783,0.0215362887189213,0.0215308766701992,-0.00987141186016534,"Cosmopolitan AF1b"
"KR906736",1.33088147880024,-3.88802668779738,2.26545785687338,1.20924364301096,0.853729060021427,-0.241022296270105,0.172126596891159,0.193055376702276,0.130619701424791,0.0427236969815222,-0.166941567883449,-0.577557973689256,-0.524636203376355,-1.02569836589642,-0.904055667139102,2.06887842165286,-0.479501939779896,-1.14896152913153,-0.642511966012361,0.0722321581373671,0.267298844244071,0.336134003413992,-0.526379662321493,0.501442137175259,0.584676124156998,-0.316311492876823,-0.183208933783158,0.264600778420831,-0.165841883801663,0.0363994093767945,-0.351950455343455,-0.380263645390918,0.0643621166095331,0.0165797139498673,0.334110084169593,-0.0475029860615008,-0.070851524713823,0.0287532350666352,0.194466141486193,-0.112563041412495,0.368487320169848,-0.199617348358897,0.089436319889311,0.244989849696312,0.127640419114209,-0.139662228139324,-0.189812904959579,-0.0675257172196203,-0.0414200001259456,0.0174894282134779,-0.0396401686339599,-0.0324811500932228,-0.00996355740984956,0.0222864210387136,0.00592015827428277,0.0576763719135297,0.0209920243463508,0.0160843638012201,-0.0097763089800499,"Cosmopolitan AF1b"
"KR906739",-0.342174870673883,-4.51872193233099,2.40545340049589,0.451772911133338,0.983208658876973,1.45883464078872,0.0199908222578038,-0.299161707476546,1.94120798444034,0.380137404703887,0.68444761193808,-0.335163819597884,-0.705207198341763,0.553594938697085,-0.25628072496178,0.132788147644531,-0.926322142805664,-0.341375455698995,-0.241166978284688,-0.596287746095135,0.572619210043253,-0.00177898900342197,-0.147441155999083,0.376469857353327,-0.622711952665796,-0.359918922707525,0.385523603320428,-0.095584904005299,-0.0360663278791104,0.455116776959932,0.305332595804579,-0.232961776022276,0.427363964043033,-0.103112487999132,0.01402243984845,-0.191490342723947,0.0924534272905314,0.220303015152229,0.0509180490265091,-0.0283070293132066,0.159973993725454,-0.107974079950959,0.125574483126873,-0.321720826215391,0.270355530114521,0.0581055408094557,-0.125045417972148,0.142825257365057,0.151929723719772,0.0546186806157447,-0.0429025633863413,-0.0524609588279498,-0.0416655020440399,-0.0429591541548583,0.00720490613859786,0.0218831567914825,-0.034812870556324,-0.0329609722636939,0.00841839459430007,"Cosmopolitan AF1b"
"KR906741",0.857720973948817,-4.34735263685659,2.85976612894704,0.0761688968751705,-0.996239581878745,-0.0574742902247156,-0.429439994088673,0.212988400650553,0.38881532252273,-0.388356883434874,0.765653586641161,-0.57923018983566,-1.02267100308516,-0.149921681030271,-0.546537463565847,-0.0433821082553966,-0.0702778426619434,-0.722832637948575,-0.150242980680954,0.289068787483589,0.224527082733359,-0.0789864186568119,-1.25759401459636,-0.727631298040123,0.350624036850468,-0.52562310188418,-0.103093077483547,0.483010170300533,0.0625720195799288,0.290196239279209,-0.147797057199915,-0.0715808322389968,-0.461831640284331,0.0996657261153445,-0.148739117189895,-0.0263912963349357,0.0142621904500701,-0.0100299639313583,-0.0372712146526944,-0.0177725828394921,0.0523526675900703,0.0481690569385358,0.0274638336394762,0.0857318050273806,-0.207872102381125,-0.0947858124580458,0.111428552688517,-0.20816955167599,0.00432448982346796,0.000671658257959945,-0.0877107906244266,0.0591858788259403,0.0430171452549948,0.0278423348026719,0.0233119562363297,-0.00563799019670432,-0.00436371855534119,0.0592713596581513,0.015399462114795,"Cosmopolitan AF1b"
"KR906742",0.283851743422897,-4.25888542815004,2.49210413545804,-0.3026862872757,0.395787627878384,-0.325870971058906,-0.943579257393613,1.5849298262227,-0.557404535600977,-0.924375257644904,0.413950584326487,0.242319395600658,0.585733364082741,-0.297460659851108,0.927246635378148,0.456238053134841,-0.470051738268613,-0.175552255559355,0.292640000218585,0.630488300689653,0.170833298299173,-0.296723117416486,-0.547130206202329,0.0565457338174426,0.20745231250063,-0.0576795274569663,0.113559446679266,0.237048365555732,0.53953077823027,0.278215502230033,-0.313735393297309,0.0700777401922125,-0.249707609869309,0.129147402803335,0.0756022868457585,0.158702785209254,0.0238773015184738,0.132534895530029,0.175307294261639,0.0348516637627188,0.12216357539987,0.169808127608608,0.0425776874200803,-0.0450075423399947,-0.09450893721951,-0.0209749242536506,0.0625483835482388,0.0126034747417104,-0.00509214375823337,-0.0367620407486055,-0.00340711700711698,0.0231298016034269,-0.0169013751224293,0.0246548936162086,0.00891493658947886,-0.0268350555964744,0.0131201942983751,0.0118689836919542,0.010192772952619,"Cosmopolitan AF1b"
"KR906744",-0.308575611119658,-4.29346795224781,2.2434190846909,0.338545529345954,1.09909661918732,1.58213870415424,0.252646355479675,-0.325973836400865,1.99542475293802,0.157090194184394,0.588322040009235,-0.187815075859627,-0.253485112185183,0.332119724293513,-0.216726147796091,0.395185623303507,-0.892986954178729,-0.394609039114798,-0.588807215083098,-0.581526583505307,0.469949399409483,0.0774928279022819,-0.26133795261992,0.320337649507255,-0.544187949230661,-0.44797513411963,0.295005837816073,-0.0747061424474896,-0.0528870168480601,0.416415322271047,0.339939535449519,-0.11809360058285,0.397114635271261,-0.111569258522806,0.00866157921530621,-0.263796865720204,0.0934734370258678,0.258453993132539,0.00603277152552797,-0.0131970404810123,0.113270847251545,-0.0605045961611895,0.15735024900466,-0.255546569486556,0.247510422697432,0.023317755176735,-0.0641843584584741,0.152093012262904,0.0952860547050606,0.0518488195933717,-0.0519497246104745,-0.0342663776362172,-0.0500155763133527,-0.0241742667323983,0.00454476491754746,0.00313421114871456,-0.0350073502693563,-0.0297680253105959,0.0132798579464758,"Cosmopolitan AF1b"
"KR906745",0.786575081126403,-4.10102291884102,3.44951368977337,-0.136229312564113,-0.466682796644983,-1.31011883716574,0.00251725114706245,0.193767732229252,-0.237159643875649,-0.61794285867345,0.441884248032429,-1.40459520858666,-0.120677029305649,-0.164820033155813,0.0612512666667962,-0.326102143832068,-0.173943278261357,-0.141503994970217,-0.423829175533304,-0.476652621268248,0.157886911316486,-0.223598946767124,0.0327626246530145,0.226899854728923,0.038604818867267,0.491551034169863,0.199955281076644,0.106671576051294,0.0963065598119308,-0.0968061172647383,0.132353948769446,0.251575725295357,-0.190160140492843,-0.260966692343613,0.00410415213454394,0.154277805007416,-0.254595425548931,0.165573320023248,-0.0915607855609259,-0.00191733619799408,0.0330715317393891,-0.00448309098295656,-0.175470165016842,0.0934225212791522,-0.0262902748308821,0.0939529355693425,0.050827842359355,0.0197363345766255,0.0277176486794774,0.00757780630119686,0.0141666492249602,-0.00954554465156975,-0.028674772312097,0.0321013466182636,0.01753612640855,0.00306145978499665,0.00630942388330579,0.00757442124211665,0.00171425510426377,"Cosmopolitan AF1b"
"KR906746",-0.487144838135237,-4.55517629234753,3.31375356741955,-1.68460015830392,2.2675716401194,1.24046251954937,-0.860841401408528,-1.29451362063411,0.494691091707938,0.5394245838998,-0.645028018586076,0.973344745866557,-1.07513714673173,0.202939520964719,-0.206332935296369,0.111636150316418,0.542791264091655,-0.460991643334748,0.910466861884001,0.13318291506398,0.362687758483502,0.746050958363187,-0.207685601895961,-0.482117310293894,0.457328297811408,0.713415117124558,0.382137987633138,-0.0309576010383361,0.147032880997681,0.157081870708569,0.218393968170823,-0.0290724261664886,0.281464200440893,-0.00698742250961261,-0.541693499403592,-0.217844832897619,0.281129101750096,-0.477845239346679,-0.199288505992619,-0.183549969581536,0.067588261587137,-0.00900848872436352,-0.0366001810458458,-0.0486411867816845,-0.0266213451822304,-0.0879975329575609,-0.00421684601513636,-0.208794778187655,-0.0413639923910112,0.133056488912995,0.113163762268338,0.0295676698281695,0.0583659357414121,-0.0358314454289487,-0.0663699083458007,0.0711865411658846,-0.0247036090257684,0.0415729841859672,0.0407261816539554,"Cosmopolitan AF1b"
"KR906747",-0.360690866850313,-4.60137032541436,2.77598490323121,-1.73702330445389,1.96953294252927,1.1220333755977,-0.887331669616764,-1.70236951681401,0.158498960343194,0.314082382041493,-0.258698653419632,1.55442225319416,-1.56305084166504,-0.0451144126278315,-1.47608514889595,0.459876900707467,-0.00556809630911987,-0.150605717638507,0.553736255399925,0.338185880296755,0.101090608238106,0.10038788312942,0.19406506579038,-0.374797717871396,0.488662168274758,0.942408022892448,0.479000920780471,-0.02475920785912,-0.0104744066755721,0.263190823143923,0.13452235104364,-0.0463609402064308,0.120731648249857,0.109378206868131,-0.374075167044596,-0.276019605525791,0.107604259204757,-0.484840257996758,-0.0748251952326252,-0.224694923626891,-0.084864980668003,0.0999977194211222,-0.0255581529415283,-0.100911733295757,-0.0269729920636997,-0.142819369479381,0.0221870359255106,-0.209749673972038,-0.112789234169701,0.109515932941506,0.033039475301208,0.00562701253355663,0.0168950186485285,-0.0144729554653817,-0.0318783620505778,0.096627255116368,-0.0209391000507285,0.0349435820406826,0.0430484935282069,"Cosmopolitan AF1b"
"KR906748",-1.13432830402002,-2.23220695086222,2.6239526774081,-0.0228489700328697,0.124253862988096,0.0477745255566445,-0.668711921739081,-1.09716474586227,1.05004901629532,-0.344935940370127,-0.936564326199809,1.02639275799656,-0.610047876765724,-0.2977480853755,0.0448441541792968,-1.77949491993969,-1.01643159327619,-1.66197429123334,-0.585393801306049,-0.876214717675042,-0.585999595307421,-0.87740802970404,-0.361344713692036,-1.03227059157804,0.128206770484781,-0.0267712702907176,0.180214623311859,-1.19772843531449,0.351155575893858,0.167742786579811,0.428136420711971,0.010252414026128,-0.0596039368169556,1.01743637934026,0.615210150288692,-0.397044661076032,-0.0840281429786835,0.22740966122756,-0.757633528121387,-0.287782432625271,-0.158943139916019,0.500092806876531,0.342551968680307,-0.462450485549524,0.00229155676522964,0.0394662177576817,-0.0999864074886856,-0.071866880717489,0.0971828969092367,0.0379474520917627,-0.0941472382860702,0.0297243097377736,0.0687092106936032,0.109673891310746,-0.0683044587356224,0.0234128796478918,-0.05362531062338,0.0114860701050251,-0.012582995994191,"Cosmopolitan AF1b"
"KR906749",0.315451802633637,-4.05923593157173,3.02640545625833,0.275728512448384,-0.214856795874743,-0.306455098952402,-0.20391242379338,0.689109918712671,0.817406415341154,0.089225738228107,0.181531828507007,-0.178920163153091,-0.300307448798977,0.48877849049511,0.0892205012712641,-0.0116200789700441,-0.151569440893663,0.104351928296893,0.446727618489525,0.121249326995334,0.331094441303779,0.0412055177889332,-0.852491513997145,-0.677684911198149,0.468332173309779,0.176771672492303,-0.026405150358583,-0.0409291607705503,-0.348969883649835,-0.491669450952028,-0.467077579251728,-0.294633925882595,-0.134228982820095,-0.153127867276671,-0.105333873756774,-0.00535500537966861,-0.142173064895531,0.371315020681444,-0.411423926800768,-0.186321977382045,-0.342495767375974,0.231747060765713,-0.104577043662796,0.0986246807445517,-0.180278702363859,0.000246682236127114,0.124343839799765,-0.224522779956737,0.15244595979958,-0.105622991422416,-0.0578267499198519,0.0216794741502828,0.0474565207497232,0.0340237104179546,-0.0118472274743441,0.00959000328129653,-0.0112808435036089,0.00754323392207415,0.00933113608185708,"Cosmopolitan AF1b"
"KR906751",-0.312514149924792,-4.62969267984012,3.16047956432061,-1.93483005192529,1.91535431205603,1.4966636349696,-0.438455726548273,-1.09011037385506,0.187926609598055,0.817927065556801,-0.146836373605547,1.38989677666927,-1.13829491232666,0.33081493834707,-0.742363585198779,0.208341880914511,-0.0614067280800852,0.00827356424474569,0.641081873747266,0.314252454460603,0.279539517203079,0.210014790280685,0.365258742046451,-0.382612207008412,0.40635623774787,0.70979190263482,0.232056696822993,-0.298458029517948,0.0249064438968305,0.341425823989847,0.352242783356856,0.0225733613485048,0.0406202231613896,-0.0544529771706188,-0.287162032072651,-0.33222069655433,0.307431289022093,-0.546822405092012,-0.128926744393382,-0.029251831959543,-0.062528199287871,-0.015275826097483,0.0170492527074544,0.0881221066716873,-0.232689715667317,-0.0522907342483217,-0.172776563249315,-0.0617470787975518,-0.281112469434375,0.101046869478857,0.0680850598237871,-0.0115319888777526,0.016475474606588,-0.0365040600095676,-0.0651187830958105,0.0680557991650482,-0.0146174371700295,0.0194094881559811,0.042612810931294,"Cosmopolitan AF1b"
"KR906756",0.501419176741278,-4.10964985404862,4.35240820290161,-0.62399239473578,-0.748565898788734,-1.11416963393175,-0.273908495453222,0.787460893512951,-0.262540875238526,-0.511625963386982,0.564461625277031,-1.34176945139845,-0.132990464224757,-0.0632052952276916,0.154275685260922,0.135206854418568,0.339478571339125,0.0896198091815472,-0.11331170874166,-0.416445799708935,0.293648448602695,-0.191062544178292,0.692117647559447,0.415594991048686,-0.111501240539712,-0.0767343062406021,-0.162668028119528,-0.0614701696868684,-0.0293677069965567,-0.143544477714964,0.308264000251692,0.0236372823849433,-0.108488910591621,-0.101632129542369,0.0513620045973465,-0.0177256855317922,0.071157740135275,-0.255114733982586,-0.00700001089657861,0.173288778921627,0.122850343673821,-0.154299647154668,0.0304754708171277,-0.0410565264693953,0.0560920118473299,0.0130905634480179,-0.0654865415755988,0.0135569602706411,-0.0396097012091433,0.0451614961911812,0.00381802591950797,-0.00965304281269901,-0.0332819646835329,-0.019089518262089,0.0110486960841578,-0.0328498380115966,0.0220497388459732,-0.00981765920264818,-0.0113052201193913,"Cosmopolitan AF1b"
"KR906757",-0.192739419766035,-4.77277316032226,3.08527089724808,-1.4699051605553,1.32817010849812,1.0984453060638,-0.380950154842769,-0.928123624929296,0.293425078743433,0.63744601269949,-0.284590087698571,1.37137528316942,-0.566728857233734,1.00157244027483,-0.787141599216751,0.00560289769063796,-0.663098380545477,-0.581192051798721,0.0825907032557143,0.0645501383047181,0.303472281644599,0.00151263990001383,0.169260732621217,-0.222198574839051,0.0451913736853666,0.852621492962499,0.274804786614246,-0.165465271309002,0.368844121775043,0.519176959314574,-0.0746748694451171,-0.190770970767107,-0.260964251301881,-0.0369087333580125,-0.646640708895086,0.303201305725866,0.317607676738582,-0.451409326097873,-0.126451378895788,0.0242369729558328,0.132687717805718,-0.00196363419962089,-0.056961061485524,0.275772611806073,-0.145990365301595,-0.18660276354142,-0.334968031453965,-0.0832221311087033,-0.226246312568466,-0.0182136883751728,-0.110460960033654,-0.0694149991206125,-0.0482368780320455,0.00615066592401406,0.0205717324606215,0.0138308932433781,-0.00766715297707603,0.00980579151100593,0.0602005132918497,"Cosmopolitan AF1b"
"KR906759",0.155220985075931,-3.07996918887185,2.59740800709221,-0.644860955397486,0.393675399876877,1.52855906229435,1.22268767180831,-1.63346075175935,4.00613907712844,0.150959766678177,1.34177452814857,-0.826743686752013,0.634102833943007,0.189589431835982,-0.323793588636589,0.788222184772282,0.247080059871173,0.324477220732325,-0.130327095364763,0.268206296977716,-0.382545076067763,-0.685287202462682,-0.40567450377828,0.146400747832185,-0.0261415192360841,-0.52893025355992,-0.639483960361371,-0.207106401095574,0.0192349739121582,0.362942233854164,0.47730526168554,-0.0469368241681181,-0.160350561493331,-0.0988734856582448,0.0641221162588568,-0.162761240368909,-0.0669713435469998,0.323275380037654,0.10396055684604,-0.0221764516454206,-0.178940584102876,-0.0779786428191977,0.0850427219385494,0.0405310416125314,0.0316653196262511,-0.0380629657882049,0.133367562536227,0.131233775820823,-0.0159077711186689,-0.0461874400406308,0.0187079595673934,0.0743087890553643,0.0278945950020167,-0.0240275255944846,-0.0189303820979518,0.021048437704458,-0.0163766190921163,0.0166747452378625,0.00664157771107999,"Cosmopolitan AF1b"
"KR906762",0.182465956245709,-4.02831772185284,2.66396593325255,-0.517187474968829,-0.221606880680296,-0.404637775860874,-0.694367186261664,0.715531688592692,-0.47722888918716,0.214195484525825,1.30121192901353,-0.180698845544284,0.294466002196363,0.346774949046095,0.185210113351047,0.0839410944583959,-0.711973798262343,-0.160053921569412,0.158648573901678,1.88943494132008,-0.350505845112082,-0.420471959793911,0.609567050554702,-0.182220002729866,0.124230867470659,-0.16422862323812,0.165252724528811,0.389223638324269,-0.168616280172789,0.0556015029816214,-0.349067940438892,-0.214925211296671,-0.00462030043384524,-0.0110616086193025,0.355978202433912,0.240180849607276,-0.27333884856724,0.296607810919077,0.140751598546311,-0.106975227774833,0.0576498858545529,0.117078630764741,-0.124977881982085,-0.0916308339310753,-0.00110189991803072,0.0524341900565207,-0.000158919575952008,0.127973467802062,-0.0173993063800824,-0.115629791527662,-0.0370870391072426,-0.00210183702383792,-0.0427993491728166,0.0142647994090699,0.0539148945292197,0.0319165585574582,-0.00142578532596645,0.0165546023324471,0.00356304792344046,"Cosmopolitan AF1b"
"KR906763",1.57793981954326,-4.06663056670806,2.44303037649897,0.779072013022548,1.08177361417102,-0.17277965531544,0.74702714923606,-0.061329085297627,0.242957370906755,0.572525004784235,0.0177105142039036,-0.881675467205472,-0.0876411658107215,-0.556809036713405,-0.699171782871867,2.0201287313918,-0.683125436961027,-1.07412687792525,-0.430921768475638,0.00331071201030921,0.349687823284051,0.401155471328673,-0.577178619984161,0.788405135684972,0.713996219944049,-0.257798755510305,-0.453293691358357,-0.0758841176918492,-0.114826232071522,0.283000957050512,-0.666592350630839,-0.180699332593328,0.44428337504545,-0.145873316403488,0.396063502451231,-0.0586218729221955,-0.023926305663984,0.0575289679989439,0.173311335589643,-0.226871729225092,0.308035928063665,0.00548246050623065,0.115873688761902,0.13201596308725,0.0341209228634145,-0.119633748287808,-0.193234142894029,-0.0931021180124345,-0.0630364521195737,0.0710191339281952,-7.71496629810554e-05,-0.0401775652251594,0.0474416805646307,-0.00925294753333449,-0.0318541052717674,0.0519537512541278,0.0075305394322159,0.0107043913513091,-0.00659103092240147,"Cosmopolitan AF1b"
"KR906765",1.3556532125819,-3.6321700705403,2.24079382912696,1.03273301753805,0.733991735110288,-0.314456951913112,0.24764046577943,0.443640761962673,-0.265293551999898,0.380075115850596,0.0730232344175597,-0.912259572724844,-0.773367462078147,-1.30049085061153,-0.87357047245715,2.33072252485384,-0.406952268389913,-1.34987401655956,-0.662495652784938,0.606429619573522,0.508170631060888,0.575664674470423,-0.119816002353279,0.515181658586057,0.443837983119437,-0.711924193660116,-0.405855421110587,0.18989456917447,-0.0728590746813909,0.479274566225836,0.151839059317923,0.0111768030883915,-0.0996832783393175,-0.0695111021463444,0.395504609987942,-0.147426425876893,-0.0535335289247159,0.0874848559491667,0.231847383406889,-0.148537869369208,0.435108537006339,-0.190788452540164,0.128838032004974,0.314425684493519,0.111755706073282,-0.0861075874487077,-0.145093417854553,-0.0157097537954857,-0.081814629328692,0.0315728841396687,-0.0192526516268629,-0.0344002373050219,0.0225684920885976,0.0283752993338621,-0.000195246332247273,0.0748239013977314,0.00872122197328038,0.0389784910289724,-0.00994139483537518,"Cosmopolitan AF1b"
"KR906766",1.49880276749713,-3.8234341986882,2.51441827155342,1.1888328417839,0.736409712500724,-0.406032337808121,0.171330302791107,0.336172593464766,-0.0440970209776039,0.203289023030837,-0.297790406480452,-0.615989008875337,-0.324386971590269,-0.878379783284076,-1.02733237154697,2.11590839772743,-0.540679735137124,-1.50351952951535,-0.727419296082434,0.425432269688641,0.161627596153949,0.154424196481608,-0.559632544438107,0.396257613939514,0.511433249084416,-0.242687063735266,-0.140414983157764,0.430641003559851,-0.129196548960731,-0.12175806805715,-0.518806148434775,-0.56964236064882,0.0571054093210039,-0.0481093991726026,0.22396347108174,-0.000985151971135782,-0.0305396996496888,0.0772827059306906,0.13707666207517,-0.104687621872776,0.329392381826345,-0.142219147352929,0.0211540659320834,0.266384012786215,0.142357832853872,-0.165199760388512,-0.201921164543711,-0.0869010611255861,-0.0376319813334035,-0.0109016264342769,-0.0327440355221777,-0.0357712555217225,-0.0123047988992082,0.0177221767609925,0.0145172569411656,0.0474559569890196,0.0223146508479308,0.0113032722043811,-0.00985518424160641,"Cosmopolitan AF1b"
"KR906767",0.44124307296471,-4.35634592275053,3.47885004876614,0.28082236207297,-0.424574455125138,-0.641312641714784,-0.164037594059829,0.0797870560556415,0.412115815106639,-0.190603770030583,0.59684909034746,-0.418637216497785,0.0868560602826778,0.376882236244094,0.306667648464359,-0.265487105602174,-0.0244764403663055,-1.01051161329769,-0.00142788051549916,1.00369546443043,-0.10467036130421,-0.229260831666149,0.169217143192195,-0.260935342865571,-0.107249945670892,-0.316984804747421,-0.122892287168364,0.173510907597209,-0.146115467837699,0.0688504474053269,-0.416274950320273,-0.290566380488065,-0.362695409168871,-0.43052909131634,-0.0570708934327598,0.0733406314287408,0.061429660813514,0.200942162657334,-0.214463241223693,0.05776375815964,-0.066084195549407,0.027872175539362,-0.0697130517728983,0.05521786417461,-0.0281035645545466,-0.0490687682398407,0.00688228583416441,-0.150701118626625,0.0364857990995962,-0.068022988259146,-0.0627988350687326,0.0327041193538161,0.0524279807390687,-0.016763970416813,0.0138498456805347,-0.00232592581780913,-0.00764826865296175,0.0210496888049463,-0.000115640882418461,"Cosmopolitan AF1b"
"KR906770",0.0881823630425369,-3.5462743239302,2.64122070248947,-0.8970123062517,1.27728080988175,1.46868606691283,1.21899712396953,-0.880084978278466,2.98328252984251,0.607171815665272,1.41513772650527,-0.0387396916239605,1.01449977244411,0.518691459388525,0.313741353702067,0.591323376146915,0.966817077719337,0.912073192965953,0.537951289836138,-0.0304913982347891,-0.189987416609629,-0.565849782415315,-0.220282152261039,-0.260350768289048,0.545801893151395,-0.296275131114466,-0.520317372635783,0.353415837733742,-0.220974624543665,-0.129864349908423,0.206882198769663,-0.199995733033442,0.283766191779289,0.32296628654401,0.025667006348697,0.0780245341208898,-0.077419411364339,-0.165868599196793,0.130061453593822,0.0115499542520568,0.0485570101183616,0.0813610441224033,-0.0182206071473649,0.00707882637965151,-0.0232950271841802,0.019981083600905,0.0490513195425587,-0.0476819003863443,0.0345873952206971,0.10778972191129,0.0755789845933304,-0.0473768658917461,-0.0805175744183625,-0.0829096313276993,0.0133123478049592,0.0392199502092555,0.0259735337984319,-0.0228547668578538,-0.00539981376241372,"Cosmopolitan AF1b"
"KR906773",0.670808532371563,-3.82492882684809,3.71554003389455,-0.516215421073487,-0.872437904701741,-1.34301429924526,-0.132422801799251,0.6195391117602,-0.364090115694908,-0.764538721058498,0.439332349458224,-1.66495805490144,-0.765565297962502,-0.291633690272822,0.45268519424732,-0.140751644724874,0.139604082085616,0.804391460823293,-0.232097073916734,-0.746351455819072,0.33536718139924,0.268068850950219,0.651400154011966,-0.0543483195268294,0.449265114184241,0.00358460816595324,-0.374885152050326,-0.493813511926475,-0.070757366820115,-0.0319920284978559,-0.0559298724898481,0.145593124596373,-0.256508701431766,-0.171636807591857,0.0745388784275633,-0.284744455958152,0.260903112258377,-0.25689911997634,0.288288067367962,0.067467699547606,0.124933783281359,0.0406310145119623,0.214382718357344,-0.053058987442923,-0.0648948374070722,0.0707592293404373,-0.0355534010896791,0.0407228202137481,-0.0162679050389292,-0.00833643133260037,-0.0150372199480355,0.0118250438034898,-0.0134041718549099,-0.0272193589991452,0.0157663174794489,0.00853927069218675,-0.00760137667163185,0.00797145740308081,0.0120919218727475,"Cosmopolitan AF1b"
"KR906780",0.79869909526828,-4.0564955610316,4.08098035859045,-0.675191946266452,-0.985855036688879,-1.4685994125159,-0.233068323887167,0.860986463509297,-0.405020874140126,-0.600311781509583,0.344255887323366,-1.64870123589346,-0.516957477227223,-0.223062612813777,0.290736810302211,-0.149414270780897,0.0853557785520162,0.388230862137004,-0.35691756259858,-0.376862902679411,0.261824627610029,-0.0878245846920192,0.600933155665205,-0.13701651695349,0.286602691927698,-0.0271403871846037,-0.324043367935295,-0.28894640885819,-0.0537760265926206,-0.241638951620478,-0.177136160788991,0.289097028106984,-0.202910117364078,-0.106712111231959,0.027969580815646,-0.106011941562456,0.0457810411304032,-0.137951708554304,-0.153723291945186,-0.0463198812521903,-0.0386973288805927,-0.0213773213462883,-0.0302348484412751,0.073646682288104,-0.0344308714612954,0.00405375155871952,0.0614027442349127,-0.00566243985940329,0.0370336039166041,-0.0144942473255883,0.00161887244292242,0.00350588875563219,-0.0217751283437617,0.00904874357535669,-0.00756587669427525,-0.0131143793056987,0.0026150091470989,-0.00885586061365914,0.00606971500190757,"Cosmopolitan AF1b"
"KR906784",-0.0619495667868703,-3.3840546963422,2.65650611161618,-1.28880282255559,1.33670686103042,1.41941179734476,1.04119756768076,-0.766351908322181,2.90049666624525,0.758674861138762,1.40791993644307,0.138083812669347,1.11370143499719,0.532369561243789,0.27363101430002,0.789435037339614,1.38669524796821,1.20186273411197,0.837954433696664,0.0907635913450247,0.0473851839112809,-0.690477851192691,-0.16873031564863,-0.378278684908967,0.907438794361871,-0.130644402324064,-0.502563095423851,0.331490892014771,-0.22405536898559,-0.305584656300567,0.173915028547942,-0.277583278878438,0.252332246497663,0.440821124848115,0.0730730546580654,-0.0386432554240177,-0.122765137802895,-0.144786964534892,0.101939233206608,-0.0331109151194915,-0.0632687648934351,0.137360305093224,0.0190573818399418,-0.00401079735099048,0.00360934761554405,-0.00300778719940685,0.065246238009598,-0.0255771638026813,0.0514223526947759,0.0810173831203777,0.0867473835220691,-0.0445826879603728,-0.107113449966806,-0.0753189305383434,0.0077613829751232,0.0475895962315475,0.0314407424706454,-0.0293204629488825,-0.00433026117704662,"Cosmopolitan AF1b"
"KR906790",1.18988871938937,-3.98447857614245,2.27325770296538,-0.496883098776228,2.62611527367957,2.03224970873518,1.85428200830068,-0.299352834618619,2.25552829674505,0.494292642631455,0.266478631764712,-0.559973144245049,-1.17952478245641,-1.26101423715406,0.713200391401692,-0.0500213855131858,-0.850939680571384,-0.411771461561093,1.13781463743256,0.0774866161395434,-1.02074836543174,-0.4745853532552,0.277673716483477,0.33078065023029,-0.792551398638328,0.306919532688383,0.490938278319702,0.301435554575003,0.605718778926616,0.606356219923502,-0.052850990853415,0.517653764316709,-0.302100384379718,0.0868223975174738,-0.193705061327876,-0.0252818082822344,0.338967183943045,0.000216033429462393,0.122550793122833,-0.269551188998864,-0.139858103749824,-0.148688090203891,0.140400380211138,-0.0463310727502483,0.268389691812527,-0.0688459767541007,-0.0545258327308165,0.0653625183201558,0.0360423320694133,-0.0841876032565048,0.0611516266990126,0.00928088103969256,0.0527538228227909,0.0241646014358683,-0.00419837217168829,-0.0266067568062869,0.00658698319157911,-0.0322830073426334,0.0137581488167528,"Cosmopolitan AF1b"
"KR906792",0.832277526413462,-4.05194128130071,4.41826347638861,-0.370406261101734,-0.583512342910606,-1.17748055005026,-0.10339245765853,0.780303675774665,-0.634953815943967,-0.81817789214107,1.05534563273534,-1.79359276549812,-0.939327682473155,0.204942537733098,-0.133985643693558,-0.300498494845255,0.117576395177083,0.480312957866184,0.5553316983322,0.190340374671297,0.865247937772028,0.058582064683585,0.612587497654748,-0.000708090795694781,-0.200286170387807,-0.411023746644902,0.0771504291038412,0.121124761187,0.383481855796213,-0.0565427854003172,-0.061641514470446,0.105946104286827,-0.290976154704918,-0.0874780845441376,-0.0659737397592467,-0.107772344586694,0.0550159323150193,-0.157778973095006,-0.347134607125169,-0.235578886147435,-0.0084624408287644,-0.11271728731999,0.0783758562867571,0.0219477901161997,0.0383462071852776,0.0293366548792518,0.0154917921824978,-0.0130877997411353,0.0448300396434922,0.0350591694249964,0.0254872380195641,-0.0295385387346811,0.0301535581242319,-0.00527133199364323,-0.0146168433777909,-0.0335713715503906,0.00394751535831236,0.00491974623242221,0.00124967771965552,"Cosmopolitan AF1b"
"KT336432",-0.730242019815991,-3.94668685756849,2.87164247973745,0.0450827015842147,2.03288547843648,0.884769414003208,0.44524685978142,1.15083376309244,-0.749945694160274,-0.646299480179063,-1.62695681139219,1.97716432526635,-0.365052422830419,-0.817744296188752,0.426872440551083,-0.3009797932268,-0.587834911503784,-0.0247531489769863,-0.161848466504088,0.381146343681168,0.857622785109581,0.1544088182484,-0.0287160705340619,0.492983530968803,-0.337616429147775,-0.0704306701294318,-0.683116105432906,0.0818816836302089,-0.305087762457828,-0.0698089197628146,0.110659637263763,0.00191234620588265,0.426174868044254,-0.0152443747568338,-0.169798756976439,0.34362706170659,0.0994366865252961,0.0210926755808024,0.00932906225312841,-0.169238381996214,-0.0875542721353116,0.139235082938358,0.0176237892100678,-0.114903236837049,-0.042588023508359,0.0516626697033313,0.0520312690366924,-0.116647525464663,-0.153552017851708,0.0289861774368935,0.0365485662944345,-0.00956083484561502,0.00752732987581323,-0.0238780541743191,0.000935190674258878,0.0218772492681579,-0.02559651552486,-0.0317612107550152,-5.02705183491855e-05,"Cosmopolitan AF1b"
"KT336433",-0.903247492344766,-3.8667862232334,2.06443810346951,-0.0817748568466295,1.02288507322294,0.418112854493711,0.275720549000047,-0.917610400823094,-0.0692944699456905,-0.0339885545289638,-0.144805967109961,0.844765287994834,-1.60780077984665,-0.152208224614304,-1.30889221606836,0.0938762932672247,-0.873123054654202,-0.929901628839652,0.547575977165189,-0.279150994581703,-1.14237699736183,-0.0534494909928597,0.637292177757182,-0.165145077274508,-0.41427526105517,-0.184305931576966,1.46023972180871,-0.55931836336529,0.98185965427405,-0.810935346132306,-0.0133795390361234,0.230346561817168,0.41125011083757,-0.088975524393237,0.0846828059339623,0.0712523646903516,-0.32831785285994,0.0522589361769142,0.00748269408735201,-0.368022300351469,-0.128939257862495,-0.258733702879679,-0.300209557851431,-0.0413585371562221,-0.143199683664287,0.0962010843422978,0.17989536753074,-0.0814907042457679,-0.148567526538487,-0.0264894624183325,0.0882500942236333,0.05571825009252,0.0130254723650023,-0.0298151360026623,0.0360628760577915,-0.0283558655085921,0.0253898896540278,0.0294566988868226,-0.0137182411992833,"Cosmopolitan AF1b"
"KT336434",0.57439956555235,-4.28042070458442,4.02426901488588,-0.683941436900481,1.78568013948579,1.22709918035262,0.385713358092306,0.0293821764886687,-0.885243525149208,0.798379449403097,0.630234796321357,0.525665251650961,-0.0868372665034226,-0.967690838444051,-2.55702702379866,0.53154894613342,-0.168203733556651,1.64974149946357,0.408433948420484,0.683135899083702,0.585175889016387,1.72448934719649,-0.469596366690677,0.144188475355275,0.0578175228747657,0.710901888611352,0.920306395661503,0.00717087634382378,0.288525367505698,0.0831326146222326,-0.482060773329705,0.607224220209406,0.228814642089247,0.103923408206872,0.156749455670002,0.411631210866264,-0.193207599622271,0.107427284654883,0.115910296899297,0.414449855593728,-0.288684605353193,-0.201007492208195,0.103985804169928,-0.046649896829098,-0.0469387626873672,0.0601647709261746,0.152937773272077,0.0504385723434655,0.13461335732333,0.0563828280268013,0.0658659368362147,-0.00067544481300325,0.0482319225183593,-0.050684596666365,-0.004447787050467,-0.0240960061815515,-0.0240502033798604,0.0258202466459655,-0.0222610315992012,"Cosmopolitan AF1b"
"KT336435",-0.7653933020427,-3.78834219935433,3.50034383014148,-0.445868205050576,0.618417222615582,0.00997046045101898,-0.487222407026198,-1.64314366771444,-0.0625240553066955,0.22557357207857,-0.979291146570214,0.248573901986004,-0.189997657364696,1.00833708954382,-2.27751441544879,0.239302944889384,0.62758691270243,0.0710926951830161,0.189576789152061,0.698703362850485,-0.347503509586829,1.50824245145309,0.217282799236436,-0.065199463772947,-0.104159118283745,-0.0592931241961655,-0.664256488996978,-0.304509765896512,0.359263625312643,-0.476611705408432,-0.706136433429261,-0.558455486507391,0.295731411133962,0.569441501194569,0.234623683221567,-0.291831392826798,-0.029466099805129,0.189124088707197,-0.124511304952322,0.255093635792707,0.179735098022227,0.178922524096251,-0.0854856695684334,-0.499503998874296,-0.0981483062707074,0.0729244060679977,0.0472485692192167,0.0209386053113834,0.0156219891736313,-0.0363437513929285,-0.00500587617060313,-0.0177070335797093,0.0314506490167802,-0.0285192280300735,0.0538826748078157,-0.0487558481910864,-0.0228284904924783,0.00373443260199574,-0.0192281203782917,"Cosmopolitan AF1b"
"KT336436",-0.784000875928258,-3.99367620255194,2.36673832953306,-0.493913531355112,3.36730120926326,-0.401825169847442,0.167451696159263,1.86008520233956,-1.23614961660711,-1.60216801313844,-1.0413607133317,2.10329433221338,-0.592866610777376,-0.681897400236077,0.13552765737128,-1.74563012914586,0.118183661497999,-0.687831422516877,-0.580637459574306,-0.0953566130743904,-0.526234350388174,0.0293325882570267,0.672587866034762,0.292271820140434,-0.0887089079033486,0.296305366890913,-0.983081504623276,0.446805943426653,0.176322525018323,0.237721506747997,0.134496905486892,0.00464224632901235,-0.229052882817141,0.46293280127653,-0.198814137765274,-0.474628473199435,-0.284837399333235,0.430473841079671,0.223727105220203,0.150903284019657,0.0676562084297578,0.0733251734338162,-0.148243054774177,-0.282567739169591,-0.0313601918653036,-0.095395733022287,0.162576263535776,-0.0972426598507435,-0.0735571211828743,0.150077570932203,0.0940112751791968,0.11859447837986,0.0165523331101231,-0.0218187113951841,-0.040580413658869,0.0244231691447718,0.00271980882776671,-0.00342584824057386,-0.0148221210285864,"Cosmopolitan AF1b"
"KT336437",-0.765207113801527,-3.33478616679236,3.11845757872154,-0.250337834421462,0.262959839998644,-0.226345836547355,-0.058665311528837,-2.11680714044148,0.725277571451418,0.663655166275367,-0.901984334973999,-0.380360609847145,-0.170307360867951,1.08384603561468,-2.45952585485514,0.330143193112273,0.976017750098483,0.335638396606239,0.275831539148001,0.636299870170043,-0.2703338779262,1.93342612812477,0.211465087097446,0.126365360997038,-0.069437310217973,-0.389362635053032,-0.35515145790315,-0.659955057679042,0.382444155274198,-0.677523111846269,-0.593078692418814,-0.572573729564209,0.0640799900729068,0.647157639260491,0.361026331560175,-0.547199524382393,0.142803166823011,-0.0175955741226461,0.443411360705084,0.317459011862963,0.156952873185135,0.381610671113872,0.218840433575903,-0.573169935534195,-0.0325490039706454,0.413277014863839,-0.143389969124285,0.154534649027645,0.124282913054135,-0.00238744202252423,0.057397470413846,-0.111954978965756,-0.0266518778374417,-0.102203228353526,0.112898590007841,-0.0427597015205346,-0.0307698245018695,-0.0132751260489569,-0.0147351873092127,"Cosmopolitan AF1b"
"KX148203",-0.233984038290502,-4.42993030951681,2.93565963340385,-0.11198577155602,3.31167824073576,0.439253164858367,0.197483778243999,0.612308591857728,-0.954911633359409,-0.216049153254482,-1.05020453589667,1.36964364959337,0.367173068320333,-1.13385807386327,0.483281502346958,-0.59762098082539,-0.223856267696421,-0.0776701715198027,0.425915452919619,-0.287918020825688,-0.216455769849467,-0.395159259782618,0.279226498692165,-0.169564795704862,-0.441456105333571,-0.232374285681318,-0.323579367003055,0.35974613028382,0.143026338390337,-0.122039824272328,0.146111032497657,0.445009550802515,0.405043579101337,-0.654467041887745,0.154116759599589,-0.619820476699594,0.489989279211335,0.0483921925930157,0.042323235247472,0.283949105655593,0.170785076795435,0.0577439524184776,-0.0502499365853193,-0.0133403596580551,0.0716654263368155,-0.0629933966625459,0.0548236409989265,-0.117303998965437,-0.0576804118092777,0.072169204428512,0.0919765557621924,0.0858718589382952,0.0673792471771009,-0.0222840854079594,-0.0307751520849474,0.031038458152345,-0.034473723763965,-0.0318040786969876,-0.00916364113644538,"Cosmopolitan AF1b"
"KX148204",0.276261003078231,-3.9776709594741,2.44456302697274,-0.601943071159095,1.77549619997398,0.533346288334459,0.543657963108417,-1.02465433746545,0.878546586908989,-0.953621624815088,-1.14811475617758,0.19216456469873,-0.444940020785838,-0.463535910258076,0.29342393892581,-0.650114088945708,0.0224101720245297,-0.642625581527514,0.280999291857983,0.344514947209239,-1.25722496496015,0.239402004973588,0.513799189602244,-0.195678975649147,-0.260128826760826,0.0205729222380121,-0.127052391238518,0.385505401257185,-0.605863768223808,-0.633468970044497,-0.266597307176361,0.510844546703894,0.221656735410789,-0.174633177353925,0.218202534793917,-0.110441390974477,-0.0498729653835704,0.0709529255622632,-0.243849364225302,0.126998272138046,-0.178262601304668,-0.0322030483870645,0.436719705092779,-0.00336335682842752,-0.091555337529595,0.143691487886517,-0.0171857802223872,-0.0419125244880883,0.00695759026391346,-0.0601743740282197,0.0552969651664024,0.0508542286782741,0.0064604301592136,0.0175822277883291,-0.0150549419980845,0.00989539798965768,-0.0250222726396578,0.0428843005558169,-0.00244433610044648,"Cosmopolitan AF1b"
"KX148206",-0.551326921662406,-3.66413725630136,1.84059502660327,0.402312206187736,0.298424409749889,2.13325966568803,-0.544478681057659,-0.271582990542468,1.84687832101904,1.03859463175523,0.854430832916659,-0.485989549146027,-0.036876047914181,0.630445440977162,0.834766191800906,1.84826565532051,0.0153181222110289,-0.0246784319732633,-0.625419039234526,-1.00014448887031,0.580185330557351,-0.244568223090358,-0.227932039314566,-0.527230966424431,-1.04624310799067,0.153461364388524,0.568583756995628,-0.180016126099859,-0.471805839132908,0.70890018186819,-0.212784762579177,-0.203427658856408,0.205058439769951,0.448052198508857,0.134012531390141,0.117378315376438,0.151748746607493,0.00672804248057878,-0.430466865989066,-0.0220808134490656,0.00456947295823408,-0.222441491839994,-0.105962285358543,-0.210106973760867,0.17727181457101,0.105172804850753,-0.00327014071903474,0.235127800287778,0.235828256851758,0.0251851644392592,0.0461283877352131,-0.122965458045038,-0.0705036650730742,0.00737498308618879,-0.00140387367980816,0.017663224060179,-0.0070166267262533,-0.0229193562675435,0.00575716286885729,"Cosmopolitan AF1b"
"KX148208",-0.0148824827410019,-3.50814743463868,2.33409243742084,-1.05716435022806,0.675604791748873,1.4485712469307,-0.081598126483948,-0.763932328593393,0.382145167537736,0.39292121403606,-0.627514186055585,-0.265531847471566,0.908501537871753,0.506781607535858,1.56182557244896,0.557897312205431,1.49389282585071,-0.633611076184383,1.27662893162099,-0.0813204861484856,-0.958991825591219,-0.227675948234688,1.06560332555787,0.0170919866604802,-1.11905268481038,1.13343305179665,0.703980742845473,0.467640383843099,-0.350141463750898,0.509003684848938,0.739390986042191,0.381337501123504,-0.0423454429329037,0.010743435456813,1.17740988637439,0.437780705069797,-0.255221344345999,-0.725800289770741,-0.270018447825765,0.394071718410126,0.234157493657336,-0.185277925425387,-0.171261225744545,0.147975398353005,0.232021574918397,0.0475388823049121,-0.250167376898788,0.0889653054074612,-0.0126933438245121,0.102276356123501,0.135401547472098,-0.0700317480641037,0.0156049793421642,0.132005233141172,0.022044124155675,-0.0174544685933122,0.0200096560413268,0.022712274244655,0.021415492051103,"Cosmopolitan AF1b"
"KY210224",0.721394493252787,-3.96076869854528,4.40367854063682,-0.225585597861797,-0.789431952437568,-1.30978603868055,-0.119086588330612,0.807986712799795,-0.4477023532594,-0.811783907341173,0.936303880552835,-1.65835245254903,-0.740426933141257,0.311293709383156,-0.153312426652303,-0.50209762917741,0.0868065964197642,0.660731982390471,0.570145529855304,-0.075088998444458,0.750488181630422,-0.246867229117291,0.378032333949232,0.0537656905854626,-0.137048639627498,-0.313158953068391,-0.127706800084852,0.125949176140044,0.219279505800716,-0.104114754233761,-0.0182482492138373,-0.000891448930644874,-0.212641945972631,-0.148646881410166,-0.196084066263746,-0.0687182768620172,-0.078912243656623,-0.0976172685243701,-0.315166263076188,-0.139742693404572,-0.0120680985570236,-0.0981397605061774,0.00631718085930884,-0.00710132329264608,-0.0162959274059897,0.0603244304092753,-0.0337778352019565,-0.0309813272455571,0.0902247685961976,0.0331318682544898,0.0156547894209289,-0.0397028108836566,0.0294266098455924,-0.0102964109582916,-0.0181560763535179,-0.0127998693224934,3.8985173101822e-05,0.00883220097622985,-0.00198631533435413,"Cosmopolitan AF1b"
"KY210243",0.358948876754723,-4.19385581198502,4.00495437403424,-0.317947535762949,-1.31740124825097,-1.624838194805,-0.665722668839838,0.71816079482745,0.13052308375677,-0.714899827736498,0.31995143327413,-1.20692653072693,-1.31647011300767,-0.0294723094119722,-0.252730807940063,0.0177226925232435,-0.0613255399978608,0.421285074857937,-0.0140522477864305,-0.270616609200064,0.564653061073191,-0.565635072698304,0.340061522132144,0.097682209828318,-0.105825071799438,0.272095771677904,-0.0628719554265369,0.179527575193065,0.474794640407888,-0.0209471139022535,-0.133840425711022,-0.0577198834202658,-0.40216113072334,0.140380135280273,-0.233294072613628,0.00229208750716837,0.0435353961121816,-0.160181906148633,-0.0660727918937342,0.0147856899533499,-0.0812922390917104,0.0453448311049053,-0.0112206322403529,-0.0356063097138293,-0.0137458071713713,-0.0469214380171776,-0.0514726871485577,-0.0699003218746573,0.0562694418784731,-0.00996890983393681,-0.0222241458205933,-0.0549216449156397,-0.000193609362126428,0.00325639444867735,0.024783333855442,-0.00289058102594571,0.0181752590643944,0.0059846029054438,-0.00118017802818706,"Cosmopolitan AF1b"
"KY210247",0.564756392710184,-4.00135139980098,4.21396016525096,-0.424806618877374,-0.932359869661735,-1.32849282884177,-0.274568905261324,0.727580250061467,0.0955481011831773,-0.528891776841312,0.179779017088785,-1.45307942713019,-1.82010287148848,-0.704967248491566,-0.195831329708134,-0.0356723261311718,0.0560114950920189,0.40825239772145,0.298865387126749,0.179273159148679,0.0928794133811322,-0.644562284750929,0.39750699767691,0.208655228697429,-0.0706249465195734,0.190113996492581,-0.159045803006841,0.280659550424224,0.103737619351981,-0.0461280714774387,0.0655776116884319,-0.134065471757362,-0.204994402761797,0.138179321300342,-0.18162246692797,-0.0723123985338982,-0.0931073709729561,-0.229743612119794,-0.0195586508680785,-0.0275463501387437,-0.174810652873569,-0.000886152952608783,-0.038996399046555,-0.0167674206100065,0.0174316675482079,-0.0447645365268993,-0.0553345546178997,-0.102147324380375,0.0284257507990287,-0.0274687137365381,-0.0388424641983307,-0.0182660438413928,0.0157897530716601,0.0260342021124634,0.0120922118646434,0.00577714540258229,0.0143416169845638,-0.00831813610312446,-0.00870175677611751,"Cosmopolitan AF1b"
"KY210249",0.422192274671266,-3.83102154753336,4.15417400512026,-0.0889964242833249,-0.787313094134712,-1.71434207060605,-0.586885526664983,0.69264557857714,-0.0745014609175848,-0.896149823053374,0.408959144955955,-1.4087579410542,-1.43922785757526,0.0530244899034197,-0.402042423861101,0.0635266093079036,-0.0996873039716106,0.526917206016161,0.0903958380858336,0.0433638312752046,0.780517435914134,-0.486206126221594,0.601872967139927,0.0168595741756737,-0.228383930243287,-0.157265356433683,-0.103416493703609,0.0948358915542185,0.156630651268337,-0.109155825956661,-0.000911883141505673,-0.067925157654322,-0.162531589204182,-0.0189168063613359,-0.132138983270183,-0.125249286261562,-0.112121439387986,-0.0266873337077891,-0.223506012518692,-0.104205261677973,-0.14672570233299,-0.0094817558788856,-0.0493986014827292,0.00156377007290103,0.0351048026011256,0.00895298188992934,-0.0412000957069405,-0.0691870820889805,0.0800457384399517,0.0200666448227376,-0.0382036916368661,-0.046584453475007,0.00734694127496699,0.00391190363214229,0.00255992680403563,0.0080225403865622,-0.0050310802860972,-0.00402348520013483,-0.0067619802283424,"Cosmopolitan AF1b"
"KY210253",-0.179880095946759,-3.21448602234516,2.8911666248341,-0.135941049413863,0.628085763701406,1.29437431248128,1.59616303370864,-1.40952269823778,3.66492360976416,0.355177033586678,0.866118181747249,0.0443480825246303,0.423864693823328,-0.0346650704267572,-0.728096368624891,0.317203636492007,1.09336040243565,0.366937318482541,0.179239759030337,-0.392234105455115,-0.386845087944475,-0.0796264970219955,0.228139937754477,-0.751210825513459,-0.0974315962143999,-0.364440487607407,-0.034949525921647,0.200486309218279,-0.119530073968826,0.0360005977678028,0.267740851006236,-0.100135633138457,-0.0615732799578793,0.237223069124664,-0.324768176881046,0.153204929981104,-0.200683756758807,0.0131298142252364,-0.0974753239542051,0.0210731762658006,-0.0040146075026941,0.160612982024234,0.00677921589384978,0.235866442345065,-0.126276157533673,-0.0203524655513805,0.0213997939491508,-0.152936265728781,-0.0402159923278046,0.0410714591084067,0.0158239041584152,-0.04821064339447,-0.0431365802786243,-0.0699372755588373,0.0354434158942346,0.0202799146026912,0.0257122006621825,0.0215183398104611,0.00266295372216963,"Cosmopolitan AF1b"
"KY210263",1.07900568622869,-3.89330599338702,2.25867276721359,-0.352062435536292,2.42019566415261,1.89994422010489,1.8385878776286,-0.271669797593489,2.44277975942961,0.500686627431351,0.147436879582208,-0.424732831295958,-0.980624033124515,-1.154663065504,0.693873608442947,-0.25162051984534,-0.881709479328702,-0.231352437036806,1.15262846895567,-0.187942756976212,-1.13550812157335,-0.780034647056075,0.043118552777961,0.385254431611447,-0.72931386787802,0.404784326264894,0.286081049131008,0.306259969528048,0.441516428931119,0.558784251090058,-0.00945772559680637,0.410816211099237,-0.223766175647431,0.0256536006514448,-0.323815387832376,0.0137722594424429,0.205039007971402,0.0603777380000984,0.154519137171814,-0.173714996256001,-0.143463761478083,-0.134110563390078,0.0683417047836901,-0.0753801861590941,0.21374755722126,-0.0378582012240775,-0.103795460115271,0.0474689908157338,0.0814370610221187,-0.0861149044270113,0.0513191781003776,-0.000883391109282952,0.0520268745441515,0.01913952247122,-0.0077376051474153,-0.00583525457838966,0.00267845300636854,-0.0283705525988256,0.0105221557627431,"Cosmopolitan AF1b"
"KY210264",-0.470799150516764,-3.70468085833055,2.30354451188401,0.158133202731704,1.39685707091915,0.864400587228642,0.398713132618025,-0.630052491845458,2.64239967903882,-0.205145512227165,0.961185859360843,0.374807215330829,0.733547221547727,-0.392951522769533,0.255021635437742,0.832288856617247,0.586203336210582,0.190398393239856,0.204494980325823,-0.243437065399137,-0.897547391944411,-0.697615190315553,0.523939026769204,0.278398365707935,-0.201283114976927,0.0446943577985294,-0.117821902669679,0.368887466711836,-0.255600344945509,0.256891819667304,0.34036645031723,-0.22393302331492,0.408698843459691,0.354930294223968,-0.0461915141214532,-0.116573587720456,-0.208428790184689,-0.0832200198271514,0.293135797597981,0.212708468659804,-0.110651568538335,0.279933446099609,-0.169313716153007,0.10482134248535,-0.002717037305763,0.0550292075385089,0.0261381876597036,-0.0956754147974215,0.0203943344692929,0.0618411142828191,0.0027017213303476,-0.0389794368158761,-0.0538065018227127,-0.0444039213309472,0.0212300922726301,0.0603704613549203,0.0358156797052991,-0.044525926971927,-0.0146309261533351,"Cosmopolitan AF1b"
"KY210279",-0.000106441293505668,-3.38713034176728,2.76456255207833,-1.08487081254825,1.1944924973428,1.51701547595014,1.17698995304716,-0.8250549538492,2.89463719194414,0.721808880797958,1.28405525884786,-0.0527402023267636,1.02328333038058,0.42116481511199,0.260588305736359,0.378310799870846,0.893985080820256,0.936731170534911,0.457630586491521,-0.0242359842699165,-0.082985225887076,-0.71058544339526,-0.0736776756339923,-0.287183246980726,0.461184507480933,-0.550422614683772,-0.671239222924516,0.184186881361054,0.0350380389225237,0.122104966068895,0.312347132236976,-0.230754725720864,0.152274581136512,0.375404752870168,-0.0197329866708023,-0.0398690723437141,-0.115484731919783,-0.235479796188665,0.119864887695915,0.25916117878607,-0.0364954809872976,0.100181718574066,0.00979901565146029,0.174731727296163,-0.107715483661299,0.0785974966977806,-0.0158526907303495,0.0747209450968614,-0.0558140483040306,0.155439382716975,0.022310122353889,0.000924250082489424,0.158943661731357,-0.143021808339514,0.0913690093444407,-0.156336636384688,0.0178779411720027,0.00431961691613535,-0.0175387130397651,"Cosmopolitan AF1b"
"KY210287",0.666159988915705,-4.01812885327424,4.25425302754731,-0.719591034017571,-1.13097038716841,-1.21012121866482,-0.17874472657971,1.17785115996902,-0.180560628858297,-0.582710395233135,0.253003288858271,-1.62115952871298,-0.629067173162439,-0.0486455950894711,0.461869437217328,-0.050616638557465,0.0374688819647169,0.566911182752426,-0.454173644296345,-0.269589098353072,0.269001094131083,0.12952129379192,0.542771668855399,-0.279777481494267,0.159911765506445,-0.0759314316020837,-0.37349672629812,-0.353294569697647,-0.0915853678411074,-0.304243984547774,-0.157161952312195,0.153753506022449,-0.136915654862888,-0.138002081371238,0.0573224677631243,0.00569855975649192,0.107601532009437,-0.0985208108306664,-0.211295019935407,-0.0855393496591111,-0.0280740703419286,-0.0211920687460548,0.00515815217924166,0.0545239776802134,-0.0424416037038195,-0.0244138600192576,0.0448074715015626,-0.0109597400740923,0.0200275679197228,-0.0092910676621722,0.00682120886380593,0.000212607510112821,-0.0169888556751694,-0.000188702590210796,-0.00941669418790728,-0.0326113302692375,0.00130227636456398,-0.0104344519370527,0.00489319150735505,"Cosmopolitan AF1b"
"KY210304",0.040599807607744,-3.39331661727399,2.91041269211643,-0.815290445083371,1.2184055991934,1.26243136688958,1.25497075550208,-0.902800496628659,3.0083213379319,0.605544357052942,1.46145880254482,0.239687663414578,1.09711149900181,0.391089855394863,0.399720644874418,0.63421264869761,0.802043767586982,0.938353185363,0.756146266101738,-0.0445862722836202,-0.378249537421391,-0.340322480941845,-0.0902279029030941,-0.28328957922136,0.499506975200793,-0.172607117112262,-0.253564175510376,0.145961649500554,-0.234231770133365,-0.0389196229902067,0.187278168309607,-0.0545049975950352,0.225649775430138,0.372099930279861,-0.13405042381039,0.0828835691499788,-0.174421854369992,-0.0969582713246321,0.0560741340491982,0.0198287130478979,0.000477865834394057,0.161966133519789,-0.00185017695600625,-4.38129971649443e-05,-0.0674160883780277,0.0805396656034794,0.0602193546273778,-0.0622667473196497,0.0171035365885343,0.0813956958362819,0.0750284081149785,-0.0600717970612931,-0.0716078723014321,-0.0878082871269634,0.00458525941109251,0.0272116825336163,0.0291966590985525,-0.0207930549224305,-0.0080705905961323,"Cosmopolitan AF1b"
"KY563717",0.755692956268925,-4.58634169723429,4.00821896277824,-1.08292978124244,1.49272894437993,1.34728595505964,0.160310191966642,-0.00373460658826373,-0.767409996690877,0.665681789835419,0.503211004718129,0.656708481234641,-0.496873543716503,-0.516655715557323,-2.38825837152751,0.309364305714804,-0.176046267988937,1.44662331210717,0.79301475903505,0.392119141471219,0.505606836460361,1.5815496635246,-0.428912109577888,0.251488195628027,-0.1114599527521,0.935176385750915,1.1366117764622,0.00268433488279699,0.308952177500788,0.129866542053672,-0.6229273289722,0.537255565673424,-0.114152844523288,0.0961062624059332,0.0184382385488982,0.217010524459967,0.0204295595257394,0.0661925924480401,0.27285276714885,0.396369730119477,-0.333893622010232,-0.137224216109209,-0.11605926126836,0.0614985877074795,0.0367719461636135,-0.0533127776906346,0.3936606318816,0.0091555843762453,-0.140719083625822,0.251719431815979,0.0708265210508556,0.0377254907279965,-0.0322655331508295,-0.20026181681648,0.0151528594765584,-0.0076121799191442,-0.0284347846774596,-0.0752353309043918,-0.0176161861241941,"Cosmopolitan AF1b"
"LC029890",-0.249812946382145,-3.19018749285164,2.57190327407639,-1.75984918871232,0.647246549007895,0.613880855396592,-0.112675286342653,-0.671720825922715,0.183118823540154,-0.493862445655202,-1.75469243830838,1.03396883769953,1.02620488708001,-0.331013008213789,-0.538220561472782,2.31247148870013,-0.226000051506289,0.516284660785272,-0.422683456980369,0.182999404670143,-0.170257805433084,-1.62427614982562,0.301293529658696,-0.936851104741815,0.539565993624129,1.29162069987032,1.0033781907919,-0.125812589536968,-0.752245323474419,-0.0951448415287123,-0.125068712705054,0.00118183616627376,-0.091293226718898,-0.334277087184872,1.60074724211528,0.31438750279034,-0.0326035272622342,-0.0596944392252716,-0.567117828033655,0.50250016395626,-0.0383831231739346,-0.0344836991892042,0.0781062637611198,-0.262476862163348,0.149079289185475,-0.123270731574092,-0.238528485132496,0.0286973766707746,-0.0731068550145751,0.146732468275892,-0.0422612457556222,0.0438019730149756,-0.0706401093312927,0.052236378810336,-0.0874581250849656,0.0237533908160368,-0.0581008634677729,-0.0327065116377742,0.0278090231071344,"Cosmopolitan AF1b"
"MN726804",0.390593906263421,-4.39190814494945,2.3513479129621,-0.171147982287507,0.462160394712115,-0.330522725363095,-0.825536331531516,1.58085289516097,-0.58383046575331,-0.890079710427584,0.29359350949543,0.298478419863834,0.566536275922411,-0.112755498635289,0.927124872043826,0.436058270652298,-0.395764299079951,-0.144471942886097,0.272877172971112,0.723756306161852,0.149841075536416,-0.219097568717702,-0.615376911847525,0.064126018989691,0.222333413695983,0.0437270649136318,0.250771653745396,0.169695011793849,0.529140961883108,0.204353266076447,-0.204628151585748,0.0418259929920072,-0.206581822534208,0.308088749247361,0.158062750378404,0.0987950637001268,-0.0496069718540124,0.0861929413934293,0.109572071531554,0.190551215230246,-0.0139982532427934,0.150441547071655,-0.00662029472898187,0.131023294866234,-0.302114434798741,0.0988375347098866,-0.0991368846472458,0.136541323322391,-0.149877530092779,-0.0857289286361891,-0.0293983074463832,-0.00615271841872477,-0.0452898635177484,0.0517249494991311,-0.00577641700022307,-0.054089965107907,0.0239291901219979,-0.0128461781646107,0.00896072244057146,"Cosmopolitan AF1b"
"MN726826",0.147711427376961,-4.05363088829913,2.76528392905687,-0.391112486061025,0.788752862068424,-0.0706108098587091,-0.717062617875228,1.63225640297428,-0.8857155117603,-0.202636144516476,0.358785368776342,0.15754956972091,1.17120574590991,-0.0364476120447567,1.10436971903715,-0.332719860818074,-0.363786114690966,-0.0808550949739687,0.35516697406241,0.286084751373481,-0.0262132580319135,-0.242254807799232,-0.59256545729953,0.124094558205014,0.212611432359883,-0.277997932515303,-0.150455408880523,-0.0175753399215351,0.171716309281608,0.229003494992368,-0.204955316152547,0.139701206230914,-0.0147540427315632,-0.11256342381958,-0.027754388771051,0.0421711225597385,-0.121660451576543,0.120900661884421,0.179769434037439,0.0738878412092465,0.217349815874152,0.106455406921602,-0.0491474635722529,-0.0413945722101994,-0.112904167090677,0.0389198108230473,0.0378679695535339,0.05515289612309,0.0415218200342077,-0.033374105305102,0.0177488970696943,0.0442937856534318,-0.00289852607967352,0.0141662495050054,-0.0173565907697002,-0.00151556563166511,-0.00449690749238343,0.00985932653665811,0.00553225036232656,"Cosmopolitan AF1b"
"MN726827",0.190828221604944,-4.11282440068453,2.77544687701903,-0.22531870203926,0.781690441428569,-0.120133418413368,-0.703373937422027,1.69994592195306,-0.830594293401034,-0.0560339905861358,0.45415893352078,0.135430665144271,1.2154157902591,-0.180113900319214,1.14307745128304,-0.271030367276973,-0.279255628107439,-0.00691643453720286,0.217969101405565,0.328114057767899,0.0340787928431277,-0.254034677320199,-0.648640669520055,0.151112347404979,0.194480469120673,-0.356371119667885,-0.0622154963256805,-0.120733725679833,0.305760950438348,0.177344759851231,-0.320853034378663,0.02984767520464,-0.0564795765667105,-0.241172197188088,0.0219675599342037,-0.0101865966400256,-0.490988145478801,-0.0981120382818824,0.215430803370627,0.0400915330253871,0.231995649647588,0.135654301189656,0.0175446832248075,-0.197630971181266,-0.117456802988185,0.00609091636506658,0.0137442239449685,0.0868671560410164,0.0406529173444082,0.001232737084163,0.00602695123619655,0.020610156387626,-0.0110749481797751,0.013104333626836,-0.0307796431796181,0.00836043102092722,-0.0078887005588765,0.0134519509872343,0.000343764420806181,"Cosmopolitan AF1b"
"MT454631",-0.405941640339626,-3.8249792936749,2.93361095101086,0.0540586684488168,2.13545648152243,1.01560659744254,0.373711172230909,1.64895496910254,-0.902741372792923,-0.497139524830003,-1.83292567755103,1.75892082003638,-0.389033150509935,-1.00765416766366,-0.00875111515415186,0.0579512686230067,-0.909657774860012,-0.0877692959149774,0.069608376867042,-0.190649944762751,1.07672188627762,0.19861933309568,-0.396368660727593,0.580596395211624,-0.353903733518382,-0.0436215932181655,-0.531466437766849,-0.0875244760871446,-0.251363516991343,-0.223470078363878,0.234749160343222,0.07789975214631,0.475754366881581,0.0329577265608048,-0.180379162745381,0.326403424902632,0.145521162466282,0.0164096621962743,0.0397322558064355,-0.175650425677703,-0.0495362991453796,0.148837339750143,0.00794533458556949,-0.0596576778548629,-0.106262827096005,0.0893481049001843,0.0834449196949126,-0.160475913714028,-0.151945589764971,0.0455776598788655,0.0553341884229711,-0.00326245040263146,0.00523266943693748,-0.0206701980328155,-0.00119901868938058,0.00885756030909562,-0.0196601830478419,-0.0363945953804238,0.00141460639845745,"Cosmopolitan AF1b"
"MT454635",-1.147770833665,-4.19221039238719,2.69596725323406,0.124644260506687,2.06228770194137,1.18546119099897,0.276643145802048,1.06544189663632,-0.624351464626034,-1.02057886384649,-1.57875024034941,1.84165333747923,-0.241112477666963,-0.994366598758608,0.37349133021484,-0.136722467792425,-0.314922820435711,0.259648022710246,0.0808896798238584,0.0326027646063077,0.752576127825555,0.438272746150187,0.321712543102403,1.14419717523626,-0.517135279367385,0.0149440645051965,-0.864694570474997,-0.268430251332494,-0.319980250407705,0.0689274979639571,0.364727915346075,-0.0484744327142127,0.521387773456217,-0.0503512263160708,0.10048635342056,0.248602905744938,0.0589247244900162,-0.0298863354415583,0.0490530511122578,-0.126958862762194,-0.127299523627468,0.0694029925000819,0.0673064453836941,-0.130007994867027,-0.0330085280487737,0.0762697253033706,0.0476722861449315,-0.0761013517994985,-0.147018384991967,0.0337834898503531,0.0236788141813667,0.00140616570358231,0.0275146290281016,-0.00728638560288245,-0.0119860269849231,0.0213942587433348,-0.0154062276530726,-0.0440731211918402,-0.0080075408043889,"Cosmopolitan AF1b"
"MT454637",-0.595919990673327,-4.10734834854249,3.28263721022248,0.137899282144547,1.79967817060542,0.596455309099676,0.211795032459497,1.32076310877925,-0.97887918506035,-0.262686943610256,-1.66168007806035,1.79138454634202,-0.616525277200914,-0.448950499172834,0.264041158977532,-0.5163472928112,-0.682347895487948,-0.326077565945,0.100884440224249,0.719585292642614,0.85462134765323,-0.106572805589688,0.0519278439701606,0.44393121557913,-0.489383307655492,0.0912499704242303,-0.549804389303157,0.22704314721142,-0.251621738647946,-0.189264942507874,-0.0908029954724975,-0.302334544491446,0.449167489527497,-0.0714767173556292,-0.274584509431148,0.462451418793211,0.138728501854094,0.0314711684645479,-0.00317513965691356,-0.176472951288688,-0.0799460640049048,0.149163800154556,-0.0824342306249459,-0.159683330475981,-0.00502550235160746,0.0609129230868647,-0.020938050061115,-0.145290624268475,-0.0931203300444543,0.00336498381151178,0.0524918606303498,-0.0310455214658475,0.0135361626557674,-0.0472271858745002,0.0121924305621921,0.0304057799864157,-0.0240794093102478,-0.0397352493049521,-0.00499060913208135,"Cosmopolitan AF1b"
"MT454641",-0.835333510034771,-3.81780132750499,2.74125671865757,0.140412956883623,1.95777020510059,0.887069294039432,0.338760634193767,1.28885460031271,-0.61093709598862,-0.654248308227566,-1.61053529267523,1.7945420242399,-0.282467623786203,-0.919210753049268,0.493197253665168,-0.434328935473501,-0.47577888890749,-0.103172556572359,-0.116550484744036,0.328837147100604,0.820837811860264,0.158036791099576,0.0701758877644389,0.398356599044493,-0.395237527656716,-0.173109699444748,-0.448227239215365,0.224413578206441,-0.31396491661021,-0.192323796780105,0.112923469148277,0.0178667005667522,0.460263270092706,0.0913965729549408,-0.204460300839898,0.255883635942776,0.133312122679779,0.0373075260683624,0.0531178817994383,-0.160734118958878,-0.0857019186101919,0.156179827318569,0.0203882144269886,-0.0461337864703642,-0.052628642887759,0.0588973857367296,0.0573897180120293,-0.10378106638487,-0.166594090545623,0.00353799074112373,0.0484135861288376,0.00554853870199528,0.00965145071689183,-0.0166384071062062,0.00421617086201346,0.0243781879581216,-0.0191470245275551,-0.0209795787939621,0.00586007889182552,"Cosmopolitan AF1b"
"MT454643",0.621217848117578,-3.6544910459142,3.26701928377813,-0.838258545887272,1.85406153983116,-0.714284776438337,0.461636810227926,-0.978532050359038,-0.214018399562645,-1.60581353753174,-1.8200828759666,0.402804506805906,-0.567752345113837,-0.966113292019083,0.411696440486499,0.425370942553849,1.09447099809086,-1.66421091075323,-0.48337531752039,1.36583746090002,-0.726048284019121,0.27345864542562,-0.0247281898688562,-0.0679040178613894,0.0847246191996651,0.246068087249486,0.300479944836878,1.60960515594901,-0.489633052843444,-1.3509808552994,-0.0942315271145936,0.737229324321591,-0.164114954838892,-0.111661605709199,-0.510369410547051,-0.303210874965389,-0.0517431233868272,0.0520712323628815,-0.253361835764817,0.221749785282787,0.14934707794126,0.0445328759247109,0.185069076735495,0.439714511879524,-0.308873350045321,0.0432663126198875,0.00927525827131055,0.277800585063112,0.0864235611881076,0.213768053514263,-0.0812372389648944,-0.254250166617051,-0.000371578337332126,0.054343466646746,-0.0182966186896902,-0.0777857659037707,0.00763032165758333,0.0150155381170633,-0.0144559552000978,"Cosmopolitan AF1b"
"MT454644",-0.56696825506245,-4.92756538962734,3.01400152955671,-0.908202797742862,2.87899598505669,0.844038408816687,-0.795149168871954,0.163092373344218,0.181616377148421,0.0015155106436004,0.214707035616245,1.59475389568553,-0.36479094666098,-0.153482952382807,-1.7959229324495,-0.331181769011673,-1.32380359780683,-0.598220686605397,-0.154297351889568,-1.41914324717809,-0.388106810153356,0.770563689488989,-0.220065030858813,0.194881054131178,1.38638835388619,0.893392919981776,-0.0917129466702336,0.281067126885377,0.471228112284331,0.58594194815999,-0.0897345283279273,-0.637046341431497,0.298559431342826,-0.462240409288349,-0.482068503616713,-0.0218677369172708,0.0383449470226069,-0.670888970876586,-0.312341946296556,0.102121658356598,0.235643037704856,-0.142838114217217,-0.290918650510426,-0.0579186001884408,0.157032821445068,-0.318702610692326,-0.0263749613270316,0.0882449999314285,0.133783967444558,-0.0122136392314045,-0.115778792937626,0.0847385653165516,-0.122504181791864,0.0283306135504901,0.0506348860000862,0.0286533399247357,0.0252022295171032,-0.0255722481199317,-0.0135086343604906,"Cosmopolitan AF1b"
"MT454645",0.453296559420689,-3.71908353502339,3.01805886909808,-0.81784774466022,1.97138088735186,-0.549274734900322,0.462433104327978,-1.12164926712153,-0.03930167716025,-1.76637886358105,-1.6892340373696,0.441235541991988,-0.768001576899923,-1.11343187463143,0.534973144894361,0.378340966479274,1.15564879344809,-1.30965291036942,-0.398467987450317,1.01263734934875,-0.620377035928999,0.455168452358004,0.00852469224775802,0.0372805053743556,0.157967494272247,0.172443658107929,0.257685994211484,1.44356493080998,-0.526278387684377,-1.19282337786545,0.072624165976726,0.926608039579494,-0.156858247550362,-0.0469724925867296,-0.400222797459198,-0.349728709055754,-0.0920549484509615,0.00354176149882623,-0.195972356353794,0.213874365743068,0.188442016284763,-0.0128653250812569,0.253351330692722,0.418320348789621,-0.323590763784984,0.0688038448690749,0.0213835178554434,0.297175928969078,0.0826355423955655,0.242159108162017,-0.0881333720766765,-0.250960061188551,0.0019696631520265,0.058907710924467,-0.026893717356573,-0.0675653509792607,0.00630769515600328,0.0197966297139023,-0.0143770799385413,"Cosmopolitan AF1b"
"OK317992",-1.01836044978264,-4.75380395563148,1.56855332673674,1.39148408388924,1.03802881959566,-0.418826570847919,-1.3277604136353,0.156298058198058,0.00379328506408702,-0.016399589685354,0.234819860913268,0.520501961579257,0.422119488272148,1.54381449221407,0.197600552741045,-0.895291655762068,1.22204588344508,-1.19977676408995,-1.03044456423753,-0.633495120768964,0.476547224857127,0.110467151786388,0.355314872187127,0.615719280433557,-0.616048334207535,-0.468308250962406,0.816308591034385,-0.0554503439500318,-0.829438080243195,-0.0522510464869677,0.155126538724485,-0.0488195736383071,-0.0380572460545014,0.374484163115306,0.0193454671208716,-0.183320648077746,0.0635116381199355,-0.176736060289365,0.157029464929142,0.183358970814115,-0.113008327492521,-0.0198669453330399,-0.0753426772309714,-0.00441561971690345,0.0336975888892202,0.0722147236538778,0.0457972066590685,-0.0634815201784425,0.0453299374104562,-0.0318559001031122,-0.0832842252462673,0.0358352493533445,0.0317502434075699,0.0179743601402774,-0.0045935066937837,0.02112583278697,0.0192435962221506,0.011950482656413,-0.00444958717490646,"Cosmopolitan AF1b"
"OK317993",-1.04527422950953,-4.94675672518011,2.56209666761891,1.65660188943176,0.495295968527688,-0.203948134214974,-1.46854866128667,0.542032272985031,-0.132819416255209,0.144930654122666,0.66683912344961,0.165830021684069,0.357728901648737,1.71268465787244,-0.0957401925279745,-1.23692435454087,1.16693821637069,-1.02384717612546,-0.798816642252631,-0.0681058459758396,0.500749770595206,0.180244155050343,-0.0740601752772967,0.277620778474482,-0.669649326124835,-0.515406645160966,1.00055589491288,0.0543863625085544,-0.511226820465875,-0.131190731295064,-0.300862467427693,-0.803699779302435,0.137488484533011,0.330907174081264,-0.0237552191653084,0.178522478211724,0.0818658282048484,-0.20936942952115,0.0161677303624147,0.0567442538769412,-0.0255461591277499,-0.103014432085901,-0.0936581856033358,-0.121592351075598,0.0416943979896336,0.00896148695214216,-0.0965630259656589,-0.059595723646191,0.137112606211538,-0.0151458081361724,-0.0758074576555658,0.0093080275666451,0.0416843084660056,-0.0137433512705197,0.0012542921964774,-0.0136384175292404,0.0237900556684437,0.0119596188686474,-0.0100675640064177,"Cosmopolitan AF1b"
"OK317995",-1.06805998378756,-4.66026139552256,2.0135443749073,1.25074092063569,0.68112468393771,0.189524047909683,-1.27160668539652,0.322972262528071,0.0633326178320139,-0.431311674529603,0.538338811302692,0.420644254596003,0.485290703340507,1.63587959137626,0.132764600599304,-1.03331547231743,1.18273338023736,-0.896984008143024,-0.84211212524995,-0.549936208073411,0.410955377826693,0.486829715481303,-0.00417097311087083,0.297355957703912,-0.638380734121051,-0.6204758119446,0.76215344007733,0.0880578021433577,-0.687903535417808,-0.0295894671782561,-0.0217775586646079,-0.394973402978607,0.051204974102663,0.346243919409894,-0.00369070373287846,-0.0291795054407886,-0.0114166916061623,-0.157447143088088,-0.00576750392257431,0.0760426404346125,-0.0366080550946939,-0.0806519343281249,-0.0244848285599952,-0.0197408910106636,-0.00270142308316533,0.0188760393440569,0.0096287212401568,-0.0390625697215229,0.0335064353211582,-0.00729747876088258,-0.0798395902805389,0.0489447673547735,0.0293402494799966,0.012530109343319,-0.00779138159253554,-0.0136855382156552,0.0206387510718218,0.0222652592532079,-0.00208669623836095,"Cosmopolitan AF1b"
"OK317996",-0.814704083885604,-4.67016872102818,2.02897188040755,0.814384585043088,0.925018181384502,0.481412611441904,-0.977428063648597,0.403659307335057,-0.134527540932595,-0.20861385229726,0.568154311249459,0.334188257745718,0.921116870634542,2.14823857815448,0.684174415437044,-1.39612885028482,1.11416839861695,-1.09118472517626,-0.414816996020407,-0.928072470868175,0.356608124627145,0.601210687151081,0.265597155106044,0.356091598514294,-0.68943423419103,-0.580743059322471,0.621449803072091,0.182182308689525,-0.87058772042004,-0.133303201983785,0.0379902622888056,-0.17368195975056,-0.00463138348713533,0.119598689191068,-0.0393239113727465,-0.0783211168601897,0.0558875824097342,-0.144738724724083,-0.0376664070170928,0.104824128092564,0.0688610623427166,-0.131458927803525,-0.0479188783388601,0.0342438785438059,0.0118395612308492,0.0743792700556717,0.036220192605602,-0.0173747723150415,0.00300582051670789,-0.01421680313322,-0.0202704916164743,0.0718993902113196,0.0263559421338377,-0.0070790384197671,-0.0149378914045134,-0.00432162033992998,0.0208224661442346,0.0201126664750286,0.00228518625896944,"Cosmopolitan AF1b"
"OK317998",-1.02502291522663,-4.54935915947252,2.22712245756076,0.944286240044151,0.620336156769409,0.255902870053889,-1.31009160800519,0.464942893486763,-0.127446808775433,-0.401085523623762,0.787813437833591,0.192668184516251,0.282715447469773,1.32596533550251,0.229065780390415,-0.810814446912684,1.12111116612525,-1.10854491602508,-0.860419134979002,-0.274237220933706,0.679531222149659,0.538157454173814,0.408751047759453,0.282195589583644,-0.7415591566163,-0.986693552583955,0.667920494904678,0.0259444768026725,-0.380647683394078,0.318543747759271,0.0413226132770556,-0.172418236523006,-0.223815440911689,0.281679788881087,0.052431377881031,-0.215973459150316,0.212707318178159,-0.223087577388214,0.028929020487482,0.0424517859057361,0.0059501488437482,-0.108223470274449,0.0965356210321732,0.0445205266388211,0.0404659334961773,-0.0492663732766337,0.048846247121183,-0.0216047376942311,-0.0310939748434706,0.0190709272933878,-0.0618306400940643,0.0697232696714607,0.0498989505835266,0.000224950723170356,-0.0115923226678093,-0.0171591437637827,0.0195547676422212,0.0335966584174601,0.00179083488233024,"Cosmopolitan AF1b"
"OK317999",-0.956465008290351,-4.73619599719265,1.62574040883723,1.45403816993365,0.560993610258019,0.48394883879138,-1.57704983379846,-0.0966151339609754,0.243508652446927,-0.346465404778108,0.661268733742162,0.591904320773476,0.417392941662009,1.6080025869907,0.71709151237899,-1.20942275362698,1.76197222936759,-1.02505804872715,-0.92653926678939,0.25164176653267,0.184862692154464,0.800777595317299,0.885489822601112,0.237748053384415,-0.464151729871968,-1.29424761583416,1.15038069477485,0.452898549356214,-0.427233750187642,0.204249534146091,-0.40876705648617,-0.402389807462224,0.0240844230188752,0.152613590007413,0.0291172173659509,-0.0694798654309911,0.00665777092463906,-0.0026925237113026,-0.179830669206338,0.0171595223844063,-0.122789973433992,-0.152301931495188,0.0415719097180291,-0.063278343279117,0.0682055290371117,-0.0795887565587537,-0.0493892260658068,0.00845733488951895,-0.0187048815670493,-0.0472094493651331,-0.102116751059044,0.0460263959419631,-0.0031806143450057,-0.0074362369169189,-0.0176186896955412,0.0252577730151784,0.0248862282157919,0.0438448624009606,0.00845451196541807,"Cosmopolitan AF1b"
"OP375406",0.744460261442237,-4.07870248850723,2.75832240962854,-0.0635948866114331,0.0669444277266034,-0.286682224886023,-0.754231651989061,1.30110776316271,-0.130947370161277,-0.146901746381887,0.814765167141302,-0.43047032223268,-0.203812248425992,-0.187228316820315,-0.0892816384833136,0.341117691137248,-1.28424170390181,-0.133969797265782,0.562699541707055,-0.401773733921585,0.00328459100747721,-0.0387468948050382,-0.841114249939729,0.599023705130651,-0.330965089029122,-0.698550618242491,0.291593968423453,-0.212500390902343,-0.181577187020896,0.0266890926567795,-0.246019605067915,0.16840666474196,-0.0101706323832383,0.0144035008776786,0.640166267422614,-0.0396520328583501,0.13325977246327,0.103674555906975,0.283393017449321,-0.0161995779379669,-0.089278276450674,-0.0600238025516711,0.0672372839046557,0.0654091812873227,-0.179558456337683,0.176184773810162,0.0229227475551859,-0.103494756353312,-0.0552600571923234,0.00672449939545249,-0.0358943742762811,0.0994960348906178,0.0551196969784892,0.0238178929517539,0.0332671809332613,-0.0311118053070253,0.00322545404649807,0.00743485566242953,0.00116365790320637,"Cosmopolitan AF1b"
"OP375407",0.375232185258358,-4.02535052729734,2.34366100945518,-0.382337524641857,0.462099782041211,-0.325552200675154,-0.925791141506115,1.58444764821422,-0.543140408048532,-0.725543952884459,0.460196704579113,0.303480948174432,0.380826903913443,-0.288294665922354,1.07883087575297,0.271986808361292,-0.597455714011187,-0.0654091678651379,0.288365010184775,0.746648293873866,0.403281292135975,-0.431616075185422,-0.86180467438348,-0.354822765525367,0.510146224955304,0.0886957644213897,0.213205165901926,0.231064392063382,0.579792522520785,0.235216594378599,-0.387174028282231,0.244758353462918,-0.475915518615688,0.0874287067154018,0.01647783125907,-0.0104229236096013,0.0152410830968862,0.345070828484107,0.0739198370445035,-0.117136351517349,-0.106650544217812,0.0977782986371468,0.141667925571102,-0.143784802470587,0.0297374308498648,-0.0513925656933995,0.11744994380813,0.221081936366392,0.0515015784342905,-0.220770666412492,-0.028382096012571,0.100735948246347,0.0140015989221601,0.0900154837447504,-0.0248859666559505,-0.0275451663150424,-0.0225206486353576,0.019257536607977,0.032149687295122,"Cosmopolitan AF1b"
"OP375410",0.0280551841605695,-4.58139678862046,2.88216106459627,0.0973303357384023,0.563007947317991,-0.267100257371025,-1.59765035557382,2.08573721175045,-1.13785656681914,-1.17426590777205,0.550710846975074,0.64387809792536,0.114042238242071,-0.29317560202886,1.22146174641169,-0.121979411376027,-0.592219522874627,-0.0650432814763907,0.535747739738675,0.214552078216332,0.0574100989249677,-0.770985623671639,-0.614840623461872,-0.0532714060903133,0.1925567497814,0.0931831249629614,0.0627142055155792,0.411090701281236,0.294281108099467,0.402471562079574,-0.552658643114955,-0.396297915040496,-0.0281281585867809,-0.00364261438595962,-0.0067609475476579,-0.0126789226125432,-0.0186819204718892,0.0336700364004493,0.220114973564109,0.0799312660694292,0.0726707017051805,0.18539773174646,-0.0455282181605031,-0.118985161220763,-0.0275187852250509,-0.0809282327611022,-0.0237211651299021,-0.0656751405283358,0.0905627212155166,0.00975063301070527,-0.0324076354324817,0.0450930904238927,-0.0136892768296245,0.00449296849646846,-0.0131608499643785,0.0117518715122441,0.00724042524944281,-0.0203738295197947,0.0019417561168749,"Cosmopolitan AF1b"
"OP375413",0.400516128458658,-3.89106526333016,2.77513892812793,-0.301826196713596,0.62120851489293,0.0722758249354598,-0.796063659102048,1.52052814412182,-0.902555717122233,-0.203450627117061,0.431447006777835,0.383815260999246,1.17831613432147,-0.178428260097974,1.21127314366049,-0.498777831452416,-0.342470409586578,-0.163410583142367,0.337711977220296,0.346788935632649,0.24073403456033,-0.221264262883432,-0.532370963337512,0.200253514039094,0.0301070581011788,-0.13583677790923,-0.355243528489389,-0.158708532070968,0.285883056568293,-0.0373219733768226,-0.1699753763658,0.180920675516166,0.254326035574736,0.056852546444983,-0.0277937558712474,0.0652095597429989,-0.0968505254915215,0.0961904392926435,0.34786906983631,-0.110482047956168,0.166341011849947,0.175595279172097,-0.0892876251466679,0.0447025685817232,-0.0495847393277099,0.0529429788453513,0.0321080458112527,0.0306462620901081,0.0393059113164106,-0.0421948076872007,-0.00811148711017872,0.00364474490308185,-0.010763401318662,0.023731155524361,0.02208792783408,0.0121974269875576,-0.01193334464214,-0.0100546605056898,0.00922946009341357,"Cosmopolitan AF1b"
"OP375414",0.449085243182997,-4.31915706122248,4.28189548369053,-0.678415551883096,-1.37594690620738,-1.40210440567611,-0.623108132751412,0.804558792526636,-0.651958718329831,0.0738265264120679,0.543496162388542,-1.93406873089534,-1.00242733347245,-0.179677694540864,0.193694343643141,-0.417105685204013,0.045036593191953,0.16184612598764,-0.0979281836748282,-0.371322463292622,0.0158321553080062,0.13378905660734,0.516756868664933,-0.256840091468477,0.488655671966103,0.378297777005387,-0.446909597407361,-0.161155803473668,-0.236590153725229,-0.0235158200783596,0.159917831702773,0.405669670093231,-0.088396662549368,0.0171513092957178,0.189922102387243,0.14752051067233,0.0162834901912198,-0.234018711554312,0.172027446634865,-0.0440253272722065,-0.0306961446064574,0.109415519611147,-0.180571649711239,0.142067836315906,-0.0335895684624148,0.0770113125145915,0.0102599542957109,0.0260597304180286,0.0874999013895148,-0.0446633145891708,-0.00937288059762469,0.0285845747930619,0.0118515855216629,0.0354223775057598,0.0165531329787233,0.00570598425183628,0.00398146647904845,-0.0152707482954297,-0.000728911710271857,"Cosmopolitan AF1b"
"OP375415",0.619637240849068,-4.30544362604361,4.14682227674777,-0.718289694202234,-1.43277440577572,-1.4133469717326,-0.621516774935707,0.818200902195196,-0.647431924273011,0.172908978440977,0.557674281309464,-1.87375242350391,-1.03644104455602,-0.250726003135997,0.27760980010036,-0.366825436639912,0.11404223479713,0.201637630050475,-0.150445230284897,-0.42323799066423,0.0448733754230327,0.159812040671834,0.567352065082089,-0.17364371222664,0.402303043104864,0.310139610216483,-0.385986843962911,-0.177693757067193,-0.175498407005124,-0.00221487450965885,0.0583185348248351,0.208016951103937,-0.0419663587290439,-0.0478797665444227,0.070554718060374,0.0221040195747718,-0.151469960390772,-0.170088679725815,-0.0226898938683832,-0.0134980110616806,0.069703670306856,-0.0291312055014235,-0.180900310903357,0.0203439827812139,-0.0533022731837895,0.092627989229893,0.00745819124294338,0.035696498601159,0.103587206774114,-0.0244995808646467,0.00321810772421372,-0.00846382528259692,-0.0256562095919572,0.0172302608821514,0.011932733372963,0.0320091608107542,0.00305105078940681,-0.00471399399067272,-0.00158779221661039,"Cosmopolitan AF1b"
"OP375418",0.200365666266128,-3.83580058298894,2.79843312772864,-0.187910150500052,1.14243763609433,-0.25693391250262,-0.582551242774977,1.67475493073918,-0.859453779066183,-0.547236198501404,0.29244861450868,0.0952311311304831,1.22902843079339,0.127561882056311,1.01316389398251,-0.36061506372171,-0.459402542575634,0.140178331891914,0.508354735918011,0.43619023949516,0.261413265040244,-0.39250549452129,-0.409694644748918,0.121298153227271,0.0631953815311728,-0.520978319726128,-0.142432094015755,-0.0702650114988434,0.153207873440919,0.117389378817778,-0.231724003558569,0.11376633144035,0.0463591932524067,-0.23743551501681,0.000937833396549871,0.0988678453778556,-0.180898511624304,0.240454303599697,0.0852815737687703,0.00773024890547943,0.219757191415806,0.0477297936346246,-0.0446768257432337,-0.0397157824762768,-0.0858529930640475,0.0669263157808788,0.00282699432271961,0.060192572275335,0.0634950391833046,-0.0157403027469342,0.0196171442733308,0.0296950553156901,-0.00461903847414321,0.0010619149733471,-0.0264986533056089,-0.000878527559169286,-0.0164695527376994,0.00864072815509476,0.00438078013276781,"Cosmopolitan AF1b"
"OP375421",0.544956920373641,-3.95933903694954,4.11197555837032,-0.528738088988552,-0.733837817982444,-1.21798441828552,-0.158052895363674,0.753152631465058,-0.211625127065776,-0.359269365272136,0.572209406056615,-1.35458120956339,-0.485591236329409,-0.112089962342745,0.21445428164324,0.00276452726408,0.0394171510370874,0.232910727686814,-0.20257445506965,-0.326725343915285,0.428669679233523,-0.187906587516925,0.424340369514744,0.0515765482779699,0.0690009104545117,-0.0192199017828648,-0.237570472372169,0.0836959280194886,0.0988449042798956,-0.122102140648233,0.0426092888360445,0.189689850177215,-0.246439622602617,-0.0882511186364413,-0.117104036688516,-0.214516516929447,0.0694316088932218,-0.157682358395557,-0.171362896650493,-0.00622001014925663,-0.086913419074606,0.0136151327484877,-0.0146428604211545,0.0629726401962807,0.00658280538746938,-0.0175028837644563,0.048070982294985,-0.0351612610577537,0.0141027185548192,0.0105165211199513,-0.0014611631115135,-0.00898857225688245,0.00406829826001975,0.0132676489095168,-0.000316227792004275,-0.0104809354848196,0.00856499870060879,-0.00409613447827638,0.000582306696397733,"Cosmopolitan AF1b"
"OP375423",0.794531604182741,-3.30742109860333,3.80217455799127,-0.510160621187821,-0.790357695600034,-1.0737752619385,-0.417765967221173,1.00190476521231,0.397409537929667,-0.791419427226989,0.512801520335215,-1.03677253348299,-0.757338208815995,-0.292020001872193,-0.014963061461128,0.923034966347064,0.426746288119039,0.542367038924374,-0.938791059650358,-0.178091611554335,-0.153411338861064,-0.0672378942666592,0.206763129501777,-0.492345789307386,-0.464868081408894,-0.026006202839046,-0.501138306426018,-0.0334010520556816,0.439449438465696,0.0764343805667034,-0.00655846353358367,-0.0994010159000617,-0.273802331889331,0.0705184057173925,-0.196148499956946,-0.183996871080755,-0.0616409340419824,0.0203359762440829,-0.469269550149475,-0.0623098497621129,-0.219667629480883,-0.0964456537793999,-0.116012764196866,0.0579386970212249,-0.0890211533691186,-0.140603231820234,0.0322127997674073,-0.058116096737272,0.0434215864825428,0.0576369337006974,-0.0170096961140624,-0.0451600872945979,0.011566065043809,0.0350643025528263,-0.00477542074345908,-0.0356244764912351,0.0134180469605776,0.0184101204492006,-0.0138384301456142,"Cosmopolitan AF1b"
"OR045939",-0.862908015467109,-2.20841604875339,2.58617780765065,-0.455521528862803,0.479106704706608,0.289991077023238,-0.767418502531559,-1.05483496145887,0.765193320024617,-0.145701910967637,-0.503395224237394,0.789554883930417,0.279130358934525,-0.0252954875510463,0.787228331013959,-2.09729513571603,-1.41912925811056,-1.29250229743271,-0.352465032263132,-0.619045882720832,-0.944602345932663,-0.746378404760299,-0.852620247465836,-0.599385366700674,0.198897732665398,-0.330184998684064,0.256849783771913,-1.36849902049486,0.454241433156376,-0.110627188774833,0.550071205053653,0.130685653081582,-0.164895753676055,0.951730152277658,0.671940885629322,-0.50327579924438,-0.0608951922267128,0.199692652885603,-0.641143905659659,-0.184897508485609,0.256542484656375,0.443015710168233,0.283220627947052,-0.145285205062252,0.111934692736758,-0.0182956339069939,0.0176589353495393,-0.131738553874675,0.104545732497391,0.122577062201295,-0.00764318269806227,-0.0520995693905394,-0.0420966831648203,0.183928010325481,0.0228570481611976,-0.0399237527895916,-0.044077053987691,0.0441156020755485,0.060021559685098,"Cosmopolitan AF1b"
"OR045949",0.598314659477592,-4.0846646043509,4.20864954197392,0.193009419169675,-0.469544750550886,-1.25846759522107,0.0949316412198642,0.496132993567239,-0.0242328621189617,-0.45156257570396,0.664564702581849,-1.16715268962945,-0.196905579166787,-0.406376934105857,0.25936214042494,-0.116048608905017,-0.217036217939979,0.141309659956616,-0.583087238050697,-0.194698888227714,0.029829478768038,0.226692174248681,-0.00233002235898398,0.10804679283814,-0.0318338503993851,0.31719239030564,0.618215932070389,-0.4554074300704,0.0258467160390773,-0.116314766772728,-0.0284938671178448,0.165119829933422,-0.132282565705742,-0.162155754887888,-0.0349927856581261,0.0629807103754075,-0.0767363968121428,0.0999870485037321,-0.243286017564181,-0.0795294891207633,-0.132876733207504,0.0669250759962188,-0.0210516197294138,0.0310467539653837,-0.035123997492386,0.0529540581714827,0.0856162119843561,-0.0520286735694464,0.00632216155404542,0.011702968241467,-0.00536086682415444,-0.0123760252719197,0.0145691596230216,0.0149386892573012,-0.0160310964036461,-0.0536607180921935,0.0103514039937656,-0.00917976489901359,-0.00565639225302767,"Cosmopolitan AF1b"
"OR270973",0.485433613234013,-3.44357758329969,4.13107884329587,-0.0922070201274053,-0.690667903893666,-0.909598250022178,-0.092820016815177,0.665201810343331,-0.139231182521494,-0.296804251768669,0.52742351451477,-1.35051064281068,-0.765255765234791,0.210540803452189,0.491973259767936,-0.17307083449005,-0.260412119690716,0.207876873343718,-0.14409301309744,-0.00912001828498566,0.0705714704721608,0.617137329676408,0.0802726149156955,-0.154493817949648,-0.0766613357238464,0.69029538792445,0.604310411811216,-0.553216708156717,-0.298719114198078,0.00435367633760753,0.331788638310948,-0.333092979749305,-0.0875148561536438,-0.601806844637588,0.0478641557894407,0.0577644789585979,-0.128267935599951,0.485380218806306,0.0920376464685541,-0.070297813695943,0.0354262995550924,0.20032990365516,0.0461731171684958,-0.0315492005486779,-0.0465242543671916,0.170319598348323,-0.0300641260963222,0.0192491427657148,-0.050686930871928,-0.00799511094158298,0.033367089506655,0.0218112913153349,0.00194013775885115,-0.0373751038064304,0.00894813957388751,-0.00450500795939487,-0.0156221134225085,0.0105071575690349,-0.00547433474138225,"Cosmopolitan AF1b"
"OR270979",0.839715597205036,-3.39580020152746,3.92261556548512,-0.0773652197602642,-0.697098428488421,-1.07825539508859,0.130042513044076,0.360578510573374,-0.480168475228699,-0.408085184815952,0.307341679441466,-1.70371499316014,-0.404835072996572,0.0290460313420698,0.370345552090833,-0.168491859670014,-0.325313068387883,0.171737778322227,-0.713173128042798,-0.321031456478449,0.127390851579619,0.179502444986246,0.310033932879604,0.0392647938032278,0.122624523092268,0.276388654039403,0.112006203157898,0.119654857579358,0.104022686477426,0.327697921592193,0.722554865726155,-0.332794822022591,-0.0412698779402486,-0.322069576698188,0.26458497422768,-0.293742424644703,-0.0480075726835335,-0.0227703424388761,0.0797689157519214,-0.0713766034871317,-0.126993362357414,0.0381587595833985,0.138226692749922,0.179559709327434,-0.0689231304328937,0.0886680403220778,0.0171960954426663,-0.0317523397918994,-0.0741007719243487,0.0541225839564084,0.0464047462809132,0.00753450336756215,0.013107874782756,-0.0187485810376297,-0.0114758291473458,0.040922966784487,0.0143401155657761,-0.00675057369981138,-0.00867536702822583,"Cosmopolitan AF1b"
"OR270997",0.533016168668806,-3.59653528995589,3.86188685366891,-0.173928881295734,-0.631792693205323,-0.70334354999893,-0.128793648347728,0.687917328693525,-0.164269990610885,-0.295176793156339,0.481102438475227,-1.62893799784921,-0.847867491792491,0.338142407445851,0.405993968595585,-0.215960107040745,-0.0956388095583617,0.18159688094667,-0.36228798936304,0.00497485576384546,0.258833591283922,0.391610028202938,-0.0497816344422497,-0.131555007017336,-0.0303664177732444,0.566627373922247,0.337557214685809,-0.34576251992353,-0.285461968608379,-0.0865910505806089,0.351392668771004,-0.478583715187711,-0.029398439804493,-0.650940488373438,0.207581585948527,0.0529054439295089,-0.031265492594298,0.416469890934146,0.166024966013179,-0.0785765724917842,0.08350544383906,0.119724814257775,0.0298026869771372,-0.0244265611718615,-0.00240319317334407,0.109761016345748,-0.0412321611811413,0.0338339896990202,-0.0332030722397652,0.0183989151334255,0.0339176659850069,0.0345062224848819,-0.00696956435807925,-0.0324764480071664,0.0176752279677542,0.00750325971624436,-0.018845238722629,0.00844544563361155,-0.00280355790766361,"Cosmopolitan AF1b"
"OR270998",0.764297031616175,-3.56689383549503,3.0808394082926,0.0181896152856767,0.0123954380849893,-1.65245926440323,-0.0171023209384319,0.569600071463045,-0.0505959062213074,-0.301896649214105,0.710620160529086,-1.4976573062927,-0.422736046832786,-0.0115631718985031,0.361655682182677,-0.0259556562839892,0.408194862442569,-0.634173309513826,0.102383239180567,-0.0956856322840372,-0.161633605912109,0.60638439836876,-0.602178409754179,-0.634890220872197,-0.80840392652556,0.266113441500177,-0.659625265262757,-0.757626097218052,-0.24179750693054,0.107129908241903,0.178560347494474,-0.318440111823675,-0.335309029532113,-0.123732774953722,0.386467390936874,0.147373154353214,0.158650881795664,0.0562792762874284,0.0947175158902619,0.321832381819529,0.033211287009539,-0.139433108381472,-0.0513732832305214,-0.096048046673988,-0.323655046896777,-0.046448463683188,-0.00104001877867745,-0.189553955958921,0.000410786235151472,-0.127233013379228,0.00918612073320581,-0.0394803058802254,0.0680959603640537,-0.0419676080344897,0.0225545720581317,0.0403997536775189,-0.00447161556769324,0.0403058681529661,-0.0182780695270616,"Cosmopolitan AF1b"
"OR270999",0.884290371016709,-3.79956039788733,3.57756373078453,-0.0285773064492478,-0.445783872224098,-1.12859310406751,0.342782403328002,0.341981629242108,-0.559981515967277,-0.331152426662956,0.393316328318234,-1.35533667280384,-0.580527749227681,0.228549133580006,0.145587242120319,0.0576883233568716,-0.115794356842956,0.0912388449258618,-0.588906290777084,-0.029476198026381,0.102247990797191,0.40552739759068,-0.069887358016743,0.202678963256502,0.00334370819787345,0.427769343736958,-0.124978245622773,-0.263071995032368,-0.269838723650912,0.0436320122982857,0.461508545412059,-0.0558431109841584,-0.121425711642866,-0.509966438655451,0.0163600800706427,0.0116433081330465,-0.0189722122462913,0.131116764085495,0.139779643651868,0.035030333222936,0.0584955564313036,0.157473425821872,0.0236454374355209,-0.0736657800918842,-0.062594238661569,0.167190564754796,-0.00125028765251641,0.00294781696894983,-0.0316340994041122,0.011254127979307,-0.0121455409278167,-0.0143069543912153,0.0152031738533683,-0.00691628303481567,0.0212414072107371,-0.00361760896897003,-0.0210359889462899,0.00391744752253483,-0.00395472104189214,"Cosmopolitan AF1b"
"OR271001",0.519032872788238,-3.21832360321651,3.96904452749088,-0.205434401914789,-0.574779943583315,-0.786294186656662,0.139835516406694,0.638389681419012,-0.0850144140238129,-0.519851462288161,0.431297942585925,-1.20316189907242,-0.313533679078211,-0.0109344109513842,0.531527836933625,0.0893266411689256,-0.227076931063781,0.154643289927915,-0.49173324989585,0.00564114430484205,-0.0320983401616095,0.696409146582112,-0.0336241817051413,-0.21062602579572,0.00186266771128852,0.602239176512345,0.513792646306862,-0.532337946598908,-0.315539803167028,-0.0343477783512773,0.366395577955889,-0.218224804309879,-0.117764184925416,-0.610263615161262,0.0425032951562968,-0.014542044037659,-0.127247925864615,0.523531196786616,0.0471523689675726,-0.0551878248637487,-0.0112768469188172,0.24779938744493,0.077948883046282,0.0346250561801568,-0.0693693617842803,0.135531812715602,0.0307969334173522,0.0285168976635611,-0.10733059988664,-0.010764971963956,0.0243199282825219,0.0400058725070676,-0.00640993651046165,-0.0185902163839703,0.00628799835283713,-0.0232539536021628,-0.0158165931355408,0.0137001045221328,-0.000612871389206532,"Cosmopolitan AF1b"
"OR271003",0.610135839141284,-3.52679100717148,3.57989610916885,-0.138450853714711,-0.401295380177902,-1.66193445119913,0.244955241521148,0.376371774799755,-0.462945873813547,-0.441684340075952,0.332353086150723,-1.69818178350209,-0.581364661490402,-0.024498563934962,0.54752872106582,-0.184334119368075,0.218953496248806,-0.226477126930894,-0.440046604620738,-0.22343497142933,0.273577956672443,0.712664809892115,-0.480594757515706,0.15759132881315,-0.386690940391486,0.328368796241122,-0.0534033678892966,-0.0761055363667215,-0.220939084048673,-0.130657581089967,0.492200784832808,-0.170955794633104,-0.0880783039351357,-0.36582350610665,0.219629059914441,0.0369352812540745,0.0503478709765416,0.125370810078248,0.0374390129092133,0.280010984951829,-0.180155235134237,0.110493089386521,0.0496644847876872,-0.131488953958768,-0.167977356193066,-0.0841187915686267,0.0274171812553534,-0.11939330784802,-0.184003298790185,-0.114197900152359,0.00297306675905847,-0.0514198044236503,-0.0112900241496818,-0.024734110593687,0.0121178209170751,0.0451966793319797,0.00165463120349022,0.00862766013228801,-0.00550460938046979,"Cosmopolitan AF1b"
"PV855388",-1.2397670902557,-3.42719789367152,3.13932851320465,-0.206079915255132,2.20698908242785,1.11613407183003,0.0357905907786842,0.695801353445616,-1.16950388243127,-0.0182714651158335,-0.571751920305317,1.75401107146605,0.680853647358862,-0.740244022474766,-1.64996211402856,-1.12234638499203,0.11528406698377,1.19585691258714,0.00701472364458613,0.119729721457043,-0.160048003733841,-0.226049089347625,-0.0663104946806609,-0.602073024937304,-0.119735310310643,-0.49648530105973,-0.269765886506477,-0.0504540365090801,-0.103263821131305,-0.355054641826719,0.257910329426566,0.0475214627489813,-0.126896944910655,-0.0624109585394008,0.113158935844026,0.0823794140487785,0.0453311839454234,-0.0488013743639242,0.0844623476406074,0.0152472198016439,0.0792990333829249,-0.119445415009056,-0.0233022894350064,0.0612078688771963,-0.0378255264986177,-0.0726296585441044,-0.00798935096146323,0.110306268781758,-0.0305105521195378,-0.0481181427834561,0.0319813483324745,0.0738089411853551,0.0112231585948825,0.025265469704702,0.00927683858491169,-0.0105074517383299,-0.0128174941710965,0.0135145297583955,-0.0101631934535239,"Cosmopolitan AF1b"
"PV855390",-0.816987998219816,-3.55844586014307,3.46850834798514,-0.200360909822133,2.0355620796153,1.04825865938388,0.273402842716521,0.223181558522371,-0.91840571583082,0.0820416783009377,-0.306523105708644,1.74643485655655,0.715456752099938,-0.594727634074706,-1.61596495235531,-0.69937313572959,0.0164660131730454,1.20579662640297,0.0963744851423646,0.107751154806834,-0.0241700671249826,-0.159992306646785,-0.0526536671394605,-0.501280870409448,0.154137968045588,-0.373522392545469,-0.513743418243697,-0.146509425005914,-0.339030087913892,-0.707762057081441,0.593343531570621,-0.0195448171583072,-0.583643625907914,-0.271442084224444,0.28921807183575,0.331438504579174,0.106434126079998,-0.113010199972327,-0.045902711056983,0.135146593998095,0.187945102760645,-0.523784822305029,-0.0401078195418742,0.0423699891721639,0.0861406341943661,-0.00359003387931898,0.00812789604831324,0.117408615838232,0.0271024538360838,-0.0429412915474863,0.0231567791139095,0.0478107833244521,-0.0474984752972807,0.00819976518117251,0.04185375361655,-0.0117051280983622,-0.00402544342730624,-0.00189442554937378,-0.0257464206448457,"Cosmopolitan AF1b"
"PV855392",-1.06210102330574,-3.5320170558147,3.12061928399509,-0.0703962246680895,2.07577970866903,1.01211813515351,0.0685940608425105,0.737961779281093,-1.05030642290761,-0.15493892046051,-0.287244912226347,1.67901778772017,0.673438805385275,-0.756048337158259,-1.4187814682287,-0.812343246289408,0.0456561470568185,1.14643801277072,0.118419610839054,0.127834000352411,-0.111074774750258,-0.28751002449008,-0.057254763285538,-0.605121521647995,0.0346450794092272,-0.381561564473545,-0.29478901157666,0.0922836751898466,-0.258780749337184,-0.415868175479594,0.334366292440539,0.00360200165086404,-0.097545466423619,-0.102043412175554,0.207956181514592,0.0934630629826134,0.0818169641145009,-0.0126568663749136,0.0515637246580109,0.0359315461631779,0.0215891016713979,-0.120714349654426,-0.0388338079287087,0.0609504785198305,-0.0308987112427887,-0.0373302782053369,0.00610404557865577,0.0753346258150132,-0.0172528412682159,-0.030178087421205,0.0308030295902412,0.0702191764533992,0.00910534316494624,0.0219554018896363,0.00956971254196782,-0.00389684829134778,-0.00852470321630182,0.00616295732068103,-0.0118376425448321,"Cosmopolitan AF1b"
"PV855393",-1.38981188751305,-3.53492316441167,2.7103027408733,0.0835321573983536,1.95707718626046,0.788014400793922,-0.204900418852455,1.17931002092389,-1.35507267757401,-0.410163965938541,-0.14316643706975,1.85144309415294,0.838774116035243,-0.360298256996289,-1.30764023709473,-0.76992239301998,-0.100590764604075,1.10497943651255,-0.127153617768598,-0.117546443295204,0.13401995569512,-0.340396494211447,-0.193000475969156,-0.544691232851946,0.0733453938872226,-0.238466558010545,-0.341582907891213,0.101570456098793,-0.1650982113116,0.182134293626253,-0.060206678530893,-0.0750290960470313,0.207218884091045,0.126377656956362,0.0318926868075238,0.231229329207942,-0.148575573244086,0.153387790252492,0.074038604991808,-0.123668608032524,-0.0919750113006083,0.281223656781869,-0.0514228998523039,0.201419525867461,-0.017211690128893,-0.182200691459701,-0.0898529773473846,0.0360727685239095,0.0211501092812265,-0.0972067864978346,-0.165537286828225,0.0486553909301234,-0.0161208828800607,0.0970409062457692,0.0324657988238464,-0.023948268809153,-0.0196122817441909,-0.0166390826334974,0.0104665843818894,"Cosmopolitan AF1b"
"PV855394",-1.20212255817289,-3.63447378154982,2.90311598108491,-0.0357617948134535,2.19111261105864,0.973677730886908,-0.0297284954438467,1.11472116281954,-1.32121572815606,-0.383970691173456,-0.284388237461009,1.79422301991025,0.548836059626396,-0.815902583381295,-1.28792279721618,-0.791964214602526,-0.0372097416557031,1.16549880673384,0.0951667547756919,0.200226042478551,-0.161194509126217,-0.418655715184552,-0.160747817730116,-0.614335240962232,-0.0272267107181935,-0.286921707086305,-0.310723471127164,0.188544880809376,-0.169654256608094,-0.00145941686045661,0.0731252214259432,0.0107944660991658,0.354464291012225,-0.0392856878384397,0.161355835056893,-0.0567689528501338,0.0233243659945215,0.07148161673494,0.105241340826695,-0.0717877647090755,-0.146619252942969,0.265411378615967,-0.0403242215324639,0.0107615175008127,-0.137897437300544,-0.0783052385647532,-0.00127825386633867,0.0203941767120004,-0.0485660636786009,0.00803330340084598,0.0265842602321698,0.077518196034736,0.0635850407860946,0.0284713915299873,-0.0259953087203691,0.00141049282570289,-0.0194734540026023,0.00343870822968281,-0.00383921385499325,"Cosmopolitan AF1b"
"PV855397",-1.07070404859905,-3.57108175432388,3.00661037374046,-0.000876112690261732,2.08738531704578,1.65177529899787,0.0271315269978851,0.799432045108242,-1.12753092641335,0.0843116202486596,-0.494367159420847,1.91423388113784,0.7642753586658,-0.588662781820314,-1.98557877985998,-1.01367308451379,-0.107407763511698,1.43515347684852,-0.0965469807517081,0.261379298279428,-0.36816294285841,-0.529558528797885,0.443288863116803,-0.651612322418262,0.212678239769776,-0.49976378287921,-0.106451898022412,-0.0948886005984954,-0.161040614885925,-0.303279925455756,0.229481921890332,0.178588500758797,-0.126155950569934,-0.0999129433764274,-0.124771587863231,-0.0306559848360632,0.00988653687707378,-0.0268405698691172,0.230591797929572,-0.221229168889913,0.319802178473585,-0.0555203341934939,-0.0465569115702519,0.187800493110764,0.0575169716534795,0.185914413812717,-0.0312983708939962,0.245513852678521,0.108816574572621,0.0518856986524396,0.0287277604800026,0.1260311647654,0.0398404774390112,0.0503229443316862,0.0216814050663281,-0.0568208013493157,-0.0290586233235716,0.0195859491096954,-0.00270295570477152,"Cosmopolitan AF1b"
"PV855415",-1.41952771336725,-3.56358381907403,3.38981289497617,-0.33348047741127,1.77084907805048,1.19417452459862,0.351708234087884,0.244166803786733,-1.05934673239018,0.121219381022025,-0.881439839584116,1.71169437234361,0.823064824769362,-0.838936498255157,-1.7425370846827,-1.30046573870895,-0.144878086237941,1.05231751669657,0.0612131136838862,0.20356823617315,0.367252047713698,0.0382915524738106,0.0140617012171303,-0.252686538153348,0.272041133398873,-0.772465558861377,-0.0336990650254147,-0.00491721825876538,-0.467059637683346,-0.962146487530995,0.539155459128002,-0.00552015885799419,-0.47682308686735,-0.202966390784783,0.0943403581752088,0.0763432561114768,0.00868839653487705,-0.119853923628171,0.0289765058759428,0.168756536529797,0.33565872010769,-0.403304137024755,0.138947520237838,0.0448450685290546,0.0928343297046755,0.00746850443952623,0.063346111481229,0.172011034144951,-0.0987524655425454,-0.12170643369844,0.0128368772585614,0.0757317668236381,-0.0951768213842915,0.0108416277310695,0.0495277703891587,-0.00349647974023583,-0.0109773332843961,0.010387828469181,-0.00224617929307202,"Cosmopolitan AF1b"
"EU345002",-2.00368925239009,0.87392410237187,-0.200586817086717,0.88870423025461,-3.19447820480135,5.01759977707098,4.34549328229549,2.7878063365043,-0.0970153689666197,-1.17651219827184,-0.706473369373406,-0.118229861308536,1.02260255677962,1.92337270927426,-0.607880251834716,0.120051298802559,-1.37151727249129,-1.45773276327864,1.63120696662064,-0.123364097796947,-0.0287193420808414,-0.249380894120022,1.03235896175516,-0.227005071053267,-0.395011976355874,0.190785570045992,0.472028234972617,-0.446189012795262,0.367806318164111,0.0602130218820967,-0.484045450861561,0.296584253382138,-0.607341308361433,0.345847829095843,-0.194813125395621,0.0952066073747422,0.242976609020519,-0.415288880972058,0.148818657193019,-0.0888178346124576,-0.267480642127467,-0.2027991444146,0.143385950365299,-0.0125227965916736,-0.0798545824504305,0.0905341308712176,0.0230436063313384,0.174567123260225,0.190489482977947,0.155371650930011,-0.107158838181376,0.0730452517985574,0.155365425272236,-0.0259440147807523,-0.0763667164684219,-0.00924923247615825,-0.0443263858652548,0.0617661008905855,-0.0340356029520319,"RAC-SK SCSK"
"EU345003",-4.286670516686,2.73844348573994,1.55007559203348,0.155324639014345,-4.12735052836519,2.68418716954953,5.05652102015262,2.75853190343039,0.170884807240694,-0.0552479656175991,-3.21587069136099,-1.38698554238417,-2.32464548469071,1.32024808103758,-0.238838289021364,0.255636415729823,1.57368993024155,-1.37697999053047,0.751450797022051,1.62021896375929,0.299583225214672,-1.22538866395642,0.620439055495926,-0.486122468774761,1.36389294514312,-1.25089646024989,0.105971711549289,-2.14886460681244,0.21174670090167,0.0361177819889198,0.350315948732675,-0.82147936194154,0.510278438618945,-0.345586573484384,-0.967573488825221,0.735389049363177,0.0931723703880052,0.241483270953513,-0.352795765230632,1.34203241324467,0.150901103624408,0.13718686454585,0.406637406595784,0.193593667067858,0.205129931834674,0.101934874750893,0.0822349110103776,0.368571581069697,-0.0502827415920946,0.210951063559108,0.0511704414453376,0.0332230008557828,0.174069841952569,0.146697330636517,-0.0686119346242087,0.0858135882087591,0.0607918133895757,-0.113413217319343,0.0049759253992416,"RAC-SK SCSK"
"EU345004",-1.36179422043845,0.756633753432871,-0.0815744606952332,0.553350765832992,-3.97567289731979,4.10914801059856,4.19374284341361,2.93512935169607,0.159865654632311,-0.320958846117195,-0.403134937260913,0.615179642541082,0.866956038521129,2.00934345629502,0.162267179382455,0.346795497021018,-1.83750310850749,-1.35825177950148,0.598813561528753,-0.772966268868455,-0.562482000736133,-0.70672904196844,0.537558977218455,-1.39150494335625,0.135487711547056,-0.0378351362963925,0.56409673899598,-0.459627825108372,-1.04909386139516,-0.578044795126756,-0.304287739614457,0.471119314821132,-0.114467141174167,-0.219850776298716,0.648601917304498,-0.359932883949061,0.439541603125548,-0.0331609844000039,0.647815026215691,0.164996354431259,-0.0498282039551465,-0.100510999615829,-0.114441897714904,0.261933058234311,-0.0121215521777063,-0.0845209728259654,-0.0282165886978007,-0.0495521999877547,0.0922709574535735,-0.0286874992626356,-0.0246784150559086,-0.0372237038617737,-0.123990344986043,-0.00877512030355462,0.0785697662818105,0.00429609355850189,0.020436732360575,0.0334661193345826,-0.0260777446378433,"RAC-SK SCSK"
"JQ685938",-3.54547161572139,2.13172346884772,1.49669897267313,2.00223082784476,-5.67274048367744,4.14919502553485,5.84756990812273,4.28915347924906,0.407744754556928,-1.73204983277697,-0.651190653485256,-0.48028345612771,0.955731157382956,-1.28293165703684,-0.047723131245437,-0.417885523677316,1.26265482237966,1.07410918801091,-1.38251854786147,0.0254795205222086,-0.0422020661423648,-0.24319809847844,-0.470174373198916,0.0868724188532657,0.319125194064378,0.707588999826554,-0.130182839043298,-0.277077695367076,0.282824017155933,-0.402157317445782,-0.47916068471033,0.0294079974733379,0.327330803213428,0.620197709091598,-0.0621288254819419,-0.188626681775714,0.462852420296645,0.0748640329880427,-0.0696137696025696,-0.178151627591769,-0.093338281200557,-0.0451138327335995,-0.340606012327914,0.134917966481119,-0.0118749614393318,0.095911165785771,-0.172352044203454,-0.252236629916089,0.034060907166575,-0.0778841705350879,-0.120114567553647,-0.002448439765058,0.00164806496519157,-0.0444358885343891,0.081952020034205,-0.0059205117698377,-0.0348991993669165,-0.0337734099058531,0.0219708189316929,"RAC-SK SCSK"
"JQ685968",-3.56308268613465,2.10524022909451,0.736759719621092,1.95982147456741,-5.274401256951,4.43356099095398,5.16209056440474,4.00046177376439,0.107027745095267,-1.30124540442643,-0.872093313566752,-0.921504809477464,0.188968397715292,-1.16062987363272,-0.264445572215931,-0.720559384469807,1.55313743460809,0.984474581860913,-0.570619081686601,-0.321099458322723,-0.289994898582821,0.258805703601046,0.361608310339402,0.162493734016437,0.480503109698933,-0.102357652854015,0.497620168827544,0.0415102770020157,0.460077572235411,0.193404065489559,-0.472880656951469,0.505290904481586,-0.0417857158048554,0.100947635693196,0.0667807045230986,-0.410742616574688,-0.571789071184723,-0.16439621798835,0.000193197839640011,-0.155745197813492,0.0284810406802367,-0.0375685181456911,-0.269917990699729,-0.0697152570501214,-0.076475132024236,0.113450289094544,-0.247572681502682,-0.0804237159267894,-0.0300150214879255,-0.0660034451202493,-0.117410946896196,0.0511705689253083,-0.022746894950353,-0.0366534009444036,0.0160608033485677,0.0855690953226797,-0.042239808080383,0.0210130175238516,0.0209635316524793,"RAC-SK SCSK"
"MW055084",-2.23063165819551,0.64595560090501,-0.123119206106553,0.357522415001529,-3.14889177717126,6.12106077826294,4.8503519038452,3.051491238099,-0.69449556952897,-1.26145717807315,-0.628871767775082,0.37102982028043,0.537549229221433,2.49497548536865,-0.31881127607786,0.787190120670028,-1.86328724261175,-1.56410717408534,1.58270702679149,0.586051833799027,0.600138667544519,0.227998553638031,0.332063690125334,0.0584586487791304,-0.393776985749315,-0.155222680147352,-0.167246377381111,0.259797420247806,-0.319815623870923,0.528745177700565,0.238013517698544,-0.236902474448168,0.228976916711929,-0.377811817170525,-0.0152716224526117,-0.309337110561991,-0.410163078703912,-0.0663013938770755,0.122900529114912,-0.291899471401479,0.0113550132877354,0.0832343282254761,-0.00788031909952618,-0.0567442363987902,-0.0078404575117768,-0.137539447604752,0.255398731173925,0.223639645099525,-0.057718550096687,-0.170043072295382,-0.0123840362577547,0.00181568588905053,-0.0423299880228024,0.0592524431128471,-0.034050355362989,0.0274830151785916,-0.0150895211034831,0.0324331356420903,-0.00462384605160501,"RAC-SK SCSK"
"MW055085",-2.2286350846681,0.607570951555717,-0.173110552692875,0.10258311148013,-3.01438138641679,6.08380278552697,4.3393045111746,3.04108074585844,-0.635154256938962,-1.522349670458,-0.586854539990015,0.372370694668138,0.682829367680444,2.72232328531235,-0.00150523310717582,0.774478915604528,-2.3871429768083,-1.27741423150257,1.61396960561576,0.894967645581411,0.315624311576562,0.0536598879345236,-0.0533617295905404,0.532753670490681,-0.367379763189662,-0.305670749135494,-0.0231890917022391,0.150834714624982,-0.145570395062389,0.226113537945286,0.0813580389712264,-0.0819733966819011,-0.0509172210320974,0.0536578190729001,-0.0602051787911953,-0.411147973842266,0.0334684422402678,-0.297000868119323,0.285585347776738,-0.213966722178917,0.01343572998794,-0.0189905820449973,0.0229362244692327,-0.0207613653269122,0.0658648882075385,-0.156702937968704,0.174313945601622,0.0953098563829197,0.0330125588333392,-0.00550534488538045,0.00246232238135058,-0.0967185235596354,-0.0642011779040979,0.0374811604103343,0.00226400567728829,-0.036561218991125,0.0265325377170552,0.0171738941752466,-0.0314463937496332,"RAC-SK SCSK"
"MW055086",-4.05673393189305,1.79322127476962,0.661912151073567,1.62088312814867,-5.14450958102993,4.75468209274512,5.96096599635302,4.05457754060957,0.308446328564126,-1.08654079193797,-0.252453711501587,-0.605901430600829,0.391769811236764,-1.35532305795337,-0.0227328311797492,0.316358573089739,1.48097398924222,0.780826375859415,-1.14405012548388,0.0506814000174183,-0.248004163601909,0.924089563231185,-0.453037571416471,0.160517160417407,0.246933584883434,0.855388522383141,0.440718894480037,0.412866101726836,0.438047271239396,0.212853033489867,0.08285161459988,0.385939040417045,-0.022993349949169,0.496830387630055,0.0897665368920431,-0.0514653535154083,-0.0574106002997166,-0.07745537998428,-0.109829732941731,-0.294525808026618,0.217763819193558,0.000253198485086617,-0.19429039292093,-0.25300264234991,0.145512468361218,0.0751870234745135,0.0786645852235708,-0.212652995109596,0.0710287729904772,-0.0079091783637067,-0.0537831162161611,0.0230528593024012,0.0236777219647169,-0.0114442943457752,0.0866639087774012,0.0167114155826349,-0.0255723753611416,0.0309390509784061,0.01537128905108,"RAC-SK SCSK"
"MW055087",-4.2087895576163,2.27316938191254,1.06121532503921,1.50571909950053,-4.78995424849122,4.09418622143522,6.03271997359205,4.02330819685871,0.305982489041262,-1.56436002088143,-0.3256335351169,-0.898314765237318,0.379516396656475,-1.482003609298,0.299568370113428,0.158260207397993,1.42217814965755,0.733059858688936,-0.896860130271011,0.0226680192430983,0.376270681770961,0.889307132733385,-0.627894678894941,0.129698053725727,-0.17748778423938,0.484378621221643,0.107525869053099,0.372003355766591,0.667200852515711,0.270529775230642,0.102715618772955,0.155370935276695,-0.0353488814711537,0.409698868853079,0.425505555983703,-0.0637451922414734,-0.113155490677322,-0.0304876332884819,-0.3605418549739,0.0778961181894581,-0.0774990174307834,-0.210168530704318,-0.199601662219778,-0.157297405594543,-0.097472396848089,-0.112596818366629,-0.138431169706732,-0.198010511636754,-0.20263883006904,-0.097661442120439,-0.0744342155713073,-0.0481126581255777,-0.0411418611512051,-0.0443982519239932,0.0530966219609091,0.0600952879483049,-0.0160316736177415,0.00873121242805858,0.00626417150751826,"RAC-SK SCSK"
"AB519642",-4.80103901309373,1.61868657862871,-1.34704871519724,-2.5635919578163,0.755264934645923,-0.197896346230792,1.2121873926781,-0.988500892281184,0.877164195648471,-0.0477259302439519,0.631193082590565,0.110292825720905,1.34724834317292,0.399664659435566,-1.26571527988102,-1.04626010338954,-0.91881263355184,1.10207000880234,-0.545567109589606,-0.631054001693866,-0.693836798054011,0.423780424987075,0.346289032657185,-0.9078734988159,0.0943752246014483,-0.31815668001723,0.510379526618784,0.249038149218098,0.240023684667635,-0.408969590324785,-0.140510065384583,-0.524175727168869,-0.430461158162469,-0.598940892540292,0.19496851992882,0.0736497436412428,0.151506509369457,-0.100400672289042,0.438236874057499,0.203611333642279,-0.0111766581567942,0.311402256546111,-0.0117877401498983,-0.225087741065299,0.0178517298314488,0.039673867939245,-0.0698811078076331,-0.00954688173329082,0.0748248146797751,-0.0392400180141709,-0.0199593503582914,-0.109536224554191,0.126067167796782,0.129950367954106,-0.142544412501405,0.0394295571899985,-6.28235808941942e-05,-0.0323637109869173,0.0138785319190415,"Bats DR"
"AF070449",-5.94765040759476,2.47016941006267,-0.604850026330509,-2.30291196366561,1.07744791425817,-1.26581417068378,0.780165305623198,-1.62803217074588,-0.739486106702478,-0.0904251893937193,-1.1839657073716,0.290436020798789,-0.337575820139673,-0.773062832569958,1.33017491317693,0.772996977906689,0.51096758017693,-0.214099738293986,0.0239895878740356,1.06126005795114,0.975980040941547,1.24790935076269,-0.0257473744179466,-0.407333307234738,-0.357639709702272,-0.122632068651906,0.00470684488730961,0.468785840764477,-0.327619143295163,0.829156037044103,0.20895815823924,0.225788646730168,-0.453298799254602,0.149385853354652,0.291608843832203,-0.379951205144901,-0.140652932341551,0.288537868578201,-0.194758282192019,0.117911198738063,0.18507330828823,0.124024023186075,-0.0488140087109272,-0.199873041399028,-0.0180631046396869,0.141973823840724,0.13964545256595,-0.0722330329068835,0.0801899646600448,0.0614531815242974,-0.00378102399060352,0.0832755592819953,0.0386418585948447,0.0177525967130426,-0.00476813722488203,-0.0146214941306053,-0.0355814618590394,0.00657907034201271,-0.0142135966537514,"Bats DR"
"AF351847",-6.00649609583536,2.18289047315003,1.24649972305061,-2.20191549586712,-0.386924219534184,-0.222288446957123,0.89824238623215,-2.96326000474288,-0.884595068032952,0.571480343058903,-2.26087762819516,-1.25702712101136,-0.0226094926655627,-1.26652564397873,1.82632396908383,-0.0475100545554264,-0.0741597284419606,1.41164061334036,0.767056789725628,-0.0064727083791376,-0.303747952322311,0.578839070850499,-0.399216391440357,-0.562053752002961,-0.599665450128953,0.0698488622940992,-1.73383592096552,-1.16027777201284,-1.21391579112994,0.377235768286359,-1.5608975938689,-0.862950926963915,-0.15131635927826,-0.407306825767559,0.259974163730209,-1.11777971254479,-0.258789542920632,-0.236397363111205,0.0167775344025675,0.0860368177305062,-0.553600452225641,-0.12672674866444,-0.494021992458847,0.10342801567749,0.326969554560909,-0.0501248344511878,0.350248525706189,0.443568775431622,-0.459782683738559,0.116589666693096,-0.0731579482489548,-0.306473872203046,-0.0559424818398818,0.0929269647597484,0.110889345233118,0.0484642090460366,0.156593880567339,0.105822652447422,0.0245357085854009,"Bats DR"
"AF351852",-5.59899642380987,2.63325890150028,-1.21776905545579,-1.95077909487525,1.43433758133138,-0.773879170373826,1.13752512779396,-2.75557587814996,0.774591887134866,-1.08570516757823,-1.1347145289333,-0.22176399196659,-0.0954553664211771,-0.63159327495442,0.743756328570711,-0.258694124615696,0.508141840762492,1.4446221242633,0.43937696998527,0.915419861949316,1.16940368779497,0.458296928182292,0.32740241333293,-0.63680913454334,-0.377948716127865,-0.448872896146693,-0.182030530649557,0.0833361549622858,-0.897408793201009,-0.462603560225821,0.491352321997701,-0.0538968995820326,0.722743826063441,-0.17109016770544,0.00317106009925239,-0.546318321141682,-0.304840099467892,0.0614409680590904,-0.0740822380821178,-0.246030979780814,0.271372132401243,-0.0760703128779539,-0.0458671142812925,-0.0515330896558721,0.0429429985381307,0.14664982448207,-0.00180134820567813,-0.0187719981819282,0.179326191880885,-0.0258386449596922,-0.0821057214042549,0.00931752709486304,-0.00537673176467843,0.00505883014576245,-0.00069043761291709,0.0691664493898945,-0.074710968455639,-0.00370253130391732,-0.00254426792685996,"Bats DR"
"AY854587",-6.06666906499139,3.13158067803418,-0.959338607717878,-1.82111180392806,0.0256999928888835,1.0293179033868,0.536294295343812,-1.76799621393356,-1.09769439990518,1.3643471406216,-1.27107948159687,-1.89595621612325,1.30009179452716,-0.926704977642046,0.251403916574449,0.752755167833718,1.38606069390844,-0.822092113403418,-0.0250148978408254,-0.543779256059832,-0.973975114440038,-0.750855523644971,0.096833661209809,0.647268177692585,-1.74066927745115,-1.57550024779943,0.0399564651580086,-0.250699240024851,-0.42095910918492,0.000624877841293883,-0.495700757964337,-0.32424077077312,-0.710222795416936,-0.141664881556223,0.221855141988226,-0.0608985945236926,0.388938424516948,-0.16940587369823,0.00622397028481551,-0.783777358347111,0.212828322661107,0.36007487308164,-0.034925634605001,-0.157134520116751,-0.129415138331329,-0.145825371263001,0.27573242116186,-0.120685690026948,-0.238248623587858,0.114474642993239,-0.00247826480414205,0.157941232765231,0.0184135321673748,-0.0306325075939937,0.00115949266847981,-0.0319824761703092,0.0174293003754948,-0.0436853579153859,0.0169141360298852,"Bats DR"
"AY854592",-6.67798597615851,1.55700289990937,-0.492091510885682,-1.71907763709941,-1.01625799667136,0.936801380339027,1.1494505081876,-1.05935599118458,-1.74627295468508,-1.13493710443096,1.01901403927671,0.586664208927856,-1.26263582153208,-0.637785693823303,1.50750755139224,0.304835387843865,0.531643187199161,0.437229397277316,-0.075675224521466,-0.13024286849475,-0.275574934109722,0.76810301354086,-0.731194439088548,0.462596902145676,-0.446269265412534,-0.019179091087464,-0.151149136617339,0.654944742669049,0.961013803280143,0.091618837991812,0.319258312875505,-0.634651371315484,0.681189150200591,-0.0602380068677016,0.179782353985699,0.049798627700638,0.234312650575607,0.400118459614128,-0.252904117208402,0.24525328435959,0.362476974405987,-0.086034901540102,0.0607010253427533,0.124020741759912,0.0684907257816349,-0.101170467439217,-0.21831292228547,0.087665542377201,0.0238518251329101,0.0594436338812609,0.0553636356112339,0.00911636920943431,-0.013076113193385,0.0285230703302546,-0.0104249058632157,-0.0445944109552097,-0.000614942041629575,0.00328922105517082,-0.00636853261489654,"Bats DR"
"AY854594",-6.80348280983266,2.3939661774343,-0.365579541927016,-1.6400745975959,-0.680773754609189,0.189206041638277,1.20441315863183,-1.96171250802333,-1.40468276861894,-0.928137116285243,0.898646119164153,0.445333539868539,-0.838650860975149,-0.140003781065224,0.823536921384717,0.216835568514975,0.301101687640009,0.263604821741664,-0.0632574130407026,-0.341689367500446,0.195761363824306,0.924821539837861,-0.117160811315379,0.836360990570401,-0.477579490778757,-0.298162920279674,0.234170723010834,-0.0732816062335281,0.926836549583768,0.147117627844039,-0.0904298353057749,-0.267476484520104,0.37637407790337,0.217092745703834,-0.10144965357424,0.214049746585776,-0.0272361924015905,0.456698760714163,-0.423843866748733,0.0812856400441947,0.215621234356255,-0.210680368049333,0.0161800304668229,0.164711996958079,0.0197538829044274,0.051896037747894,-0.20080039459755,0.157064869325097,0.0407114448155893,0.0207518356640263,0.0682749301194403,-0.0198189938834891,-0.023020438283461,0.00376172002988488,-0.0236036611338002,-0.04241429566493,0.00258233631267888,0.0272143896188019,-0.0083966176519471,"Bats DR"
"AY877433",-6.30738388734249,3.44592312313283,-0.26363049573363,-1.15313639229693,1.95272643624962,-0.726054995692055,1.3190210213151,-1.60261483569619,-1.01870588685593,0.243000571980454,-0.474897865584348,-0.289397628034611,3.19076750782379,-2.73328025930905,-2.06953332435407,0.0233613801925111,1.64618299407648,0.0351810917000857,0.993102731465798,-1.11830927569581,-0.0156130980273319,0.080277564440768,0.429989104180595,1.29663429305451,-1.42969252488758,-0.0973595069587275,0.608418686198163,-0.745375664600991,0.433530081087425,0.697722461958649,0.0724342963558165,-0.497826636166152,-0.729440089593355,-0.589961957268312,-0.119945584147211,-0.51504730377972,-0.806857570455217,-0.0263411848361707,-0.149255494831562,0.0354561968774625,0.131251795401829,0.1593762178902,0.245439481617304,0.664975354120761,0.35629875226833,-0.356362847334898,0.0879474694749454,-0.0163600379462567,0.217476144118792,-0.0272266420067141,-0.0564755635838239,0.119118835213734,0.0477649050059505,0.0148089084419971,-0.0337439387930037,0.0771272550200556,-0.00894706950742355,-0.00576867431725423,-0.0154125645273327,"Bats DR"
"AY877434",-5.70269360026579,2.08049396533478,-0.946738917997762,-2.59807739632434,0.0457193504030574,0.296837231847989,1.17712000123199,-2.1589958337716,-1.09928973887151,0.30975573906852,0.0488161078812502,0.391376035322002,-1.26768574930565,-1.72220768437879,1.31305253999812,0.502323071363627,-0.136704993223009,-0.582517729201612,-0.709825673170367,-0.260577122595876,-1.88022083215599,-0.0971283042319269,0.622517155396195,-0.869002842328017,0.148919469713075,0.387820316113933,-0.271151743422201,-0.629475178817076,0.198606616482103,-0.0230085551328519,0.0283556146032809,0.0752823548519586,0.182838416311857,0.576743985599102,-0.0841623299262839,-0.153408956842816,-0.0642146487589548,-0.106126555038322,0.548396776284072,-0.284225368278091,-0.00412043218780752,-0.188342941418277,0.0765028135755178,0.0689513581938312,-0.281559065968289,-0.0641587452385687,0.206782969571851,-0.339005497419141,0.142929629372582,-0.0128148643830708,-0.103960405365148,0.0885565378026448,-0.0335177601046583,-0.0335962968853663,0.0108166762616599,0.0305178527257059,0.0237777629758576,-0.0173926165827687,-0.0105782371270447,"Bats DR"
"AY877435",-5.91239025310018,2.93758047482087,-0.828647884874967,-2.10444859674387,0.368726627275502,-0.380563904522153,0.8414198411193,-2.10320752455077,-1.21069279876554,-0.447238488529982,-1.50121716657783,0.202343420418856,-2.25062826239114,-0.471860652344915,1.02548446948212,0.201862790752549,-0.0597466132570227,-1.6303860277632,-0.314522984142779,0.62047077400289,-0.176473892968654,-0.46601288790827,0.492654874604683,-0.259113966736932,0.352292451370621,-0.5413945621255,-0.279412918370187,-0.133491385283275,-0.156022741385308,0.0284506329205697,0.160799557228808,-0.111100290117104,0.195399781935851,0.838634472830853,-0.255464063165492,0.857706374417367,-0.277784405523242,-0.231009930217121,0.300566600200413,0.180193036889748,0.0551717046035577,0.114217087064387,-0.152889597686681,0.0640099362265945,0.278034446347113,-0.224033299079756,0.110775510660868,-0.256790240228292,0.159424847503241,-0.0667560201465341,0.0718861379123542,0.119327348035152,-0.0141864829754287,-0.0397389816865606,-0.0638373645576517,0.0677615063431502,-0.0229292900060393,0.0134408280553014,-0.016231516445439,"Bats DR"
"GU592648",-4.8419934799366,2.36178873246959,-1.43879497789563,-2.38869284565404,1.1964946738704,-0.717927283920077,0.511600284248718,-0.771009052152508,0.75268643894902,-0.857899761780135,0.062930249357066,-0.579905472358522,0.425277124647726,0.528504943163151,-1.4504405217956,0.239176657578649,-1.00024579937431,0.270085995710944,-0.385262525882714,-1.03200016500122,0.387978263887796,1.32019104735208,0.0102450952257599,-0.914047751260891,0.0190184452873546,-0.0636673178647949,0.377793001385808,0.203991422869475,0.0680676304052011,-0.0634946817439669,0.241121396409033,-0.218169522479131,-0.356615832382889,-0.176496135810723,-0.0376077987439221,-0.0981366714761231,-0.232009945951871,-0.0242205993686008,0.257182489035963,-0.322867109277958,0.181512036171729,-0.164053118752884,-0.317503582814113,-0.0287429587685659,-0.0789657985245929,0.0178787492444458,0.0828941953747878,0.0490694388630036,-0.180524043307143,0.273820593488212,-0.129797360986031,-0.0963631133084947,0.104744082478158,0.0941692838423157,-0.15044063228516,0.0134641731678213,-0.00580704730997966,-0.0629609770032343,-0.00459535545563338,"Bats DR"
"KF656696",-6.02319605966023,2.01722222496939,-0.444216206073008,-2.28512720404896,-1.61725711969931,-0.294436164617255,1.01650380751069,-2.34007026315879,-1.1015063558469,-1.27837034293401,0.604826735207059,-1.08141232461297,-1.44858397665783,0.541267323108387,0.718120534345775,0.00373239340471251,0.28821125815625,0.334620946491412,0.213144319831412,-0.484880215613967,0.137414533807847,0.909324540877842,0.361212003431195,0.536180875702112,0.109755719731836,-0.231849744716269,-0.289695650464622,-0.503388095291173,0.324338655038202,-0.448631615965042,-0.322528645136855,0.0207059490878878,0.425974490912195,0.191176738204408,0.508023456694935,0.557762586814176,0.189691906438137,0.434058471284335,-0.175896914586328,-0.0348848066692663,0.245958781800137,-0.320153810560546,-0.0859960670553617,0.314617415041209,0.00656324407648951,0.13998575273147,-0.18009791038685,0.181094012832606,0.0986774950137955,-0.0410857684228944,0.090163464787999,0.0465923357766403,-0.0445134235264978,-0.0090381790069734,-0.00916107584674895,-0.0375466639987441,-0.00663843670395401,0.00947365676661024,0.00237831844494898,"Bats DR"
"KF864234",-5.91393721238556,2.03549569757468,-1.05129398017637,-2.82804910763367,0.921199496534889,-1.3295019678742,0.843317546968047,-1.68163786956436,-0.909270008040484,-0.0963590714405982,-0.732600548442347,0.758591191527519,-0.0631785513307866,-0.88752990915322,0.647483431689897,0.821341884508411,0.0961007751219543,0.342553262030369,0.399540237228085,0.763882003159303,1.11959788653095,0.528642292267289,0.940380115549321,-0.418870220018442,-0.133987023375869,0.296335329006387,0.401962002662689,0.89412714372561,0.307156147058494,0.524469726780678,-0.583304789882761,0.205476395196775,-0.839318970077666,0.553358268436634,0.436363109161102,-0.167096295601451,0.132055762173016,-0.0842637618319209,0.0246426697799632,0.103256026469987,0.285110086958714,0.0970886827330024,0.101700704041158,-0.286498695119134,0.0642427305503346,0.0121888979267266,0.0402453696367214,0.0281591169601828,0.0197498693823218,-0.0166633799970941,-0.00355110115607513,0.0197892386700005,-0.0561618987533538,0.00462689440877085,0.0754754933653106,-0.0153382968202244,0.010345537594503,0.00403700399369896,0.00742803274369952,"Bats DR"
"KF864322",-5.56754792394162,1.97232019954678,-1.09218135269566,-2.11385221115688,0.556044444634422,-1.32164513818927,0.52770544984337,-1.60452583719069,-0.555012166064243,0.23023184634409,-1.45168393088092,1.43539966208165,0.659483941462622,-0.382647515493795,0.404193966614295,0.495232324702534,-0.105385376508721,-0.0324906069117779,0.846170837597845,0.874654926766394,0.585000912743384,-0.124957734576067,0.535737178628476,-0.739622044460303,0.309013459942795,-0.0647783590723544,0.101240247942951,0.698364212168002,-0.142294400168503,0.496042393009126,-0.811091847383357,-0.487194331326395,-0.666150287559945,0.582448027699536,0.51633836370888,-0.285892964580726,0.03639432132529,-0.118773591947334,-0.0881485302378129,0.186002281827682,-0.0119821850224842,0.0651685969309493,0.0983324003766011,-0.157891468355617,-0.172732805437068,0.0101539202151699,0.0158677092305028,-0.25553681656556,0.142954536508843,-0.0830092629011423,-0.037051150038634,0.0455906127776603,-0.00756355840040265,-0.0432719243511205,0.0185087935771905,0.0430123830862344,0.0243332518960004,-0.013724332615734,-0.00411267697743861,"Bats DR"
"KF864397",-6.85924339516588,2.92377239701115,0.413161137631714,-3.31219126960878,0.408756606805942,-1.45741875408054,0.525491317389847,-0.531214186474111,0.249180415193293,-1.01123685646611,-1.64681843631824,1.0141918144108,0.0943247661787488,-0.056677094444597,1.97008804471156,0.682376972920163,1.37788581808779,-1.75743561614332,0.350826335335998,0.0824745358392209,-0.135321447516573,0.916540337450578,-0.414595853012914,0.0790346356693953,1.04018179661716,-0.297041331116997,-0.663633748581859,0.120256257225169,1.17231366315852,-0.440996667648554,0.291541799807327,-0.790759415064785,0.0282783519392767,-0.0254605483252875,-0.223638309978139,-1.17058926421783,0.33556964253768,-0.15247063783969,-0.449854730807514,0.505100383830529,-0.352592625270361,-0.363993266744943,-0.288386039713716,-0.109186910467295,0.0403803799236041,-0.0987894700498926,-0.00307817677850423,0.150761691231599,0.0568823507935809,-0.126685354798792,-0.0084233457885633,0.291251098348813,0.0063975418105309,0.0344133247174297,-0.0383991788841814,-0.167352217446955,0.00934870228060431,-0.0466333238462513,-0.0203575107554593,"Bats DR"
"KM594040",-5.69988724553373,3.04859414029581,-1.18832376448938,-1.84386067167494,0.720140148310532,0.961290521600912,0.358357201588405,-0.921016475614375,-0.505019607138896,0.0309395945345684,-0.787314215684998,0.694549667553947,-0.950084904087387,-1.59224315724625,-0.889728473879901,1.22086638905376,-0.663081886086256,1.27719826181544,0.42792066746462,0.277826255911943,0.747333672113697,1.06420494834646,-0.138105353604512,-0.305431347170333,0.234452502031614,-0.845940864027215,0.53638257755647,0.0567218744434326,-0.800731617203791,1.21920523547162,0.779745150649211,-0.185661805219781,0.0926766413812233,0.256132711552211,-0.378201070132922,0.268624498464915,0.0224337510575734,0.256990525530494,-0.319001605949124,0.070200385694204,-0.334139812643104,0.311536024560425,-0.0285119045692658,0.0576564410982317,-0.0334415118741442,-0.184194349873052,-0.0338345361723349,-0.154218482862524,0.0901422585578437,-0.0444248660206589,-0.124378495522869,-0.0291145522870763,-0.104310422985141,0.0930293811862827,0.0714734591756841,-0.0754848924992375,0.0207988668140503,0.0529099989039154,0.0130557304535819,"Bats DR"
"KM594041",-5.9064966644931,1.90529325190274,-0.657680738324787,-1.76142610343017,-0.142651261636515,-2.61458237465577,1.77526942141184,-1.86832905093164,3.20925415379631,-0.771646701367194,-2.25101890426451,0.130398985289422,1.29823790198032,0.297755925949127,0.462820707589717,-1.15274219662962,-1.27632049688777,-0.107403857840478,-1.32759784017737,0.505045102325823,0.963105970802774,-0.354637599718971,0.0329694137316933,0.777241651586267,0.478687660880515,0.306026804596106,0.635588183976373,-0.0342150927011261,0.29052529243711,-0.296986391034634,0.43205930018455,0.0868075691268354,-0.496527128318177,-0.490174188219008,-0.103370401416488,0.275702951966273,-0.606263587487311,-0.368351883246872,-0.0304295104185856,0.0817303306098971,0.0111921581021033,0.216146386331572,0.00935760724876695,-0.108127432313258,-0.122258054874832,-0.0504212869515476,0.0968596799297727,-0.0289503110637961,0.0572796097721249,-0.0228046536244571,0.0651698756095726,0.0174928027296927,-0.00280922746922793,-0.0572828233215247,-0.0345773419778473,0.0129213755785649,0.0202357038998776,0.029250067785281,-0.0141775728725224,"Bats DR"
"KM594042",-5.25421044823324,2.96507281350024,-0.797942122386121,-2.34837180623769,0.981071827206235,0.51742920137013,0.854357365404757,-1.16062474511511,-0.48533315308735,0.987163038673782,-0.375007651871169,-0.511092182859132,-0.727946611632777,-1.36889677474159,-1.37482551084155,0.951830938935817,-1.02463915016965,1.0381330867909,1.21535226648725,-0.678204721280482,1.27165944507258,0.988534755297698,-0.320079492384269,0.0887151813720235,0.0347499500436916,-0.442829943324838,0.769533863769658,-0.437694154614093,-0.837342424804629,0.742708671185599,0.918287777710731,-0.0243046627918498,0.0482364589206061,0.473718643376613,-0.385027398356037,0.0686765987546147,0.0808622027808376,0.00548930850519516,-0.256421902699003,0.0983032559211286,0.00358913583143559,0.0352706027662576,-0.0565507622000755,0.0362215762632197,-0.0451652034167547,0.0376276167034634,0.0420634481462085,-0.123081579999385,0.170308481918466,-0.0204332376612942,-0.00832124502278466,-0.0527582963652152,-0.0978328223589095,0.066705184454495,0.0890832774551346,-0.0766787171892682,0.0314229645279918,0.0552678802506009,0.0082142431280099,"Bats DR"
"KP202393",-6.24604355545923,2.27586434981426,-0.295340127267808,-1.69430398209231,-0.38359915107063,-0.374656700270005,2.04683187003531,-1.93409412023093,-0.876961906674338,-0.131491895898533,-1.12875054149572,0.315158461869241,-2.5751452469214,-1.34766836222446,0.699081262456042,0.330717380361462,1.0795087206314,-2.1114405364475,-0.709242563690157,-0.400695279424078,0.429425271973337,-0.503378274617532,0.81814504640755,-0.989044775846069,0.537034744995514,0.0920076579978299,-0.450854064556105,-0.192046466442565,-0.219504911094769,0.896817791975863,0.234731814087624,-0.205416133657543,0.263416514993729,0.552706959055343,0.0958377339576264,0.500753532985152,-0.188292908140221,-0.179745172839528,0.355397970499377,-0.0496863602844576,-0.0515289369418829,0.139791381923654,0.11241885366383,0.395038252692301,0.154005918083473,-0.00892060722567023,0.0287406597454553,0.111298710683494,0.102791484995863,-0.226253296065607,0.102712189144805,0.0596055697281895,0.0162069696453996,-0.21865616780886,0.00305991358435595,0.00256224462309589,-0.0216242753646073,-0.0946869891263629,0.0150628837575922,"Bats DR"
"KT023101",-5.66263539442168,2.05888070607558,-1.29917397651704,-2.16760315050862,-0.850631335281638,-1.71799699331865,1.09643356358259,-2.9237138293411,3.36454622940632,-1.14316538654391,-2.18868207856332,-0.741863882050681,1.37882689735639,0.46789218779224,1.77039527209619,-0.447949391311104,-1.70205824247974,0.509015080183699,-0.833924469649501,0.241424418305747,1.4845949074137,-1.33420598210111,-0.171494155234952,0.980723478822395,-0.356646363356675,-0.199274423544451,0.497773449623466,-0.000836407459526168,0.123664792583742,-0.536197232497654,0.138819652010124,0.503440621527606,-0.315400181381087,0.413158158916532,0.033178728874159,-0.106595818155335,-0.353788103418137,-0.623126306115944,0.499950464412033,0.0737338330666506,-0.115195292824692,0.070790896316327,0.165963418403891,0.231526476197247,-0.323635621926331,0.0929718474707728,-0.0285890913990924,0.0452528903187954,-0.23346898724472,-0.0672551465804057,0.0236557165007805,-0.0193455076267922,-0.01308020725309,-0.0348076641165539,-0.0435716589930168,0.0150468088951953,0.0292184347311523,-0.012759425965586,0.00299355918636787,"Bats DR"
"MN968374",-5.46589323324948,2.0300773719665,-0.540732478750962,-2.03251345180895,-1.64047908409707,1.0195781750435,2.44210613234302,-1.74115029110492,-2.68460237277785,0.241145025029641,2.85158526123151,0.763704481300608,-0.971556910627713,0.914624692962242,-0.198102974977186,-0.82268695856683,-0.393440327886565,0.634601860724429,0.12405299774425,-0.308410511236885,-0.612009964689863,-0.61272610123721,-0.387022321172461,0.914312468076503,0.29854253460995,-0.0204460498601138,-0.185505716435767,0.403927705633372,-0.609969865602864,-0.0332217171077067,-0.226846207077111,-0.366466165938568,-0.0692185738503457,0.131990613013802,-0.08390353055075,0.358228019996764,-0.369884877443148,-0.198259322690074,-0.0690729415362434,-0.10491377419655,-0.13689657964233,-0.0590279897608121,-0.025220118523527,-0.0127032389017261,-0.125642192602469,0.0700452956120143,-0.135413166077151,0.0717018635586336,-0.0375360270232126,0.0204412137678492,0.0426584290554229,0.00310840285113205,-0.00411041380884922,-0.00820420539792535,-0.0379647415030546,0.0146370815130423,0.0219065570253169,0.0155006876805708,-0.00548544724741202,"Bats DR"
"MN968375",-5.35501020008881,1.93890478921108,-0.52614754299917,-2.17733411504889,-1.43455947457011,1.15188366367379,2.45780026301511,-1.76883332813005,-2.87185383546242,0.234751040229744,2.97062701341401,0.628464168351517,-1.17045765995961,0.808273521312184,-0.178776192018441,-0.621087824234675,-0.362670529129246,0.454182836200142,0.109239166221146,-0.0429811381211308,-0.497250208548257,-0.307276807436334,-0.152467157466946,0.859838686695345,0.235305003849642,-0.118310843436626,0.0193515127529274,0.399103290680328,-0.445767515607367,0.0143502517257377,-0.27023947233372,-0.259628612721097,-0.147552782582632,0.193159409879831,0.0462067959537499,0.319173952272087,-0.235956701471506,-0.25842102726071,-0.101041285585224,-0.200749966939412,-0.133290921914071,-0.0736055165746245,0.0468385569039211,0.0163458745071197,-0.0710000580112015,0.039057520081991,-0.0861435386926964,0.0895953910630556,-0.0829307559759178,0.0223685149383557,0.0524908776540579,0.0132726750001076,-0.00338346553020977,-0.00317912643327697,-0.0344255085273276,-0.00613442071485498,0.0258150872105274,0.0115882329367631,-0.00224945419340236,"Bats DR"
"MN968377",-5.3494617273233,1.63580034513829,-0.755904265226407,-2.11857724483998,-1.22271684034876,0.598861502893361,2.08398190273026,-2.20848096242147,-3.03111626038338,0.427048564806374,2.9353665167266,0.760103032672368,-0.953939988266882,0.776859921256112,-0.29686323546163,-0.535451825774826,-0.482394911928218,0.308350144286598,-0.00995459824320113,-0.279360583699884,-0.4067837723364,-0.492886461199927,0.0506133640764424,0.72455422809865,0.203798287453928,-0.0632925536210315,0.085372875923314,0.394682910717893,-0.250455614565191,-0.122571125865639,-0.0968498557259412,0.0407265492786378,-0.00762145674938923,-0.078761164632685,0.201539141316308,-0.132820977074664,-0.1444670742492,-0.126258990386269,0.000622509761477619,-0.0099555470915058,0.0049857512838094,0.0485246954528555,0.0170497221389333,0.040015588330379,0.015222848388972,0.0387696658564542,-0.0573591734773607,0.0881624554159401,-0.0584242179407998,0.0306601357159187,0.0322297522350889,0.00460332075585073,-0.0174569874033598,-0.000261166820143901,-0.014309624619415,0.0265992764058689,0.00366760290622506,-0.000201595278177954,-0.00060333947788602,"Bats DR"
"MN968386",-5.18154043862641,1.70039283424748,-0.506943850546364,-2.13898804606703,-1.34003618786947,0.433851461355345,2.08318560863021,-2.06536374565898,-3.20583298278577,0.587613890855689,2.80451767812959,0.721671997486287,-0.753690756480796,0.924178503868457,-0.420139939869493,-0.48842184970025,-0.543572707285446,-0.0462078560972181,-0.0948619283132738,0.0738395278513896,-0.512455020426522,-0.674596268132311,0.0173604819598282,0.619369704862905,0.130555412381346,0.0103318755205255,0.128166826548708,0.560723135856913,-0.213810279724259,-0.280728603299584,-0.263705548817261,-0.148652165979265,-0.0148781640379185,-0.143450277755155,0.091392528228455,-0.0863031429842986,-0.104155249185065,-0.0777295195222136,-0.0567669696495456,-0.00208012755178642,-0.0341091870596934,0.105922896458824,-0.0512325318182944,0.0614097514202818,0.0299402621286349,0.0132321336072668,-0.0694674330614935,0.0687871115099743,-0.0546361991482577,0.00226908106816386,0.0391258853468711,0.001313215327351,-0.0197982288927185,-0.00482541109786496,-0.00571252595253217,0.0163788614813588,0.00499022940780514,-0.00498268687501694,-0.000682214739442469,"Bats DR"
"MT891038",-5.81660142183655,2.95846177497088,-0.88365390214216,-0.753968955103453,0.839848396874636,-0.843899088116386,1.1812946223647,-2.77092824809668,0.951219698079271,-1.02415403230977,-0.802677410358822,0.247761746093673,0.653298246532885,-0.330592043327479,0.711527236028131,-0.511238954264157,-0.297815528862768,1.26165934341833,-0.121134367805523,1.52380930009417,1.46148391486619,-0.550446560447142,1.53343748044178,-0.251127511827814,0.0740521780583863,-0.823508112278174,-0.00889873223883777,-0.464166371767854,-0.440184954393754,0.744898612922221,0.355596218318812,0.33843227163719,0.0409036797811807,0.29919513561709,-0.489537620089513,-0.394270699579322,0.507071914562308,0.975877626145668,-0.0808188763002395,0.19031257672589,0.188870875163067,-0.249730668941912,-0.595893874170322,-0.153436739738379,0.084781488414677,-0.0421199835669771,-0.394220042144587,0.0506810696343744,0.0783024652896091,0.101456006520013,-0.159980570732202,-0.117852914335169,0.0188522840593576,-0.0719339483071295,-0.0433971062839521,-0.0191604056690228,-0.0308667860961513,-0.0214971181297833,-0.0121035304395308,"Bats DR"
"MW249020",-5.27816161892533,2.90118234503882,-0.2584989427716,-2.10323875650023,0.699693935411493,-0.744937407380696,1.36107532124982,-1.76650223129661,0.0624525362696661,0.844940998681951,-0.384936266105742,-0.841974082640736,-0.275075138337386,-0.606040302465405,0.772597437280355,-1.2293293758612,-0.730058575122699,0.0892241151730525,0.471330977303604,2.1375756241978,0.671907368287884,-0.481309408868563,1.10237842154345,-0.951154937177441,-0.408362697576248,0.316513865469034,0.935832479516569,0.0563392612073213,-1.0516096389634,-0.273606822366852,-0.270441395204928,-0.126235694319561,0.0462979560249446,-0.155948429806636,-0.226050816055487,-0.258962813497507,0.717516436654123,0.52521183052629,-0.00773970395588041,-0.541085181186054,-0.226720816925949,0.0497805012822526,-0.15979959758637,0.217684465093663,0.191814159933949,0.0589333089038784,-0.13516223199125,-0.060364869962112,0.243497113015169,-0.158205620703284,0.0084500798781454,0.0305750546168861,0.0804560894990602,-0.0241281858712563,0.0273155225799208,0.0313080766186829,-0.03513978735404,0.00385089374191568,0.00856673009086384,"Bats DR"
"MW579786",-5.12550728941648,1.81747075987745,-1.26440956871877,-2.54016345345279,0.148469155664459,-0.110864923151548,0.0962353753911271,-1.08221992700877,1.33538252875419,-0.331736006957485,0.0126135376573355,0.134586300614926,0.603620633793273,0.478443626596083,-0.719889225909314,0.0166736404650221,-0.688169183361419,0.235818080409015,-0.943223368445933,-0.67965101866577,-0.340165594931744,1.41839819374224,0.0343913696006676,-0.996709064859672,0.541075462475939,-0.0111554130806727,0.331699696773899,0.61938824526576,0.541771997056394,0.30417646856716,-0.489881087285344,-0.720547920624718,-0.393264256941669,-0.261586814938125,0.000113360709780797,0.41980534043169,0.249027333173054,0.235410178975693,0.175253592098888,-0.153437697064281,0.166988357929717,-0.111355369678466,-0.181365455411773,-0.00437404269422521,-0.0820271701428541,0.124220392092896,-0.168524236118746,0.0405163777379289,0.142641744729858,0.0189285963055664,-0.0220828298601696,-0.144005104843195,0.0406419072019385,0.114532208608752,-0.110007770778058,0.0505181758195504,0.036634270667095,-0.0212265621521682,0.00849546500704932,"Bats DR"
"MW579820",-5.35110614620436,2.21097372746885,-0.719809833912228,-2.76062229814258,0.380712863275841,0.0245068214545801,1.13478102502081,-0.155713589933816,2.02828904423911,-0.847129651725557,-0.456212341169245,-0.0342086966113941,0.00207503814461729,0.785815070719506,-0.326187086990103,-0.128102499249387,-0.700408214515162,0.861562860474106,-0.716838695855424,-0.227045794184029,-0.535969932613422,1.13809311844416,-0.247417870288822,-1.07897411313277,-0.307990690155466,0.0469405622683955,-0.0167341237846539,0.390429684330474,-0.13601940963069,-0.313509955130343,-0.096291508896767,-0.998327285685082,-0.369022648110079,-0.241208506736569,-0.0792659384063071,0.315721997087287,0.0273176767684346,-0.0530680080526037,0.220171338186692,-0.254231839289324,0.054184837965888,-0.00103840877523101,-0.00447157754509216,-0.0881317387283852,-0.0982000890016421,0.109909702760613,-0.136805297520861,-0.0414808989124875,0.0567181061184685,0.022173067772095,0.00265547046834546,-0.128286875338211,0.126781983596114,0.122261236152184,-0.149218855100442,-0.0176383685639077,0.0217175553933037,-0.04081514479072,-0.0069219122413659,"Bats DR"
"MW579824",-6.10244523413397,2.20690584260218,-0.666870449973128,-3.02004778496874,1.36815844077219,0.171084473328059,0.385997013636449,-0.206705939245216,-0.686663164683667,-0.5264926219699,-1.07938800250758,-0.0913647688175335,1.55958827726501,-0.274564428990169,1.96604743557272,0.494989916892443,-0.844048620557832,0.732823482029944,1.77327356278461,-0.923481461539067,0.889474700040772,1.32385362013179,-1.08763225722049,0.951034669775042,-0.793621270834484,0.429916362193612,-0.294109740700919,0.371100435250721,0.374735736643505,0.710730610372286,0.0245803079427956,-0.166017785156981,-0.0745668112926643,-0.335065872250319,-0.0875427579318586,-0.192556929313938,0.117043665320476,-0.103412792237143,-0.121188522083851,-0.021892525083213,0.232979799901056,-0.040808242101159,-0.0466141475417193,-0.0357323616305478,-0.227711834626826,0.26590475659809,-0.00364372625834251,0.0801902887456183,0.16209191465986,-0.00146279839214928,0.139676050373121,0.107733322061378,0.0993373118364312,0.0147704722195939,-0.0308646505243385,-0.0276553182173533,0.00670723528889292,0.00138327660799578,-0.00875914061413274,"Bats DR"
"MW579833",-5.02714589752374,2.0422438453275,-1.23706193272429,-3.18807084643705,0.269880197787959,-0.200968386382544,0.855112603873876,-0.88107217538831,1.52032536416848,-0.730362162376986,-0.370593968786469,0.0420607816056686,0.0445606924528396,0.564960271689566,-0.51157300421197,-0.309561178153569,-0.587735813573392,0.108707543391805,-0.456076870584476,-0.735090304094511,-0.930745218952552,0.89925598479121,-0.163432592549175,-0.819972915233717,-0.0256910729881822,0.44411451208421,-0.0309414606295735,0.75064858080271,-0.165102982435079,-0.0945405317294132,-0.0318489624175123,-0.597225881098948,-0.625415698043534,-0.0946520725309475,-0.251385171491144,-0.0532733549346174,-0.0910759494240854,-0.189182665898348,0.395363218240772,-0.097571492906519,0.027077257510368,0.0896079142852539,-0.110612879406818,0.00550624717947554,-0.116063098459271,0.158003226734184,-0.0353513487153381,-0.0440359195144985,0.0255824758800077,-0.0236399583629969,0.00229371213388434,-0.0889495293415348,0.112594724447344,0.156764791928635,-0.134163591478349,0.0291999053225176,0.03468146782168,-0.0341077619277461,-0.00037686586837748,"Bats DR"
"PQ379829",-5.70444118533898,1.79734532393757,-0.21032154488076,-1.08629902396528,-1.33763440170542,0.362650251753261,2.88420019929681,-2.1176173099305,-1.55546329509374,-0.12986787135768,1.83703615967599,1.38484850371896,-1.29773406604361,0.780174405406469,-1.16475930020525,0.200216550009599,-0.466291754220614,0.473130564209328,-0.661363883846742,-1.04946068956269,0.163085782495213,-1.04963739814381,0.290386573792688,0.515536642276491,-0.0974508829415458,-0.158890808168402,-0.184915948770254,0.325592288572445,-0.119702576183772,-0.714166845862839,-0.436727458029502,-0.149541014014146,-0.376649329815814,0.307361733928154,0.211600573209636,-0.150093063650451,0.62416260809085,0.263620246629968,-0.281431722093297,0.345124070354023,-0.117666948173492,0.130574818305344,0.116681965436348,0.0578427961759088,0.0912248118811432,-0.238887127807612,-0.0276335793294063,-0.273748344567656,-0.0700025973973784,0.0882808610997487,-0.0548864117554104,-0.0366214288261779,-0.00329994525344943,-0.0340464723670796,0.0160994992239326,-0.0619184954491266,0.0174573274215672,-0.0341418700311932,0.00444566050533032,"Bats DR"
"PQ379831",-6.71091643133693,3.32769815012784,-0.910598088415214,-1.58798193878108,0.576977688529977,0.498657329605433,0.30944200452012,0.0451622222644087,-1.27836078363348,2.08821232900028,-2.3055587238998,-2.04756132281592,1.06100225608962,-1.64618866764594,-0.467091629013233,2.0505339800457,2.28711709544039,-0.401570647729308,1.02351569306976,-2.33415426432701,-0.0248160618131777,-0.539024102727893,0.177581851488831,0.354403154929492,-1.04999596729806,-0.436016160052815,0.533182750875041,-0.199351927774362,-0.46244873061845,-0.712426465791303,-0.168666192839662,0.568337379716925,-1.01999365481389,-0.57938090573949,-1.13286346282036,0.555623065734873,0.206674059544676,0.323479570563836,-0.0711851530649453,-0.262554198499624,0.711255998693662,0.856488880257283,-0.455011699506863,-0.430739806147927,-0.161490994141163,-0.0518098312124414,0.116266768423362,0.0298132114729694,-0.0653151938885356,0.0158814622982085,-0.00208309192224214,0.0610093977800014,-0.103532285811844,0.000533101681455001,0.01971400144007,-0.04761771052921,0.00377440651645302,0.00355045697882268,0.0387619935595817,"Bats DR"
"PQ379832",-6.39308966186897,2.11732043739686,-0.910934834157471,-1.91195289155144,-0.400237818314756,-0.11573835307187,1.519191720862,-1.53886442900164,-2.45845682444679,0.118497308441151,1.16647731429502,1.96822099747671,-2.50079197774408,0.582858555791147,0.812676472222434,-1.04800145131709,-0.31610537851043,0.590039410375497,-1.24649381375151,-0.752369725736752,0.490167252436575,-0.737008199861625,-0.675469773362391,0.311568272353942,-0.723751937444022,0.272307653144211,-0.43391622057845,-0.296900008566859,-0.0125301788013896,-0.293346773288402,0.112538643041647,0.247533534197674,0.284881658124254,0.536415329248563,-0.33544222831424,-0.223964771094238,-0.0854287172916447,-0.262982729622878,0.161916935098414,0.00474046427644318,0.1770874613095,0.274825353975595,0.503483442899177,0.0891200571644419,-0.0286963067809865,0.0874214322233527,-0.0085491030662461,-0.036517014173548,0.102412362394997,0.0317538361990265,0.0239852529775204,-0.107183558611548,-0.0511356788455806,-0.00750699452794179,-0.00027424477145849,0.080749398671917,-0.0586046631533355,0.00229793573532713,0.00145551664661165,"Bats DR"
"PQ379834",-5.39915681083538,1.29811954058426,-1.25006721859477,-1.79033167258198,-1.94043352959901,0.868214574258203,1.91682533394264,-1.35810637747739,-3.1255818413703,-1.04622316083842,3.12997844541606,1.54370297322789,-1.58511049005065,0.767885733638731,0.00367950185852037,-0.297068389784764,-0.227055062448083,1.02467874269867,0.236002674606304,-0.372240453295783,-0.379759019782177,-0.401809008595643,-0.470310828623489,0.643389439152845,0.0463777504560062,0.0331659621604892,0.0505098540150186,0.745356520772852,-0.214755400980208,0.25134878087194,0.442458386721264,-0.0558009080010053,-0.190190909793983,0.234912558472234,0.0564639731764571,0.167160855877808,0.0185902781608463,0.0419597722357473,-0.00951120203146007,0.0744662978391313,0.0952524265460688,-0.0473483102528393,0.18155407906297,-0.0540039629100538,-0.0968529504157776,0.100622316469729,0.106529730659826,0.198959309538455,-0.163511764369959,-0.164369104511922,0.0258129532659217,0.0882497854627288,0.00643093632528738,0.0317451776552928,-0.0418075604896197,0.0095100816551355,-0.000776007109502737,0.0141456586200269,0.0257173723617079,"Bats DR"
"PQ379836",-4.86060118163026,1.5271477006714,-0.494825565531897,-1.64999775961552,-1.64844023375303,0.922651632961217,2.4977017289721,-2.33248421819322,-1.89206578076599,0.69453327148046,2.39387504526126,0.271955927909861,0.339106013111242,1.51937253800716,0.4019829550423,0.226798408595249,-0.125156873969372,0.275418145478451,0.597334736067155,-0.466458643685101,-0.0885066592571725,0.355489025526356,-0.824675798178995,1.07477641894313,0.550309136700333,-0.415150537270714,-0.429302636420869,0.330031324067812,0.705065167421225,-0.471272560224228,0.0112129910577108,0.613953562307566,-0.186967973338434,-0.436179157019676,0.374852970168631,-0.436968755252698,0.210479312143745,0.630682428275641,-0.360137547042113,0.292195072933805,-0.00689997913573887,0.393693719629646,0.0504638125523583,0.0216380870228511,-0.0649008625188867,-0.0107898828621294,0.150303769953274,-0.0985798080457968,0.00821620341187656,0.0812232726886066,0.075077044170101,-0.00694781801797151,0.0814040377191928,0.00221544476234665,-0.0634540258924154,-0.042045261653557,-0.00645513781678076,-0.00604610005789866,0.00605424449652092,"Bats DR"
"PQ379849",-6.27001872581486,1.46785507985446,0.504761508531254,-1.88811438435859,-1.17977281063736,-0.763689892982932,1.46846749100393,-2.23499953259105,0.153499525980837,0.940769282748298,0.438396491163986,-1.21806984015119,-1.89124234230331,-2.39955490346786,1.59311973993422,-0.13143555842762,0.103374569889595,0.067255016523533,-0.859731449395953,0.580319287405764,-1.7348049537509,-0.0807336785110643,-0.505207659728262,-0.145948306393993,0.389784738413303,-0.196955428108925,0.868233614895963,-0.558198535698542,0.0665324884847864,-0.458940158689601,-0.231113185767877,-0.20046787814279,0.532781450068052,-1.2356592674185,0.3061850390164,0.13714579681664,-0.144256960493307,-0.664992889881503,0.575429227942103,-0.0435212449373399,-0.022131235144663,-0.0250192329427332,0.193640296262795,-0.285245235113099,-0.0775388026865225,-0.00642407387840464,-0.112976162736827,-0.0417776213722402,0.154009499956487,-0.0246671971777897,-0.103033401863025,0.157616057227051,0.0223325769812522,-0.016998429872556,0.0255784777760609,-0.018395129658452,-0.0372452135011897,0.0189739563042196,-0.0171631664603701,"Bats DR"
"PQ510120",-6.17925490913043,2.23722847498216,-0.524069242478463,-3.16129834884884,-0.360828499228498,-1.07431853966139,0.531649712124838,-3.2936706319946,0.708949513079763,-0.14184350884989,0.967563221654211,-0.285139768726767,-1.64036834353817,-1.396960311083,1.30226277132951,1.44348623364704,0.0253340018524504,1.13172703273525,-1.19149196499221,1.1013269528604,-1.37950858458885,0.0593462300342311,-0.753528117480472,0.0115612311410729,0.114572062146822,-0.308723860653706,0.559124334154985,-1.02477170316618,0.785391993743277,0.215070195410881,-0.163552351043899,-0.0579394595178242,0.483154673041684,-0.974250958909575,0.0727456254889709,0.200121665801518,0.328113106362168,-0.380282823200403,0.190283069123597,-0.377487386706002,-0.21988922978589,-0.29365012564568,0.109748798573594,0.0119181586741545,-0.224679031899186,0.0676351356441897,0.140029676855034,0.0678945570788534,0.0893986685461999,-0.0828469003672941,-0.0260821192160419,0.158366787975042,0.0104323430876793,-0.0352488661633229,0.0238364609613382,0.00271056940784354,-0.0354019915590295,0.0433752919068997,-0.0201497496883322,"Bats DR"
"PQ603086",-5.55317416009759,2.07894867524513,-0.584194975040097,-1.30806711861208,-1.2172442783975,0.20156353662821,2.77208520783116,-2.51071183363389,-1.97463754612951,-0.134525554271449,1.8160212471156,1.28632036806346,-1.31947421907585,0.812617007577175,-1.33499667365744,0.106751407321538,-0.53071746076343,0.101195605971884,-0.332650521047085,-1.18163434429846,0.0311189460006849,-1.04472158448738,0.534474102619802,0.53342466256006,-0.0464499392406342,-0.0472448912027369,-0.384991255780432,0.648215094399413,-0.362155431299479,-0.58030806531645,-0.135786442626729,0.0981352173427034,-0.314127015416878,0.2232595897639,0.163442948019063,-0.238175030576201,0.252882360896004,0.412057776747211,-0.266639169990954,0.378181622745077,-0.0676386662934997,0.143670767026741,-0.0640147567311179,0.148587214165669,0.0777369090946668,-0.109461753457903,-0.00594034719715699,-0.220894619721457,-0.0642878914917275,0.070163425182977,-0.0537572652045568,-0.0235499575970007,-0.0283731120400746,-0.00802262709025805,0.0278582891267642,-0.00692850190756366,0.00540477850605238,-0.024115461678655,0.00471519905830655,"Bats DR"
"PQ671599",-5.97073270862444,2.08727175081178,-0.384498611324379,-1.69358412544208,-0.681539324525927,-2.95537245359318,1.72078043678619,-1.83387582390325,3.2907934505468,-0.495660565064849,-2.5583369741957,0.373380211262018,1.53657315914268,-0.0203698402712252,0.839338789149964,-1.35775684714067,-1.07342522979886,-0.32064770967746,-1.31146190150578,0.637825257738796,1.29879556634641,0.0375034384241456,-0.657667202791705,0.84054265987768,0.230712973119754,0.525459350902865,0.270672920859593,0.0702153941236493,0.593336966512853,-0.352366241942409,0.400124376362269,-0.0979347456654942,-0.172123222373912,-0.27670969492571,0.241006009990339,0.771058298894511,-0.172232410353927,-0.054536378615865,0.295119054912116,-0.131835841766041,-0.18464995509801,0.0666915110478975,-0.568644514084395,0.0509724693971818,0.0355092447867188,-0.0423035634119915,-0.132919069135038,-0.0398685496387231,0.00262745408717052,0.00012620428057216,0.0395508394838813,0.0458862710632542,0.067745527123791,-0.0175822478410788,0.0689778230972512,-0.0607103860344872,0.0271385751520934,-0.00661994279721862,-0.0212219258428723,"Bats DR"
"PQ671601",-6.48463850664925,2.01102513794035,-2.01963466018463,-1.83156303902864,-0.741294780162665,-3.22035149969309,1.20938660892734,-1.80806077381127,3.51330745269804,-0.980240777900169,-2.49544557561758,0.746767767221992,0.784433566016033,0.956272016615924,-0.202253254209085,-0.779824820736071,-1.4888075749785,0.0372741260186828,-2.15853608072297,0.089299728419363,1.55625996366525,-0.592370251575366,0.17209307561744,0.959369590704289,0.200197671956474,0.44875757203048,0.525134779263092,0.161935196598144,0.284435341928219,-0.205758929266478,0.460732818211876,0.39880643109034,-0.541258666990763,-0.438849720509352,0.825157694570625,0.46393187365713,0.128867242028144,-0.285924884819238,-0.0499884344068399,0.306680439305099,-0.00475045468270248,0.236571211805388,-0.153597014040962,0.075978081406147,-0.00172428818811694,0.0255953079478583,0.143644363084032,0.113010064163811,0.0716899463303635,-0.0483316162718943,0.0933974511877038,0.0238901171410041,-0.0387173360856949,-0.00181778403558513,0.0936598009601878,0.0123908531871053,0.00743633845047869,0.0358075623766436,-0.000832835592325993,"Bats DR"
"AF351849",-5.4009003093215,3.08446375442099,-1.73720732425261,-3.14589781118151,0.155407723404686,0.467113593390358,-2.1770063719261,1.93780338500406,0.374200018329502,0.0128642115955509,0.529667027297983,-0.275552492317354,0.337975415005618,-0.164697674792525,-0.293628635613405,0.0459847269751209,0.187334697728899,-0.490345876570892,-0.201630459643469,-0.00996905499326802,-0.103289722064224,-0.482469236337117,-0.0564431086958199,0.15177722426705,0.121740646999996,0.0669275321572254,-0.523517393956944,-0.0577005155815276,0.122664936913068,0.169881122490182,-0.032177921271561,0.087293375700486,-0.0840942601359775,-0.137318104199583,-0.0986041560768115,-0.062756085311135,0.0911947614467047,0.0682653354634193,0.0990948897810466,0.0728614152586223,-0.0262013132164318,0.150997909428293,0.273451592658403,0.103861964382836,0.0244298172798147,0.302098487940951,-0.0764058961877999,-0.116832201159253,0.202859033931417,-0.211500195613023,0.152395835918596,-0.0637145976025058,-0.0263544894847062,0.0756013745582434,0.00377364999992353,0.0578535721505699,0.0262964525161021,0.0362810731765389,-0.0126035050115774,"Bats TB1"
"AF394876",-5.22851258928494,2.76064359816714,-1.77332093805622,-2.28994473490845,0.152656995642594,0.530002609066755,-2.25580296646367,1.41553659501868,-0.119193943415,-2.0500635552061,1.40988913608822,-0.17554997196249,-0.525083125320055,0.473199143109947,-0.554763226516147,-0.400971515031732,0.756028403677011,0.12778166804024,0.762279687003102,1.25556091094361,0.0773215185864141,0.0213941801636626,0.14222739584232,-0.371401199340506,-0.0490271415736935,-0.104630565881809,-0.131142121719408,0.603588329445498,0.0431157251317205,-0.0656797090827406,0.198731417725296,-0.213719267658357,-0.509206211814362,-0.1230962361012,-0.00058573410186226,0.29455170047249,-0.486100572284595,-0.169580603505367,-0.143878670905857,-0.245675299652319,-0.0595140779260412,-0.189382886916767,0.226913666579665,-0.0801701326991806,0.20565962306638,0.0505602527454621,-0.0240573559358293,-0.0333744357298497,-0.0695255636298229,-0.0252715532257214,-0.0450802120915596,-0.0509092007768702,-0.0231660033715516,0.0516727883709964,0.000299124128953642,-0.0115505830763016,0.0090199830574076,0.00467537413278762,-0.0277050066109879,"Bats TB1"
"GU644760",-5.01343993292179,2.71138415607654,-2.41974959012523,-2.32347100102107,0.997664111586792,0.485084979560381,-1.9824343287356,1.34535961874668,0.279153447909651,-0.505865606696203,0.52260083969323,-0.739448107302538,0.243104089200432,-0.187550839147753,-0.435103348061138,-0.274293115516182,-0.0135320315038493,-0.860501386760265,-0.20788674544105,-0.0328755004261788,-0.213511246144806,0.0638968133340853,0.21811319784066,0.16254244606108,-0.149398403279524,0.0430277439122545,0.370097283162128,0.0707016500117782,0.135405843919509,-0.00401210850916559,-0.038102791358398,0.288461172164356,0.187025200375915,0.175200780399087,0.0318480326812703,-0.0894818317108188,0.0161926489766937,-0.0700719781751521,0.0583468121628173,0.0479669747964229,-0.02936257629255,-0.13231698140153,0.0484129571715301,0.227609750558558,-0.0418588910207417,0.135000883805118,-0.0302708286516787,0.00817900727906571,-0.203597054857888,-0.0793917799063981,-0.0232436289912224,-0.119416486202053,0.0908029007745365,-0.0606679163161546,0.0520105285376857,-0.0658179338848322,-0.00369811829610873,-0.0334038483259019,0.0524959295007157,"Bats TB1"
"GU644761",-4.88412533267284,3.01579773646919,-2.20845112812998,-2.77746089941318,0.870094609508086,0.539398265804276,-2.01850749776673,1.79214494176152,0.300596872745792,-0.167630193568751,0.615675011750732,-0.248812859049387,0.0861163605576633,0.106619140736669,-0.305034562294388,0.22231414609457,0.58488939877324,-0.287904651464166,-0.0574670831796981,0.318815498770058,0.0146006298963055,0.045368153777506,0.171283283894213,0.0768393334375679,-0.276790056643342,0.232816572328204,-0.18329689452764,-0.371390389967384,0.194139370019234,-0.113585797939681,0.175086462297167,0.329231521622144,0.0758767361373097,0.219531622797976,0.0168788211135778,0.0854757565622913,0.237497112825787,0.0156898945568182,0.110185124821414,-0.269878887748908,-0.123765484738364,0.0853707961673866,0.0444423745263173,0.0838545756230714,-0.200627111374245,-0.267250694998826,0.0741520042631582,0.219320282182599,0.302556979417162,0.145634057591577,-0.0445339511105131,0.0872402819118845,-0.0245766214763362,-0.00238644794885264,-0.00455249028005372,0.0352962097434748,-0.0138489435029981,0.07127418706748,-0.00702119501982323,"Bats TB1"
"GU644762",-5.20190470088614,3.17124783439886,-2.30329420742475,-2.58415030232021,0.80307055770325,-0.0902136854487124,-2.22164822962378,1.47641002914174,0.239952033887104,-0.344618683392886,0.722521857174155,-0.0150706782726092,0.476783206266488,0.721851378999366,-0.463363493935233,-0.15283265597564,-0.0955718374738857,-0.0979057128413263,-0.368599569233329,-0.27980052944006,0.809991182302232,-0.166625453638859,-0.238966224931799,-0.602330123441827,0.359268664773371,-0.173133367335961,0.0338908357882416,-0.11268575000829,-0.035737172129737,0.00588350971040343,-0.159752671249614,0.398912977766728,0.0279996853833314,-0.0189255670087766,-0.247123989245783,-0.123320591117921,-0.042432548033869,0.201314599304727,0.0382140891603862,-0.213068498235913,0.00667413894565847,-0.0731464603743812,-0.371085857235715,-0.119790049287234,0.176352115510119,-0.0218072634834458,0.00760061480726825,-0.0781988300964433,-0.152098386916898,0.0952317772392608,-0.00996587028029979,-0.0402310232540734,-0.0101706335311776,0.0104448902487112,-0.00288487999952424,-0.00885408906731379,-0.00322082869008429,-0.0121278786028573,-0.0158665062430487,"Bats TB1"
"GU644763",-5.0689383358443,2.09250690961443,-2.18381356651075,-2.2912160920753,1.02361870835414,0.0649370692292936,-2.42809839934721,1.11136797261903,0.15112590160119,-0.0649706572751299,0.475791797752606,-0.544993978513005,-0.186794820242853,0.27839424978457,-0.487937154868984,-0.218907818245176,-0.32653452211335,-0.696000767047213,-0.121994336564806,-0.124433107687858,0.0235864404711922,0.012733248297552,0.378037070896579,0.0352561626939886,-0.328498951022686,0.23999023003779,0.242294187256504,-0.161477546924154,0.31860624683453,-0.0423221873216634,0.118390262196722,0.32265028227926,0.389111915433668,-0.226193941440809,0.25655566948791,-0.26971631097855,0.134607321188215,0.0471551279550564,0.10353533747397,0.175927674367878,0.164388148392785,-0.0744157449437965,0.019476931932352,0.0972130526784081,0.0692390099333961,0.133798487600927,-0.0843012446587044,-0.0206854425603785,-0.126410811111025,-0.0376789317472763,-0.0411202765995779,-0.164683076431172,0.0877416049982131,-0.0930119373591619,0.0696547559852622,-0.0363331807748432,-0.0334133466672187,-0.0607468467783874,0.0421937079593291,"Bats TB1"
"GU644764",-5.90515524159182,3.30956217074329,-2.34169434578474,-2.20705306692483,0.893478602114055,0.179812419427705,-3.33886369826913,1.33703776687088,-0.414518103894905,0.301765593078357,0.167010633201192,-0.401591222557585,0.834032921149791,0.268186440017041,0.592721078801152,0.915467683740798,-0.913700901673629,0.620127979342821,-0.402581237523735,0.0546696221563668,0.605267540778625,-1.29247980392989,-0.326281757749503,-0.558257479247388,0.307032906610384,-0.930587027057644,0.358625364431595,-0.123766549763331,-0.115751852823608,0.984196759477462,-0.877794108269924,0.771978684283702,0.0938569441618264,-0.227887675200285,0.0701943957201033,0.180874154822531,0.137997569869833,-0.0197756822022881,0.145526719582724,0.168658619654663,0.214807319011842,-0.10170810359558,-0.474258516405046,-0.283578765776743,0.20073203315621,-0.0373950486135119,-0.0858600439106367,0.0810391524042661,-0.100298623229379,0.104401512588988,0.00294849946093181,-0.0446911019043903,-0.0205897336335825,0.00202865378440154,-0.0522937833157221,0.01892620062395,-0.023691749480783,-0.0235012399412879,-0.0223490596807145,"Bats TB1"
"GU644765",-5.34446525704065,3.08001755845806,-2.44274107479836,-2.7978796770826,1.00550718822742,-0.0245558824659059,-1.97149494497518,1.61270158622513,0.454308148980874,-0.118425023209842,0.502727858867311,-0.52151128992918,0.20168579413066,-0.0123848620705814,-0.420431710250562,-0.293336657364877,0.147851573136131,-0.254430128805936,-0.0231566708384352,-0.254425175901245,-0.113694858191556,-0.565999097834031,-0.295738896920075,-0.473530790214301,0.656013286619534,-0.107537553843126,0.389979724466306,0.380313428407146,-0.168993513903252,0.125751056801864,-0.165507127355344,0.412793489055536,-0.210362721031541,0.0249178512856076,-0.325250352706217,-0.114324252212259,-0.0901896579993635,0.0806023152961893,-0.0329832179393621,0.13723637261205,0.0837147692692285,-0.064558251360686,0.110659677258153,-0.0493214848948107,-0.0254634919748311,0.070227342897628,0.0460065244627497,-0.0778905798872939,-0.0880789425221871,-0.0202001051435367,0.0440612813879142,0.00472077683387438,-0.0440669801987929,0.018935042901993,-0.0343602149424526,0.0373268685248201,0.0127981843154109,0.0404392003363853,-0.00686685070719678,"Bats TB1"
"GU644766",-5.46079930946978,2.79135202199587,-1.96501243329744,-2.46091897021516,0.96456731600964,0.513397663217633,-1.85795980679612,1.66752398179946,0.34213688945168,-0.294741853308446,0.474973730142725,-0.801625780725593,0.0513983840966075,0.139004095915789,-0.510277162657988,0.0256848771098042,-0.162980556674573,-0.472678066145398,-0.356622737882241,-0.0475656797441532,-0.589586072547457,0.104180630744279,-0.10822781466377,0.0642659841459625,-0.000597975410583837,-0.246661874860268,-0.099469144884528,-0.0209154031747923,-0.472747662965239,0.365365551697012,0.132080234425189,0.115047264833637,0.119449788361444,-0.365088719995637,-0.0760406057196585,-0.0309469540427232,-0.113517789259808,0.0942281184376292,-0.186832395996861,0.131495089985525,0.0576304206759769,-0.145851867240606,0.0447620588194452,-0.0843433210260118,-0.00424163469256407,0.0844513243866916,0.0367042084835608,-0.101314682372809,-0.0967531342345683,0.0260316098707733,0.00240878702446091,0.0141367610084433,0.0120981678716571,0.0206545168877956,-0.0513465113018,0.00653201073970443,-0.000152027868450668,0.00866218138528807,-0.0274897537154839,"Bats TB1"
"GU644767",-5.47327274116327,3.17081763800315,-1.67609888416397,-2.79594814601459,0.843229873415366,0.132919704810405,-2.16538844070684,1.58566116268963,0.407594253531524,-0.166960855340762,-0.288308256833672,0.00442908712276499,0.393371382652766,0.293168857164527,-0.375599949153224,-0.507059759670713,0.620566958325854,-0.369777623141207,-0.0636830985553359,-0.227040484895367,-0.186282392603182,-0.109087600269279,-0.825936428137403,0.236167983103043,-0.110636081850587,-0.0233296483844143,-0.294378607966768,-0.1693311113301,-0.112543487171421,-0.231097854127289,-0.354938602084758,-0.220477030802608,0.277631022156779,-0.0233706404902351,0.116739137065944,-0.135236844644922,-0.0773834378733792,0.0583838969754923,-0.0756748758350652,0.0871982139886191,-0.427187704036234,-0.121752048361071,0.0596588620819998,0.192634195460918,-0.0839266610095009,0.12810681564222,-0.175284359413537,-0.0755929293436908,-0.143368501520048,-0.0849046229213975,-0.0443896363454192,-0.0647582635622043,0.125538384794823,-0.0558076562188746,0.0404560030392094,-0.0873338159620345,-0.0250345017659791,-0.0507303820292408,0.0365522093311597,"Bats TB1"
"GU644768",-5.62152039832656,2.80856769044239,-2.06579745658498,-2.8784582624377,0.847589987067963,0.367304166806703,-1.98008513015949,1.84927079577095,0.490637303222895,-0.306588866503005,0.312411474131032,-0.485289304695447,0.331180476100768,0.234194892556729,-0.492281711193636,0.150097418614207,0.199642949663382,-0.0674872292917258,-0.00787991803837882,-0.0901856425179287,-0.280451323795332,-0.250127071231864,-0.135616610508531,0.0243642982009448,0.33418173341503,0.105349594830896,-0.0331470145307561,-0.0108383368322247,-0.176172854108302,0.166239841184685,-0.0605841657720695,0.0217301184321334,-0.0905004624553688,-0.212809031247153,-0.101097424586134,0.0366233529992168,-0.0624447402459577,0.101368822373962,-0.152009256027786,0.139667579941533,0.0136454844471136,-0.0937516325729717,0.124688654878148,-0.130924234809461,0.000863304361292878,0.0335945386371045,0.00758556027816886,-0.0748835094225776,-0.0817212541728711,-0.013142481018646,0.031424978973109,-0.00600498283855762,-0.0237587707083494,0.0144853739620283,-0.0438161316161384,0.00462557342198426,0.0165488749089383,0.0109859750182746,-0.0219898691595201,"Bats TB1"
"GU644769",-4.62090337288993,2.94798091157367,-2.55984882782533,-3.05895226660021,0.964803668245872,-0.0370531012793853,-1.7643958814652,1.27937530800911,1.83766187579851,-0.550574422256789,0.526344644589068,-0.261453699584139,0.382910334140236,0.51647887572859,-1.35309110923659,-0.935706753574603,-0.617500010916455,-1.5370301117175,0.252086920554804,-0.182552971328525,-0.52804008357541,0.487819899474937,0.227852216180245,0.363805678115251,0.721983061747333,0.102292087477002,-0.594182211956613,-0.303246407342442,0.190629877729664,-0.0294008274557143,0.303125199243045,-0.229646708125539,0.255598156653206,0.0776975914833435,0.293130638627885,-0.308067083649464,-0.170781359335409,-0.168833105156816,-0.0937050930251606,-0.0280734014240901,0.183369291640089,-0.358142631054065,0.0515979438285704,0.0488475755074111,0.0349629621288594,0.107747343448618,0.250756820444378,-0.180814342933593,0.063958721798962,-0.0225758913405957,0.0633901541129786,-0.0585608441004679,0.110736364332934,-0.133620113152435,0.0810827840078084,0.00963951318146321,0.000469409269083304,0.00288842008151213,0.0333828159593757,"Bats TB1"
"GU644770",-5.0626143071561,2.92746118569852,-1.94842216295965,-3.06660049536329,1.09460324791831,0.842022429351529,-1.59656404421032,1.78729269914258,0.482856929971274,-0.291139341676351,0.208597982180197,-0.500903851032625,-0.183662213849301,-0.608119171440465,-0.251046234513228,0.0585444439693096,0.311810824704051,-0.228093123413238,0.321508564492919,0.521962730852148,-0.298755774522328,-0.232294077766579,0.137637890246598,0.235048722197879,0.0967827612910215,0.254044921575896,-0.0806838993893927,-0.0236619566420042,0.0307947754168332,-0.101100020046429,-0.0292766838180164,0.0777119520412531,0.118895829544999,0.0499997723478875,0.00818227332798288,0.130241333003581,0.056069370177974,-0.0670057414851809,0.0935815371040478,-0.130037182731282,-0.0594352368477567,-0.0893192974969909,0.171480008996374,-0.0324303815576781,0.128202905689239,-0.00908108232961183,0.00191982977856852,-0.109417182090287,-0.1589786603352,-0.0499374382313463,0.0166265180340429,-0.0227700721440595,-0.024174398266475,0.0380933228946954,-0.000442157511932019,-0.00404129309817437,0.0204210199697373,-0.0183537160524342,-0.0181479131517572,"Bats TB1"
"GU644771",-5.1105117140211,2.53237455744734,-1.79257544181374,-2.83086130878575,1.10872973913497,0.673498112287575,-1.66122601158424,1.83972525584816,0.0782087607002048,0.196702643136045,0.69112821712007,-0.611877743249726,0.521437301212745,0.270814948730074,0.0582186630790611,-0.210968704478956,0.104793013604943,-0.316506558707499,0.250469328955981,-0.133051455005685,0.0518895231401508,0.289164029562453,0.454640889489076,0.162624833651281,0.0112267347616639,-0.0338662988713311,-0.271297374712303,-0.0094742178572507,0.0857017255205602,-0.160201462569315,-0.186501363824889,0.314050301198972,0.226837505740722,0.00383806928297312,-0.0524636833853946,0.140990847424172,0.275894500116616,-0.2997582290176,-0.0195048416851128,-0.0718808799142754,0.149376229912198,-0.170288816248293,0.131481870883252,-0.0752553775621443,0.129188595759845,0.0840486982477183,-0.0212781324983928,-0.0629754043145136,-0.0808161183751155,-0.0166587173917673,0.0351480453517618,-0.0725551211727726,-0.0160375891252665,0.00678739400402387,0.00747689705216207,-0.00452786614497859,0.0174351047303855,-0.0212890786761782,-0.0149090107220842,"Bats TB1"
"GU644772",-5.78955862496815,3.03966991387296,-1.86282735908653,-2.74092533908928,0.366277485213115,1.34438000246085,-1.46699573405507,1.74264356873323,0.425253823932146,-0.0593736117436351,-0.397416353724522,-0.938556019480184,0.00540827574766066,-0.231157320742243,0.394611676657257,0.852791465728038,0.204525478262518,0.649830518339835,0.515332071892375,0.37852991595151,-0.448999410232458,-0.790089656678469,-0.402730463426941,-0.388409944367354,-0.48634311305198,0.268246109054646,0.0384947432750867,0.0394878327718185,-0.692097386602842,0.183134344026066,-0.233948855004108,-0.0278853634859208,0.0543865424934394,-0.177449650896847,0.0376379265425021,0.716225617383131,0.00728257791044108,-0.134465444424116,-0.461819203359011,0.347362663935442,0.108380841487367,-0.0311762161676977,0.332951616157296,-0.0843395992219119,0.0679600269260979,0.192862859175764,0.11287375603107,0.00880151045106345,-0.16892209470369,0.148311793761739,-0.031263705443807,0.0686639243591918,0.0450138581887436,0.0351837309072119,-0.019617142216441,-0.0844333131132556,-0.0658001542741879,0.000928546577890097,-0.0137103558884929,"Bats TB1"
"GU644773",-5.47956857899562,2.97907670625699,-2.09668145750402,-2.84585388772259,0.912379849823684,0.66369947185341,-2.04792166286517,1.62345915913207,0.349873234583475,-0.185750906753188,0.00416017218749538,-0.142226998107323,0.353926848079566,0.224166223625885,-0.62091330242076,-0.355636952888127,0.285261340731063,-0.0837741930627521,-0.147028720709706,-0.025571161950585,-0.0959101909787135,-0.0910017084689477,-0.130999305755875,0.0540027749165422,0.0520258110590772,0.245487514590818,-0.0763247683248154,-0.296016647868763,0.0947074905918602,-0.106581005991885,-0.0864222827452007,-0.00334234224539879,0.236480045792278,0.133588357622263,-0.0816390603734893,0.021274724617878,-0.171621978878031,-0.00175709969554817,-0.00626898872935067,0.0307342403619464,-0.0783131723075345,-0.077230750751504,0.061792364628687,0.0998362488018614,-0.074493578931238,0.071998080584687,-0.0993926558178996,0.0291981000305685,-0.158589042585393,-0.0953801088708825,-0.0273920433324052,-0.141599470480829,0.0682600442049039,-0.0712693199100617,0.03749565909368,-0.0652852787351278,-0.0141944545437404,-0.040965740519855,0.044917065218654,"Bats TB1"
"GU644774",-5.44132091217232,3.29320645481218,-2.07057237287176,-2.98605639565855,0.59001206009067,0.250131677485719,-1.64418749230771,1.12799994288913,1.04418561411954,0.0253061561487454,0.281816944946017,-0.986431734784379,0.367267249547543,0.51984925999709,-0.798996308571603,0.3543669171566,0.173859033470343,-0.00879071329380986,0.104316570435006,-0.0653519192814384,-0.255304854954939,0.0550746538614104,-0.0860514507442389,0.115344981320877,0.487727281570567,0.0877715911348729,-0.0248433815281092,-0.259171025247619,-0.144023360786013,0.0132661750879306,-0.139516107879108,-0.21963825522777,-0.19681038212037,-0.275243014759556,-0.139870548568604,-0.0839576392443641,0.210987430772343,0.0413953430787972,0.199028488254902,0.246527795985286,0.138868169024919,-0.0553280622844335,0.324265562399999,-0.227164619802412,-0.0328189216473222,0.106662215477799,-0.085528377402112,-0.0354408281510251,-0.147253914891696,-0.0563591313542707,0.0296538909042645,-0.00566456407351308,-0.0160303133743415,-0.0346292073577369,-0.00145702496059191,0.00664727756498905,0.00977395900683581,0.0356423046531187,-0.0162806921152581,"Bats TB1"
"GU644775",-4.98703865853953,3.12720833714181,-1.958299816839,-2.87383945231508,1.0502711093203,1.01618015845161,-1.44520110045685,1.71065880421834,0.311590397100569,-0.125704356426233,0.44710692931241,-0.725591629420531,0.488638896935299,0.302447019954934,0.239091299306585,-0.61773226793492,-0.293141158112318,-0.721815711089461,0.202028241470144,-0.478008858327007,-0.494223775823553,0.0082528570574472,0.189712240194676,0.400654577443301,-0.0853930718115787,0.0995800565285693,-0.524051299022653,0.0442814203777619,-0.596524037586576,0.136887021006965,0.0397475671749628,0.117699782446439,0.248224645676404,-0.266022980165977,-0.230133076748517,0.373186069203356,-0.25754463120576,0.0847006136785569,0.038102333501603,-0.125051511130089,0.178559444933311,-0.196358065197754,-0.00412765560816707,0.19811931199385,0.279538565309342,-0.0357614479328261,-0.00565402913427821,-0.146696741387847,-0.0060090357976713,-0.131360045003754,-0.162918337338178,-0.0879534742958259,0.0544197241402025,-0.037501969780924,0.0966543272117132,-0.0471165291296079,-0.0299666228337883,-0.0536695776599036,0.0545612160403086,"Bats TB1"
"GU644776",-5.47700436339322,3.11838426621541,-2.2694684058415,-2.84227876483372,0.860391837747889,0.233922311385175,-1.91717134766772,1.92956628268485,0.678768394262704,-0.100823636933394,0.411475260402216,-0.4939695827487,0.089576098195443,0.162032155653724,-0.249299083335445,-0.194539025141445,0.0999646765488319,-0.075749808190514,-0.120412752536201,-0.147151371574906,-0.106518391670502,-0.348653219350092,-0.353900383729881,-0.616291754755079,0.529322360198281,-0.156328598260606,0.340526366103481,0.315965267567689,-0.206802855151739,0.0631460238745679,-0.145532918878547,0.277449966971001,-0.144368258530351,-0.00637211885367128,-0.295897465758738,-0.0026137508933105,-0.0283691671203291,0.120033213019827,-0.0905549459295828,0.0980169042051294,0.0943380278078926,-0.0643729987604526,0.14605267787867,-0.0684441895027013,-0.0334742242173553,0.0417597313196509,0.0294112517293996,-0.0831878801019829,-0.105084978519068,-0.0149969254801206,0.0492636178087977,0.00142749558835502,-0.0392807075302005,0.00969759673642554,-0.0362110324360847,0.0178299175612811,0.011485451532876,0.0388606090129918,-0.00804337420174933,"Bats TB1"
"GU644777",-5.6224578721395,3.06828983949343,-2.02494725773406,-2.64271811581238,0.932062858598904,0.760805795831248,-1.98407074286282,1.62970870487425,0.667192844935313,-0.0663609328661424,0.613026630865774,0.035096412912955,0.369657105410141,0.203186894974543,-0.461660815229271,0.136218246024842,0.175020027252842,-0.305362851910314,0.129008192648437,0.0206561005053656,0.153341020420405,-0.32921852914097,-0.252014902696974,0.289116319266484,-0.0659244223168604,0.255431234838707,-0.151462238576496,0.220670807896021,0.0906148240508983,0.0194511837877394,0.194141223639712,-0.0364575902123831,0.135050110612391,-0.0249320683870716,-0.246210409190492,-0.0488427851845131,-0.013984246398118,0.0569279499409318,-0.00154922493422248,-0.00460243812094817,-0.0855794097711043,0.0103806937722986,0.100140481323853,-0.0555011361093624,0.105196408973025,0.0260610713362329,-0.0115061254040401,-0.12888896465391,-0.106868048252453,0.00304758504479487,0.00248455923879998,-0.0591484846014223,-0.00578021934355641,0.0282691853155443,0.00287803588991284,0.020972009862086,0.0150624273126916,-0.00416828588869057,-0.0237800677339429,"Bats TB1"
"GU644778",-5.58812866250942,2.75121507224059,-1.60291183836983,-2.77632732617206,0.464618311151805,0.37853098616104,-2.17660460122316,2.05465700465907,0.636836554708112,-0.074491807814791,0.714501941758142,-0.366105970341305,0.50688599960141,-0.482085075393224,-0.412749080828908,-0.0389926457171892,0.214213953839472,-0.0683259501347888,-0.288178675429231,0.140468010489701,0.265236581504047,-0.703045646727154,-0.0648024922825009,0.19167012926524,0.142815206741358,-0.18180309588802,-0.423886736305531,-0.349266464656049,0.184594091735228,0.166840931859151,0.0489163399783006,0.407070334097528,0.106039589872189,0.00138341837510759,-0.026826484078704,0.133014211068848,-0.148882172058153,0.0792970312938693,-0.267427195476973,-0.116183788614608,-0.119493259348819,-0.189303521293182,-0.0119403825812663,0.0386253504382223,0.0752878062344966,-0.0498696817392373,0.0676155118331758,-0.118725810220731,-0.0104548708564742,0.0424840243878778,0.0115898939493089,-0.0592208962084498,-0.0114863819158858,0.0446280603351524,-0.0458526460028862,0.0157218176157581,0.0146478818435308,-0.00806198637053821,-0.0266349821253597,"Bats TB1"
"GU644779",-5.35135913182174,2.95899746031167,-2.58307078803073,-2.28799160623979,1.18002040646276,0.338085140416488,-1.89655155634703,1.41136354554105,0.478871639984201,-0.399991117570309,0.429412361852416,-0.298137574742728,1.1122930048659,-0.493570090780923,-0.593279431591738,0.00514687545707382,0.58534659556522,-0.25477289674338,-0.446365333746155,-0.0411814974636601,-0.221155539563726,-0.15506499652763,-0.361165441894499,0.0825288017047741,0.459710368742647,0.317308026419842,0.360070238003536,-0.0457567048365343,-0.0697374195806432,-0.481403413439216,-0.192823376157763,0.108918540737588,0.376401321855591,0.252709611009791,-0.0118026012175421,0.0245188526541983,-0.100764988480617,0.0347714809390996,0.0403402175426267,-0.056177744426613,-0.128336229438191,0.0203200094058074,0.0656185724048753,0.0169556470192297,0.0576158154982677,0.0665220799532826,0.0614700911536689,-0.0634129889069565,-0.0742367043073635,-0.0620526514159756,-0.0169075463161595,-0.0388230709396529,-0.0561323986630003,0.0737181693086638,0.00322865140005832,-0.00419179665967113,0.02330689382281,-0.0109502975292123,-0.0100263903925363,"Bats TB1"
"GU644780",-5.5609288574833,3.07446563863613,-1.67566804653869,-2.8727973533245,0.612088880200522,0.098933167754881,-2.14943454019223,1.82860813490225,0.372791869828662,-0.062355399518701,0.418150672153059,0.134103879869092,0.342414219682665,0.0428723619832585,-0.400975471393393,0.179487855538716,0.318975236467048,0.19972146740751,0.575623575106684,-0.0565758629318183,-0.0522083303176228,0.0158369333807644,0.282456800207649,-0.011820889490417,0.320361462347893,0.370175958645686,-0.15603423126422,-0.149320540186517,-0.0353650206463802,-0.206690034699409,-0.177824844176644,0.158303979973363,0.208166821484925,0.29540738740556,-0.343973421122024,0.0285001454865412,-0.121676823797345,-0.1000122009601,-0.0921865706684832,-0.0291444681398754,-0.123057152385773,0.0639912693831009,0.105621001621662,-0.119430157206916,0.0359554905443922,0.116267760043838,-0.0365538495884255,-0.103146784454204,-0.0487441588591704,-0.0826059233059492,-0.0117245177496088,-0.097422716248572,-0.0378016296953148,0.0269878367062111,-0.000982313236369433,0.0117225065856895,0.0203989950630867,-0.0172964134751731,-0.0210775813674511,"Bats TB1"
"GU644781",-5.4407709272161,2.93382790203856,-1.86612036411777,-2.6658850657887,0.893406804415654,0.642518543063614,-1.96757930258679,1.79241566182578,0.624322883904158,-0.243131264233887,0.328122844528862,-0.545781538097223,0.210638615477229,-0.613178980987291,-0.403717277377269,-0.221282392029528,0.390583033846406,-0.0674201662853912,0.160043888349677,0.337343937676138,-0.31299968992392,-0.337591841509898,-0.0387354044590952,-0.061448339039294,0.132113405785112,0.118138284428445,0.0446639949929274,0.00186027284744013,-0.0862732562851817,-0.336680720919116,0.148266948055319,0.170101549624226,0.464929847602814,0.0670889125730567,0.0286641010166049,-0.174844571873758,0.591458959616624,0.167679197601689,0.0898600020141242,0.0374152880555656,-0.101347353631232,-0.0849694033501964,0.0626041128351053,-0.0675506194724389,-0.0551576986132356,0.172411964270287,0.0866601264928274,-0.125806591226458,-0.122652022771484,0.0409947416629928,0.209361945810589,0.00284973116122521,0.0647180468660523,-0.0391420007017731,-0.0483402540578216,0.0278408596815911,0.0207267479465779,0.0160071845149601,-0.0245401514679452,"Bats TB1"
"GU644782",-4.7058636527877,3.22754520061249,-2.02339721763496,-2.77124145934658,0.784152425324847,0.814331779890561,-2.23278887321691,1.54470276613383,0.326957945260015,-0.26999644868643,0.748802541771707,-0.0558425212778345,0.12944395551155,-0.155612389099922,-0.197093410652696,0.0340042045603164,0.438438435362923,-0.399901948723035,-0.0612255456074132,0.239512771459465,0.27725744024609,0.0548135218768869,0.273229064105,0.0285425916436149,-0.376826408576142,0.410616085856369,-0.404109398648932,-0.420488956439644,0.365527654987232,-0.385544701973041,0.012670007216943,0.209418932529502,0.42578946022534,0.335977761596577,0.0774835085881279,0.134149840810505,0.213644001072422,-0.00782473469354108,0.267260303416797,-0.47009053676755,-0.134732073405424,0.0991002230004803,-0.0284981083268689,0.179327646223139,-0.0929209491039614,-0.293131623291545,0.0347656505877681,0.216121886263428,0.308018442729378,0.153956913334294,-0.078352580850214,0.0609149675057828,-0.0583665130222199,0.0026464913528023,0.0449028981652621,0.0553996998765488,-0.0218296450253253,0.045913687156153,-0.00322888240862073,"Bats TB1"
"GU644784",-5.23861442868672,3.30003601905129,-1.91511901299362,-2.92091088801894,0.865380928355458,0.00349842929826727,-2.16082289888137,1.5804833703488,0.489076657288591,-0.365371066650441,0.47971439070324,-0.307090709278873,0.237812605124952,-0.0588618100510982,0.0122930475966393,-0.110210259615742,0.609044761996684,-0.376224000291734,0.074604987154099,-0.228270362737844,0.103665330636809,0.031883122610469,-0.531119951359997,0.0563967146716511,-0.463498053637549,0.369598206646288,-0.567492496712824,-0.230096785247751,0.144935351459671,-0.218565918808258,0.0495117402230398,-0.0697051279830369,0.234302596310606,0.142894979303011,0.185343072891082,0.263200870236764,0.0903505460841083,0.0550863879740654,-0.0150004386220573,0.0465919338322838,-0.327832072200139,-0.0193872032517637,-0.0371620000446561,-0.0624112322111975,-0.306225009610293,-0.534711088140646,0.0145649668781282,0.0875274088952244,0.216301953707722,0.0608464731099902,-0.0590710574165042,0.0391775125271119,-0.0798459049059995,-0.0370009682581861,-0.0104854198956616,0.108771559096209,-0.0020606089083041,0.0636687095910086,-0.0176223229424699,"Bats TB1"
"GU644785",-4.99467957456566,3.31312716550063,-2.30219267713297,-2.38834312303609,0.83662926240947,0.630803495835218,-2.43486214710167,1.39234326814245,0.131647712729906,-0.000877425943357686,0.38632489609069,-0.19172631319826,0.319439295681826,-0.109848156712693,-0.703886039852271,-0.0497134291632378,0.352652734517075,-0.455581489929083,0.235299160066666,0.208716539952805,-0.164431025900858,-0.129002481763056,0.19706535039236,0.295466791377336,0.754704809310659,-0.0955129678306287,-0.184615297011345,-0.00248109846173254,-0.161607123056329,0.242438980657545,0.0127508022895762,0.483407172765105,0.46452175867122,-0.442580439816513,0.21153602389732,0.046506483470639,-0.0873318986665933,-0.0878492679250511,-0.187943604590904,0.106697080885651,-0.0327610128226136,0.0895312243167397,-0.21944866233982,0.0118949417797476,0.175361633328739,0.103813564707154,0.0674825522884684,0.0223496073709392,0.00536845761343384,-0.0396517905462951,0.00716359733828791,-0.0290541333995794,-0.0562686624475231,0.0677780366929468,0.00768341361024605,0.0641124962176969,-0.0142958415390774,-0.0153995022899284,-0.0188135026462536,"Bats TB1"
"GU644786",-5.03335549298547,2.79066852051044,-2.31054325621141,-2.91010117403382,0.492460007951985,0.567755748249773,-1.79932105292818,1.73091188530965,0.144371511595256,-0.158088666114929,0.323021886158193,-0.115608018590318,0.0697110811257145,-0.122975889861894,-0.182835405478788,0.114854072628633,0.310866998444184,-0.372591749328776,-0.0790385958138289,0.423130528240697,0.520822167082912,0.204586088968965,0.198757621764581,0.500208480149123,-0.0332380319224846,-0.0166819948751071,0.097758220847369,-0.246130319691064,-0.0194382070836127,-0.284967939456119,0.0934912241060685,0.0857296454741762,0.224390655436782,0.0767028390495682,-0.167907487339808,-0.196208908305316,-0.0253917232867304,0.092705860230921,-0.0863404412778156,-0.193561565682482,0.0647856622853468,0.0490910773095102,0.204873109403288,-0.10442103927878,-0.196678685950081,-0.21251081565931,0.135303404208089,0.23572136662591,0.219089148968369,0.130420891223168,-0.0553062032206591,0.0594137270558455,-0.114004698947982,-0.0284864169057425,-0.00448697934390379,0.0739176994175373,-0.0238879490922397,0.0759799909920245,0.00803536732412897,"Bats TB1"
"GU644787",-5.60218500208022,1.75742241730657,-2.43859652064104,-2.23418157769438,1.22729210965507,0.000444943270878239,-2.56211973857705,1.28527909196004,-0.37726587823566,-0.648016186617322,0.552513644610806,0.0191605047415957,-0.309530144134557,0.503295455348392,0.295692247597934,-0.625254757972763,-0.0447459648209268,-0.703106793797464,-0.297958895545279,0.310299951975008,-0.441224393026541,-0.14490842892016,0.747418205735795,-0.233910679434504,-0.378393360303165,0.283778788770441,0.136447008750853,0.370998836549276,0.141133691988954,0.392945189507599,0.0559942858468176,0.240785377347355,0.137739209496975,-0.501087072867659,0.244053504901842,-0.372352536811845,-0.168648485821141,-0.0639723667521932,0.0401096071950902,0.255784683549791,0.0869416693918243,0.0847576156503777,0.0497774022817382,-0.046457082224259,0.0745632190733469,-0.0717493039667686,-0.258557662446094,0.0902326588679393,0.0188184729818365,0.0628083744397742,-0.00356965324024881,0.0375090850005675,-0.0904095915009543,-0.320132004136167,0.217403428381454,-0.0696201645707202,-0.036116724521987,-0.0193466622044569,0.0309327026377715,"Bats TB1"
"GU644788",-4.8918551686702,2.96810380434597,-2.09270044590568,-2.78152597273928,1.05282160867273,0.720937878672407,-2.10981985340512,1.58450807303536,0.339071746868122,-0.28419697908012,0.579734971904155,-0.240304880992259,0.130554708693644,0.102515923392176,-0.308351205326628,0.170388913029287,0.411797496294875,-0.300496835973684,-0.054059467400044,0.19082316240384,-0.0231227831381962,0.110496859665746,0.166513112328743,-0.0971853400196371,-0.139593192694817,0.381355432990332,-0.062734038295442,-0.28066317147839,0.252557576908148,-0.186528146064105,-0.00667202631570785,0.0579880721833484,0.243961290347424,0.303910756300712,0.191817852671731,0.0838079869964804,0.0913326904393841,-0.025385703590486,0.0439026761348946,-0.189599771654774,-0.18238305382319,-0.0239275743244104,-0.0266455939212017,0.237636457893251,-0.287989872666598,-0.247475037049803,-0.0465993214836189,0.334245120815794,0.248840182603773,0.107300745608506,-0.0866271535382153,0.00302879663225562,0.047264236939074,-0.105548082373065,0.0476185256245763,-0.0353265340720266,-0.0334073092236961,0.0264383732650047,0.0546091834160711,"Bats TB1"
"JQ685905",-5.25783266408419,2.87996073265594,-2.04135752176213,-2.93399263633021,0.885965249419431,0.64249629023116,-2.04339204071423,1.70985949989336,0.286545635176395,-0.313797333903487,0.504114864315029,-0.394263926366204,0.139390115180429,-0.0141369271465464,-0.366051503611556,0.18563858231202,0.251728453525089,-0.330461741984411,-0.0401487464035967,0.235947914856995,0.101255724938517,0.0763127674848131,0.159133047159003,0.0460494726538665,0.0884398283960182,0.149645955860457,-0.0330779049509288,-0.156795943934702,0.102196243173879,-0.0525136583510612,-0.068997491241932,0.169787140934857,0.100245407118644,0.0177757358834391,0.0289735348181693,0.0206077224578,0.0962933618107057,0.0164968952115482,-0.0158779642778968,-0.140538501966744,-0.033757661848832,-0.0391892871362898,0.15660716873118,-0.0157779806086932,0.118824866715527,0.0166299311293854,0.0510952639203418,-0.0814966159511375,-0.129331891843373,-0.0200358822302383,0.0153970433918711,-0.0364897514399321,-0.0308966976686984,0.0290753589460325,-0.000832380036631188,-0.00243293618669028,0.0130209679443923,-0.0128404667678811,-0.0150566663744233,"Bats TB1"
"AF351828",-3.94242354084125,-1.42489531972514,-4.56678857382487,5.08941803045301,1.41413349866679,0.534168695443416,-0.627908570994145,-0.747169712644251,-0.945599742767022,0.316846261540386,-0.939317705661543,-1.04887585695002,0.938735227305865,0.512952621585878,0.544338867271189,0.125830224285064,0.521530951939759,0.984935344919009,2.04422804008659,0.848740564401655,0.80906047608858,-1.43835066994246,-0.47320308997309,-0.585742137577051,-0.99064151356471,-0.0275879611073679,-0.089483653696765,0.232702197246998,0.451492120772482,-0.550937576680098,-0.689716019079213,-0.683850936240152,0.0952685041828708,0.0878869510678177,0.922142070712917,0.105861614868462,0.355938473444135,-0.07697238997287,-0.24919489036583,0.0549897234632109,0.211253139599059,-0.211750537444307,0.0157432361031423,0.617920018526742,-0.249353404304724,0.201029719950465,0.0995115594404014,-0.399481111228943,0.186958246833026,0.0138325433981187,0.268671900327628,-0.050705280628502,0.0225394923219633,-0.0369558528969531,0.0234276166388465,0.0749556145507778,0.0215018997005678,-0.00929439304576782,0.0167307064281696,"Bats EF-E2"
"AF351831",-2.74113185080449,-0.597810034177422,-1.41876456446831,5.18760073031353,2.24547586685714,0.662200254166734,-0.492147253820888,0.484370290337343,1.2633391447958,1.55828509535377,-1.64322478710141,-1.33957583117983,-0.8446883227418,-2.89728312361689,-0.0545419320604761,-2.18847189016069,0.662222558164244,-0.642329151686349,2.02066991684905,-0.945508989554614,-0.187308957843306,-0.407916438458237,-0.0659483299605052,1.87426976326996,1.32125433102677,0.0347305648406404,-0.26362290424993,0.675105665793968,0.511350850692714,-0.0395011432283508,0.0849825471325319,-1.2426737640932,-0.284440877835331,0.242182306817634,0.549139880540226,0.560896347970256,0.873200968156149,0.0137273499665928,0.273711183501921,-0.343719820811601,-0.0186950595116863,0.0948652126311467,0.131913917233343,0.235856604945641,0.111056736170603,0.183766722734546,0.205505204619944,0.201795971335576,0.084995701167008,0.0810873472091258,-0.141527579492275,-0.366836006014424,-0.180939058805809,0.130667352272975,-0.147289791352201,-0.11182315521236,-0.134287614990051,-0.0118291729150149,-0.0265315588797738,"Bats EF-E2"
"AF351832",-2.76609586026856,-0.403631365450964,-3.45567548843675,4.9474013605419,1.0917799027126,0.762430566018693,1.29261478797155,0.976258450676543,1.07344285831731,1.12161911794225,0.297905820825905,-0.392871414974132,0.491301025657109,-0.562343862932758,0.248074122188226,-2.35071522398668,-0.366348519430053,-0.403123722542838,2.23434589328756,-0.130890842210259,-0.79270324612508,-0.00256136885660474,0.399870953710648,-0.395539278603691,0.652958283722371,0.449950155399679,0.118174231333347,-0.291821713203937,0.286704406834129,-0.0154492905079398,0.79354826807904,-0.493705901273893,-0.504313434515224,-0.317830775791176,-0.213228791132237,-0.160901369777332,-0.701904405127659,0.520381694170668,-0.0471642724361196,0.161860534259145,0.360942844169685,-0.57762685306297,-0.381950468712632,-0.116596779112814,-0.233664365650673,0.153232768739254,-0.0974767706915605,-0.280011753003012,0.144728028509397,0.0331642822373843,-0.090245157238074,0.0399602876512833,-0.0886477951515677,-0.017241860098965,0.104598726768186,-0.0321346084718547,0.0409608211644293,0.0173791680316995,0.0187148271409585,"Bats EF-E2"
"AF351833",-4.0982468212622,-0.799864529900195,-4.2693135516541,6.0712031968383,0.464390592567152,0.0350100207470575,-0.299108266481442,-0.492536107908159,0.143477766131587,0.50648072626542,0.186349688071683,0.0188151722111342,-0.404743817768176,-0.623920948180924,0.268773437177079,-0.61644937116216,0.668440446090588,-0.0714587891972483,-0.0633874309522352,-0.687587591313872,0.0686096799119985,0.407132762950728,-0.652200252791824,-0.394991700481526,-0.103488613552371,0.170222440461099,0.431290032724553,-0.141323943907126,0.089449585721807,0.384739858236615,0.00442965491009315,0.412447037537967,0.140810164184999,0.224251098132724,0.150279593717596,-0.188974628831282,0.818401490601805,-0.0421439356331974,0.377193756729925,0.2110363839875,-0.431628287993402,0.207182474373631,-0.0778907952038728,0.223744265890676,0.325944415896779,0.480578271783307,0.029096535078339,0.153113853211943,-0.119736046257087,0.0582070979743119,-0.0634781434505525,-0.239351595380246,0.188664134044579,0.166281470574242,0.122045582436369,0.263699024565344,-0.0922765636867768,0.0876849330865797,-0.0436860316741732,"Bats EF-E2"
"AF351855",-3.57943881778031,-1.0860312899094,-4.07362904970532,6.77535505847115,0.861874905351233,-0.0273450151844572,-0.101073593651993,-0.489349463024068,-0.212786842681711,0.510500604380501,-0.366223017027468,0.708396179455614,-1.0973069429322,-0.75220556808121,-0.76329281676439,-0.390952954340842,0.910826022437154,-0.510038654973754,-0.636873232558005,-1.43108495688708,0.484244801624114,-0.580017615017458,-0.78846355247848,-1.08098229881873,0.316071341063875,-0.234126584522045,0.286081728824823,1.09015648501924,0.407479393366962,0.63440840302346,-0.316067354297209,0.250606089695288,-0.506307946486689,-0.272992652792424,0.100246447968951,0.0930734441531256,-0.271147009952231,0.212264175227222,-0.00233550237752816,0.291712029381432,0.654647694599695,-0.464695974113881,0.078247767727081,-0.039622426912981,0.115799215692224,0.0805479463423951,0.606753998964048,0.117741402644145,-0.0728194392162603,-0.447512472220039,-0.164522494691969,-0.107549561324193,0.291496852501767,-0.0886880639937181,-0.0107466250727807,0.00171992357310915,-0.0150821997706201,-0.135519346805851,-0.0140773074887675,"Bats EF-E2"
"AF351861",-4.29538300396458,-1.58830893299558,-2.35620643510995,4.37837659764076,-0.179634310779414,0.561294636771138,-0.75008286608951,-0.122974808515464,-0.557169646333945,0.787331111055559,-0.430202122397102,0.0748891772615453,0.257008669265498,-0.32774117573618,0.898010982418431,-0.692794294605266,0.319327506521773,-0.0202618292884955,0.705803403123762,-0.525418655660624,1.02760290805102,0.486546038928135,0.263893026242734,-0.404097587698811,0.659272294560359,0.213980671883875,0.33552495864544,-0.104970315423168,-0.38659167072552,-0.999450907984037,-1.12183390603064,-0.995154412089745,0.783773373507898,-0.181764832291533,0.183420478290417,-0.0750982578427788,-0.145902124043048,-0.0651682810234743,0.34773916358241,-0.257671510613133,-0.121704239579305,0.211978027481992,-0.149282620648884,-0.039884295790698,-0.0399234430219571,-0.360918717817039,0.0133771111635129,0.0525262551592972,0.0926961857607204,0.150586694288915,-0.0897634360085763,-0.0493518223810541,0.116938991250795,-0.0530981806655556,-0.0507362952613714,-6.40423291621646e-05,3.77285887386942e-05,-0.0504352706489365,0.0459200588093152,"Bats EF-E2"
"AF351862",-3.60248218653227,-1.07851091985696,-4.35717741143718,5.27145120705717,1.0473137164869,0.653631196035284,-1.11123206851847,0.0775343753629989,-0.0437433756400855,-0.139180929539338,0.748688347224548,-0.482317240500964,0.832253893869606,0.457269898900182,-0.00196441202284542,1.08683623685876,0.481629622897906,0.762672586525689,-0.199239266682256,0.529071000943789,-0.416171307812679,-0.117370684704741,-0.21710340427469,-0.788173980444376,-0.439444395666136,0.251900426043025,-0.177974007485223,-0.09866538547295,0.705148242535076,-0.444354337504425,0.304467275727368,0.010951792102,-0.0350599272230116,0.0181106085594984,0.147245992623715,-0.322671639690356,0.321595875822359,0.239698559590829,0.00301739689178258,0.0840933675177703,-0.329715322020522,-0.00224643341005069,-0.173710449927979,0.126695927048333,0.0605220276158499,-0.142015218987147,-0.126561628115621,0.0373123355267806,-0.0856107197923611,0.262463272009099,-0.0374141510667868,0.076637694091721,-0.100997892310271,0.121486720757035,-0.0879444291398639,0.0225503177730656,-0.0343777306239263,-0.027956174517505,0.020476809918765,"Bats EF-E2"
"AY039227",-3.27108117345189,-0.263100290373139,-2.39393224916788,4.1405517075511,1.64037418792666,-0.432800103330011,-0.110967860905587,0.451231236266285,0.5515898183936,0.611565636076979,-0.219973118569861,-1.49247908727581,-1.42213265551933,-2.17848006983816,0.638028712237462,-2.68955463513927,-0.679884144696134,-0.832935860590797,0.914583213908,-1.17604063058832,-0.237660185562635,-0.722537147701223,1.07657195842185,0.714693840821282,0.85219325165936,0.760529553629569,-0.464229389610882,0.721805696638594,-0.649042955646704,0.787530775551788,0.227787855249983,-0.547284691320978,-0.393521321736299,0.365863609704106,0.463927986961772,-0.129273483890885,0.408217056179482,0.26246230037741,0.168560412243808,-0.428756083387365,0.207161326329102,0.168635910554279,-0.094630845598412,-0.213982891883509,-0.375111088904587,0.118505265007968,0.246872634551306,0.306049001081856,0.0295384454729751,0.119410948629251,0.0122945173045494,0.0497631059985954,0.0167563794541125,0.01662094807537,0.0542249171428427,0.0407925965628091,0.0868477913478347,-0.0457854142540975,-0.00928129522226569,"Bats EF-E2"
"AY039228",-4.01357986655651,-1.45095495344187,-4.27645996190499,5.54149970079483,0.829793688639441,1.07636517158376,-0.278948074027711,-0.273397294590899,0.155728838417425,0.308745243730315,0.252425251060891,-0.384966123717104,-0.615534949607746,-0.0630592393525712,0.0384084175031179,-0.113863548620348,0.0881471152631451,0.230224237372032,-0.491645786850794,-0.375915068510119,0.264696009034693,0.0458402562137195,-0.0298440636915372,-0.827831144775302,-0.118785804038566,0.131951984702082,0.149435223226512,0.0161024275030247,0.233696339823465,0.183885826591154,0.0265697443883413,0.187979485613345,-0.00613981041041281,0.0229320019920794,-0.126686644428498,0.111706751739397,0.129362684778357,0.055378661927458,0.11980046236936,-0.0484529411904476,-0.136253486236231,0.0501766906315552,0.283845609314181,-0.00205788172796681,-0.0464240550470897,-0.113449993428143,-0.0523321185714611,0.00938222094212657,-0.0160295406423016,-0.0360247639654076,0.0335440892869843,0.0170236046217275,-0.0160930978656437,-0.0221710960069076,0.00755782207962195,-0.03645037167949,0.0333755187267981,0.023025275647258,-0.0271799478738781,"Bats EF-E2"
"AY039229",-3.92566261681673,-1.15774752330833,-3.26655556170333,4.35520533902465,0.98063065455276,1.10241073775587,-0.0340621944948255,-0.623909231860764,0.389269913565141,1.4011706171925,-0.594927265960468,-1.34325665324459,-0.11711672381725,-0.214973320678477,1.08822376094282,-0.122362119647336,0.179809913689211,-0.0549511775774407,0.482277488899583,0.878942559027278,0.38697826595099,0.583800453899411,-0.816671966936795,-0.043890309308017,0.753675036040206,-0.242867289824453,0.129288695474136,0.0522559335351969,-0.132044134816506,-0.636083518257011,0.13619614528904,-0.0200839854813836,0.135830513290712,0.20305059528823,-0.357282907133583,-0.258377719414183,0.0524358484596147,-0.163140648580272,0.197873828537041,-0.0492605957766854,-0.0573005553919451,-0.190365326439764,-0.160705274109084,-0.147750576976691,0.165690383863707,-0.0953222043915566,-0.0675061751179225,-0.0717860936737387,-0.0884484283932651,0.0315728403434644,0.0604722121441842,0.0730053975475673,0.0272733963608423,0.0185549502475732,-0.0296177554363052,-0.0687406017883897,0.0109979733868184,-0.00244966328721228,0.0174297649344859,"Bats EF-E2"
"GU644652",-3.58734312958308,-1.10856455370918,-3.64641600121305,4.69019218998843,1.65344467448374,1.58589451475645,0.334224300580524,0.215935659435715,-0.0697624170729082,0.423746487809504,0.993405577114156,0.0159454604419666,1.15763777423864,0.0879679809634676,1.10607186793702,-1.20609110084202,-0.103433615628755,-0.82236289844614,-0.453741058429679,1.36168585191972,-0.582235827819518,1.49448127398868,0.83642959772668,0.870527799769404,1.45138618149622,-0.752413435944267,0.451244190427885,0.0453745099581021,0.0110753051467157,-0.00199646656247772,0.041744812004374,0.149157737040404,0.0519842461500388,-0.467202527826942,-0.0140549625013647,0.196625355131812,0.0965353563145366,-0.0960449954031183,0.00253045888747652,-0.0152345224023313,-0.0182511813632412,0.0939990400301952,0.177166572369389,0.107528183240668,0.00295654307494829,-0.047165685490656,0.034492395582815,-0.0938528369290368,-0.182033087599065,0.194845844329379,0.134017930420508,0.0597083291217412,-0.094747104035347,-0.0871073086026631,-0.0124260000510806,-0.0214199864867835,0.0551925797799649,0.0410550139678386,0.0187888259785982,"Bats EF-E2"
"GU644654",-3.91233645640599,-1.10957788278439,-4.22465622407978,5.11429534719249,0.645934212552355,1.09497269068193,-0.727882324872655,-0.61147667397189,0.32943410612789,-0.339406475682776,0.0315229722780952,-0.00698279126025835,-1.23455442056179,-0.0335032598021174,-0.264137428847024,0.124335649370756,-0.08016308727496,-0.0270734424650347,-0.534937604133788,-0.518945531827431,0.204857794285373,-0.0941880967175043,-0.00619312579353342,-1.2516674337952,-0.154001280352581,0.0245669703081816,0.277619956977061,0.410783965183384,0.0772152220554018,0.244235331116452,0.103092207046263,0.0883278816461288,0.0539419289544672,0.201231159980391,-0.191524312281726,0.254025910360911,-0.0926597678271528,0.0734845601097602,0.253824412176137,0.0604052961259101,0.0800161885945147,-0.0453252218333442,0.276427941252812,-0.0428425603478873,-0.00503260742527078,-0.139003785042263,-0.143195445048689,0.0203301634603637,-0.128234591390336,0.0107311073370868,0.00109187651728359,0.0363554487687074,-0.106700579844972,-0.0456298485995285,0.0448273767994373,-0.0341264690551215,0.0313509682897928,0.0357660365349976,-0.0292270504506366,"Bats EF-E2"
"GU644655",-4.14611897290909,-1.41258824568452,-4.10318729294813,5.49710061304371,0.684678338159912,1.33484336543484,-0.224624476720254,0.043467401868822,0.380189083699255,0.326346630006763,0.161172652595796,-0.357424416536624,-0.727644645542963,0.111357778371734,0.209541044418235,-0.0150659163969165,0.0402602186758457,0.408904557987454,-0.58890186854856,-0.268641264183779,0.271872475555748,0.263186134697659,-0.0880055505013432,-0.970592109316079,-0.245476730459819,0.0831609402846017,0.0999818648636873,-0.0482457333364321,0.195886998574978,0.121280793663858,0.0465439528651377,0.0526359635288097,0.0598546520907767,-0.00835796814719949,-0.0973337574810195,0.223417253058345,0.191183175657391,0.0948095596510955,0.0622287343791393,-0.0876724095973684,-0.125630227697567,0.0503619432317886,0.319238609934697,-0.0211805863358574,-0.0544347872896138,-0.14191760500612,-0.0689273913048112,0.00408492072743758,-0.0330355766391828,-0.0308215843019915,0.0387464257078678,0.0137303233762082,-0.0113068251970514,-0.0314085421724751,0.00570700458598992,-0.055947322643029,0.0320627859442632,0.0214466843238645,-0.0283564713684307,"Bats EF-E2"
"GU644656",-3.62852254861347,-1.63110168018673,-4.33244993436506,4.73646149312716,0.369718769769972,0.923842320851193,0.15357827407487,-1.30939664194401,0.086305127305767,0.514671389656818,-0.314790559878926,-0.85127550893538,-0.490229806119496,0.479259257193018,-0.649734083109404,-0.0960933780523953,-0.313026782391864,-0.552720601646457,-0.420123705680187,-0.00962338212478999,0.818555038472617,-0.272553719423994,-0.0741183649967853,-0.248336320375155,0.312110631819388,-0.0132778812582835,-0.128566441411176,0.422538223738186,-0.055109200601186,-0.295097425315244,-0.0785761612054299,0.122643776217138,-0.062024867676172,-0.217755211647205,-0.197143140096614,-0.104113637028652,0.0398532106280804,0.065183231133385,0.0803494135364244,0.0249099637483492,-0.0543607373263337,0.0634150599126816,0.314151827286032,-0.0235970983130255,0.0293579279353346,-0.0881254724274999,0.0487544688517497,0.00810970158976507,-0.123458343999153,-0.0919099615296835,0.0204602351111206,0.0372976055938864,-0.0908112012111695,-0.0331046432750763,0.0407791369020188,-0.00627831443816846,0.0177143168469264,0.0160701861466902,-0.0106000547777441,"Bats EF-E2"
"GU644657",-3.22922288316687,-1.3137840038873,-3.95368395924594,4.68952933880531,0.900210917651387,0.505711436382296,-2.13448523807591,0.337647139832092,-0.562569826977605,0.377612837723179,0.714040912606771,-1.1418967555136,0.880227910095874,-0.104153338345051,-0.53992660355193,0.488295040743257,-0.50719414949997,0.346805954080981,0.338413439049605,1.06626114992468,-0.378815024297768,-0.295477298164845,-0.956507857470353,0.435828580935426,0.0562336954979633,0.220517458853778,0.276208484198895,0.646171317021695,-0.28894200211932,-0.356270134512823,0.251890313790491,-0.102484914959939,-0.399744868995421,0.488327157333857,0.0208701574448477,-0.0420367480851161,-0.070969080051996,-0.4108130586891,-0.995216539467713,-0.325694465420858,0.228294869846912,0.514925468382596,-0.287069603799981,0.0906360063463704,-0.0661372667199683,-0.0363845443932818,-0.445441669748207,0.283782940115035,0.0993795068511978,-0.131641194147386,-0.109202443020435,0.192133481408814,0.0850858432418598,-0.222267366429918,-0.0252166216487574,0.056308961891088,-0.0258401588948771,-0.09613719432381,-0.0337492963814057,"Bats EF-E2"
"GU644658",-2.79242106441103,-0.874106118582399,-4.47966332115564,3.74774634398433,0.781684156152858,0.293124723160574,-1.97645067707814,-0.640712689174075,-0.0241498621602181,0.26155106057335,-0.0908326298966383,-1.48393290708792,0.215228601995835,0.570754750690664,-0.34505345179448,0.817757150569769,-0.871694367546419,0.491323270115154,0.502859029495171,0.336991553215105,-0.495171214882128,0.208534274992892,-0.151847109659228,0.530540042224303,0.29535792151851,0.476311392956639,-0.301147664534316,-0.0415317028102748,-0.805725351034761,-0.474717822287269,0.272531246317793,0.187715470337829,-0.55837386795026,0.22766959419647,0.215569446249267,-0.207437820673094,0.084729635787189,-0.369861076997234,-0.587616619347057,-0.198931066407347,0.406334055262021,0.514155865316046,-0.14760135047052,0.0346272793346745,-0.0864015495325286,0.0998391719540946,-0.466082395911295,0.334605425095024,-0.0178223426482919,-0.183786783639207,-0.109032869163818,0.227374126500355,0.035788792497527,-0.28075276013323,0.0137958166943767,0.102084436064384,-0.0528577306181701,-0.0949178083084831,-0.0257474384225853,"Bats EF-E2"
"GU644659",-3.25430404863914,-1.18612881674092,-4.05881316791107,4.05608261900028,0.461505776099318,0.87629850350217,-0.327156134401021,-1.24186658675367,-0.347684742918769,-0.0814923189694969,-0.596457575845285,-0.788852852438514,-0.20029981508089,1.06327221600964,-0.415244802859203,0.738222164186225,-0.979392334237162,0.0206497602179729,-0.305250685518853,0.195646859639883,-0.814893290822848,0.700160393504013,0.300831599612373,0.0331124415311285,-0.220430267036807,0.297669188303129,-1.4239921051635,-0.252191472274204,-0.260346099937327,-0.135366721678869,0.158648179605481,0.429070289108248,0.0715166683886268,0.00392965621483724,-0.102589950384525,0.440474091631716,0.115620513001983,0.171629820016853,-0.15418833059746,0.0921443840059941,0.0060578930196313,-0.206495562037157,-0.13949423072428,0.119923595240127,-0.0894678907558831,0.111038437143112,-0.0488514095908627,-0.0481047637419214,0.0450877673738834,-0.0316328689306761,-0.00230918712252038,-0.0231320658358381,-0.0269398005679136,0.0300407189335218,0.0341491424830991,-0.0384807719998401,-0.012856840095467,0.00512717154239336,0.0144687887843389,"Bats EF-E2"
"GU644660",-3.06001764679805,-1.80859929746936,-4.07396161899564,4.25701599370877,0.858315965311115,0.683936581498069,-0.760204781977297,-0.952258638539496,-1.19239268989897,-0.357798007068826,-0.380235548533786,-0.154641082504303,-0.47510349216407,0.881771209994487,-0.181918416208801,0.451950214968041,-0.782828676490297,0.0355659106669227,-0.209913778533112,0.142591188351174,-0.559788767154787,-0.0636152231894253,0.0739059128593784,0.30718655018341,-0.0950496334678181,0.741139849289314,-1.09997690332216,-0.556378407359751,0.0387927558956603,0.173979341392529,-0.124455511655225,0.196919078949222,-0.305533006027609,-0.356068599487284,-0.00239392681682116,0.231668861032354,-0.171258500469523,-0.0105289528515031,-0.011767489499368,0.0550418582766375,-0.0840715642984386,-0.0939018476486654,-0.0189819007068896,-0.11936447474069,-0.00951250351317934,-0.0105428066241839,-0.0446829497982525,-0.0900500215529647,0.0792047547639473,0.0495900202367206,0.00344641453493413,-0.0228959351354255,-0.0329318060144457,0.00636636726555777,-0.013837504524801,-0.00748248124454452,-0.0141748950942766,-0.0184380927117582,0.00505037992660976,"Bats EF-E2"
"GU644661",-4.50981347076165,-1.4118677319838,-3.98165509460147,5.44428386776174,0.409190593612195,0.996026921996736,-0.837564232208053,-0.208088968813139,-0.357726361121727,0.33451318631084,-0.121929926514123,-0.632921586794884,0.0582431058652833,0.043609344569238,0.00773503792946846,-0.0925930257023452,-0.587537646752986,0.0347100913109986,-0.413489983608069,0.432224727471715,-0.0566570688590184,0.0343779612134215,-0.245082150043315,0.349765513673314,-0.00883078566289069,-0.0935261222664066,0.0534868557599327,0.0789979673127192,-0.374010115923042,-0.440288523173579,0.19216947585,-0.31993028469424,0.338801467069681,-0.03393394686229,-0.210384742237954,-0.23979586557138,-0.167786625199887,0.0366177074893182,0.124270086477117,0.154604517862808,-0.0906427705810296,0.0652159659909323,0.150882227955021,-0.0483357375488684,-0.0121870052923055,0.0280210921608733,-0.0596239425005242,-0.0726160644993517,0.0210911793275691,-0.0113454991021519,-0.021837010733419,0.0074432053102083,-0.0245213385707502,0.0252846692964797,-0.0116725515122989,0.0120608449920183,-0.00472209176004906,0.0124783809147762,0.0241959052842814,"Bats EF-E2"
"GU644662",-3.88488690416368,-1.70439944309136,-3.93072379106994,4.77191592686496,0.749681867363533,0.939111265708587,-1.07216664647517,-0.350181999794208,-0.673530324714089,0.068860469559523,0.586289927215469,-0.409049569398381,0.338463207187367,0.0771965887677199,-0.506361853647479,0.155448402178044,0.267985127985433,0.375651238667277,0.173430398333635,0.576419434753036,-0.116683511316723,-0.372271016106382,-0.415815156091576,0.123974840590757,0.0495897207483878,0.250066728016529,-0.0615312290750457,0.0189174202805595,0.510581215932332,-0.174628665611237,-0.03996279485876,0.14193281689471,-0.148359069277747,0.367594636470192,-0.084059450457471,0.070031146519182,-0.32686562067624,-0.0360546085075875,-0.336106647123032,-0.122052087869232,-0.330450368572245,-0.14162466243252,-0.0241194659775159,0.050770487832003,-0.0150781722018589,-0.0978486981477243,0.0309283195951254,-0.0612267427793713,0.167350227001311,0.0314745405129867,0.0392680173744103,-0.0265221806261857,-0.00194240531252597,0.0832037657046299,-0.0500062321742055,-0.0390775480214815,0.032005084209308,0.0128312839157744,0.00978349407004086,"Bats EF-E2"
"GU644663",-2.79160804643347,-1.67249676666384,-4.11738965677362,4.47672348431371,0.729970232890167,0.473901771538335,-0.609744473143147,-0.607744809374425,-0.726181166962074,-0.737935863715643,-0.0458906487844093,-0.328022117497316,-0.462679779515865,0.95400476896869,0.290902173149762,0.744012645048239,-0.842317114392103,0.122511029174761,-0.0159242885162198,0.210985707871085,-0.20912754141712,-0.16282450798191,0.205644798670219,-0.0980108685539156,-0.0343410706547793,0.427978563255687,-0.695639648150086,-0.265233282658145,-0.313453481851385,-0.0184053360445823,0.069995521483608,0.0303653816785343,-0.121405271862582,-0.281126429544549,0.0758839338541099,0.352317709649178,-0.0946199427328715,0.0728815683874092,0.0931638740664093,0.110580513456746,-0.072562496950121,-0.0713952469314208,-0.448747200742959,-0.189175994617691,0.119941815497811,-0.0201208536463215,-0.21903434816149,-0.29109695400533,-0.0431057010110055,0.392772037818082,-0.041075483143776,0.109538032943926,0.157548821523525,0.0547117511699601,0.0104842769566994,-0.160461912943683,-0.0119771312223177,0.0455062280599247,-0.0156431890712763,"Bats EF-E2"
"GU644664",-3.18674944475944,-1.69506780462673,-3.39162141469355,5.32060835641142,1.09194234350636,0.959132531606931,-1.2444566016453,-0.406610810057967,-0.261434488911213,-0.059531119008982,0.0935908531171646,-0.504984928599875,0.735112916195798,-0.392875091592432,-0.679264799923776,0.077853287511774,-0.256339677643144,0.493812655850051,0.00427892971892794,0.781222940623336,-0.253043334444978,0.493816037099191,0.15594323875131,1.23307944051354,-0.769754883703979,1.18120657178756,-0.373577869295402,0.000969949257016776,-0.608905669131168,0.988372423461155,-0.396855707670446,-0.281909896788487,-0.805905433593177,0.41255369538283,-0.129919672235857,0.216218810656321,-0.23782042051636,-0.165306104275035,0.0591089976842377,0.266828262339209,-0.278342133986455,0.238150172833074,0.307334116599252,-0.184463218701988,-0.0544737786609472,0.0268009614837583,-0.191242167887986,0.00204430630081818,0.0366827694418326,-0.0286834779255763,-0.00998032876984451,-0.0510325345545059,0.0557910764684368,0.0571857302606631,-0.0377736856533555,0.0027315399881203,0.0310047742928468,0.0112375382009544,0.00227040674834555,"Bats EF-E2"
"GU644665",-2.6310374901957,-1.67163906993931,-4.28795371668383,4.31876943493699,0.460649075438801,0.383792731804181,-0.151045901795768,-1.70289145129153,-0.483392031747425,0.106609863725197,-0.346178760728337,-0.612263351139768,-0.365318688042518,0.599527599782622,-0.800724835347711,0.41428068364298,-0.0152840228617629,-0.452547949731922,-0.0908758680189042,-0.455192549611532,-0.20092492795226,-0.122611138218266,0.6639380922882,0.173274757356146,-0.119411959788412,0.641370939624424,-0.737979817816731,-0.546021152172393,0.12410846483433,0.144430464593738,-0.363685191565733,0.0792961801018616,-0.248376919072012,-0.572962050716464,-0.181954492901763,-0.0922631667650296,-0.537121200060453,0.145761318721904,-0.293053497054501,0.0587831056941588,-0.0579420885947114,-0.175437123634122,0.0549049725643725,-0.194658269680379,-0.108230779780293,0.0100464623783247,0.0996287303675232,0.0228466902349672,-0.039377409026242,-0.151277359485537,0.0214222775807237,0.0606777613606564,-0.0355801528277915,0.00427832191300374,-0.046907059984792,0.0684396556610415,-0.0351152190935281,0.0262320143647111,0.0418142795539063,"Bats EF-E2"
"GU644666",-3.23295510161657,-1.4776389486004,-4.00535423317385,4.19071223165658,0.51649255527997,0.62030979504821,-0.920870060845703,-0.644584133335402,-1.05691205565019,-0.329126699411592,-0.233381155468432,-0.429999140661421,-0.396193199658689,0.576741668910273,-0.0386192062623498,0.339502963793929,-0.763164666763426,-0.0739953802862156,-0.168108974979008,0.10055160579456,-0.442757652222743,-0.314108805446615,0.351164728322686,0.25187303151999,-0.1926116237117,0.370107872911154,-1.16417821146597,-0.47113542317116,0.172969103771511,0.352025710479322,-0.0156982425724384,0.32859104654822,-0.468130810261223,-0.375160579170345,-0.11104371557087,-0.00381445071630906,-0.047187230502361,0.000207167906567208,0.0986861985059793,0.12579145952796,-0.0432666645631358,-0.0899511124009668,0.0327442986747516,-0.0153827201333667,-0.031027900904504,-0.0404627276814529,-0.0493766023263436,-0.0776192579503013,0.0469570008581091,0.0485829384247145,0.0234879359571769,0.00282766857989643,-0.0109759323484766,-0.0037242232511265,-0.0178966983880471,0.012316354125189,-0.0127179177117828,0.00758739315735472,0.011602267403466,"Bats EF-E2"
"GU644667",-4.2294359172954,-0.948971406377987,-4.06249895987375,4.55744514324025,1.36430201541602,0.318266285617229,-1.89807563686978,-0.77893137955349,-0.143173262551636,0.473053138398753,-0.409799269610822,-1.12784590860074,0.387494852712697,0.30006739281094,0.322967709581925,0.194900448558664,0.181917787244654,0.133250917798794,0.151397748302855,0.800049157029096,-0.209044162707897,0.0436139015491234,-0.894372737321116,0.622757226857646,0.0066320400681222,-0.0812646800302378,0.00783222338102006,-0.29321363121095,0.925407728040926,-0.190376070839077,-0.217950113788009,0.096362270979582,0.176767371902263,0.738492579551989,-0.385891070578566,-0.263916893878911,-0.0637217675774084,-0.195185556809157,0.328416975748989,0.094544328428554,-0.0733876440308194,-0.0757998356173518,0.0537760978318174,-0.117861356332076,-0.00231012884456432,0.03131551064829,-0.0729892329485868,0.0678391642009546,0.168323022668836,-0.0115552187255562,0.0731602241875894,-0.00299846418768393,0.0215244442418386,0.0471080021948052,-0.032825734631462,-0.0352178512956149,0.0117715720529514,0.0269631936503541,0.00569601518673206,"Bats EF-E2"
"GU644668",-4.53263845149411,-1.18607923839947,-4.26607568557801,5.67032572014843,1.01860444963602,0.537700630308836,-0.670519707911597,-0.635056328104081,-0.474067077474835,-0.154051586633987,0.0948091863424664,-0.541671566016043,0.0822788652860482,-0.351685953149116,-0.0326931027257334,-0.0784354428131096,-0.798942340991698,0.374090072889248,0.186001868112076,0.327807409155804,0.295729479594657,0.326445920562889,0.350264737386668,0.49997242673656,-0.0498943723099466,-0.142912534096698,0.443909931150869,-0.176218617917349,-0.0978052928736613,-0.126920331108106,0.332880695219042,0.223308989602818,0.218017683071597,0.00740381921512076,-0.137052265981224,-0.0787782533122288,-0.451281544606022,0.188586321716932,0.0933933906795265,0.0668411665257141,0.0277088652478828,-0.00797457827420392,0.204900773055678,-0.0479428753618691,-0.0177862102242154,0.193528589465429,-0.0789617583261226,0.0203977422218861,0.0234839036756511,-0.00253369056591792,-0.0105172466614613,-0.0344125823366982,-0.0422629626924249,0.0262106748559677,-0.0119709998138211,0.0263710282551953,-0.0100703644499438,0.0306744275635972,0.0253478679058183,"Bats EF-E2"
"GU644669",-3.20260644361271,-1.38641506418559,-4.07393315713688,3.97049870123437,0.66073435429033,0.712504837157212,-0.66344606776486,-1.47933894504992,-0.485247276397156,0.106477256378698,-0.643143190618666,-0.70872467567975,-0.300658488750299,1.00301593010453,-0.692160525809793,0.157174830430514,-0.61999915833646,0.00365932058341257,-0.203737354105917,0.12329987770012,-0.588271806246381,0.132491781187626,0.196093183296901,0.329105123898808,-0.242925120725052,0.401609655199677,-0.823713445542153,-0.766090034968577,0.197918028658009,-0.0921851137573187,-0.231930180099545,0.348307139516819,-0.346250710774977,-0.142615372169391,-0.10704852485738,0.144475474396455,-0.155870569657925,-0.0200141490901373,0.0313358174101018,0.0280590106566768,-0.0238227683024354,-0.156671135198765,0.0225556376841924,-0.0412665123684667,-0.0444156119509093,-0.00670773962138918,-0.0374674301345908,-0.02977915440206,0.0368858006628767,-0.0147816335021583,0.0244786243219019,-0.00888542771017273,-0.0269911274089163,0.00863384768119399,-0.000419584479163177,-0.0210036769319334,-0.0098993516367182,0.0123052149019525,0.0124010238630712,"Bats EF-E2"
"GU644670",-3.96495416537016,-0.838622782409767,-3.59256611241025,5.66316242561164,0.510981355987572,0.276005249343,-0.605316604195312,-0.198500347678527,-0.981508249917769,-0.0486571804447228,-0.443562485009347,-0.98396999839559,0.24914254574331,-0.235317523135075,-0.0879860910958297,-0.0595545211839312,-1.06840690397254,0.235469633601957,-0.10481714341089,0.306966550826755,0.190236464605911,-0.0283100779496502,0.562210361327456,0.421252028486265,0.164830621877225,-0.148240396670601,0.416612715168061,-0.126872335149586,0.290723126216186,-0.0629724079757393,0.418165423935808,0.0806386038124608,0.100595193134685,0.399395597540884,0.335783391475335,-0.352016438773208,-0.561563788126404,0.406780094993269,-0.00134108289113683,0.153915103219074,-0.00912115186028489,0.04160485234372,0.225894205410383,-0.0176944074691079,-0.0378015218863392,0.0999897158079519,0.0852816147168746,-0.120356556615864,0.00337517822273222,0.0946660624306622,0.0630120782480593,-0.0394513993881146,-0.0614016342728889,0.000438419891291162,-0.0561942977263102,0.0255915426880112,0.018292983226183,-0.0113695567122005,0.0161485519427746,"Bats EF-E2"
"GU644671",-4.0995147798936,-0.958281522509679,-4.79831271056357,5.32708040822235,1.71583203080554,0.96570999382085,-1.83081464444301,0.411251171225162,-0.995459315222574,0.100100570261473,0.322111895996656,-0.186105430610034,0.223220672710963,0.564073964338689,0.535764138517311,1.01320345233789,-0.193743052487812,-0.461274459901439,-1.27828462134841,0.033179719086528,-0.525982055466426,0.45776740924913,0.595578265515812,-0.79385610336901,-0.913497764066181,0.39114783140573,-0.248610051431328,0.0574586502115603,0.443099520335205,0.211517903054236,0.254243402401941,0.247253612876146,-0.0179139447518403,-0.00084839203076872,0.193065475344691,-0.00786983835743423,0.188631026249665,0.196596655050148,0.0575561744340449,-0.0103098800111789,-0.178688620880075,0.0250513317764307,-0.18377816620091,0.258330467855865,0.0649644744731627,-0.0951205433902121,-0.0491738118210865,0.0178727623620402,0.10783469374071,0.0838503181784602,0.0442675921381574,0.00325478722167684,0.0157252998362038,0.0639010831435003,0.00690115996599837,-0.0149259667040293,0.00621503365849562,0.0123488911742864,0.00710290586428791,"Bats EF-E2"
"GU644676",-3.90706471851199,-0.788665841139124,-3.12366739906338,4.03084338578017,0.791959080498735,1.48643085538124,0.229632387569343,-0.60757544116187,-0.119327348206421,1.68722927693586,-0.446332739724189,-1.27116991713201,-0.243640300004456,-0.00829079249830003,0.458073983381345,-0.470368919642658,-0.0708128865380507,0.917549877417985,-0.40333377699539,0.612081107464283,0.0432792025320373,0.262434660616511,-0.119307036825355,0.369451442546338,0.607569610839424,-0.0535511603680924,0.787086898689833,0.4489144890639,0.0553332631598881,-0.785244320537376,0.273888529087278,0.197303225803918,0.198430988637416,0.0843569996813016,-0.342101854874639,-0.218102749603657,0.046248505988228,-0.144221188015754,0.288523109551165,-0.212698813884004,-0.332163302852,0.00160079639546037,-0.148245316711698,-0.122092730163757,0.29375141489272,-0.24713142237021,-0.108559433181638,0.0629938865100721,-0.275364570627341,0.0291127751749281,0.0634017235855336,0.0481118232126067,-0.0292840950882478,0.0438335820260915,-0.0184696579978808,-0.0735453831752653,0.0326591997470391,-0.0228359046103913,0.0243497224549745,"Bats EF-E2"
"GU644677",-3.5288806504758,-1.41726019361765,-3.56583712814731,4.46713746209502,0.596546088939762,1.10174854644516,1.03878723544895,-1.1252653351488,0.233724370007743,1.88045251119394,-0.217458556787586,-0.950751753402032,-0.185817968990576,-0.228450541760036,-0.214165093322678,-0.129523989632825,0.349033761371629,-0.00722819684154533,0.316769301221703,0.588483368396788,0.521104004229411,0.15821563278472,0.0618808879599125,-0.130280193014638,0.818130275069654,0.1081299389223,0.147407152047956,-0.170191561181004,-0.500738770222319,-0.735157824781763,0.335699656486371,0.174191477212258,-0.414219546198499,-0.162408633964405,-0.165985485811773,-0.210235462830463,0.101166715936104,-0.119416604764154,0.0800835417820228,-0.0723647920127497,-0.207830936041866,-0.155712659325939,-0.0743502605738396,-0.0597764561544365,0.148712311214354,-0.133379432375823,-0.0346274713756984,-0.150856626872688,-0.15638809354164,-0.0111125274580981,0.0225426010386654,0.0403023466046369,0.0160628134979953,0.0142904510496568,-0.00153414538180662,-0.0423778268156085,0.0187686238366066,0.00511155245397171,0.0265379790168195,"Bats EF-E2"
"GU644684",-3.96345584333695,-0.724820327564388,-4.35490290395047,5.78421010785138,1.17379862745327,0.965998958544589,0.0601319667934271,-0.185817168225336,0.396605784947294,-0.283220807903714,0.0626446239251135,-0.140398483289846,-0.0865630697260047,-0.0177691221174236,-0.094302785165031,-0.097300301903859,0.0669135206075022,0.442421301594599,-0.688988892596791,-0.31807458810173,0.337146564414871,-0.212823883880793,-0.15445804378215,-0.778456889306413,-0.0600650587313078,-0.121017243510007,-0.0288201246820064,-0.0794486011202999,-0.0441710753761555,0.0429895502232166,0.0130087952748913,0.303904259494342,0.242912794391269,-0.279339591712183,-0.00350252266231272,-0.0734899348579334,0.140700139773614,-0.107488060560831,-0.280107197286134,0.135231851301213,-0.0790128063427394,0.112704571649059,0.111964397124503,0.0241816390865794,0.0386300430039541,-0.0906652311748911,0.0808350600100516,0.103277443994621,0.0433665624995645,-0.0204688227174506,0.0666937397778385,0.017980888045544,-0.0326389104577044,0.00994371779553175,0.00888551918999523,-0.0524164396058815,0.00355373069037119,0.015225495178489,-0.0281744235844827,"Bats EF-E2"
"GU644689",-3.96696967939921,-0.794576914978593,-4.20378284649114,5.88354386374622,1.00031834012214,1.14072524753381,0.209803649237344,0.117003548831092,0.642291624813694,-0.215488069648062,-0.0215024416170989,-0.096977800809309,-0.252798110337534,0.122277216997998,0.119372958796746,0.0551471450909432,-0.0529781156889576,0.639654391114775,-0.888323558442594,-0.336315520026777,0.260541068566433,0.131641467658178,-0.111515253554584,-0.83717534084767,-0.364426087286882,-0.383625765574216,-0.177350583194799,-0.00748406698085398,-0.00585744976312224,-0.0311021444501198,-0.0884626593208224,0.0562379653168485,0.349180560962543,-0.326215641257095,-0.0931089315520592,0.0578755009057939,0.0274631531562485,-0.263674394356342,-0.352858461131783,0.131022576470923,0.119640947035732,0.134609406776021,0.0531797060066418,0.0548139102502247,-0.101563572825783,-0.0814852420848735,0.26000795600277,0.0549924707222012,-0.0663108958190676,-0.0606549251071546,0.099965462282665,0.0365962207572276,-0.041046587781269,-0.023282449259966,0.00806392546570127,-0.0235391675098571,0.00381091233025132,0.0106188513964727,-0.0221983532468508,"Bats EF-E2"
"GU644690",-3.83443057304663,-0.832943622735947,-4.377055515448,5.92794295149734,1.14543369060167,0.882247053682734,0.155480051929886,-0.199861147628629,0.417831379531864,-0.23308945592451,0.0697501568479963,-0.124519507989789,-0.140688414402317,-0.0521398007263076,-0.0517596681183711,-0.0436504871324884,-0.00509121910165824,0.460974070499352,-0.791067476744829,-0.443589324353116,0.253364602045379,-0.0857044108257613,-0.0533537667447784,-0.694414376306892,-0.237735160865629,-0.334834721156736,-0.127897224831974,0.0568640938586028,0.0319518914853645,0.0315028884771761,-0.108436867797619,0.191581487401384,0.283186098461353,-0.294925671117816,-0.122461818499537,-0.0538350004131542,-0.0343573377227859,-0.303105292079979,-0.295286733141562,0.170242044877844,0.109017688497068,0.134424154175788,0.017786705386125,0.0739366148581152,-0.0935528405832588,-0.0530176305068963,0.27660322873612,0.0602897709368902,-0.0493048598221864,-0.0658581047705707,0.0947631258617816,0.039889502002747,-0.0458328604498613,-0.0140450030943985,0.0099147429593333,-0.00404221654631818,0.00512364511278624,0.0121974427198662,-0.0210218297522983,"Bats EF-E2"
"GU644695",-3.92068407149003,-1.27602790812932,-4.24817039831478,5.83796799772375,0.675860956265409,0.94526609296113,-0.211686856392235,-0.215547546469211,0.337352878340065,0.33455780857991,0.232212483044503,-0.209549813137619,-0.650233185442384,0.00532591957619796,-0.000108420229420235,-0.278152759887829,0.0571900201560738,0.293174227049272,-0.596615001802019,-0.608455975064623,0.068407889606992,-0.0147255410094079,-0.122327782674554,-0.635485763483078,-0.166843113472053,-0.00379812253380584,-0.0454027741923878,0.0886750038781019,0.0672810162950038,0.181818459340651,-0.116275120036537,0.102648186752522,0.252322191249155,-0.161596809396912,-0.145793180033994,-0.0382252002350145,0.0238607125896394,-0.460809911775565,-0.155913595371912,0.221289648349416,0.153313459429323,0.145680283672996,-0.0184596983206806,0.00608356839535798,-0.0977589071927997,-0.0462363498320071,0.25078314445326,0.0459823398867989,-0.0146344099565718,-0.0807220463063654,0.101942039882278,0.036293651148756,-0.0357622737860787,-0.0197255559852002,0.0217169467162923,0.014069691023954,0.0172907700711346,0.0102230941483316,-0.0247318228749152,"Bats EF-E2"
"AF351845",-3.79967464209078,1.72085730170183,1.90285683003468,2.48176397620653,-3.04114116791845,-5.79172270053212,0.342053947625344,0.358197791327081,-0.0282203732801285,-0.125861788514813,1.16511829380831,1.2536046433761,0.424501113513873,0.731506855802835,-0.106857787987403,-0.176177069078557,0.4466023858019,-0.0015972899117396,0.0350615048171978,0.376300272809283,-0.237347368235416,0.721775183251092,0.0983824832068428,-0.582716295434764,0.017755507471311,-0.408990572616089,-0.277488869499964,0.314261397089629,-0.227991298939901,0.559167563862334,-0.065734911077276,-0.020877072336009,0.325944758363308,-0.0945549958074883,-0.0272999518028193,-0.31013749050435,-0.141705063442509,-0.0409520036757676,-0.173468691708933,-0.116975618313287,0.0456091395077143,0.0461053540475468,0.0641661236856265,-0.124805035085734,0.104192412170577,-0.0332173467253656,0.0102154581892814,0.133803199840282,0.0458927667173869,0.0828181767102191,-0.0104603337741936,-0.00883564831147117,-0.00438244442183908,0.00334666689115598,-0.0110565629713057,-0.00446631181378817,-0.0256579067614345,0.0148308127325574,0.00962321425352834,"Bats LC"
"AF351846",-3.4565526370285,1.60369477911242,1.30314856627942,2.18720716005271,-2.71923569011435,-5.69089815873378,0.602334986028123,1.19497078401758,0.325936136080328,0.120075785438033,-0.0519490065749599,0.791125193086085,0.109102031845195,0.16459410777867,0.0412438892881316,0.328085641279453,0.0758965428499021,-0.230456809537303,0.745499901409055,-0.111213551731609,-0.373742383656687,0.391631339821104,0.448630125088205,-0.107411923335082,-0.501629391252376,0.0234374614653622,-0.0665479788126597,0.437269296268276,0.0680022830807413,0.0407754950812689,0.193359274996145,0.178741317629183,-0.14637310340053,0.170796243276382,-0.28431968265262,-0.222174099073115,0.0236995406259755,0.337517157872163,0.312251269051785,-0.269470565576666,-0.243403300607966,0.00479030041635243,0.271395723300089,0.0636059199975709,0.0297586495757235,-0.0284375404966454,0.0616537598869153,0.144169476149073,-0.117926459340563,-0.191323766739064,0.0242554745630481,0.0439879554883759,-0.0198763681349225,-0.0119264288750657,0.0124741527290703,-0.0313605450015049,0.0526895384456285,-0.0194630486446251,-0.0383953459782447,"Bats LC"
"AF351858",-2.87160929987903,2.06966338798354,1.89554883985723,2.54807177646992,-1.92893061863899,-7.0493806897675,0.269105408336273,0.876181826395606,0.411092481569252,0.845307604881684,0.356260618401126,0.333577007220459,0.607394920754885,0.0234952126151447,0.0843908872130864,0.216330568880877,0.383663235104228,-0.00268573342765986,0.214545629877506,0.454516940401092,-0.694854954023955,0.265151383254688,-0.467395499123091,0.0150575579066975,-1.20386207311237,-0.753379528447105,-0.0131755572541121,-0.0409640898157877,0.726027817435692,-0.598274325837197,0.0704793205433232,-0.236764517729154,-0.65035658690462,0.657488713130174,-0.220751330766635,0.426982418812439,0.174678759894722,-0.266162579881983,0.252860811078723,0.271052733480008,-0.0789994234857259,-0.587258462289068,0.000583088154834106,0.0556061282199091,0.00728453483970094,-0.167291224754794,-0.00431974797565674,-0.128868395733939,-0.356690215116624,0.322269735978725,-0.32081398755451,0.16236425105139,-0.0917525696977003,-0.0265472286227072,-0.0826995926757838,0.127318569244003,-0.0807878554844204,-0.0819822524714827,-0.0127785526189484,"Bats LC"
"AF394883",-2.99265166847812,1.27843305448028,1.94220058464477,2.49676770298606,-2.93767308578313,-5.89906970375132,0.987855715785328,0.486005503298951,1.33662203164502,0.608042802217333,-0.130557506162105,0.789005086277933,0.589638525865259,0.333194300151944,-0.666756264630029,0.0474900018833827,-0.756917458830008,-1.02192674020013,0.446090248659503,0.274178688114523,-0.577288795576918,0.0198184332121585,-0.18009136464532,-0.464128297667369,-0.456543432806035,-0.330252893327749,-0.155640355659345,-0.122817500463562,-0.148651955079535,0.160982241147648,-0.12761248749602,-0.131235607112388,0.329575045294761,0.402777814895854,0.31037750694262,0.115381208808668,-0.19439405805575,-0.235255193164933,-0.427902808621493,-0.165430752420977,0.0841185717618468,-0.407266340613461,-0.0395330087745694,0.139498695419986,-0.0747216460539848,-0.0078657157439797,0.122061013391795,-0.129920052619953,0.1059542264955,0.0328457449601338,0.0639954014727793,-0.026679071624982,0.0213185889193455,-0.00846844204502018,-0.0192589442304473,-0.0212277200914008,0.0217565952342522,-0.00703746753533933,-0.0065687028482195,"Bats LC"
"AF394884",-2.66529310059333,1.39922157529794,2.3624549677589,2.53861817938798,-3.05588512671343,-5.63046326351109,0.767820595149295,0.337549142290775,1.11598091891319,0.71906374319226,-0.157800254322117,0.94850215325137,0.328702675341643,0.415573827595011,-0.686776808680655,0.335975503919599,-0.608186230113525,-0.602877840999647,0.176247662561237,0.220593790031819,-0.608884392418976,-0.023679741745072,-0.0572241142455497,0.160361663621344,-0.0763358265485256,-0.546251773913156,-0.282441754357992,0.143188960661571,0.0712665093399204,0.260559545385351,-0.30609663131939,0.437166946003286,0.298987211826689,-0.376321725989375,-0.00646486741046146,0.53918299112932,-0.072884750005159,0.100442805163417,-0.328485053575601,-0.108722188310446,-0.106937373652339,-0.134565170220707,-0.215790595052626,-0.00241430939527468,0.0788791008130419,-0.135838433151239,-0.0549904740583582,-0.047656259777372,0.0437782481024311,0.0600106289498756,-0.0149664386549464,-0.0295891492255981,-0.0103038759177326,-0.004188098098507,-0.0131550047891625,-0.0317102798611339,-0.00316524646629771,-0.0128790759140364,-0.000534775456048125,"Bats LC"
"GU644712",-3.52371656689077,1.85210513473296,1.68525725760932,2.03693686731794,-2.63512071009687,-5.95732529928987,0.593390802284049,1.26568950268761,0.328716569167218,0.46662261698752,0.106298740648429,1.37245710367358,0.181969237805212,0.125157455237057,-0.173512044073101,0.416893844711733,0.538911006583016,0.318833583243613,0.691329958243365,0.0716137292175278,-0.0363567042246047,-0.0559455343401402,-0.0168297012556623,-0.170403509404082,0.240232318313584,0.177605456266493,-0.102421273324369,0.0802099840746953,-0.1284375984474,0.0725277208175693,0.10228932509473,0.080528305565075,0.160956671154202,0.135101104289215,-0.0313393801271947,-0.192587851038596,0.051977290484727,-0.101854969298331,0.106442384056889,-0.0366169908307247,-0.0518124125893047,0.118648076761583,0.133822257334565,-0.136590224150113,0.0833888663403607,-0.0472286380052533,-0.0170917608141021,0.0587691677303901,0.0277017724664113,0.0109787705828501,0.0403286564003178,-0.0253621276665645,-0.0286154774423323,0.00561014868694595,-0.00392311271946443,-0.00568637496296833,0.00167149288611139,-0.00488539546460628,0.00995731451786689,"Bats LC"
"GU644713",-3.18485169092842,2.39432411018408,1.62800614982975,1.11224223002099,-2.92604047378079,-5.64357676546767,0.487432163590853,0.991953170192628,0.83945440770869,0.878724639709887,0.262472460635369,0.978118104721973,-0.266057211064864,0.327769236537903,-1.03121317557039,0.582719083682402,-0.0621313110934013,0.444198051537165,1.50645160969117,-0.932366089180478,0.250485168216395,-0.00986506477950851,-0.131183512107209,0.0778739993458224,0.0999358221381459,0.242388547550546,0.332413982680632,-0.213804961014934,-0.355132486437014,-0.26650869455885,-0.00258153558313696,0.100497484606135,0.0239047389730713,-0.0719433736952377,0.738179804829468,-0.209571261563821,0.0263508079054205,0.25804954417739,0.232692040937314,-0.196442203519517,-0.209310034868799,-0.0716880952812026,0.207587600411702,0.0581918523217249,0.0701856397855045,0.0701919081042164,-0.0446660151585622,0.0714632668509108,-0.0940879305218677,0.0165224458202318,0.0908180051034864,0.0830605678936234,-0.058705558782808,0.00187816100506724,0.046831578052248,0.00194383033489685,0.00711411029981833,0.00484702657472298,0.01446622467823,"Bats LC"
"GU644714",-3.05517365905939,2.02805341916442,1.87897583414368,2.50187486391798,-2.41668111332142,-6.40773035410161,0.758151520842366,1.50054567742353,0.34693916257229,-0.0352516396989643,-0.0957607592679698,1.17078571563874,0.258131240089373,-0.099830889452489,-0.408557211799301,0.39809850153605,-0.362762435527081,0.34108403785841,0.862473616358968,-0.260762673918902,-0.0560707697677408,0.243190109801799,0.0475632602890917,-0.149986674569239,-0.309335052755945,-0.093836781811874,0.307988867240563,-0.435203151882283,-0.282385178491407,0.144489489789087,0.197266312393262,0.274483959439157,0.363897008667331,-0.351206218490929,-0.436017311791492,0.153394700389005,0.0998627318792116,-0.2603868506817,-0.0412978731937048,-0.274614826799342,-0.129072752042193,-0.0138921001950617,0.147456358787335,0.101200955453275,-0.0712161575604467,0.14571558753269,-0.142051475403164,0.0652937942919834,0.0266882613469141,-0.0538461232429252,0.0403539070162523,-0.0425000521598926,0.0155345272722245,-0.0143265592922593,-0.0188138468933154,-0.0148721731760288,-0.0101287360950041,0.0142900557840291,0.0104121425164024,"Bats LC"
"GU644715",-3.42623887595053,1.47205520183477,1.63682264981085,2.22552504806086,-3.04823153527145,-5.7217279270779,0.636678983472566,1.10945790496643,0.385240700070359,0.659719625498956,0.179853284978298,1.2579520379707,0.0249448903686441,-0.0525301407192747,-0.0421958796164141,0.24667738642267,0.21464926421881,-0.191989384768283,0.238139052527238,-0.199746748483965,-0.561355827817673,0.218933221159293,-0.251252350418684,-0.0496791878064197,0.028011467931818,0.254955114686917,-0.128198865401068,0.154824601370975,-0.106848418164786,0.359862143384304,0.162025182722472,0.184050726200635,0.131277380451858,0.14211835718234,-0.107437650604164,-0.132616784311806,0.156561076971045,-0.242490245675507,0.229052464712773,0.0742014708445907,0.0576059868808375,0.12137442907774,0.0920736305182389,-0.127179390153394,0.0294333175140068,-0.052246272162773,0.00175429594967272,0.0316247549944821,-0.0111064041567643,0.020117306815595,0.0272920102679427,-0.0135575752601961,-0.000299089499419177,0.0111237824292482,0.0107699146462803,-0.0146930590577561,0.00817692945921399,0.00279889900798584,0.0100392321620585,"Bats LC"
"GU644716",-3.40471376088943,1.72696689669469,1.67941683902792,2.49326755658043,-2.59996308488397,-5.89170973899545,0.837882058737543,1.11930555274174,0.453646438327066,0.316106198922627,0.194497803660959,1.22672039131502,0.286033272845795,-0.135795387090516,-0.133773694830607,0.2680536482948,0.198303708576192,0.114424748226588,0.124248309299578,0.0604606303320756,-0.237192708941501,0.0179037134196293,-0.23800799606463,0.00534368314884527,-0.0137875552197624,-0.0134475032041972,0.000204746926626495,-0.0692570154324469,-0.103046813365506,0.328103687274038,0.151735691952776,0.0237159220543193,0.218542776023395,-0.000647409130043103,-0.0321801883707873,0.00432310889686319,0.287277778003553,0.104820848646462,0.124330545958247,0.012846611376404,0.162640624838318,0.0708796097380913,-0.000864996535771968,0.0798102079790474,-0.053301901047277,-0.00400842003658063,0.219125246621656,-0.0186510263007847,-0.0736031267460744,-0.016995775779247,0.0849473626713091,0.0401518238786658,-0.0122100932634255,-0.0280771977625636,-0.00379879080898425,0.0189382331920376,0.000203966753244672,-0.00340756082190606,0.0193720102425465,"Bats LC"
"GU644717",-3.22491585585643,1.77540466963695,1.580425450205,2.87518581328399,-2.99200327798898,-5.73845734664109,0.46771812904815,1.13419336941381,0.669850321887399,0.470780142233972,-0.238205555011624,1.54143677986098,0.340119496597265,0.278909586277083,-0.173592184085396,0.0814765890775793,0.13384756039204,0.237419807156597,0.575203244110754,-0.246493596479463,-0.502498648398623,-0.213708615396911,-0.164970814476307,0.0959074825839487,0.30698590587238,-0.268421216244959,-0.285824706212101,0.181224406212552,-0.191582115867543,0.334495863714697,0.0584785160809882,0.194710111060362,0.290999275785165,-0.292129427703424,-0.162709637925347,0.157823994022879,0.0275036178792931,0.0673135288572424,0.205769841768548,0.0953895230469914,-0.0976140668218253,0.151358109795468,0.00636943712108514,-0.118936317355423,-0.0158143050084928,-0.0458949695995524,-0.161986916620363,-0.0179343347633638,0.0480061514055875,0.0158604718417167,-0.0184521865319007,-0.0231658103376673,-0.00290534844250426,-0.0178367305949455,-0.0160727118897217,0.0246064904934237,-0.00694804184319808,0.00501304237057165,0.00937039204122984,"Bats LC"
"GU644718",-3.07166837966793,1.92121023911805,1.93414271796846,1.91853626320883,-3.30759545748447,-5.9543565314279,0.577295001114274,1.31946251124774,-0.15890675048837,0.993793980960265,-0.194111903241194,1.11010353912352,0.291593504973358,0.448966644400427,-0.287854034969215,0.346069828107193,-0.0200189296257619,-1.09436002315794,0.299781673488984,0.481753624209147,-0.89748869397139,0.0777752994348958,-0.131832072634605,-0.384921178535117,-0.194164264933687,0.465058845518216,-0.292139629523282,0.745179696636527,-0.313819944847116,0.114800936135508,0.149229020419403,-0.0823739950428559,0.245280742774925,-0.102651983366132,-0.346535615022966,-0.0159525817378777,-0.0722750292164996,0.0424371238934854,0.0714943300028476,0.0837903939081629,0.0400676506124886,0.249452032411306,-0.189794598943166,-0.0127693505917191,0.0373695099643321,-0.00236357388941526,-0.0173642638196938,0.0404304918140601,-0.0148216966629105,-0.0495790587332702,0.047415759463244,-0.0103595961335377,-0.0252684665961692,0.0187816929850602,0.0378720843892454,0.000359153671247703,-0.00254309923567581,0.00168453284345256,0.00897449669736933,"Bats LC"
"GU644719",-3.20791593751239,1.82545989383547,1.74103836336982,2.80741023249187,-2.39299492560266,-6.00650335802634,0.440074365335607,1.3846505274969,0.249237841710659,0.529807332104507,0.238911252568409,0.664896278448981,0.4136096017731,-0.766553604981051,-0.738468858712692,0.33507311735975,-0.131895956235701,-0.146052393156081,0.559596831895169,-0.777636048146745,-0.0100862953654376,-0.15797396975754,-0.387762513375175,-0.0118672573926635,0.134344249474649,-0.0360772953584138,0.404882695903497,0.0528105479531584,0.13773180738048,0.0468983474827383,-0.0333830290901677,0.119889589791509,0.354187589549252,0.191305050958006,-0.00797497341941675,-0.178084351749564,0.120790104783544,-0.211940850556226,0.289743324525484,0.0214499891851671,0.132756333592562,0.00130890399114848,0.0523215798320656,-0.0300583230805679,0.0419998352394778,-0.00992090648718423,-0.0467681649553515,0.0404179851847994,0.0672890614951756,0.0586076478314563,0.0347391557428653,-0.00728359318547235,-0.0265662042611188,0.0102481016414156,0.012424744170734,-0.00716873280881166,0.010992774480195,0.00152902458185751,0.0144940854798245,"Bats LC"
"GU644720",-2.8530672642279,2.16766461520054,2.07647017715925,2.11185797313146,-2.57363108531654,-5.92738361683227,0.665768737109473,0.911602995990051,0.928505814245384,0.384101754948451,-0.160243357305484,0.357007436407556,-0.338361037440912,0.685698901434948,-0.978460700939747,0.401986874957159,-0.597080556535301,0.0334857650606924,1.42902894441501,-0.728369383155363,0.295854980802438,0.0484474018166263,0.0853689275634095,0.0481972494677284,-0.339536204737796,-0.145817966907376,0.0252515407729354,-0.0794779446517499,-0.126824010162616,-0.206277098954909,0.0449137351899412,0.128261879477724,0.305419808554738,-0.0776525561369693,-0.0545457423588284,-0.0157487439224599,-0.0015060444132366,0.0277238803112475,0.036317186211768,-0.098216473160421,0.184416895707952,-0.138046221493308,0.0191172962840079,-0.0592320905498775,0.062323730185476,0.0874003993510526,-0.0822285979640669,0.0142390224907945,0.0395738496339311,0.0531335375901412,0.0708030753893309,-0.0268640840265977,-0.0282462006363569,-0.0405517901866102,0.0156639711872691,-0.00222934961373474,-0.00969716818089934,0.00203056284694002,0.00724118273699079,"Bats LC"
"GU644721",-3.31123999748738,1.69965569935894,1.37518168935939,2.3639181260721,-2.359331024398,-5.68639569898105,0.773891855903266,0.982254718369836,0.458288569211789,0.183327073084564,-0.0108906176809564,1.35049272255658,0.264132115731409,0.250460817987346,-0.148909964910024,0.243432818630987,0.368513127620807,0.0264912741307925,0.312059622727735,0.0743436458178051,-0.339730614103192,0.178729862544868,-0.423021225816687,-0.120311590071842,0.065194188906357,0.446961208122823,0.381521195286982,-0.072606282565992,-0.31138933224057,-0.0304843908533937,0.128412475627723,0.0149470355093747,0.269939255453122,-0.0288327729682474,0.125768064040002,-0.00882728532872131,-0.0511789766971972,0.149204889045604,0.0740671464927942,-0.106141411332876,-0.0531502702747731,0.123644145585902,0.0801584050432739,-0.104322104578192,0.0789698247383055,-0.0181654722964406,0.0425078618984583,0.0483766572728587,-0.00576940898532588,0.0207863795292822,0.0488906908769711,0.00209740365584131,-0.0333595444023154,0.015104173747652,-0.00869932683831915,-0.0283764798628598,-0.00139942550286168,-0.00969913598614322,0.00942992155648487,"Bats LC"
"JQ685947",-3.7379157423379,1.27201871995868,1.72448328722506,2.28118569279131,-2.79321554879793,-5.99946328489376,0.742876818135463,0.752165361707835,0.698084075354301,0.169621229664569,0.35525777333162,1.46856495880432,0.15510689188084,0.222641719703404,0.263550171496935,-0.19584148046137,0.447785191514,0.0304575907331179,0.119956812399935,0.538443469670019,-0.460699711612646,-0.149711609119898,0.282056936095311,-0.117572131217899,-0.194536825710245,-0.119183773927288,-0.263777384712721,0.310367967440283,-0.198745094085398,0.350419740122099,0.0568163770291682,0.415011064238156,0.20366640895472,0.0986579741498399,-0.00458770719168498,0.0735182556155992,-0.20419535520981,-0.0478356500177223,-0.280460469011329,-0.107207078117202,-0.102540784385888,-0.0663599778852412,-0.0701125898696355,-0.0754346527605329,0.135905847334397,-0.103093147934325,0.044364074969363,0.0534829032289064,0.0587738770685872,0.0433928655865577,0.0201345946222182,-0.0394837396602793,-0.00575465645450626,0.0356439386083094,-0.028167231366596,-0.0124695670995735,-0.000838288945969367,-0.00583254116806991,0.00147955340640971,"Bats LC"
