"","PC1","PC2","PC3","PC4","PC5","PC6","PC7","PC8","PC9","PC10","PC11","PC12","PC13","PC14","PC15","PC16","PC17","PC18","PC19","PC20","PC21","PC22","PC23","PC24","PC25","PC26","PC27","PC28","PC29","PC30","PC31","PC32","PC33","PC34","PC35","PC36","PC37","PC38","PC39","PC40","PC41","PC42","PC43","PC44","PC45","PC46","PC47","PC48","PC49","PC50","PC51","PC52","PC53","PC54","PC55","PC56","PC57","clade"
"AY352488",-2.12385147507532,3.93373112119061,-4.75538804809311,-0.433549489073399,0.0757101642223168,-1.33459580679914,-0.959100708455451,1.8428420901469,-1.28237729325423,2.06600671643587,-1.13303307415465,-1.1655011124269,1.91469982044636,-1.33268302171848,0.102327212038005,0.692088532434834,0.256472395859204,0.844638932703291,0.575538014201874,-0.746554292673682,0.524506802882695,0.0770942995199005,-0.16339849472159,0.280374013009001,-0.0741712926866763,0.291296794783355,0.420607061599639,-0.050983666835893,0.103922025890303,0.0855243566732776,-0.255072648794786,0.245825756739491,-0.209825810127949,0.0216958275657997,-0.206285281882429,0.092723714206302,-0.00311630875700339,0.155868032183819,0.169121078206311,-0.00735513384909472,0.000119405179165979,-0.000120127860651738,-0.000776098661817612,2.57503304891201e-05,-5.20111140463691e-06,-0.000274620187614926,0.000373269365469565,-0.000184294447248068,1.10212359684432e-14,1.80298252534485e-16,-3.95231512410453e-16,-2.24497634637443e-16,1.65434542773871e-16,-2.68924951646606e-16,-3.07061866322948e-16,-1.32153939980759e-16,-5.86250528070327e-16,"Arctic A"
"AY352501",-2.16719389665773,3.24104300613006,-5.32786396857387,-1.70661895663636,0.668106356726293,-0.348710396753757,-0.45642824458752,-0.182108584841258,-0.068197115128691,0.176407084878598,0.246140342672193,0.240972195351784,0.0699188386920008,0.374961643952746,0.0842393021278641,0.459956028134408,0.313747557555904,0.190340906797976,-0.862229735510812,0.166145609609604,-0.450203536619386,-0.482183628367984,-0.503869031267598,-0.00465143651902998,0.334997400911831,-0.748669013617583,0.116508796550455,0.0730690730996637,0.338664835603964,-0.380649531923756,0.0669648503151115,0.0486078231692494,-0.13980937049337,0.248978413085246,-0.00310175355641142,-0.340569811418674,-0.210654384496919,0.0421815610910862,-0.0674661056366036,-0.0527323787812273,0.000434869723148494,0.0020247397484881,0.00109555741363102,0.00100526533291629,-0.00139018393069437,0.000244851127489201,0.000530457117991931,-0.000240484653302879,1.10345722015241e-14,1.68533174954128e-15,-9.73262565566507e-17,2.89406931096584e-17,9.13341953399901e-17,3.17687865775297e-16,-2.23673738593097e-16,4.13875707825733e-16,-5.83745447819586e-16,"Arctic A"
"JN258588",-2.03394179523487,3.6178286239744,-5.80131495862786,-0.913495553892042,0.742180203593308,-1.01947752318975,-0.342206344446885,-0.17741307770399,0.929139421122168,-0.352114419218808,0.0631583430015111,0.985963248228654,-0.535441811807859,-0.092404279590309,-0.487533103038917,-0.128160848726724,-0.100375371482865,0.289422840496883,-0.0820891071510413,0.099957585329305,0.124473522841303,0.234820423243003,-0.170971420215091,0.466719428206735,0.069226009852505,-0.283295173449756,0.246741724890192,-0.134475253298044,0.0251619902333283,-0.0515953315202199,0.241323156521053,-0.161193094049339,-0.0938203008539761,-0.0915406646064592,-0.00674610526445725,0.266835966239886,0.0402397653747016,-0.118014797407241,0.0156071398603536,-0.0642406898286393,0.000282025063788849,0.000465832701064049,0.00115793213924862,-0.00035991828375145,0.000891977200334733,-0.000347772392698184,-0.000241257407117465,-3.65156851699382e-05,1.06865159907396e-14,1.43086165439443e-15,-3.62048593165681e-16,-4.4338624282159e-16,-2.35505450198333e-16,2.20012647419505e-16,-3.04087790596795e-16,3.82453913032769e-16,-5.7577896779819e-16,"Arctic A"
"JN258592",-2.05108834315053,3.91012629239747,-4.58638556792058,-0.436521285557165,-0.4587552512445,-0.31671751710452,-0.0421452326058565,2.61261200277161,-1.99733007938503,2.23083900696688,-1.13438741297255,-0.768894955020605,1.34765543581067,-1.51660586715298,-0.0157291349147124,0.845357240039654,0.497087881551619,1.08290852690467,0.759021176408164,-0.442041534646193,0.0178634579122412,-0.234285059827675,-0.113652932807302,-0.156829272062594,-0.225553242817771,0.29944879294146,-0.0942799512794563,-0.530437603208385,0.614058225244629,0.43413371666503,-0.332620585076594,-0.191896612413784,-0.302832269497435,-0.0159507981062557,0.166805079691702,0.371526151419433,-0.0858670419458483,-0.405252210730359,-0.159068626583711,-0.0995205783942812,-4.17212997914557e-06,-0.000378060555238007,-0.000586535551014326,-0.000368668717060897,0.000302511169446984,0.000844878083004518,0.000261252992302964,0.00139943993856293,1.12745055959358e-14,6.66020825807991e-16,-5.2707049658469e-16,-3.0776436148433e-16,5.53145239654687e-16,-2.77381728591993e-16,-8.30026784221331e-16,-8.08696095611714e-16,-8.79418795510407e-16,"Arctic A"
"JX987747",-2.09889899502959,3.75062311172712,-4.86984884364144,-0.362529304045932,0.14688662940921,-1.35170108940345,-0.762072687328304,1.81845535908241,-1.17812202902826,2.0174830852121,-1.03162779121891,-1.34169417550703,2.00646516875608,-1.39981323144158,0.258137014504831,0.648729890351554,0.362523801684267,0.788210185917236,0.547640146590693,-0.740893019468438,0.605443098305147,-0.0397901117562433,-0.166927334202715,0.221033128644587,-0.021594119059138,0.491946839167747,0.208660901501961,-0.162006804686864,-0.0107866247607791,0.104574870761498,-0.205906837817322,0.304027862628268,-0.249560846547687,-0.0500711291773878,-0.200733926246254,0.122596250653874,0.0510832885902317,0.16900285402163,0.125353512398262,-0.0100136674858853,5.76073582005981e-05,-0.000132855663616534,-0.000810017456136522,-9.65520087551423e-05,-7.75205396442347e-05,-0.000448259784377458,0.000354167823920238,-0.000200033504702735,1.09102136659807e-14,-9.72575036218044e-17,-2.28698058716679e-16,-2.80008785868701e-16,2.20945694005129e-16,-3.79947254109122e-16,-3.07061866322948e-16,-2.43176242443275e-16,-5.86250528070327e-16,"Arctic A"
"KU198460",-2.07394651498386,3.56751510226363,-4.98430963918977,-0.291509119018464,0.218063094596103,-1.36880637200775,-0.565044666201156,1.79406862801792,-1.07386676480228,1.96895945398832,-0.930222508283174,-1.51788723858716,2.09823051706581,-1.46694344116468,0.413946816971657,0.605371248268275,0.468575207509331,0.731781439131182,0.519742278979512,-0.735231746263194,0.686379393727599,-0.156674523032388,-0.17045617368384,0.161692244280174,0.0309830545684003,0.69259688355214,-0.00328525859571674,-0.273029942537835,-0.125495275411861,0.123625384849719,-0.156741026839858,0.362229968517045,-0.289295882967424,-0.121838085920576,-0.195182570610079,0.152468787101446,0.105282885937467,0.182137675859441,0.0815859465902124,-0.0126722011226757,-4.19046276478323e-06,-0.00014558346658133,-0.000843936250455543,-0.000218854347999183,-0.000149839967883721,-0.0006218993811401,0.000335066282370912,-0.000215772562157401,1.09102136659807e-14,6.92759500719691e-17,-6.21646050229066e-17,-3.35519937099959e-16,2.76456845236387e-16,-3.79947254109122e-16,-3.07061866322948e-16,-2.43176242443275e-16,-5.86250528070327e-16,"Arctic A"
"KU198462",-1.51292374560721,3.56322603324785,-2.49489832205815,-1.24913688898675,0.66531564953323,-1.60078356938399,-1.03633291378605,0.766384947493887,0.185148061267847,1.53323269727978,-0.677924544872013,0.0767341776152558,1.45338956522558,-0.403139037316878,0.464657333675901,0.00104649855536517,0.823246193359456,0.300469770582265,-0.553827827572167,-0.156611356360295,-0.877034399162416,0.286947729219086,0.0693350845296262,-1.06229634649765,-0.451989613170497,0.111167603603307,0.510706548716001,1.34730882716771,0.340367460780651,-0.606875729488186,0.12988642486496,0.790062396500963,-0.663455983188397,0.28495133092327,-0.0881736414358223,0.00232204364798257,-0.0843692808017501,0.271819642398253,0.491223579683445,0.131390019792319,-0.00416202020024161,0.00265076748455379,-0.00205717148984174,-0.000909843932213995,-0.0006352331160356,-0.000754453708208,-0.000207643917664288,0.000666168261255973,1.07312731676139e-14,-6.08903958796606e-16,-2.22987639134055e-16,-1.44668262429258e-17,-1.25729823067494e-16,-3.90795483108173e-16,-1.23807885582822e-15,9.36481880375948e-16,-1.07781948415448e-15,"Arctic A"
"KU198464",-2.14989010037178,3.7177217334747,-4.79930395329203,-0.377362374156669,0.058329881920824,-1.33263647942536,-0.941390812663413,1.81207939097824,-1.41981895352879,2.32304658681201,-1.02648785056066,-1.2364433422516,1.90871288656754,-1.41779683168779,0.0625585411576657,0.7020149172693,0.268286995280245,0.845936356338864,0.669868875615916,-0.744790140433983,0.472162864803616,-0.0798614124207868,0.064423996775039,0.274003069663007,-0.0796056872220247,0.0889748892938984,0.414989231211126,-0.178522663426395,0.219785376911193,0.283079295666277,-0.144843303640486,0.167889403381529,-0.139487367370549,0.101120358210016,-0.123549438586663,-0.0581521668141234,-0.196367088410907,0.297190914088564,0.228145545284832,0.0874035395131008,9.87357554562723e-05,-0.000122116986293048,-0.000644108451313472,-7.10147005124133e-05,1.25000843635198e-06,-0.000377215812731312,0.000439414817092266,-0.000162844217804958,1.12432805733682e-14,2.35809403765743e-16,-3.39720361179195e-16,-1.68986483406185e-16,5.44122403113552e-17,-1.5790264918409e-16,-8.50172613979165e-17,-2.43176242443275e-16,-5.86250528070327e-16,"Arctic A"
"KU198466",-1.96661828038487,3.52418241936977,-5.10942286197902,-1.17805636906855,0.702678293724141,-0.34552996424131,-0.582023927995172,-0.077338583262319,0.450227886798756,-0.367427179082201,0.021369958929174,-0.144000814282309,0.250791197240712,0.171404619194353,0.262991359424289,0.19118529418138,0.0567577467599159,-0.377973021075511,-0.416480185261035,0.287536466164201,0.0639386059797321,0.0921754308535033,0.16590039293899,-0.0294192495113789,0.12994744658047,-0.143562673388295,-0.00159642788084157,-0.0517112664449054,-0.284720945738867,-0.00660365678759505,0.16020735852359,-0.045424139651355,0.0132092021211726,0.171993099797789,0.034322413504738,0.389901139199678,0.202999278084316,-0.202578609472192,0.145043275857011,-0.293161209300003,0.000194618959341095,-0.000885405928944282,0.000900403086965998,0.00102672857218835,-0.000454027485219176,-0.000581677173187793,-0.00070311371547293,-0.000331235123071113,1.071206978248e-14,9.74276421960458e-16,-1.70654657263949e-16,-4.36155964924861e-16,-3.70744008972273e-16,9.77422680465821e-17,-1.3492241543474e-16,8.47320455429703e-16,-4.03887237625837e-16,"Arctic A"
"KU198467",-2.17647688976554,3.57525438769277,-5.74827571762906,-1.06604966160338,0.968121211763685,-0.946203969610812,-0.170777882180517,-0.736657787838719,0.303117643976102,-0.491956881577904,-0.220578302237057,0.0635875368202529,-0.547553700649796,-0.196269881672688,-0.27965880167946,-0.222541045882937,0.15098980733156,-0.66990702862238,0.0286351983394719,0.117019265662277,0.227021584976196,0.395632389436301,0.00129730918062488,0.407375379301618,0.0648835587995769,0.283323807637078,0.0398845680550644,0.0993493742252276,0.0104632064283978,-0.165142696870914,0.0313931564533659,-0.0862595780872984,0.0112097128827434,-0.237252312400654,0.0349083086536569,0.111574471024549,-0.0974246158160177,0.00983291254665158,-0.072138272462616,0.0362510585669147,0.000380617763472148,6.52514861363375e-05,-0.00118704021228736,-0.000130349333358894,0.000316919297139558,-0.000132929847520074,-0.000290916662342952,-7.90847230271166e-05,1.08218244218658e-14,9.04373079435469e-16,-2.23270715087537e-16,-4.98897394052848e-16,-9.58602103822003e-17,6.21528111056152e-17,-1.14243990194583e-16,6.11437411861708e-16,-3.38121851589368e-16,"Arctic A"
"KU198472",-1.53266116020417,3.44020747068732,-5.54511049489801,-0.760640206770589,1.07250650579689,-0.255850859084054,0.698549647681999,0.14679795233394,0.317239696823191,-0.869469091135633,-0.441462595670971,0.45785568538914,-0.947527378839684,-0.15895737433109,0.414906344690042,-0.212080833302574,-0.531596793413148,-0.168196982997957,0.175609921931204,0.0961619068874833,-0.0739494736916013,0.411971050286295,0.215409789768413,0.062512869949146,-0.0301892047733925,0.195622237079921,0.121216686701185,-0.0370249203002992,0.217834896318473,0.0885637460137303,-0.147763781300878,-0.0137943460235587,0.169234134816236,-0.0334920009406499,0.136497348073545,0.0530623029660925,0.00138660007255823,-0.115647872365896,-0.00695568223518587,0.0816241284748307,0.000112265178763811,5.59902187637794e-05,-0.000980867776530338,0.00226636988700704,-0.0016352679682643,-0.000468517469885377,-0.000628096095870686,-8.18049239168775e-05,1.09952967694635e-14,9.3126129331311e-16,-3.34293017550052e-16,-8.31964301440395e-16,-1.47034552923516e-16,8.15890161417538e-16,4.70954132404468e-16,7.1899026737227e-16,-3.88820519833655e-17,"Arctic A"
"KU198476",-2.36995674052618,3.54975854650122,-5.65534695594756,-0.720949497754483,0.739338308702286,-0.970272103785139,-0.571901419594195,0.0565812764268742,0.571804930425445,-0.991762469294368,-0.15003617864936,0.402247313886219,-0.417710735895709,0.200753014221405,-0.61488195210711,-0.309935917504998,-0.370908277606446,-0.194145194124355,0.314746968522617,0.0653323164789378,-0.170302701296724,0.24315317702336,-0.300128733041125,0.285716623884975,0.272538543730729,-0.308100846490331,0.063456358694338,-0.243986147055492,0.0376325608825626,0.00757116278503793,0.0725012808026503,-0.189744243239943,-0.0519816777391798,-0.0515831720179644,-0.139161151539569,0.0973536614783194,-0.179882677995189,-0.148876678312472,0.0266424337088245,0.0164153648894477,-0.000192909059993893,0.000343686867217407,0.00095071409986045,-0.000298419958684711,0.000633559387143402,-1.95822629699225e-05,-0.000181636080910505,-4.20907211910652e-06,1.08461105505295e-14,1.35626854492743e-15,-4.17559744396939e-16,-2.90730576935631e-16,4.20503059579559e-17,2.75523798650762e-16,-4.15110093059311e-16,2.15920459338996e-16,-3.53734362873159e-16,"Arctic A"
"KU198477",-1.51512868584541,3.45135546997531,-5.41853981212821,-0.659512309104223,1.57861952529354,-0.110324682555604,0.4411834428731,-0.320705790582847,-0.449223031043098,-0.49123208753131,0.24699697679681,1.06825142206911,-0.581577009726385,0.00841383213895318,0.264824851367515,-0.204889166676721,-0.753132764787937,-0.193995069240215,0.534086002761377,0.00174912039982829,0.273343792836872,0.616417500266087,-0.35217410704514,-0.69713190135325,-0.410624420861189,0.262921349880656,-0.155023079475588,-0.603755452243865,0.0507719549094456,-0.449192820080094,-0.124394895005676,0.06749968473099,-0.031533482298182,0.0320670651856495,-0.0684844066785922,-0.147228474564402,0.0166083146773261,-0.144223548151836,-0.16682290404983,0.103664239275621,-0.000112481032973707,0.000170179239516312,-0.000865471294539233,-0.000474916430332144,0.000591697133455051,8.72257817756805e-05,1.01543633571429e-05,-0.000130660327686385,1.07732521645385e-14,7.64727839619336e-16,-4.45315320012568e-16,-5.26652969668477e-16,-9.15234016922582e-17,1.49756346642444e-16,-6.94780043451946e-16,3.85923359984723e-16,-9.43932032146233e-17,"Arctic A"
"KU198478",-1.54097302699681,2.93355677457423,-4.71802677850658,-1.845206790305,0.573796283151183,-0.346767883085736,-0.0563184459604352,-0.526266060040278,-0.311998435277562,0.195810452876122,-0.107523092450231,-0.32332205213974,0.626849371914334,0.196906517932495,-0.0604923540016463,0.0155624134148299,-0.0731095254944902,-0.287245380883527,-0.683322569444606,-0.108470326693162,-0.621903479731664,-0.468443277717032,0.0874114353982938,-0.586156757578957,0.647026354903737,-0.318409746199176,0.0731470936155593,0.409502545796853,0.0160869702800096,-0.0172663830204667,0.475966323382662,0.0167862801694072,0.0541778179980132,-0.0523684723012883,0.101647071288894,-0.123695673978047,0.406743015081272,-0.118521278911665,-0.217105776004136,-0.165482338001393,-0.000145857313675833,-0.000702428614417564,0.00108622910804221,0.000667708557799288,-0.000457828663796468,0.000366695552690332,0.000433234757416742,-0.000403165507096297,1.12566168064491e-14,1.62982059831003e-15,4.14516215214939e-17,-1.5147054839193e-16,-1.5846598520067e-16,4.28710168237812e-16,-3.34696041055613e-16,3.58364556594475e-16,-4.7272314535707e-16,"Arctic A"
"KX036361",-2.03242772422367,3.6179422369592,-5.34620507917724,-1.37794858561068,0.606184853626738,-0.211194689260779,-0.642660837675437,-0.10830957442536,0.158208016886438,-0.0721337655477527,0.328130104932429,-0.101676673091407,0.164956382091513,0.136752933622139,0.250902694321138,0.170711838302181,0.167442107228834,-0.20722346389735,-0.337734231142437,0.476191031205953,-0.13853969070863,-0.434796436586396,-0.00645849271701939,-0.265758332158002,0.140867862581761,-0.250880166042713,-0.268536413134896,-0.0492763275724606,-0.151383179649777,0.121723926705751,0.161228767551338,-0.11744755314191,0.0947442113128463,0.116463793817214,0.478255241701008,-0.333064547621898,-0.0799320895818428,-0.0822189651835328,-0.023634064746413,-0.112951636843875,-0.000541274709446626,-0.000602262035615149,0.00144108375917558,0.00124167961366596,-0.000770933165684561,0.000429847179318036,-0.000680068830937846,-0.00013555285278292,1.115615899233e-14,1.41836563181052e-15,-1.70654657263949e-16,-3.25133662462346e-16,-9.31882528159833e-17,3.19786872971613e-16,-1.3492241543474e-16,2.92208943117125e-16,-5.14909540088353e-16,"Arctic A"
"KX036362",-1.99773590872377,3.65807474860553,-5.37119490135557,-1.2668407869497,0.623283464556998,-0.291170891528678,-0.650520314722424,-0.0856943419093154,0.184274899199739,0.0659992246727951,0.275195209959377,-0.199033719022681,0.220304231092946,-0.0795319073706124,0.303597873280424,0.142489427145921,0.0427284539991993,-0.102164546976654,-0.244147412080794,0.396331987505875,-0.214769537008773,-0.323180687625245,0.0324157148692926,-0.158031337174985,0.161993529786453,-0.158705120488972,-0.198054811670052,-0.0481936434261484,-0.140134645643227,0.196144298556516,0.00813521996213964,0.0828631586585588,-0.0164985581668066,0.212674295616442,0.059419136843118,-0.276396639248188,-0.0601948468183126,0.0697970381361459,0.0234440245100445,0.00687741447576402,1.95593598008154e-06,-0.000242992772318728,0.00135443789293733,-0.000193313269337509,-7.36094352983159e-06,0.000725295416535674,-0.000452555206031596,-2.9314475203624e-05,1.115615899233e-14,1.19632102688549e-15,-5.9632354801433e-17,-2.69622511231088e-16,-3.76771015847255e-17,4.30809175434129e-16,-4.67989322822287e-16,2.92208943117125e-16,-6.25931842550869e-16,"Arctic A"
"KX036364",-1.86908407922889,3.14132626370458,-5.42835525824709,-1.20131032138354,0.170395652382226,0.290603907073133,-0.797773565108682,-0.274238017111485,0.318665845196083,-0.202465706989687,0.241607552216296,-0.169599024310643,0.31386042901779,-0.787013226598034,0.640445558848441,0.494971888549452,-0.0841323538351562,0.474844956201649,-0.563669163300365,0.903232443679127,-0.450103449081334,-1.13815417864177,-0.112297315933415,-0.0519013299554403,0.461521865235965,0.373541490303803,-0.251337800469297,-0.103687746923581,-0.161084043120582,-0.124301083766667,0.407642120656774,0.324482178359515,-0.0894540909853356,0.219731481473871,0.0975129651289717,-0.125044695709515,-0.193937518535031,-0.0490656960918144,-0.053789725082714,0.0317118271033594,0.000127055058370359,-0.000514127447086753,-0.00205201427810224,-0.000635184781108896,8.18321858908245e-05,0.000763895457798015,-0.000884047994806563,-7.92842005861111e-05,1.09896255386363e-14,1.41836563181052e-15,1.0690109889234e-16,-1.16966845345129e-16,-6.54326772003544e-17,3.75298024202871e-16,-5.79011625284802e-16,-3.18413720426718e-16,-9.58998749938416e-16,"Arctic A"
"KX036365",-1.9916870396039,3.68361569067556,-5.16214033533465,-1.44257894932404,-0.316189691252784,0.326346782207504,-0.605004041832315,-0.403519010871174,-0.190546195360227,0.712941730695919,0.779320203194266,-0.0166435492316881,-0.398820214470348,-0.68036143847909,0.157059084184868,0.39580134163393,0.595945383467002,0.73629281710855,-0.00817144001965677,0.325331148864705,-0.509683699099536,-1.35883885834377,-0.201867334910569,-0.117534059023219,0.427195473328199,0.147558079280155,-0.14022728768762,-0.152414688939855,-0.157952331258309,0.282555300066259,0.115546366293143,0.127913149665333,0.420116899925349,0.0547003754202473,-0.0704268077160582,0.0831735672256605,0.0908644940529945,-0.0839041308600249,-0.141941897561015,0.108120993642737,-0.000158633336242578,-0.000126387410610864,0.0014345200206278,-0.000310040065475984,0.000730885680090017,-0.000784561777858135,-0.000685638218237855,3.8184309831426e-05,1.14337147484863e-14,1.19632102688549e-15,2.36343720454537e-17,-6.14556941138711e-17,2.67634230187193e-16,4.86320326665387e-16,-4.67989322822287e-16,-3.18413720426718e-16,-6.25931842550869e-16,"Arctic A"
"KX036366",-1.67555135980642,3.51812789587872,-5.07696055808012,-0.98722301261167,1.03753583857599,-0.200901378514826,-1.01422560139186,-0.5387306531159,-0.365965835826662,0.28871413151519,0.722359603452947,0.137117792193769,0.476363142782004,0.0072923562248061,0.397910400126606,0.0408181714964326,-0.578792490885201,-0.0580458463564128,-0.203877631909465,0.282232011654775,0.203104646413192,0.370875155933222,-0.494538049597356,-0.800746848633545,-0.284607055220747,-0.132625713796335,-0.179274208810301,-0.899469320981143,-0.395975624774463,-0.379099324142663,-0.00021710054436182,0.272453511829813,-0.238211013228184,-0.00335838521983317,0.175806044288523,-0.172857573139384,-0.205134591793293,0.0359053513265981,-0.329394284655168,0.347016172027963,-0.000765549910528069,4.59731074702563e-05,0.00190732018218227,-1.803692464356e-05,0.00025265523829077,-0.000404963990190113,-0.000187509281372793,-0.000191137871224897,1.07911409540251e-14,6.88239125079437e-16,-2.921924721124e-16,-3.08246511949887e-16,-2.43619481622847e-17,2.26892099216167e-16,-6.56195426777178e-16,1.52143937854053e-16,-3.31953314460225e-16,"Arctic A"
"KX954123",-1.28141281906127,3.57777497308718,-4.00818140702349,-0.966858566833694,0.151471490413277,-0.796983341986764,-0.366848891884199,2.29317888289912,-1.24826493403009,1.82354659599401,-1.06752602648876,-1.14081919188148,2.08521729889051,-0.367887065643628,-0.824178778438484,0.615466348460872,0.174552758426301,1.25022173266078,-0.105133956851417,-0.420658289618376,-0.482901170848356,0.022766664648754,-0.430479743534855,-0.206788558166978,-1.15944765127198,-0.10116063309448,0.710410021510318,-0.464604458335394,0.517955758393944,0.693233765326674,-0.32155960843815,-0.0611534486190854,-0.292258033712991,0.124353366211866,0.111517760418991,0.356495010387387,0.0827255189174834,-0.472269472856742,-0.0132256216243877,-0.143811929959623,-5.84379810977818e-05,-0.000479347915626418,-0.000664319120334099,0.000775669630197121,-0.000349001600699711,-0.00065051255410942,-0.000147342604828044,0.0010448047949728,1.06331994645513e-14,-4.66047123863796e-16,-1.34539279523154e-15,-1.58746842804812e-16,2.63821018871427e-16,-2.23664742943957e-16,-4.837998011038e-16,-4.90833452381753e-16,-6.51205653456233e-16,"Arctic A"
"LT598537",-2.29340310584126,3.68265679895474,-4.80690503025733,-1.57427777515023,0.828603143042979,-0.652106424502839,-0.582501081410555,0.187174984349738,-0.0167200077887676,0.370557455686655,0.275645958323765,-0.0591259786534199,0.37655291763303,-0.0507134585417504,-0.0457913917663819,0.344354649756839,0.353310950341684,0.0404368311673789,0.0808793758270385,0.122849200131318,-0.0889967923043248,-0.169646325490206,-0.294442070644231,-0.270826354719042,0.249813495145645,-0.624890014574212,-0.089857304265,0.264424439339953,0.127675029401353,0.0493469853370081,-0.249035037953246,-0.086828973810849,-0.0874937419048625,0.162581420166836,-0.0353394302091527,-0.287328368870042,0.00655461869917971,0.103730533324594,0.0609372096068304,-0.0588616704217551,0.000229519386299717,3.02529295848754e-05,0.00136518198606395,-7.46293805495408e-05,-0.000171386507594156,0.000642274090625711,0.000927107272315816,-2.21674889558959e-05,1.12566168064491e-14,1.29675369092248e-15,-9.73262565566507e-17,-1.37592760584115e-16,9.13341953399901e-17,-1.26401344074766e-16,-6.6776294844316e-16,3.02853405363217e-16,-6.39256599050844e-16,"Arctic A"
"LT598538",-1.76232145946494,3.45833276060129,-5.47470443707559,-0.949772111837975,1.14394806390801,-0.352812136669229,0.744528897189839,0.222548295728768,0.201989199679523,-0.834486307287681,-0.333758868330632,0.662609050027149,-0.860627731425208,0.0531489122899562,0.224376387918583,-0.13803307573521,-0.180171077523051,-0.2557308952409,0.264695991824141,0.0531269226633312,0.101211465577567,0.301478738187568,0.242162047916883,-0.0304506397520916,-0.15629516886525,0.102779644738744,-0.0400108701486846,-0.0536023169211998,0.112766594262112,0.0530869678108206,-0.232087239539462,-0.0486803369193046,0.0467448934073539,-0.0781561252194999,-0.0800332986332683,0.0173982352831477,0.0131675422806807,-0.073355752441061,0.000847610246549327,0.0780261136460912,0.000651784627206357,0.000485147516979668,-0.000967363027551128,-0.000563408173754103,0.000417958883330484,-0.000103521449587323,-0.000122826953693275,-6.91025684612683e-05,1.0884274467001e-14,9.3126129331311e-16,-1.67759563856279e-16,-7.48697574593508e-16,-9.15234016922582e-17,2.05267497873702e-16,-3.617131360644e-16,6.07967964909754e-16,-2.05415505677142e-16,"Arctic A"
"LT598539",-2.04242701858923,3.45734135218341,-5.34047099398535,-0.980659708865977,1.01936749810357,-0.861150875932718,0.836812922637305,0.136359817977513,0.215766026168352,-0.781126842155376,-0.0748331601940234,0.966283197505034,-0.834533600674836,-0.010159501031549,0.596886072097775,-0.403826972481121,0.177117880604937,-0.231198896958054,0.392041925940854,0.340152014225361,-0.243657255229947,0.605261355475512,0.180203452624087,-0.0576050816841488,-0.21356976964001,-0.0261603830209834,-0.277073676016166,-0.058554566755899,-0.0177780058433636,0.0409632561130643,-0.742017820019397,-0.0504952687546285,0.33656790098275,0.0639522339238686,-0.329346607093811,-0.0617303162406191,-0.127883369194417,0.015001384434639,-0.091250038616417,0.11764973835845,0.000341977609604001,-0.00103330424837686,-0.000930543561208141,0.00161348339855979,-0.000573067157122052,-0.000209941908853943,-0.00022689470461181,0.000282641022405249,1.0884274467001e-14,9.86772444544368e-16,-1.95515139471908e-16,-9.4298660390291e-16,7.50100520015153e-17,6.49356707723764e-16,2.68649225544053e-17,6.07967964909754e-16,7.21402504791501e-17,"Arctic A"
"LT598540",-2.18850955099238,3.73237930388024,-5.70446790047223,-0.979155415414532,1.13896577827849,-0.900626829686379,-0.491583912923962,-0.0494093744678116,0.593642229917595,-0.62321640803143,-0.177217918051755,0.501297045004073,-0.444180038142962,0.0299855449643963,-0.463227650031239,-0.364946810504592,-0.157529937733497,0.0215733026421043,0.156336668650823,0.339432311786719,-0.0559518330587207,0.386073185753331,0.0376856276363045,0.355244975587219,0.138833969459592,-0.304616420780435,0.0567030644557652,-0.0992705974012719,0.0933992684393649,-0.0943591575551611,0.161641222934818,-0.105997315365095,-0.13061747106613,-0.0805573769730202,-0.0115104974209735,0.195552943234993,-0.0970910289581567,-0.179132821219011,0.0266786788677104,-0.0530427840645437,0.000128364990845863,0.000218104814624041,0.00103157882473124,-0.000256763283208196,0.000622536281270399,-0.000139816098137411,-0.000232143708338037,1.46563498126545e-06,1.06865159907396e-14,1.31983935193191e-15,-2.51026290703166e-16,-4.98897394052848e-16,-2.35505450198333e-16,2.75523798650762e-16,-4.15110093059311e-16,3.82453913032769e-16,-5.7577896779819e-16,"Arctic A"
"LT598541",-1.41630428469101,3.58765832752311,-5.1494840833386,-0.738105546417162,1.5932171792048,0.00279302104871046,0.556781778550296,-0.360993433707529,-0.561695823210551,-0.60243505432159,0.188882494604295,1.09028347238503,-0.219054451026027,0.0552837791823649,0.20007778798027,-0.50276744502396,-0.603796515886027,-0.220245228032568,0.39845538811125,0.165208254588177,0.413553951898443,0.469217587557318,-0.662433757140749,-0.359343092453455,-0.500795992166708,0.296737420526516,-0.0634523723163067,-0.89450458727571,0.208475223641881,-0.189432218934079,-0.17126597993677,0.196345051575653,0.0669848878373069,0.350508780277718,0.104863954077088,-0.106862614451005,0.20401819537803,0.0578040321372153,-0.000457424643567525,0.24125655730348,0.000298711659580812,-0.000292603023125092,-0.000596324970851937,-0.000225895326576679,0.000457307145566989,0.000229459605397343,-0.000141622402403582,3.17869113730401e-06,1.06622298620759e-14,7.64727839619336e-16,-7.78382227400115e-16,-3.60119515974704e-16,1.94989007702574e-17,1.49756346642444e-16,-4.72735438526915e-16,1.63878755059685e-16,-9.43932032146233e-17,"Arctic A"
"LT598543",-1.89486454882069,3.24379665466317,-5.04434047154335,-0.903511869152015,0.108118588624767,-0.588952245541123,-0.463389500822651,-0.412723985490949,0.741811136747361,0.181807664765242,0.0617056255981089,0.480393525767323,0.4488434443234,-0.402887810834376,0.449124319337087,0.810665649598329,0.0535802882279782,0.0359520818126528,-0.414029727451761,0.880928761279714,-0.0596140902150443,-1.15072670743633,0.213579592300837,-0.175623963182788,-0.30058454422152,0.819530897357882,-0.0444840701858562,-0.318503058199109,-0.500466740461847,0.0412260417024821,0.219523347396336,0.177607496845131,-0.0799063967152962,0.152872839644976,0.0390275790530566,-0.359054474534966,-0.264620581663101,0.228315394761719,-0.0809943964227907,-0.111136772615269,-0.000283523495805325,-0.000676611866835271,0.00114954366473673,-0.000452966971131697,3.29947037335926e-07,0.000476803377059772,0.00204292819338944,4.58236158052161e-05,1.1158991504711e-14,1.43538816239527e-15,-1.63649858506567e-16,-4.38959351568462e-16,-1.00861308438511e-16,2.20415735105717e-16,-3.9050274400305e-16,-3.04157901286574e-18,-7.43505969846302e-16,"Arctic A"
"LT909550",-2.36769524975831,3.85149421051052,-4.64378933225918,-0.727853923855928,0.294289749896261,-1.45114634106821,-1.53026612868075,1.36322571706483,-0.623080410441327,2.27223932455515,-0.812559654505009,-1.52862735852211,1.99016884328627,-1.19334148714049,-0.262953566078843,0.537918406128122,0.267764990374155,0.80125212038894,0.546643214682233,-0.654595473650516,0.356096361971597,0.00178371438169285,-0.262192008397323,0.363885563330201,0.0412965676859193,0.379427263616495,0.602384361416602,-0.111461758902704,-0.0232343928141012,0.089793757689567,-0.172947276804017,0.246260894704785,-0.195980620386189,0.0262188685287918,-0.252376374327006,0.0812206828987912,-0.00251750435573603,0.128306907628056,0.144522799382816,0.00805848584869248,-0.00032359475490373,-0.000311358576749239,-0.000898613323280348,2.09990680503021e-05,-0.000114775131088781,-0.000315971020593774,0.000269964755173836,-0.000153852766272744,1.10212359684432e-14,1.24787101303227e-16,-4.50742663641711e-16,-1.13475332174927e-16,1.65434542773871e-16,-2.68924951646606e-16,-3.07061866322948e-16,-2.43176242443275e-16,-5.86250528070327e-16,"Arctic A"
"MG458313",-2.07320903630067,3.79344794969353,-4.53694630316896,-0.634601637691801,0.257627360640911,-1.01439433259425,-0.777833504354479,2.06195425357326,-1.02710259209341,1.85949510704874,-0.975701804903422,-0.949027124053277,1.73954325603835,-0.920823351422036,0.119888594461893,0.685130971225274,0.219763137605704,0.9267095422087,0.586317468258793,-0.65244742158062,0.452301675530802,-0.119947117059439,-0.130959004672069,-0.00562436316402072,-0.148635148792224,0.152684816209371,0.401313164730296,-0.159806933208237,0.0801139488879369,0.123359810193669,-0.194424267065365,0.0651910004580363,-0.0740171783520425,0.0079291530236375,0.130060437144561,-0.0171497131947068,0.0325853577535141,-0.0511697847592343,0.146809620721597,-0.097833084314749,-0.000283999855175142,-0.00023709162641694,-0.000616104271923527,-9.51374981494033e-05,0.000240178692107985,-0.000354015269970749,0.000395692371630908,-0.000235895940375118,1.10524609910108e-14,3.32953918420444e-16,-4.71559345353432e-16,-3.0776436148433e-16,1.09056029804625e-16,-1.66359426129477e-16,-2.74915271908753e-16,-3.64606885761651e-16,-4.35329585660344e-16,"Arctic A"
"MN233885",-1.55472422750496,3.07259272663673,-5.08142550132374,-1.70704786791909,0.730511039833616,-0.481455551105014,-0.000326916620401754,-0.276880418071832,-0.267109408645787,0.37166526677607,0.0311064515705434,-0.32285634150235,0.749911051055658,0.268186704588757,0.0578705839714054,-0.2604340511899,-0.148512776243122,-0.249717319299785,-0.597114465208797,0.0693660717962915,-0.709539884707532,-0.574473221647945,-0.236468150243254,-0.251590049972434,0.400558303896467,-0.402262404671804,0.193051835241425,0.377454852088523,0.0557277408524143,0.0368520328287529,0.238340055981018,-0.0494426951498619,0.00559281924571818,-0.31521592910161,-0.0819187129098748,-0.113938995974577,0.133353773940009,-0.11513829917647,-0.196326715026654,-0.232671880834658,-0.000226456472960996,-6.7450519995332e-05,0.00101545382316838,0.000782229199738489,-0.000634324168481136,0.000318521690093097,0.000381091476244596,-0.000322570428203135,1.11455945039866e-14,1.49104272023188e-15,-9.73262565566507e-17,-8.20816093528572e-17,-1.96881071225256e-17,3.73199017006555e-16,-3.34696041055613e-16,3.02853405363217e-16,-5.83745447819586e-16,"Arctic A"
"MN233886",-1.70694360583736,2.98886157649291,-5.01741789996509,-1.47027743981656,0.719732764853393,-0.513362767234022,0.151756304052772,0.038921363046555,-0.378331625361076,0.134545477564751,-0.433731792646113,-0.0177391537868512,0.35885382829861,0.0103786475002881,0.194027317752551,-0.35848493865387,0.0859471029317007,-0.318037391614762,-0.827113547706621,-0.264316937373023,-0.585656991434285,-0.515802743413195,0.0866839287828536,-0.460881984101891,0.496987398995884,-0.339999239797979,0.0533883036669326,0.315451523587226,0.271199771827845,0.00624754207363848,0.2594060466905,-0.15116508569333,0.147120940348775,-0.170131751261579,-0.0807866650067166,0.254425830394456,0.100975639079977,-0.063639933573698,0.132776434442689,-0.226148332675404,-0.00517043710146005,-0.000300089453957136,0.000706280631557852,0.000155043562143481,-6.593518294845e-05,-0.000640815370059333,0.000372775556609136,-0.000452684883736594,1.13676391089117e-14,1.24124253969122e-15,1.3696045905865e-17,2.89406931096584e-17,-1.86221560816299e-16,9.56432608502654e-17,-6.6776294844316e-16,5.24898010288249e-16,-6.94767750282102e-16,"Arctic A"
"MN233892",-1.73104036838739,3.50530223368412,-5.6307310910623,-1.03655973312164,1.0887310379727,-0.301289401199214,0.699339120639426,0.278340102667348,0.0884342985937084,-0.751318903474794,-0.192170996138976,0.629920748376653,-0.877339082753447,-0.0638761633581339,0.177798680956557,-0.126469766571881,-0.0924775915962968,-0.175837985248998,0.437774572875371,0.0878123016223814,-0.141016199020352,-0.00402728403839522,0.149967102825537,-0.110087813399933,-0.221329418199816,0.21974675679565,-0.173749774754956,0.226771950555013,0.257962694199168,0.0731820343976181,-0.0510329082510272,-0.0499332411868376,0.183064089263739,0.107506245109848,-0.0959034928505101,-0.0900174397943175,0.0689808509779894,-0.0837466298908187,0.0750907934056299,0.2081544167938,0.000787610943787346,0.000673968390926839,-0.00111273287884267,-0.000592752912033083,0.000413418735208028,-0.000128157031563979,-0.000173569217443178,-4.73736113243443e-05,1.09952967694635e-14,1.09779474700688e-15,-2.23270715087537e-16,-5.26652969668477e-16,-9.15234016922582e-17,3.16289800336217e-16,-3.617131360644e-16,7.1899026737227e-16,-3.16437808139658e-16,"Arctic A"
"MN233896",-1.57267774764752,3.33969760466895,-5.39251555554404,-1.08982691046749,1.34659560496084,-0.500814103806561,1.00643749334294,-0.122865394770036,0.104982436401302,-1.45160215484816,-0.468993765045655,0.82126466961702,-1.00661237152585,-0.280704571320632,-0.427221667517462,-0.503400805047628,-0.04778487374842,-0.016309443655953,0.378152748409798,0.181169222476578,0.27649219959253,0.296492730687494,0.0397022410031081,0.222257504603293,-0.316029581559376,0.119306296872245,-0.079362494358339,-0.314533987844962,0.275035427819147,0.339415994043022,-0.314296266223347,0.264590183150677,0.117716017648685,0.155109873687346,0.13425868728184,-0.0734175913298654,0.119627183052955,0.102603449151006,0.0990470291797928,0.121151602573285,0.000940547237154253,-0.000150002802331882,-0.000696063845677831,-0.000454597822608919,0.000366789699078186,7.92492316305637e-05,-0.000137088983441244,0.000149868969216646,1.07732521645385e-14,8.20238990850594e-16,-4.45315320012568e-16,-6.9318642336225e-16,1.94989007702574e-17,2.05267497873702e-16,-1.39668531139368e-16,4.96945662447239e-16,-2.05415505677142e-16,"Arctic A"
"MN233900",-2.03394179523487,3.6178286239744,-5.80131495862786,-0.913495553892042,0.742180203593308,-1.01947752318975,-0.342206344446885,-0.17741307770399,0.929139421122168,-0.352114419218808,0.0631583430015111,0.985963248228654,-0.535441811807859,-0.092404279590309,-0.487533103038917,-0.128160848726724,-0.100375371482865,0.289422840496883,-0.0820891071510413,0.099957585329305,0.124473522841303,0.234820423243003,-0.170971420215091,0.466719428206735,0.069226009852505,-0.283295173449756,0.246741724890192,-0.134475253298044,0.0251619902333283,-0.0515953315202199,0.241323156521053,-0.161193094049339,-0.0938203008539761,-0.0915406646064592,-0.00674610526445725,0.266835966239886,0.0402397653747016,-0.118014797407241,0.0156071398603536,-0.0642406898286393,0.000282025063788849,0.000465832701064049,0.00115793213924862,-0.00035991828375145,0.000891977200334733,-0.000347772392698184,-0.000241257407117465,-3.65156851699382e-05,1.06865159907396e-14,1.43086165439443e-15,-3.62048593165681e-16,-4.4338624282159e-16,-2.35505450198333e-16,2.20012647419505e-16,-3.04087790596795e-16,3.82453913032769e-16,-5.7577896779819e-16,"Arctic A"
"MN233948",-2.10986502681627,3.59717553420434,-5.27201698227057,-1.21281987688976,0.763663149366906,-0.373248862333018,-0.569484033128015,-0.0652352463301713,0.487976501430843,-0.286571991304677,0.000305123046782768,-0.0936007767028202,0.228183422081709,0.102740121281823,0.357031859484877,0.147383173366701,0.0112669193027278,-0.276947358885165,-0.435541209951898,0.326101795760301,0.0212454686539088,0.0893561065380599,0.0327934248589298,0.0123484943839581,0.126199692374867,-0.0845393837078299,-0.0505872592526096,-0.0671915447764463,-0.315926143092621,0.00732548822058355,-0.145569056270487,0.0101600062380269,0.0261638447073311,0.136604386379372,-0.0507049393272558,0.373228518908315,-0.0354229340933941,-0.0610140788128998,0.257038486829484,-0.199402654635764,0.000532121679787013,-0.000413565293669392,0.000967964045470352,-2.05746603407058e-05,0.000243862307126798,-0.000369419061671157,-0.000504451452456916,-0.000168881983896441,1.071206978248e-14,8.07742968266684e-16,-1.70654657263949e-16,-4.36155964924861e-16,-2.04210555278499e-16,9.77422680465821e-17,-4.67989322822287e-16,6.25275850504672e-16,-4.03887237625837e-16,"Arctic A"
"MN233949",-1.97278342867803,3.47496673914204,-5.4856556969039,-1.19582060192223,0.694459929743891,-0.308276174132983,-0.453492293595277,-0.110081072973806,0.288530163425714,0.0174755934490203,0.376600492895115,-0.37522678210281,0.31206957940267,-0.14666211709371,0.45940767574725,0.0991307850626417,0.148779859824263,-0.158593293762709,-0.272045279691975,0.401993260711119,-0.13383324158632,-0.440065098901389,0.0288868753881673,-0.217372221539399,0.214570703413991,0.0419449238954211,-0.41000097176773,-0.15921678127712,-0.254843296294309,0.215194812644737,0.0573010309396039,0.141065264547336,-0.0562335945865439,0.140907338873254,0.0649704924792929,-0.246524102800616,-0.00599524947107715,0.0829318599739567,-0.0203235412980052,0.00421888083897365,-5.98418849852998e-05,-0.000255720575283524,0.00132051909861837,-0.00031561560858166,-7.96803717694294e-05,0.000551655819773004,-0.000471656747580867,-4.50535326582907e-05,1.115615899233e-14,1.39061005619489e-15,1.0690109889234e-16,-3.25133662462346e-16,1.78340496465323e-17,3.19786872971613e-16,-4.67989322822287e-16,2.92208943117125e-16,-6.25931842550869e-16,"Arctic A"
"MN233950",-1.99773590872377,3.65807474860553,-5.37119490135557,-1.2668407869497,0.623283464556998,-0.291170891528678,-0.650520314722424,-0.0856943419093154,0.184274899199739,0.0659992246727951,0.275195209959377,-0.199033719022681,0.220304231092946,-0.0795319073706124,0.303597873280424,0.142489427145921,0.0427284539991993,-0.102164546976654,-0.244147412080794,0.396331987505875,-0.214769537008773,-0.323180687625245,0.0324157148692926,-0.158031337174985,0.161993529786453,-0.158705120488972,-0.198054811670052,-0.0481936434261484,-0.140134645643227,0.196144298556516,0.00813521996213964,0.0828631586585588,-0.0164985581668066,0.212674295616442,0.059419136843118,-0.276396639248188,-0.0601948468183126,0.0697970381361459,0.0234440245100445,0.00687741447576402,1.95593598008154e-06,-0.000242992772318728,0.00135443789293733,-0.000193313269337509,-7.36094352983159e-06,0.000725295416535674,-0.000452555206031596,-2.9314475203624e-05,1.115615899233e-14,1.19632102688549e-15,-5.9632354801433e-17,-2.69622511231088e-16,-3.76771015847255e-17,4.30809175434129e-16,-4.67989322822287e-16,2.92208943117125e-16,-6.25931842550869e-16,"Arctic A"
"MN233952",-1.7608287984611,3.27754571801894,-5.25566138884409,-1.52224960080289,0.582600232512871,0.136040123189818,-0.687001195660333,-0.462080895538574,0.116422621309527,-0.153216936248986,0.149594874072586,-0.475436139196187,0.0289200693658493,-0.472916815601236,0.643290625073467,0.437494023276659,-0.394918459766659,-0.0869027740541744,-0.700481327970541,0.574399799977879,-0.282952127108978,-0.31452576421667,-0.194279534023946,-0.144804655781852,0.561495866641873,-0.339125144323277,-0.12427788466188,0.150785402705693,0.02823673527684,0.148499622309831,-0.034531607490188,0.00661082037302075,0.116195739238975,0.230917730304859,0.0881245736169559,-0.232021568689449,-0.0107611202256299,0.128587277473745,0.0848224536691273,0.179459388988272,0.000462667592613729,-0.000334529994763094,0.00124720934166204,-8.09258665305576e-05,-0.000370928938333173,0.000761790193700363,0.00089664312250804,3.58054532176031e-05,1.14421155450439e-14,1.00333170322962e-15,1.04995749778582e-16,-2.12892986267527e-16,1.57881659564474e-16,7.49099226550373e-16,-2.08232230797818e-16,2.71761575503521e-16,-6.26347314324958e-16,"Arctic A"
"MN233953",-2.02734451278059,3.68905655663071,-5.39120512525444,-1.13296256411553,0.537799524886467,-0.127800220874678,-0.658496411131815,0.136229679288993,0.250064488973537,0.432994226625279,0.448324753626345,-0.432688624738333,0.578406787084749,0.143770739202005,0.823570332119375,0.246480745896281,0.0618478861760809,-0.332070584927386,-0.392928544293658,0.418606794674091,-0.236271663715986,-0.487178304762065,0.0153147710310245,-0.174847197610398,0.206765370280058,-0.0852337249434251,-0.211566596112638,-0.00766512288683425,-0.276376585401665,0.121999721267727,0.0395622017121438,-0.0781538340057351,-0.0371509069327548,0.095305661438185,-0.0499414302419623,-0.167138677463436,-0.0478869803038597,0.00742742686835241,-0.0311788054851172,0.00162885593450996,-0.00010900654586886,8.49566482184826e-05,0.00124604772487359,-0.00026463380019996,-4.98290443420412e-05,0.000558911887718886,-0.000511223892466045,-0.000153122730394495,1.115615899233e-14,1.36285448057926e-15,-4.12120357017523e-18,-2.69622511231088e-16,-3.76771015847255e-17,3.75298024202871e-16,-4.67989322822287e-16,2.92208943117125e-16,-5.14909540088353e-16,"Arctic A"
"MN233955",-1.71357717474097,3.58133163409304,-5.48598466854138,-0.871547501774097,0.576363558247896,-0.373868283026643,-0.0207611107971749,0.362414651555005,-0.265585462174624,-0.227489424821856,-0.149255954185485,0.233526136160948,0.342385106381577,-0.0829419795679764,0.709448054391589,0.361340215531379,-0.159095322008668,-0.277970404763487,-0.435447988145513,0.237260806508673,0.189083842456964,0.0850377911951968,0.275877238821219,-0.228314575127616,-0.0299168902529353,-0.447687826611847,-0.302348748703454,-0.0536484642571343,-0.0862364379180524,0.234818438689632,-0.167095186949756,0.0331640297358918,-0.152178291542561,0.252904003127372,0.181228834757098,-0.370735988372849,-0.157923977007858,0.235436765209216,0.0946698690361108,-0.0351738461759971,0.000500245599034178,-8.37169323676047e-05,0.0015979673863178,-0.000178454791308553,1.97222915122486e-05,0.00074758330435553,-0.000220158991973912,-9.316451899335e-05,1.10451366898675e-14,1.16856545126986e-15,-5.9632354801433e-17,-5.47178267387377e-16,-2.04210555278499e-16,3.75298024202871e-16,-3.56967020359771e-16,5.14253548042156e-16,-5.14909540088353e-16,"Arctic A"
"MN233956",-1.88724854605988,3.77576545470588,-5.13582344497141,-1.41137648141733,0.836119090912031,-0.0564837989417311,-0.49754750705596,0.182918127673756,0.598682132392809,-0.25895361025988,0.271190527920788,-0.0110805280234618,0.108230768263846,0.198566566751497,0.412286783692672,0.097890004667871,-0.127694831319383,0.0806173303018706,-0.235961966275886,0.408529788045134,-0.308097360660834,-0.249936219205676,-0.125186352204448,-0.327260989959154,0.115316377522231,-0.00203186562574443,-0.141729738948932,-0.02690894982022,-0.268678563133152,0.10870606830922,-0.192494699840612,0.179888356258389,-0.0627040991295161,0.21377558102778,-0.103290679400083,-0.177751015262109,0.188472111096962,-0.126720581884203,-0.0120892276050857,-0.0598339891080283,-0.000119753159354198,-0.000131013355166722,0.00122084541696239,-0.000319164086381702,0.000278134243089718,-0.000504340423772676,-0.000483902222974003,-1.96223836825291e-05,1.08543171075101e-14,8.77131907305756e-16,-3.18767791858041e-17,-4.70850434444398e-16,7.85493713057206e-17,4.16064025888326e-16,-5.81125819521149e-16,3.78945116915965e-16,-4.22101834123594e-16,"Arctic A"
"MN233958",-1.95742094942396,3.49909472341295,-5.37438595270745,-1.16585193655663,0.79494314392184,-0.490418817295712,-0.591926531022469,-0.117201721527065,0.393711420638283,-0.0212568167025763,0.171217465464156,-0.129600109934264,0.417854129221488,0.0563995550100171,0.344167276274741,0.207170089224668,-0.147802727493716,-0.321357217077838,-0.464342787665155,0.329219625531839,0.0206734015458668,0.00972720605698882,0.177083725145487,-0.144803024806415,0.0855509701196603,-0.359557357778707,-0.120571448886491,-0.114126556323945,-0.213392856622456,0.239087839705921,-0.084969814958987,0.0335991677011865,-0.138333101800801,0.257427044090364,0.135137742312521,-0.38223901968036,-0.157325172606591,0.207875640653453,0.070071590212616,-0.0197602264782099,5.72456649644683e-05,-0.00027494764846505,0.00147545272485501,-0.000183206053747482,-8.98517281720068e-05,0.000706232471376681,-0.000323463602269641,-6.27228380180262e-05,1.10451366898675e-14,1.1130543000386e-15,-5.9632354801433e-17,-4.36155964924861e-16,-2.04210555278499e-16,3.75298024202871e-16,-3.56967020359771e-16,5.14253548042156e-16,-5.14909540088353e-16,"Arctic A"
"MN233960",-2.22903319022716,3.28852343822369,-5.42603191059538,-1.06305207478915,0.790381412675218,-0.753155673868541,0.209494974860818,-0.611228097293143,0.508523187979727,-0.758677642292677,-0.116264474366496,-0.00215579888361443,-1.00467258993943,0.309116758320229,-0.256831917941843,-0.264189196502914,-0.184582685362963,-1.13807857199091,0.401883242133932,-0.35693154456145,-0.0218985634985386,0.244128829481161,-0.311623366464073,0.196239949068651,-0.0801550164739388,0.568474546576105,0.371779757974024,-0.0923559983776248,0.101001359025046,0.0775569724807468,-0.238470928740844,-0.200069977530878,0.220063600289117,-0.220572110878084,-0.206902865407952,-0.223220383809903,-0.0958752428463951,0.0582665395059247,-0.0784917034962325,0.187675079782447,0.00011362758115519,0.000381051147821321,-0.000796108899211727,-0.000245018696542341,0.00038054787494043,5.72076327585905e-05,-0.000212684108797842,-3.95034327747594e-05,1.10820329432623e-14,9.7983355064046e-16,-5.84093198090713e-16,-4.57264030629405e-16,3.47361637729874e-16,1.64501496188247e-16,-1.93065488134279e-16,3.82453913032769e-16,3.48436957456488e-17,"Arctic A"
"MN233963",-1.93773719553135,3.25380508427398,-5.51275976814035,-0.988654690268197,1.00903980423593,-0.375783207433895,-0.0970360353303646,-0.553922694504638,0.805427932458721,-0.294016877953928,-0.408081458422627,0.252899078785515,-0.668833713936744,0.091110088180812,-0.377804571648168,-0.267424227411843,0.132164612095179,-0.593548229049448,0.20640397431892,0.201209305552655,-0.0509957544231822,0.530605823417596,-0.100919814081786,0.27799214674094,-0.131599718720103,0.191155597234593,-0.375601212866685,0.0472975820620281,0.190667972396689,0.0206927910251076,-0.14975182622656,-0.00632212875665332,-0.0600267455162628,-0.25478801542422,-0.0486196822452702,0.0679251281971775,-0.0345134989552741,-0.0480562500854649,-0.0520123178709758,0.000639797909226364,0.000719084875838062,-0.000191426595112486,-0.000972083664795399,-0.000276547835072798,0.000334800785667051,-0.000187489792195095,-0.000128047176717458,-0.000121098601513106,1.08530494444334e-14,9.45139081120924e-16,-2.51026290703166e-16,-5.96041908707549e-16,1.4294730342327e-17,1.08990344956989e-16,-3.04087790596795e-16,4.93476215495285e-16,-2.98223211641901e-16,"Arctic A"
"MN233967",-2.17128054422602,3.34206869987326,-5.74678307760788,-0.803881303342029,0.86463375258039,-1.09926272232756,-0.244022928406616,-0.187630206018761,1.09431937104487,-0.446782407820064,-0.103932666104557,1.02024656480525,-0.533353454541597,0.00403045209683377,-0.474044718593242,-0.113306974245797,-0.119953799140235,0.116779266105293,-0.178351082293252,0.0318488617814199,0.306816620338926,0.488574545503376,0.0561475036370663,0.62963620636171,0.0279183000824053,-0.41089369361179,0.387593910952154,-0.279769347661584,-0.0340663286003787,-0.0426685782580873,0.198546861955546,-0.311189142147669,0.0188812333356362,-0.0875798845518303,-0.0338739419387229,0.762499964083617,-0.127523490743458,-0.107302833016117,0.307030873461972,-0.174797243115615,0.000845376248670115,0.000297682095549655,0.000954433430230142,-0.000278956131594201,0.000853696051725246,-0.000219524466253182,-0.000229740577696444,-0.000164973845642738,1.05754936882771e-14,1.37535050316317e-15,-4.73070895628197e-16,-4.4338624282159e-16,-4.57550055123365e-16,-2.03195750552666e-18,-1.93065488134279e-16,6.04498517957801e-16,-4.64756665335675e-16,"Arctic A"
"MN233968",-1.71299013198361,3.07781945273907,-5.06495468683729,-1.79739424449787,0.701494588150037,-0.564444728302712,-0.0522486685367247,-0.316636925214802,-0.215067168356537,0.33681307762378,-0.115406352274771,-0.217217103255999,0.552191391862804,0.231721001062282,0.0406243939815995,-0.239617554904515,-0.120329320714412,-0.180005602962311,-0.596142070889998,-0.0705927689586476,-0.704269437462135,-0.435494899824284,-0.131534364091082,-0.440340722926235,0.596478433353188,-0.26385036061288,0.0524635419473098,0.25282055177191,0.125254103802078,0.00305717869614092,0.352159206321756,0.0419142943257935,-0.033413658385354,-0.179807411518921,0.0251804432336934,-0.157196264714622,0.195850894135509,-0.0233469237812924,-0.105466911401151,-0.139467332689583,-9.87372521108953e-05,-0.000324182113924581,0.00104153717870596,0.000865378603591389,-0.000688302814324136,0.000310738329913158,0.000372452189851155,-0.000269653983413138,1.11455945039866e-14,1.57430944707877e-15,1.3696045905865e-17,-1.37592760584115e-16,3.58230441087323e-17,4.28710168237812e-16,-3.34696041055613e-16,4.13875707825733e-16,-5.83745447819586e-16,"Arctic A"
"MN233969",-1.85535009310537,3.0047629384424,-4.76624919503637,-1.79637468283463,0.51250679690242,-1.03841629784572,0.0186367333754227,-0.40583531474334,-0.231369927716768,0.307107040097592,0.172975086139623,0.0385318582236808,0.594865863551008,0.221200400664986,0.326062723409016,-0.460196577172127,0.281417038785161,-0.267692757178797,-0.435921153320125,0.182288768871504,-0.991540856346877,-0.126162992511232,-0.0606879859973165,-0.502782712583213,0.539745854314747,-0.454881982755175,-0.13675887312812,0.263209756631015,0.0243008988750424,-0.0227575449991963,0.146635551490938,-0.0128810008222457,0.241321933916605,0.00371637882386947,-0.136317497211691,-0.221335448659533,0.294732112919297,-0.0772827008715509,-0.311539600993907,-0.193520036538254,-0.00031941212408601,-4.33536666056455e-05,0.0010748600359959,0.00118683176500537,-0.000879394122898918,0.000319449185477491,0.000527982783761368,-0.000134739933942048,1.12566168064491e-14,1.6020650226944e-15,1.5247392398401e-16,-3.04126214277889e-16,3.58230441087323e-17,8.72799378087875e-16,-1.12651436130582e-16,4.13875707825733e-16,-3.61700842894555e-16,"Arctic A"
"MN233973",-1.51847768478195,3.54056967128138,-5.58630315290952,-0.655467677055445,0.925368478234067,-0.236261602400161,1.31569431741513,0.702164668810838,-0.457307683133385,-1.04071891540696,-0.654232287980272,1.02573529612236,-0.936096754265119,-0.0861926222880371,0.589657166035431,0.0161370505715017,-0.191463672038002,-0.212344082926549,0.293590791343782,-0.0388318963598352,0.269621906488665,0.376789323325776,0.340955561592616,-0.113962190073292,-0.271763029237846,0.014649175905604,-0.221788169965648,0.00687577514561125,0.239923012966516,0.0488175667945312,-0.314212611530231,-0.0491154748845993,0.0328997036655937,-0.0826791661824922,-0.0339422061886911,0.0289012665906585,0.0125687378794133,-0.0457946278852977,0.0254458890700442,0.0626124939483036,0.00109478456127612,0.000676378233077114,-0.000844848366088392,-0.000558656911315174,0.000527532903014629,-6.21706166084746e-05,-1.95223433975459e-05,-9.95442494365921e-05,1.07732521645385e-14,9.86772444544368e-16,-1.67759563856279e-16,-8.59719877056024e-16,-9.15234016922582e-17,1.49756346642444e-16,-3.617131360644e-16,7.1899026737227e-16,-2.05415505677142e-16,"Arctic A"
"MN233974",-2.25937340694974,3.54061221243335,-5.20618509532321,-1.33957271164218,1.27173517618274,-0.94179495241532,0.411586317662532,-0.545438272122495,0.453778297867617,-0.195280962168337,-0.0382501903101849,0.191175298078985,-0.809298937607569,0.276727441334298,-0.382343089021842,-0.287095408540305,0.46043030711096,-0.876216264871785,0.529036767390003,-0.277014084126224,0.275968225752157,0.396879089296978,0.0723183269778301,0.13051388920601,-0.338372581781107,0.588310803116004,0.245240218814121,0.136899241302872,-0.0349122966930724,-0.0281012293259439,-0.346061074190191,-0.159405398896946,0.0694071581117398,-0.229875680965755,-0.167391337029552,-0.176741517877705,0.00114759562447615,-0.0094749224323188,-0.0552483446390203,0.0731524695354475,0.00023401805508676,0.000465175428828432,-0.000610712217249089,-0.000230363898408564,0.000352961409172094,-0.000174562603245576,-0.000254836793806243,-9.03411378570209e-05,1.08530494444334e-14,9.45139081120924e-16,-3.62048593165681e-16,-5.6828633309192e-16,1.25317032804843e-16,-5.01632318586847e-16,-5.26132395521826e-16,8.26543122882832e-16,-1.87200909179386e-16,"Arctic A"
"MN233975",-2.09063981533426,3.4748784846559,-5.55415003944981,-1.15577521165201,1.16690205642409,-0.705875955079865,0.00266936282859391,-0.49494457375407,0.584434536988331,-0.560650477643515,-0.1161027040448,0.182478751444541,-0.667306624649288,-0.000334676088206655,-0.209726578292938,-0.257650772587065,-0.0102238109996283,-0.483029210804547,0.133046859297846,0.131164769578484,0.0787344225800941,0.310222414297283,0.0729012066111299,0.228800887060434,0.0116052816842924,0.23674730582822,0.0912330263081242,-0.00821923651424419,-0.00206272113042952,-0.0530031677591101,-0.0600097756436718,-0.0671003310041209,0.0360974194969943,-0.154788221416004,-0.0462521720110203,0.0583121204318976,-0.041384370717043,-0.0459849813832602,-0.0477509201042381,0.0650741506545043,0.000294013896023056,0.000180498804768263,-0.00113807030055752,-0.000351005625187299,0.000312617942658906,-0.000138948834783293,-0.000258264972772501,-5.8711109914479e-05,1.08530494444334e-14,8.89627929889667e-16,-1.95515139471908e-16,-5.40530757476291e-16,-9.67275721201887e-17,1.64501496188247e-16,-1.93065488134279e-16,6.04498517957801e-16,-2.98223211641901e-16,"Arctic A"
"MN233977",-1.72879918532359,3.45614833287528,-5.37356618657572,-0.993694655230679,1.01542387035264,-0.668127467204304,0.118511787038288,-0.452585010846917,0.654837891116587,-0.632205653451673,0.118603966220553,0.215796568870429,-0.612402843601579,0.226525830195903,-0.588434769285935,-0.375735318911119,-0.0964230524491929,-0.621599038113821,0.223297758224165,0.292947408019942,0.375215282798217,0.281388575569816,0.47469441082764,0.35144450378997,0.412788849551924,0.3409712528754,0.00636544950965699,0.0651386788701721,0.334233195401563,-0.535733337026802,0.0616989795381849,-0.373547150913439,0.159814054215334,-0.14651448045557,-0.0384102118732731,0.074145796574742,0.164733774519654,-0.0685041317588646,-0.240871631225296,0.30356272225044,-4.89117385139542e-06,0.000613646589364065,-0.00080431924377562,0.00069461027924185,-0.000345526850282772,-0.000112086206628236,-0.00045757926097727,-0.000131195094255729,1.09385179551556e-14,1.11029076959079e-15,2.94245588607933e-17,-4.92249884141763e-16,-2.39044769502539e-16,2.31260724329912e-16,8.1858346553728e-17,1.02781039526099e-15,-2.48070336889223e-16,"Arctic A"
"MN233978",-2.46928950385278,3.57900861460472,-4.98809407073493,-0.945980306884347,1.57044848756386,-0.843408325533263,0.0461806778111097,-0.123960025361519,0.217176609219654,-0.481643483342711,-0.390025098198762,-0.484881057428055,-0.449645476983313,-0.0308163274180528,-0.461146047364244,-0.585084805459374,0.380403107631331,-0.481417421718389,0.945004368232163,0.0280359738603601,-0.0752725470391886,0.597467344595165,0.461128640378107,0.189175531430509,0.0624218115230985,0.467644762188515,-0.0023257403797857,0.122279694511122,-0.11890534255726,-0.0574701364767719,-0.354074327063118,-0.0528238892130081,0.195359383875427,-0.0363348432160717,-0.241933919359831,0.572207441379765,-0.182565705930248,-0.302856907873188,0.242134002676082,-0.0402201636269711,0.000346027255344106,-0.00202799617300936,-0.00143396928182773,9.34118135967819e-05,0.000483175445251417,0.000277039257147635,-0.000450357444719015,-1.1091398570781e-05,1.07420271419709e-14,6.67583324964635e-16,-3.06537441934423e-16,-5.12775181860663e-16,-1.52238723351446e-16,-6.68165772280621e-16,-6.37154697984342e-16,8.26543122882832e-16,-4.09245514104417e-16,"Arctic A"
"MN233982",-2.1769849838555,3.53985114929637,-5.54658251436634,-0.953273936548178,1.29230389918861,-0.611586475503141,0.148195999735599,-0.59089389080176,0.661243741839382,-0.560045246408004,-0.141134591555179,0.353425034489379,-0.635862246414661,0.035605961661445,-0.3020303536266,-0.325699840375771,-0.0521678674738208,-0.519456583374251,0.236926398831965,0.186736686729089,0.126526953597159,0.276801469384336,0.137604230286713,0.390089557837065,0.239491159589956,0.243202242064703,0.061572008495134,0.0997724613503715,0.00913362476819009,-0.175142595754518,-0.0278001695194871,-0.249990677028651,0.0675542662238114,-0.175595966915966,-0.0568177321009426,0.0750152386938377,-0.021410415023986,-0.0343044639165955,-0.253757801657061,0.436800468763146,7.79652686320339e-05,0.00090531567650779,-0.000935919846334914,-0.000389955644450329,0.000367075270602565,-3.18352035068681e-05,-5.88012590741372e-05,-7.96792693615367e-09,1.09385179551556e-14,1.11029076959079e-15,-8.15977436017223e-17,-4.92249884141763e-16,-7.2511315808765e-17,2.86771875561169e-16,-1.40186258371303e-16,6.94743487873445e-16,-2.48070336889223e-16,"Arctic A"
"MN233985",-2.14758388220552,3.50468808515711,-5.56567086952625,-1.14733734059929,0.902042259615832,-0.758611600537293,-0.162378761527381,-0.931632313307319,0.244679227754497,-0.551634069292913,-0.233510493963375,0.00838326963459264,-0.49612440560083,-0.29804928377498,-0.286963276093324,-0.013839031848609,0.152902896026569,-0.676288881216858,-0.076181766476504,0.117597110821309,0.26632506557625,0.360344691521943,0.0863077815378059,0.304379190503555,0.111135065473853,0.287591982743859,0.0121035813084022,0.238887039493761,-0.128052928290453,-0.171568855124829,-0.147184205387579,-0.0567089784693237,0.110767702621078,-0.146377543517059,0.0277713957912759,0.128127802905969,-0.124003647126843,0.0548348766622495,-0.0721609076747562,0.102593670054428,0.000443740383034719,3.22220399945157e-05,-0.00110030716073531,-4.12702846128917e-05,0.000233132320089587,-8.73859175872532e-05,-0.000249304304285622,-8.44359677602955e-05,1.08773355730971e-14,9.04373079435469e-16,-1.95515139471908e-16,-5.12775181860663e-16,-1.23615785997829e-16,6.21528111056152e-17,-2.25266292657099e-16,7.22459714324224e-16,-2.27099549126852e-16,"Arctic A"
"MN233988",-2.33888084733539,3.62853832556093,-5.81173716612692,-0.838311327388331,0.958075376786522,-0.93521763339688,-0.325062026616732,-0.327825294590981,0.897796657212876,-0.360809199952664,-0.17551537889183,1.07319167626811,-0.536293439461937,-0.214659650212237,-0.29516918744017,-0.0343232493766984,-0.010629359050305,0.290539633046107,-0.0493994418523777,-0.0448184655576482,-0.0815216690339326,0.233052641372967,-0.374954632675959,0.463596738358493,-0.100323925903859,-0.440087473940918,0.350939115247437,-0.0843611924863038,-0.26873238304629,0.295066264743886,0.457600422257458,-0.093220766053932,-0.199034731431657,-0.0852334376484388,0.0598737273398672,0.284378028650344,0.0925177880087716,-0.225379660224264,-0.109274241543884,-0.024761497980172,2.73787858263589e-05,0.000285661152932884,0.000958770578184973,-0.000397180974914576,0.000906689528874234,-0.000479779501093467,-4.11416682303459e-05,-6.76816980158179e-05,1.07975382932021e-14,1.54188395685695e-15,-3.8980416878131e-16,-6.09919696515364e-16,-1.24483147735818e-16,2.75523798650762e-16,-1.93065488134279e-16,1.60409308107732e-16,-5.7577896779819e-16,"Arctic A"
"MN233991",-2.08845467346778,3.58687070815135,-5.00143825182446,-1.5736743492345,0.746464762709949,-0.355645959469392,0.409356922908305,0.340365895710312,0.423670439786244,-0.467064526727177,0.0878128673367078,-0.201638326038164,-0.638740017764444,0.405344253748034,0.605864137765219,-0.0917072220030785,-0.73461870601506,0.0282954602611874,0.0975492718062528,-0.3240659931425,-0.386030988088967,0.288628875529513,0.233231899419123,0.439549367543937,-1.17874389741174,0.0472053799151992,-0.449291545962926,-0.0979290375379589,-0.366795081070773,-0.451318894265502,0.108463214243538,-0.417255003119387,-0.168185979268178,-0.153441197452991,0.0753956522047386,0.338809478690643,-0.0154470083993558,0.744904190057765,-0.202978215096539,-0.286117119814745,-0.0036498072634303,0.000478939934627134,-0.000432899628316074,-0.000859127043889512,0.000185595460658109,-0.000269638894380067,0.00205794211005516,-0.000451884203045429,1.08705215895062e-14,9.72438508754895e-16,-5.41783844141344e-16,-3.138909046175e-16,-4.29488120033587e-16,-1.01537054301743e-16,-6.48389084306208e-16,8.94689032845725e-16,-2.49585026890176e-16,"Arctic A"
"MN233992",-1.68826569715128,3.0337589997682,-5.06101544492654,-1.59713429572671,0.629020428747938,-0.577964578097536,-0.225645778275447,-0.120830602202871,-0.117328215739458,0.290305174372216,-0.162204945003256,-0.251290994592329,0.963279619000638,-0.0337031645156897,-0.00623091377263281,-0.335727995922421,-0.223124935614546,0.25420015454345,-0.561499374324284,-0.0586124092419973,-0.784430045323757,-0.321045526695459,-0.0628325795238454,-0.462153065154443,0.789363181900867,-0.327188170242925,0.011341474781679,0.292554256075746,0.0216644773535489,0.0151626284088749,0.370296615773519,0.053443078374033,0.00621307674411757,-0.127090486089546,0.19094076363679,-0.0754979799107357,0.170977092942746,-0.133036194657351,-0.0964278782792037,-0.207596158244526,-0.000624825907001734,-0.00055093043021668,-0.00182143845837272,0.00205471249370039,-0.00192582808519173,0.000170528128455562,4.4671073230637e-05,-0.000339830631870286,1.10345722015241e-14,1.46328714461625e-15,1.24718348368381e-16,-8.20816093528572e-17,-7.51992583537834e-17,3.73199017006555e-16,-1.12651436130582e-16,4.13875707825733e-16,-6.94767750282102e-16,"Arctic A"
"MN233998",-2.00616523414792,3.3760958499212,-5.36310572124166,-1.2440765466205,1.36252764958196,-0.469362670938298,0.173363476964544,-0.257068077353304,0.86128608249243,-0.628253699168402,-0.0132854486809913,0.299482803931936,-0.785158708585297,0.19249044686795,-0.140904390198265,-0.292203202041921,-0.168878483008099,-0.29911770755525,0.2358011923045,0.145085741686498,-0.0671989753335303,0.22616815304936,0.143368534241151,0.0530609105691088,-0.0408273084926542,0.190910113571885,0.141766429668278,-0.11408040898801,-0.0143898244422914,0.05735636882711,-0.149961867548693,-0.0482451989540098,0.0605900831491143,-0.0736330842565077,-0.126124391077846,0.00589520397563685,0.013766346681948,-0.100916876996824,-0.0237506685769456,0.0934397333438784,0.000208784693136647,0.000293916800882223,-0.00108987768901386,-0.000568159436193032,0.000308384863646229,-0.000144872282566143,-0.000226131563989004,-3.86608874861665e-05,1.0884274467001e-14,8.75750142081852e-16,-1.67759563856279e-16,-5.82164120899735e-16,-9.15234016922582e-17,2.6077864910496e-16,-2.50690833601884e-16,6.07967964909754e-16,-2.05415505677142e-16,"Arctic A"
"MN234000",-1.62642880608167,2.87828678980505,-5.21011106247711,-1.77462283028681,0.566724989835016,-0.544872701364361,-0.611056239298981,-0.650904717638707,-0.516975911360715,0.330283592862904,-0.25363400387211,-0.217803762818297,0.309124170279487,0.501502743994669,0.516876536791476,-0.506138517178725,0.0915621983776779,0.309347790136172,0.073018838635979,-0.228567610149785,-0.727306784230802,-1.25567172795645,-0.0757498856787298,-0.356101465923408,0.612068069650525,-0.221526395477699,0.0449020948771729,0.524661023911174,0.286883579371434,-0.160416691127677,-0.0400337831265029,0.167571610902271,-0.0989461917052041,-0.260104826276732,0.2158995431391,0.0305233353733492,0.772810425040847,-0.0653365139387173,-0.0574141888176658,-0.0698635524205379,-4.67231414295346e-05,-0.000580824467121228,0.00171367467467667,0.000738982557482142,-0.000718254944224699,0.000504409476019434,0.000497344176130285,-0.000185902647087475,1.1243095059948e-14,1.6218838900604e-15,4.98149018595565e-17,-1.63055051609393e-16,2.49577917743434e-16,3.5596390818581e-16,-5.43548862757886e-16,2.4332346402414e-16,-4.21676491480198e-16,"Arctic A"
"MN234002",-1.41735837957872,3.3629991450001,-5.5145513702715,-0.997666633671017,1.18469251605943,-0.492247184128723,0.380700075298788,-0.127769506003598,0.258708295592426,-0.952706112736566,-0.669086460708062,0.692134887526509,-0.846277654497811,0.365766608972602,0.731218967941189,-0.30212670190127,-0.0733034082792263,-0.00699002076983887,0.715518574472347,-0.274960163874235,0.4012446539586,-0.0730694671876393,0.303336773580899,0.0729154229228925,-0.122744947848843,-0.0951769458378066,-0.093998553228832,0.0291960943282404,0.139532477753578,-0.0568407135136502,-0.354655403856942,-0.0303268791372791,0.10036292505106,-0.0388327373765356,-0.0906762643054871,-0.00345097273875717,-0.00863353556779805,-0.0599214435358809,0.00930317155323478,0.0647608490815413,0.000682275985145501,0.000557742334358758,-0.000738288388886622,-0.00044844154642553,0.000369743654034162,1.19743206085776e-05,-6.7502259819127e-05,-9.51974620558875e-05,1.07732521645385e-14,7.64727839619336e-16,-2.23270715087537e-16,-7.48697574593508e-16,-9.15234016922582e-17,9.42451954111861e-17,-3.617131360644e-16,7.1899026737227e-16,1.66290992478923e-17,"Arctic A"
"MN234004",-1.57549810916791,2.98760343583229,-5.58872400059178,-1.20313069607176,1.46154532324197,-0.689754843804261,1.03710982418081,-0.414120102013806,-0.15450403039558,-1.6806933778762,-0.380891254084218,1.22161491570737,-1.15795279437414,0.499313921273801,-0.148553679254752,-0.491748136348256,0.358999254414621,0.424883706865676,-0.0639659813957835,-0.170578268801324,0.421243349118207,-0.33187892125347,-0.0100072622415381,0.467126281630422,-0.181970015133058,-0.141247757436879,0.295804682483552,-0.266795846345863,0.00429450628081282,-0.317070518100095,-0.0233133141159387,0.634376824714722,0.385471039838229,0.0861293945224223,0.0354904694287853,-0.387889097179843,-0.02117945554932,0.261530347327073,0.216385867118654,0.0867944455561468,0.000854348890091504,0.00242047621449952,-0.000747770655022407,0.000749500264784271,-0.0010856673248664,-0.000302835403863987,-0.000567132849898086,0.00146258188228006,1.05512075596134e-14,8.75750142081852e-16,-4.45315320012568e-16,-4.15630667205961e-16,5.19099261851578e-16,9.42451954111861e-17,8.23760737856631e-17,9.41034872297301e-16,-2.05415505677142e-16,"Arctic A"
"MN234008",-1.90536810395887,3.28319598312721,-5.63499890512593,-1.02380030922033,1.04711108242671,-0.171701646572491,0.502862607248958,0.39825319886906,0.230630710277209,-1.04362288621198,-0.357997265575174,0.820797612653826,-0.325116881535154,-0.145384609066695,0.180943841374774,-0.245024876986324,-0.144313829390376,0.133631394216759,0.240161405420556,0.063131058337983,0.076964464303578,0.41204779742689,0.374157643195007,-0.0649559851447653,-0.0520278925015524,0.0406235635276077,-0.0584772341305047,-0.0907019967739318,0.10696167796726,0.0319416722940367,-0.156410587161673,-0.135074540648446,0.0837810676351359,-0.19099984097697,-0.106873259673355,0.000529236601108863,0.019604166098617,-0.104374501531423,-0.0407567681162308,0.0206214422184468,0.000554219301188602,0.00057472113727502,-0.00125979892835548,-0.000612490743657969,0.000587793014170053,4.86130609443619e-05,-9.22258416921255e-05,-2.04373725506127e-05,1.0884274467001e-14,1.04228359577563e-15,-5.67372613937632e-17,-8.04208725824766e-16,-9.15234016922582e-17,2.05267497873702e-16,-3.617131360644e-16,6.07967964909754e-16,-3.16437808139658e-16,"Arctic A"
"MN234016",-2.16598126190723,3.44771008802122,-4.99455301612596,-1.16028005643197,0.763638838972858,-0.56619976029946,-0.610891303925412,-0.0509826171470369,0.53252226534329,-0.288025735888935,-0.273149601563942,0.0519735984084726,0.302814045630396,0.0080322339082651,0.405744366072976,0.334376527440498,-0.0696520192510679,-0.2736435654004,-0.365544121425466,0.67368530347118,-0.0125330400360689,-0.140956876893671,0.0378327241412711,0.0228509648810909,0.00331770227858488,0.196957229751514,0.0424245173301421,-0.127286120742369,-0.265296134571254,-0.122603290184111,-0.0402152605744294,-0.0403835645863405,-0.0790811277689984,0.0694345641376796,-0.0899135000669473,0.260530640389948,-0.168773701816477,-0.0551720299399304,0.277582312181568,-0.254686956188413,0.000404479170819209,-0.000505361595558966,0.000720385488641074,-5.43704746669664e-05,0.000489909596288908,-0.000296809263096325,-0.000633594316846391,-0.000168303340228849,1.06010474800175e-14,7.79987392651055e-16,-1.70654657263949e-16,-4.36155964924861e-16,-2.31966130894128e-16,4.22311168153243e-17,-3.56967020359771e-16,5.14253548042156e-16,-4.59398388857095e-16,"Arctic A"
"MN234017",-1.96411416798232,3.44002988986454,-5.34000542350051,-1.70161767271605,0.457494745341699,-0.262012018294799,-0.462733298223413,-0.0993783394004845,0.0999449127801715,0.281887351183128,0.133772775542351,0.0411827721991274,0.316708802205965,-0.164958496562064,0.269502303291938,-0.369039728153757,-0.199102279608579,-0.469769377331049,-0.175661953076826,0.188922588039492,-0.28418276226678,-0.383211943136724,0.0915215160691587,-0.189842741743807,0.229872175738128,-0.011427254735261,-0.0581459327141311,0.129007630929392,-0.304441349505653,0.18140423591935,0.0141861338981309,0.20671168859265,-0.0308708414880794,0.0724698785178901,0.0951312194173384,-0.290622599632336,-0.110467628627862,0.0138534429552957,-0.00258679942511526,-0.0277413836782265,-0.000186073890018992,-0.000186566964639035,0.00143436735627866,-0.00020215694956807,-2.4620117983309e-06,0.000789225217705559,-0.00065074234145534,-4.62664842580936e-05,1.115615899233e-14,1.47387678304178e-15,-1.15143506032691e-16,-3.25133662462346e-16,-3.76771015847255e-17,3.75298024202871e-16,-4.67989322822287e-16,4.0323124557964e-16,-5.14909540088353e-16,"Arctic A"
"MN234018",-2.241324238093,2.95639271292364,-5.0561613622822,-1.30589922319842,0.879178025038693,-0.419259973127708,-0.309145395702229,-0.0948620113753011,0.240129930603991,-0.0408234382064831,0.282301230132443,-0.57681076889313,0.0652166005281106,-0.157647739858105,0.602479429814859,-0.0796029054429663,-0.159785811758582,0.015355075862051,-0.58098955062556,0.166945340797218,0.12706687006652,-0.0603061867560298,0.0250615039707891,0.367743466371063,0.101758798267344,-0.127556800616672,-0.684402763409651,-0.144590362199962,-0.473828748572816,0.125888515881016,0.143949396819332,-0.682620584472499,-0.191223517874157,0.168260279770713,-0.0932814669777553,0.0376793043173897,0.00143686153584703,0.161404168738074,0.486951758544838,-0.146357239092163,0.000816954350415446,0.000156990918732422,0.00119150144532292,-0.000296392333412161,-0.000389364087192269,0.000423745434885191,0.00111562360719358,-0.000335017852082015,1.10330618355964e-14,1.34027586240168e-15,4.64597349060898e-17,-2.2751851124986e-16,-1.15072307071198e-16,1.712686906281e-16,-2.74871199710337e-16,4.1606436974062e-16,-3.71718534980378e-16,"Arctic A"
"MN234023",-1.92483164515735,3.51285963277026,-5.41192155053755,-0.871245316582356,1.13886114075267,-0.823246302168183,0.0341724743866122,-0.445415983410762,0.673410764428659,-0.396484935109725,-0.190651049248037,-0.0581119553226035,-0.568623714286813,-0.253460336983104,-0.181486355400216,-0.330204545797179,-0.164244097914795,-0.304312162524743,0.297859829733515,-0.0161599498578594,-0.0260079928322246,0.513179322968031,0.122487907932987,0.285884054149557,0.0823487634417795,0.400502626826867,0.243786356846524,0.0819529015498139,-0.00944087206486824,0.0238176603058548,-0.127345276123841,0.035185629287909,0.07140690319638,-0.0271813160864638,-0.0468302396967668,0.0948209215682543,0.0129734967752641,-0.077141987104461,-0.0372793450786597,0.0777238742341143,0.0001689912099974,0.000175613236716536,-0.00107834175925792,-0.00028458723722035,0.000202934944282025,-8.81761433534026e-05,-0.000330514172136495,-2.29158236082208e-05,1.08530494444334e-14,7.23094476195893e-16,-2.51026290703166e-16,-5.96041908707549e-16,-9.67275721201887e-17,1.64501496188247e-16,-1.93065488134279e-16,6.04498517957801e-16,-2.98223211641901e-16,"Arctic A"
"MN234043",-1.78727393951067,3.64144077006478,-5.36024364152726,-1.02079229686544,1.07277159872112,-0.335706854064924,0.547500876062692,0.246935026793259,0.0977339354535482,-0.785962676063906,-0.435164151266369,0.838802113107277,-0.952393079734931,0.120279122013054,0.0685665854517571,-0.0946744336519307,-0.286222483348115,-0.199302148454845,0.292593859435322,0.047465649458087,0.0202751701551151,0.418363149463712,0.245690887398009,0.0288902446123215,-0.208872342492788,-0.0978703996456483,0.171935289948993,0.0574208209297709,0.227475244913194,0.0340364537225998,-0.281253050516926,-0.106882442808082,0.0864799298270913,-0.00638916847631234,-0.0855846542694433,-0.0124743011644242,-0.0410320550665546,-0.0864905742788718,0.0446151760545987,0.0806846472828817,0.000713582448171738,0.000497875319944464,-0.000933444233232162,-0.00044110583450984,0.000490278311569971,7.01181471753198e-05,-0.000103725412144004,-5.33635110068236e-05,1.09952967694635e-14,1.2088170494694e-15,-3.34293017550052e-16,-6.9318642336225e-16,-1.47034552923516e-16,3.16289800336217e-16,-2.50690833601884e-16,6.07967964909754e-16,-2.05415505677142e-16,"Arctic A"
"MN234046",-1.91005792631207,3.52331220837943,-5.00617298469,-1.361626554937,0.869766087728239,-0.449369125428627,0.659573697180571,0.408981753389284,0.135030342207868,-0.958662558841988,-0.209460295517278,0.148663524534223,-1.03419663178746,-0.0764990354915495,0.362925840145685,-0.326060884003826,-0.59505019702077,0.150261872510954,0.0125736815901102,-0.502758210045041,-0.221969860075912,0.275804045485662,0.307501040474694,0.248806632922271,-1.28207929009555,0.0316720873435739,-0.623806714780178,-0.15928427812378,-0.155056324784357,-0.387615427465252,0.00419154281805716,-0.307209608381072,-0.146402177578474,-0.0803515278073594,0.138964848344845,0.231695127049811,-0.00641310597087072,0.813914286338302,-0.180081280516804,-0.301008007631884,0.0018953516074909,0.000367103404595694,-0.000370270119574211,-0.000229253432102611,4.99065043486661e-05,-0.000503893078706472,0.00198069675246614,-0.000315257134004156,1.07594992870437e-14,9.16927357523638e-16,-5.41783844141344e-16,-6.46957812005047e-16,-3.18465817571071e-16,-4.60259030704856e-17,-3.15322176918661e-16,1.22775594023327e-15,-2.75404219651411e-17,"Arctic A"
"MN234055",-1.41735837957872,3.3629991450001,-5.5145513702715,-0.997666633671017,1.18469251605943,-0.492247184128723,0.380700075298788,-0.127769506003598,0.258708295592426,-0.952706112736566,-0.669086460708062,0.692134887526509,-0.846277654497811,0.365766608972602,0.731218967941189,-0.30212670190127,-0.0733034082792263,-0.00699002076983887,0.715518574472347,-0.274960163874235,0.4012446539586,-0.0730694671876393,0.303336773580899,0.0729154229228925,-0.122744947848843,-0.0951769458378066,-0.093998553228832,0.0291960943282404,0.139532477753578,-0.0568407135136502,-0.354655403856942,-0.0303268791372791,0.10036292505106,-0.0388327373765356,-0.0906762643054871,-0.00345097273875717,-0.00863353556779805,-0.0599214435358809,0.00930317155323478,0.0647608490815413,0.000682275985145501,0.000557742334358758,-0.000738288388886622,-0.00044844154642553,0.000369743654034162,1.19743206085776e-05,-6.7502259819127e-05,-9.51974620558875e-05,1.07732521645385e-14,7.64727839619336e-16,-2.23270715087537e-16,-7.48697574593508e-16,-9.15234016922582e-17,9.42451954111861e-17,-3.617131360644e-16,7.1899026737227e-16,1.66290992478923e-17,"Arctic A"
"MN384717",-1.56677347332594,3.04110378049847,-4.70932328362085,-2.37330612900242,-0.653024981884785,-0.848516962669636,-0.167264768511613,0.588007647858389,0.055790656535572,-0.0198267371318044,0.743523136061094,-0.366139755487529,-0.463689322669323,-0.986247479181083,-0.698286349551878,0.269330569292609,-0.016398464495616,-0.235477291217876,-0.685247174942283,-0.249770775994954,-0.617581413634966,-0.299089328840162,-1.27370229349351,-0.783627001382703,-0.245611286453115,-0.0907652025995338,-0.0898421695468747,-0.407502094240154,-0.202231162474958,0.485377104261869,0.92975879943292,0.697588625732173,0.184074155487923,-0.0788289211241826,0.0556381985636345,0.0865784935988963,-0.323404547967444,-0.106045250795097,-0.0401417577150331,0.0594432310317431,0.000377383682017168,-0.000165116465468249,-0.00190976716760405,0.000767400792339941,-0.00140535022937513,-8.62901183914862e-05,-0.000179370538652496,0.00107926055955675,1.10884061434627e-14,9.92272067390586e-16,-7.63637370744007e-16,3.19698288471378e-16,6.8649304356955e-16,1.27106048378018e-16,-2.74745749180453e-16,-1.05426620574794e-16,-8.75785166718685e-16,"Arctic A"
"DQ666289",-7.81390330152187,-2.1895803630943,1.20216021404574,1.07174878348105,-2.92187190289187,-0.850881285704875,-1.22387171454938,-0.261939439371752,-0.463449018116064,-0.550592024068445,0.252382304088799,-0.474421670911969,0.626655755457703,-0.224576720850399,0.302583215844135,0.324013940142512,0.834588891883783,-1.05402329397619,-0.107142361326875,0.279057603696912,0.189267540859566,1.12017744824681,0.126710691684937,-0.0162567182361467,0.0190953838067663,0.0636468168546988,-0.317858771234526,0.245565432909306,-0.286385457590996,-0.377647306755359,0.000299467846838893,-0.202587752962189,0.340266428945629,0.500757276905638,-0.255290187444295,-0.354167647287628,-0.297133195552008,0.158738900234419,-0.133129774782924,-0.396515235431403,0.000500813614052647,-0.00133665031713733,-0.000799353089155213,0.000971807546099953,0.000308844313577182,-0.00066201721217638,-4.27151003987082e-05,0.000330951528224865,1.09367071815105e-14,1.32923331599558e-15,5.20239123089883e-16,-3.93247088545119e-16,5.9920535548891e-17,-6.64584955902359e-16,-3.17384965655059e-16,5.48891746513352e-16,7.12301101997419e-18,"Asian SEA2a"
"DQ666290",-7.50753843012895,-2.78643919193749,1.19562763007195,1.72818204005286,-2.58402495616954,-0.0257140062497839,-1.00673633098805,0.0878779426416813,-0.320309835760608,-0.0213063639921647,0.0721101268030541,-0.829777848821423,0.208959136667767,0.281408100256503,0.0807175284628845,-0.0493004964617332,0.383960880277119,-0.188611374305998,-0.0290273179091845,-0.132190688546084,-0.379442335246511,0.91355057265635,0.359980330608132,0.170451495074358,0.228904493994698,0.041193398247706,0.0616760508929293,-0.0162197314725143,-0.0538983637158416,-0.289096842746679,-0.106083342099862,0.272471950270195,0.247624379185191,0.300227275255658,-0.0692500598779862,-0.276105589509048,-0.0338796825884086,0.181823111546336,-0.0381709956211694,-0.0564523310821664,0.000608963168708575,-0.00337586828129521,0.000204433492446599,0.00068150528169177,0.000908708330557241,-0.000517688611707604,8.04984252681339e-05,-0.00115819068681484,1.14485328520366e-14,1.55149291459235e-15,5.75381251129767e-16,-2.85543121172021e-16,-7.5250260303216e-17,-6.16662180610601e-17,3.74201324428463e-16,3.47655972446296e-16,3.24712141152977e-16,"Asian SEA2a"
"DQ866105",-6.42366356637648,-3.11813049138264,0.895339293851459,1.43954388174122,-3.03596659836798,-0.958396397067381,-0.384187341724869,-0.668750344547843,0.171458104382614,-0.813139373549077,-0.303118414263671,-0.377295527560764,-0.191227189284982,0.374915322037863,-0.676911115249821,-0.416324337183333,-0.495644582082928,-0.585010102931202,-0.260081057453837,-0.663630226856234,-0.123871857398862,0.581188718269774,-0.61778758123009,0.348597290006592,-0.469778705097708,-0.0253554575190571,0.270595352254594,-0.271735782341393,-0.0865349705401481,0.279317257210821,-0.743984089680312,0.18395554091818,-0.475155699233655,0.234766212236331,-0.0485328046811718,0.343727013818212,-0.259384698197053,0.0176788597066468,-0.325005135914564,0.151199302321635,0.000642357371934662,0.00137107807612834,0.000555180821449678,-0.000257296618807213,-0.000174118697425384,-0.000934169222454036,-5.1656305204221e-05,4.10521451412459e-05,1.06798530150557e-14,1.2124558188065e-15,-3.34848786975572e-16,-2.8096825407461e-16,2.30650461775859e-16,-7.38179139976688e-16,-2.73244047104748e-16,-4.31516762662199e-16,9.33064898976954e-16,"Asian SEA2a"
"DQ866106",-7.53667218040213,-2.4473415388396,1.01969375474538,0.970916770438702,-3.00341964863771,-0.0391306248048948,-1.3386798784727,0.548811015622275,-0.471743924815674,-0.11415924396296,0.694491588408003,-0.850516243896303,-0.436718153299527,0.0287400346959958,0.110283685859577,0.227762741763893,0.580255003075552,-0.170275542798737,0.00313979500402792,-0.0844922092365608,-0.0377258705388289,0.180263606028235,-0.0458960424976893,-0.0622213218738738,-0.317051238944501,0.0575245185149587,0.0839823309958102,-0.297024012400997,-0.0513610933341791,-0.171977263672486,0.201046441809719,0.345343417584071,-0.201258548319115,0.17788134737152,0.184102860167483,0.185335018745482,-0.169689591262144,0.000426467928819012,0.0723255736050393,0.0766144607324947,0.000990947824102765,-0.00109068679810436,0.00270467183900844,0.000232729495316182,0.000115325240048183,0.000210001644771802,-0.00027299574989867,0.000164541606282351,1.08788319325256e-14,1.80983494902494e-15,2.12476630224058e-16,-2.08104801263348e-16,2.5002787314946e-16,-2.84097151468442e-16,-2.01279339615986e-16,-4.38342168783621e-16,1.25968192669689e-16,"Asian SEA2a"
"DQ866108",-7.46858640356365,-2.54589663616623,1.39495157522413,1.00113165166595,-2.16822496089541,0.881445081589163,-0.686756465315611,0.941322839738931,0.135368780462373,-0.398069427759998,0.938714302204096,-0.473244118136182,-0.242263494580773,0.524986988956724,0.257799452079396,-0.138002590446964,0.042346359517701,0.0479918126902749,0.605696390343143,0.316801939209664,-0.494092697114393,-0.0765392223864424,0.288484257044614,-0.218851527373476,-0.157488421066401,-0.1274025013606,0.260539954035449,-0.315025981080586,-0.018147792038168,0.178941069854098,-0.245048401358646,-0.138997930803516,0.174223764980368,0.180608808144266,-0.323489331299004,-0.140721428826731,0.109505464681344,-0.217453150018137,-0.131877917749233,-0.0384692635582167,-5.12025752844209e-05,0.00199576567666859,-0.000267639408502753,0.000705470752145878,0.00151168313619593,0.000905091633887237,0.000554822820466478,0.000316656451543087,1.1115465944649e-14,1.74578194390176e-15,5.75381251129767e-16,-1.74520818709505e-16,8.01646654367078e-18,1.74256174671786e-16,-2.35553977377385e-16,-4.29500144791313e-16,3.52467716768606e-16,"Asian SEA2a"
"DQ866109",-7.89238101288262,-2.38746116980426,1.19178337696463,0.994713766686939,-2.53094647572302,0.426642536406976,-1.05813778046209,0.63564547720254,-0.160528433726264,-0.389194022607941,0.444165827681978,-0.447237230708687,-0.368694107704897,0.281385826876184,0.0525944793474644,-0.0251425046437761,0.333573546852978,-0.199146135965921,0.443893817780743,0.120436784918768,-0.312962438046994,0.297593037717315,0.408775205756124,0.0261654606460805,0.0795139768681165,-0.0310593190563551,0.224591959587557,-0.147388696292207,0.148174428379403,-0.0249783216777779,-0.00049895636290476,-0.209294426531844,0.262190733050491,0.290779422315495,-0.146928662356027,0.255926847972585,0.0119959383455686,-0.0807883466549222,0.192888779809367,-0.0260948951138362,0.000866547956013149,0.000888670046704369,-0.000262067388497137,-0.000265768332705149,-0.000294204234016772,0.000701350640324071,-1.98802017049627e-05,0.000188305579791469,1.08379101884928e-14,1.37108167309077e-15,4.64358948667251e-16,-1.74520818709505e-16,8.01646654367078e-18,-6.51356650130137e-17,-1.78461811422953e-17,-9.64332374037665e-17,4.63490019231121e-16,"Asian SEA2a"
"DQ866110",-6.47749489745099,-2.07124871382587,0.867707591056817,1.80570244779451,-1.43571558029184,1.14964254223522,1.05077441223034,0.647181489913438,0.417622966074916,-0.602580137797078,-0.272339019057332,0.691384539478795,0.195966117390043,0.514995412785277,0.341286583788049,0.237843990531443,-0.416215010333018,0.711293522164288,-0.563628854695143,0.5959224500345,0.271342769687836,-0.466376908965803,-0.0293909101781327,0.469500387436032,0.369178482588139,0.36289484696389,0.196747868552571,-0.458027967499849,0.152455779666697,-0.170428490842537,0.349099992970102,-0.38997672851827,-0.0683449152374778,0.0526517117687098,-0.191828401693801,-0.0752252986036334,-0.283662904725513,-0.0866836698911881,-0.103974432488811,-0.108992321749404,-0.0052074466536711,-0.000300608906434741,-0.000819427205538409,4.86758051433727e-05,0.000817020611392293,-0.000876894191977019,-0.000434167800283442,0.000211865310408476,1.12391818689666e-14,1.5796450915671e-15,3.54829074102798e-16,-8.3636520044792e-17,1.36004402900106e-16,-3.08506403647618e-16,-7.99962881660362e-17,-6.6803758550215e-16,-1.58026281347705e-16,"Asian SEA2a"
"DQ866112",-7.90736446291111,-2.45757834594215,0.939611341663045,1.23456674658538,-2.44528569002,-0.234421709162151,-1.19700077478789,0.473002244767744,-0.395699584966831,-0.0386400416151637,0.630304915144739,-0.887499852862232,-0.633360560666338,-0.150501193013248,0.169500316741098,0.561645037296723,0.238609100727496,-0.232526484182199,0.39097395754789,0.112461602331801,-0.221729706030879,0.256147787778159,0.053665631286352,-0.338495266314107,0.665884875388912,-0.460477770330109,-0.349220319863022,0.192087309857264,0.121858984044185,-0.520847341255798,0.15445741784005,-0.149885534077447,-0.209369142755936,-0.112795650785893,-0.115251465830927,0.188779814596116,-0.070087696390391,-0.134543840241322,-0.208389141402329,-0.159308693214453,0.000315586004431852,0.00120909286646271,-0.00061005760773419,-0.00047371866134148,-0.000328258767481046,5.43018895375733e-05,0.000108503925882922,3.21711791140459e-05,1.09540199011874e-14,1.66746290539639e-15,1.24574867877231e-15,-5.37465981180892e-17,-1.23279961938152e-16,-1.74607947177176e-16,-4.18984654434047e-16,-3.64387004976386e-16,9.17071559680018e-17,"Asian SEA2a"
"DQ866116",-6.38667798982731,-2.41121052993094,0.38032099572298,1.35337364381448,-0.99317282930686,1.37223857073183,0.834176395549348,0.742100680171872,-0.091311900061977,-1.43060112724321,0.14842606934296,-0.139568182524905,-0.537442784022224,0.596713846060131,-0.149181789016114,-0.35909142153191,-0.419104467568371,0.929179800460701,-0.379668196301953,0.125955954010777,-0.00732585523352776,0.211730772939146,0.38955386506721,-0.118211700130155,0.00819474198254599,-0.246238990015942,-0.12888871242762,-0.289303656928396,0.0588701773510305,0.196351518101213,-0.428714489905848,0.289757657899129,-0.147712902671315,0.00042869850482333,0.252744033392478,0.179620517379141,0.179807048239893,-0.0991409514302371,-0.00202430501358293,0.0938199128503689,-0.00475171051750397,-0.000767359472675959,0.000341387853130295,-0.000135227931764238,-0.000235777599929293,-0.000837140389573104,7.41578241865708e-05,0.000263636699611794,1.11342281663888e-14,1.57151969497767e-15,4.63961026425589e-16,-4.70776595551402e-16,1.56368043259639e-16,-3.29105692289658e-16,-3.42346119352612e-16,-5.90164056324365e-16,4.38206056440829e-16,"Asian SEA2a"
"DQ866119",-7.60945775325887,-2.11123916468487,1.04986538164088,0.984273353276725,-2.75590076092151,0.30492285959888,-1.07566304317219,0.354327664025521,-0.342394464096701,-0.259350835098013,0.376417815472678,-0.760717955914693,0.143226258799115,-0.269435084290124,0.0959590243829343,-0.0739449755760187,0.52932883882317,-0.256563576026455,0.449049393514073,-0.123496617245832,-0.0811485614357629,0.58758152164738,0.204463294804224,0.0768881803984641,0.27546167760153,0.249616592095972,0.0379226727575234,-0.283687384606191,0.10417541115995,-0.0814938718465612,0.486801501880497,-0.134959065510732,0.332032757048378,0.179310631931365,-0.476183589158322,-0.198664699852744,-0.354657020898622,-0.0298073575317008,-0.225838287650192,-0.0472351909259723,0.000408996434787401,0.00122877204853058,-0.000700562435545128,-2.90726253693164e-05,-0.000154295830665245,0.000614063608776648,-0.000194884666172461,0.000201316098889165,1.10154298130251e-14,1.71195744862683e-15,5.55676978121275e-16,-1.53189092518115e-16,1.72236287000354e-16,-9.73451438833701e-17,2.67041182851718e-17,-2.39039152027188e-16,2.50147812230008e-16,"Asian SEA2a"
"EU086182",-7.6472195941842,-2.24306287926788,0.889038885161993,1.46050562177907,-1.65677254893961,0.376912815626332,-1.19496095859186,-0.109885508964177,-0.223311656341403,-0.329552378995238,-0.620204560228382,-0.272088896377124,0.0748367385127607,1.20899339900688,0.127682076464817,0.156737420391133,0.015828982522312,0.494200324798124,0.305031186741485,-0.651048598674862,-0.0788061297128531,-0.271271616577362,0.180787719401915,0.00425080120385097,0.279135527262042,-0.558825642484184,0.328950528044801,-0.011928050347936,-0.178310359733695,0.0653464850745271,-7.59368286714318e-05,-0.233821620627491,-0.266513234097612,0.151260433892039,0.221680275675154,-0.106616069434527,-0.347604258785354,0.0194314384761721,0.0864714626333091,0.28957369721795,-0.000233238954647273,-0.000779552401773933,-1.68856986122464e-05,0.00125275682277837,-0.000311012095366936,-0.00100504584018779,1.73981519042125e-05,0.000120504118610876,1.11342281663888e-14,1.9878533292121e-15,1.30894119038042e-16,8.43349167611758e-17,-2.04454439743537e-16,3.17167907135178e-17,1.86744540820314e-16,-3.68119451399334e-16,3.82694905209571e-16,"Asian SEA2a"
"EU086183",-7.80939636161446,-2.24688462857853,0.438311017334003,1.10753557804324,-1.91963035143864,0.874382231268129,-0.897701587902792,0.261860582080136,-0.80477647154163,-0.542615709263259,0.198162612927586,-0.822484743903073,-1.15659531781906,0.424839478322508,-1.24623005700884,0.0561181775123649,0.119981892819718,0.659278686454749,0.75891182628245,-0.574650216878795,-0.783522404363137,0.0409307297770361,0.664897612525464,-0.475902473211574,0.613126980373846,0.16667722757437,0.0520490041795094,0.401121022453994,0.234408183401929,-0.520217062232675,0.171725546851025,0.00260834932466151,-0.239373903149291,-0.288264217711557,-0.265231653749511,-0.1401713753918,-0.361026801692051,-0.4447074152961,-0.191307840073527,0.13692261673697,-0.000180113219761443,0.00373192916194713,-0.000490704050180231,-0.00124172472264318,-2.77147721486346e-05,-0.000876683464801548,3.47238479085347e-05,-6.90787650820285e-05,1.13562727713138e-14,2.09887563167462e-15,1.2411171436632e-15,-2.48731990626371e-16,1.75901651814941e-17,-7.93055117489979e-17,-5.90411576417296e-16,-3.50525440117871e-17,4.96279978220243e-17,"Asian SEA2a"
"EU828653",-6.57399706096191,-1.90136677592512,0.780358297090013,1.5328669925379,-1.36260450962896,1.43407089262178,0.909841952544864,0.518058129432181,0.196968242948016,-1.08500850856121,-0.224566485116524,0.297612172850325,0.194357736393132,0.899553982663458,0.399606834563129,0.188116043474292,-0.78687144792641,0.875478247384882,-0.833634851445759,0.412689262180993,-0.0783293798890798,-0.290775459913147,-0.13795554912153,-0.249776354059671,0.335910090112832,0.390555947719029,0.00646557372854841,-0.151899968277762,-0.181118397464061,0.250961502765178,-0.918998646893565,-0.195743498364839,0.0297628154021664,-0.255763707658511,-0.224948910645283,0.351314714940499,0.340827660384935,0.181095943531614,0.315149191833025,-0.070246019519417,-0.00474727162027387,-0.000629081270632551,-0.000143340106141254,0.000268779189273351,-0.000281167535146187,0.000538199328372485,-0.00011894077713707,0.000311333522575275,1.14076111080037e-14,1.6123399997395e-15,3.83174359722897e-16,-2.51959138618178e-16,5.15405601559862e-16,-2.59038365840065e-16,-4.15545387120835e-16,-4.76169272030264e-16,4.67944938405006e-16,"Asian SEA2a"
"FJ561726",-6.52402839940391,-2.93106110742261,0.910469184359818,1.20841241388595,-2.03455520494982,0.863492175102345,1.52521289774381,0.597781365550151,-0.0737371720773847,-0.789580710136705,-0.246754373226742,1.25702980279928,-0.231074161242598,0.410306795177417,0.80783976264008,0.0595141578328987,-0.781223399590004,0.650623928495613,-0.182088760583916,0.716258179413416,-0.306954632427605,-0.0415577614343955,0.532002753877641,-0.0733613744118791,0.21891694087676,0.344776650367277,0.0879534834253996,-0.119843551909451,-0.164780451814724,-0.140785403411299,-0.270883745130264,0.0511225499669385,-0.0403864196058609,-0.0054797824667626,0.0431188983870142,-0.0760371313346578,0.194443767955249,-0.10994310128003,-0.10065906192731,-0.330688394390361,0.000536204790096413,0.00128625312626542,-0.000126727334717179,0.000528835206307601,-0.000246014688121212,-0.00115491771374142,-0.000185175809210106,0.000320626452107342,1.11855665030787e-14,1.94540690712705e-15,1.04930817449799e-15,-6.96048348468241e-16,2.65605421019202e-16,-9.2504912146292e-17,8.40549739604853e-17,3.00986845207346e-16,3.84678211558119e-16,"Asian SEA2a"
"FJ561727",-5.95922241736185,-2.93468583502222,1.00463876749755,1.80479560593045,-1.38868473295254,1.40692961286584,1.22861843293827,0.80689423744606,0.00962052025590161,-0.739897197781054,-0.766788872647124,1.50815749003516,-0.34805618840337,0.258828844933677,0.140538755643971,-0.520853349810008,-0.351274589094721,0.545003700282156,-0.650586946088886,0.563351347463486,0.600202822023316,-0.366509804117341,0.0242856784443099,0.107506645990065,0.616274793217318,0.579148788770924,0.17552069844561,-0.0936331328801663,0.0542100097376554,0.378404753584771,-0.01146168022842,0.0299118231166903,0.0286492573159109,-0.192437144333337,-0.333775634690308,-0.570466488499542,-0.143371069703119,-0.752818381926036,0.446888875513517,0.216080365556205,-0.000267213622011731,-5.24898999022274e-05,-0.000511245298345853,0.000304402559542109,0.000164688736626209,-0.000998534863341938,0.000288673582831017,-0.00130972084749171,1.10466955822543e-14,2.00078343635354e-15,5.5721955474421e-16,-6.91091783723685e-16,1.33359124244535e-16,5.2129601599243e-17,3.60442274711853e-16,-1.05153363061577e-15,5.21312612469908e-16,"Asian SEA2a"
"FJ561728",-6.07239540063436,-3.17003120287612,1.32482026280476,1.52722996839049,-1.22123490116589,0.956054721939383,2.31197544157884,0.820157284036572,-0.520364553511321,-1.47433367436503,-0.9735282700922,1.59337916191944,-0.0361439570855363,-0.365212689444962,-0.0771505644396607,-0.23968051403272,-0.81015843335333,0.877186702583651,-0.162873477638627,0.896492362753802,0.427883227455586,-0.899211114970014,-0.277856033064966,0.541924415094052,-0.0198870085929884,0.332526038113439,0.398840065774301,-0.218275027472715,0.663591036532286,-0.0403492394193474,-0.332490057909426,0.0422139289170526,-0.327771895189086,-0.175066269588466,0.246212950274047,-0.167867302272951,0.196604760395219,0.158747406131243,-0.00402908403834123,-0.206249823992568,-0.00448817291252856,-0.000867475587344924,-8.51621433765277e-05,-0.000278716399326119,0.00119501027680045,-0.00047863044826868,-0.000374812413644831,0.000484058874880446,1.07614383228944e-14,1.64617285079918e-15,1.56722355053707e-16,-2.06238630569797e-16,2.29066212580405e-16,-3.3372750266212e-16,-2.82823774248502e-16,-1.34849695076393e-15,-3.89111814534222e-17,"Asian SEA2a"
"FJ866829",-6.2168902771894,-3.40054888023303,1.22213821599974,1.33404095024802,-1.69323980386006,1.32289404805986,2.39415611385404,0.64815642056797,-0.65175897099019,-1.02243918960536,-0.971013199526884,1.46688838906076,-0.141044264816727,0.137235809122978,0.14491652419614,0.432307101439473,-0.979566548907596,1.13828131381834,0.554069092366346,1.09825694281007,0.251422826734203,-0.489426899461681,-0.20984367831865,0.668935465815877,0.242338478004109,0.378272429608814,0.100274799864325,-0.0807192572764996,0.310572274510606,-0.278952554269803,-0.109481671769746,0.319111169982555,-0.206177429091268,-0.553369087628714,0.237029733441918,0.0244823787667619,0.158458689552981,0.158704795099185,0.104854374094748,-0.264994413289853,0.00746614506446124,-0.00158024488715583,0.000500957469484722,-0.000138166364208497,-0.00165816311927897,0.00123963037484183,-0.000640237788710628,-0.0012001557249423,1.07614383228944e-14,2.47884011926804e-15,4.89789262441254e-16,-4.28283235494829e-16,1.73555061349148e-16,-1.11682897737088e-16,7.71888099145397e-16,-4.60318531063801e-16,5.16200330859156e-16,"Asian SEA2a"
"FJ866830",-6.05258703389736,-3.8041592679024,1.26943441795733,1.13657164217607,-1.87984137293251,0.539216764359316,2.07261203122778,0.655467958986288,-0.469842784151568,-0.98544033287578,-1.02430803009771,1.72647914139379,-0.390978355260083,0.289101590731833,0.850465866756182,0.57481156875629,-0.767127008474236,0.85829807345622,0.166356704959122,1.28590715657779,0.400101393918506,0.672138217942611,-0.0056354875331787,0.0687498886964753,0.709235573620177,0.276426924339421,-0.0559279986269102,-0.245760912124775,0.063241152807807,0.147534503313846,0.0214328782673027,0.265009587864282,0.00240678530603916,-0.359857796380766,-0.206868899078828,-0.49326372242138,-0.245927838082099,-0.605443513599486,0.47518458119704,-0.177411920135727,0.00670425460297117,0.000845109857677947,-0.000303937284879367,-0.000212024237263365,-0.00295986645853795,-0.000452346496540242,0.00151603637977813,-0.00131109813780918,1.06303610829389e-14,2.06490170708147e-15,1.03306614922583e-15,-9.78055843886661e-16,2.00817225112376e-16,1.78223206301323e-16,1.01038089162421e-15,-4.43730496983815e-16,8.64601791961081e-16,"Asian SEA2a"
"FJ866831",-6.67976697767638,-3.18124268097353,1.01483898019221,0.580081958976699,-2.18910596943948,0.485885105769404,1.9310544683426,0.705949160969724,-0.151942795825141,-0.662221013416344,-0.402511182461445,1.13071931385047,-0.035292325043183,0.521063290912287,0.94798207560932,0.717907009386468,-1.01628439168208,1.00881433606398,0.569474856344518,1.32102212843179,-0.553161493028661,-0.117480960611076,-0.0210075417794024,0.262356458860204,0.447120335680307,0.507660864571766,0.0893360527000959,0.0535326792056655,0.165277638313225,-0.34445073127306,0.119517358873221,0.151920966555092,-0.265749773273854,-0.208605916986656,0.14747444912422,-0.170715483453804,0.319342562898105,-0.0505599742322651,-0.107509164999594,-0.342382169858342,-0.00413865693569729,0.00129030178773647,-0.000338791633334255,-3.85701001303978e-05,-6.31965443290622e-05,0.000469357841286061,-0.000115247473905474,0.000355255735093111,1.05800312497669e-14,2.44995495654989e-15,8.3149718244041e-16,-2.42207220489278e-16,2.17575719384266e-16,-9.4424338799892e-17,-5.42597551208251e-16,-1.18821224945295e-15,-7.03713785518867e-17,"Asian SEA2a"
"GQ472468",-7.69604703926803,-2.02333521152161,0.821376374533806,1.49663146699507,-2.66470028108604,-0.0703232002481727,-1.30032012267014,0.454840652254733,-0.47143801009866,-0.177608956570736,0.56287123472459,-0.670742506544284,-0.390358573437872,0.189211119972129,0.000754696666796815,-0.0504414190118666,0.447678299306127,-0.296699059612283,0.299034374901528,0.427614830310355,-0.111298725137449,0.141695623036242,0.170552860776358,0.0910310085891814,0.242073247500655,-0.0474459529200875,-0.229936615804981,-0.338843070880895,-0.188406070600119,-0.0782425431206232,0.228356035665637,-0.0390258672885141,-0.164351457097462,0.345634544143449,0.0181349967246108,0.0540901906383377,0.0110835604805397,-0.166096029030653,0.101336361628482,0.02994904117253,9.90609996098274e-05,0.000583213323608007,-0.000289957706945687,-0.000398046770903994,-0.000820893399122005,0.000199462052455201,0.00122442778761947,0.000203237958889117,1.10754723656867e-14,1.7528028134326e-15,7.9291902420694e-16,-3.01206630601689e-17,1.21256819416717e-16,-1.59064079005316e-17,-1.83847022332407e-17,-1.83374617055178e-16,4.67769344559383e-17,"Asian SEA2a"
"GQ472470",-7.65551292830583,-2.75664994265245,1.03510041742528,1.03557620428264,-3.0843963666776,0.283609925158504,-1.52901022124618,0.66104674896017,-0.681872855493742,0.214248201256536,0.373845237047818,-0.989225355161274,0.265236201491181,0.633223345123815,0.572197913317751,-0.0249019408487211,0.826664096757722,-0.174828741671273,-0.211987024310178,-0.0712129504882828,-0.643053966885652,0.516019531986256,0.0818531863423076,-0.0946347146467957,-0.303124633419955,0.113002092467659,0.0585929414237609,-0.159904007477002,0.0274798300641663,-0.422947571068951,0.195094347120559,0.215661771000126,0.308581314139324,-0.207451163494262,-0.165182910983007,-0.0587368682882953,-0.0954721986583314,0.0268975028083039,-0.050709706017366,0.00134268766221573,0.00108695553657581,-0.0028570113180545,0.000109919927240079,0.000716817151954403,0.000673820560639201,0.000668761700296275,-0.000151150521500138,-0.00139871704986436,1.09898542349882e-14,2.14290185641248e-15,2.12476630224058e-16,-3.19127103725864e-16,2.79832682244291e-17,-6.20525465434107e-17,-9.02570371534702e-17,-5.49364471246137e-16,3.4801279759472e-16,"Asian SEA2a"
"GQ472473",-7.67765054446154,-2.42771600502624,1.28879003031262,1.08385528753034,-2.83153413258133,0.422179040144492,-1.18440929198652,0.097599127712018,-0.609005614777046,-0.389566437474276,0.533191378039703,-0.769594443243694,-0.0608585654653884,-0.0204810505460873,-0.0179458534427422,0.230955525426873,0.523836694458573,-0.464012279861969,0.250838859810818,0.0939423171149742,-0.0361933224859593,0.24677041373989,0.442094463277697,-0.119768446029876,0.237987953400866,0.0805411753188797,0.00963321247195154,-0.0241678551942026,-0.0206989627585671,-0.158381724488345,0.240982518673437,-0.123013508128443,0.158639202996909,0.251909878738156,0.0714483494432026,-0.0152606461922221,0.259557683250157,-0.0796368490541003,-0.208765122601439,-0.0366283556238316,0.00034886159940504,0.000395864076103069,-3.92125491699604e-05,-0.000384321959344614,-5.91879090141454e-05,0.000564801818075673,4.80997502175738e-05,9.92836916992742e-05,1.13375105495741e-14,1.82904867074864e-15,6.86403553592282e-16,-6.34985162469897e-17,9.12831933905575e-17,-6.16662180610601e-17,4.11344170409162e-17,1.25611367521265e-16,3.24712141152977e-16,"Asian SEA2a"
"GQ472477",-7.96689920237917,-2.16528390014299,0.999214954447514,1.49104951995963,-2.60804960343929,-0.0653613851281757,-1.53602919700343,0.233225028583352,-0.741239281896956,-0.216164333839635,0.360141901680291,-0.701462290750592,-0.113239407882157,-0.603723621941627,0.0425845677170867,-0.27468176587501,0.796871314206022,-0.715875197087733,-0.206412845389177,-0.214614690412638,0.0540160536558005,0.0495490603073828,0.0806190811965983,-0.0776698897516656,0.213354732621096,0.0406365188646792,-0.0778914369872297,0.0153265958708125,0.489592622127064,-0.359057060124685,0.067541306066498,-0.20184478936989,0.135337594016013,-0.0422179331412905,-0.0209152644058589,0.054770157377588,-0.0328866957479692,0.172871975482945,-0.289339158190261,-0.14683908054473,0.000261919645279137,0.000664301516185658,-0.00028035254346835,-6.36620403597128e-05,-0.000431785248982333,0.000375108318448019,0.00120909593235886,0.000222940046813082,1.11213436051515e-14,1.65980672739949e-15,7.21388294197153e-16,-7.01531610524453e-17,1.94391996362985e-16,-3.11929112878618e-16,-2.08065005590088e-17,-1.74995715521342e-16,2.64401331311089e-16,"Asian SEA2a"
"GU358653",-7.78965807126399,-1.83531809294003,0.948214997204421,1.23488245793956,-2.25833422133407,0.838325516066266,-0.941900244106817,0.476036797199917,-0.66996374485192,-0.0210870675992395,0.182551610137665,-0.529191324244499,-0.333528923455357,0.727604126319938,-0.684779010567108,0.108482234655239,0.192348583814441,0.665576544897349,0.231853574760599,-0.0234091965253539,-0.66151220361152,-0.534928573428814,0.0311965090061435,-0.128970121354955,0.565434424380016,0.20909550465544,0.127670602192192,-0.0186430324758324,0.23320017153325,-0.250008179902976,0.0997072231021429,-0.223077340347492,0.024621484182661,0.0138745090619772,0.015385760489043,0.109091274876366,-0.182993705030291,-0.162849939152877,0.109373525144839,0.317326900851192,-0.000121288297569792,-0.000612885414640437,-0.000302746650890969,0.00114755892295278,-0.000109929655083537,-0.000957891513185251,-0.00049900631923966,0.000246053147518324,1.13562727713138e-14,2.20989793413713e-15,4.63961026425589e-16,8.43349167611758e-17,2.39634770106525e-16,3.17167907135178e-17,-3.53000641047173e-17,-4.7914175386185e-16,4.96279978220243e-17,"Asian SEA2a"
"HM486355",-4.48119266056449,-1.17366757775206,1.08529663274119,-0.415754187978614,-0.410115740242514,0.485098646478076,1.11661693406052,1.61067078537656,2.04439430449936,3.846761488389,1.04808741496878,1.00693616236827,-0.787180332160423,0.459505128624258,0.168374147904851,-0.087671537356644,-0.398423152276053,0.214194675229093,-0.184044002393887,-0.492943495373385,0.176816646815896,-0.149345214049238,-0.035965985790907,0.44023089757067,-0.0119137442915234,-0.211305027654479,-0.403400721441875,0.16299388561438,-0.0230533535779715,0.118755450661803,-0.0211898899802886,-0.0126589321429164,0.19642271323329,-0.086398489146798,-0.0373820469106066,-0.127720446148075,-0.0505038616305081,-0.0534380093730477,0.0175979250833928,0.0482886915737375,0.000806091318343524,-0.000548320929959536,-0.00102898824542914,-0.000151233929830226,-9.9100899068792e-05,0.000147553426735803,-0.000728615224488898,0.00023450323798939,1.07753767335646e-14,1.71392510022496e-15,1.81163939358007e-16,3.06560713227441e-16,4.62972264670176e-16,-3.72413959131066e-16,8.94548726087106e-17,-2.46029921321475e-17,1.5161950904156e-16,"Asian SEA2a"
"HM486356",-4.43029761160254,-1.33616511236397,1.07049461707422,-0.533711147735041,-0.561672226837528,0.425056350438801,0.798206325061,1.91723480743547,2.04170443861212,3.6890379555259,1.05331813182422,0.990281445308846,-0.481597580386946,0.328695006320826,0.130690823470256,-0.144161137731055,-0.384246444675078,0.570624568035688,-0.309936970655685,-0.446255870503412,0.148400073725492,-0.0842396971843496,-0.00425030145426903,0.322811644799865,-0.143852354956849,-0.390042929600058,-0.51722335888285,0.0959243699619184,-0.159029551960087,0.079959692140437,0.0934834280244545,0.100238876486402,0.143211690744422,-0.208298688164138,0.0528461112511009,0.0846767664975457,-0.150976146741729,-0.0822630886128653,-0.0333928422387084,0.302016509012208,0.000882227944473958,3.89941194800112e-05,0.00160126723860857,3.75856132086109e-05,-6.11061987990545e-05,7.0949374565949e-05,-0.000668465363516566,0.00020957616929703,1.07277598189568e-14,1.85609573654268e-15,2.15683771818198e-16,2.54483163991218e-16,5.17096748638172e-16,-3.85110301503127e-16,1.06536540947985e-16,1.36608194552623e-16,9.13880062067057e-17,"Asian SEA2a"
"HM486368",-7.61124707017056,-2.50564998248789,0.673878890731341,1.24838831715009,-2.60884083815438,0.252601924972472,-1.23844984522906,0.111563750395315,-0.228246907258287,-0.519674832346436,0.320099729913851,-0.682862883814104,-0.152089174513634,0.014333207512458,0.393169566567188,0.00793829035860109,-0.129430030111603,-0.615842444157382,-0.156263917875154,0.252811363877705,-0.0620377383755525,0.60165106450253,0.317758402691188,0.170355330414949,0.230334240162227,-0.078367177284348,0.178988388705925,-0.327279412359862,0.198541944760917,-0.0911425714443854,0.202079237267985,-0.103493797377982,0.0192849135318373,0.149460348837628,0.151973344527414,-0.10601879524791,-0.0704773829465441,0.194570807289523,-0.0686588239438632,0.00995404630686344,0.000591935681301901,0.000551469457849179,-0.000112256979477204,-0.000145431436911827,-7.19548033988341e-05,-0.000729963601345974,0.000110057953732197,0.000269672606510911,1.0893421339724e-14,1.55149291459235e-15,7.97425856054798e-16,-2.85543121172021e-16,-2.41783713996989e-16,1.60378386863971e-16,1.52156719503432e-16,-2.07455539866282e-16,3.24712141152977e-16,"Asian SEA2a"
"HM486369",-4.32402578972283,-1.08522688860216,1.06825873956894,-0.571499846449124,-0.300356225938398,0.303206271808152,0.891020328852599,1.40610281642887,1.96897500186377,3.70896539488777,0.741158640205541,0.866312952887319,-0.698539981549951,0.595455703604485,0.450879757388274,-0.257353477814516,-0.442952728006671,0.193257395904719,0.161213970556658,-0.47557433332745,0.19016549210459,-0.252274760890786,0.100948003634711,0.313734701236086,-0.0114827170363616,-0.32234847675151,-0.617244176966169,0.114165039121126,0.0700665771702969,0.238827050007017,-0.232765419309178,-0.23695321356509,0.272016239333799,-0.0464477604189099,-0.0814726583685246,-0.0408138595886869,-0.000204949173262756,-0.126078040315835,-0.0999482370644514,0.0598661450100632,0.000595227044316065,-0.000702591915054754,-0.000878395934805386,-3.65842383480541e-05,-8.2110526281774e-05,0.000292625559760473,-0.000519636895679503,-0.0013009750823449,1.08863990360271e-14,1.81106961487966e-15,2.92186241820523e-16,2.51049561996183e-16,1.8883054820113e-17,-2.6139165666855e-16,2.00477175071226e-16,-2.46029921321475e-17,4.29175265197849e-16,"Asian SEA2a"
"HM486374",-4.65425408235305,-1.15945711490171,1.09732919404887,-0.543896939301196,-0.471709539824781,0.399055178018447,1.03023151347499,1.58819301254513,2.08571409934408,3.84358046353637,0.898259766305245,1.08779732309527,-0.981385333421951,0.430252913812474,0.204037261868177,-0.0380245212447192,-0.364227115513129,0.275818115042747,-0.211814662308052,-0.6551047504041,0.1669932911704,-0.00566987027751429,0.0650842127073751,0.204344676816471,0.187735982008754,-0.0591658251014379,-0.543672981474944,0.00728243735162572,0.054050146245102,0.112066205474689,0.0895323508841593,0.107638768116963,0.147809895860481,0.0848788701407749,0.065266766292532,-0.192810117747295,0.0270029005896856,0.0389464764394981,0.180842582473091,0.00817094736938348,0.000972106503846893,-0.00108532634473629,-0.00109864400784893,-5.54523901769883e-05,-0.000145143643264389,0.000112469481023449,-0.000800387234017041,0.000283556187491896,1.08152221011054e-14,1.76743276261271e-15,3.37221586666649e-16,2.37596013478759e-16,4.48270443984473e-16,-4.03237830210196e-16,1.83720342440361e-16,5.46285948906569e-17,1.30476385503609e-16,"Asian SEA2a"
"HM486379",-4.28388858496993,-1.17774414598364,1.13207465330458,-0.667610807691183,-0.319269477605747,0.408168143382471,1.02823004821629,1.7102480669944,2.02539898697115,3.98592035183579,1.04858265746071,0.924522102222992,-0.841020630796507,0.384301582658312,0.266784665087577,-0.117649364490778,-0.255829154018578,0.377396835880612,-0.330715813331554,-0.402585706499842,0.222009380238015,-0.0112321741587788,0.0840936703202801,0.386179595120989,-0.350236454749489,-0.226134108386026,-0.399788067960277,0.186838846706111,-0.0420834341424378,0.0539130194585116,0.0689150899406651,0.132039060185985,0.14540714096309,-0.217512432504396,0.10199702663077,0.0514986892471421,-0.0966700805384943,-0.0469190146932184,-0.032195731373203,0.315749853543823,0.00116695060728069,-8.41331958136695e-05,-0.000728043592818046,-6.84510285161496e-05,-0.000302856993603082,4.94074841983223e-05,-0.000730004768344237,0.000146216046200245,1.06583708799177e-14,1.68609283589696e-15,1.04661469355682e-16,2.54483163991218e-16,3.78318870560027e-16,-3.85110301503127e-16,1.06536540947985e-16,8.10970433213649e-17,1.46899157437964e-16,"Asian SEA2a"
"HM486381",-6.52564017532923,-2.75680051407798,0.306692512373627,1.70987170540922,-1.4782943064746,1.02059787250374,0.925058725011104,0.909918428196135,-0.369639881765706,-0.852422625117351,-0.839690829046073,1.11534797793816,-0.47621589033005,-0.284011462063228,0.284351454201375,-0.424358440190017,-0.839555626995258,0.321311111312257,-0.83647309564274,0.439018517955862,0.666205474721036,-0.792862215996899,0.321898790517936,0.628656995729985,0.231759208679719,0.555129297762489,0.563571977225725,-0.436346451915431,-0.261508183535825,-0.462735101552776,-0.0912616227031415,0.115445009991104,0.435978026351509,0.254488098467177,0.179011936342593,-0.43781049889797,0.425148825647168,-0.172430150068228,-0.157550242779373,-0.172728893785507,-0.000633690305774963,-0.00351621791556295,0.000504228734569049,0.00104286843975471,0.000844125546674164,-0.000431238286505809,0.000955795011166715,-0.000794178056095435,1.10294549916817e-14,2.26364845374874e-15,2.40344389061174e-16,-5.30480870522451e-16,2.38052102720336e-16,-4.21663166611578e-16,3.09053197471727e-16,-3.12052722543005e-16,5.61435887642967e-16,"Asian SEA2a"
"JF819605",-5.19594214593444,-1.23408954405822,0.947643178735891,-0.494723923403947,-0.317588355546359,-0.244924580975661,1.49030340010575,1.37512116238937,2.21617784062368,3.76946957873128,0.720248455263894,1.06691629903079,-1.81918340996053,0.580965352818708,-0.70130326593865,0.0733070629394724,-0.13374329178014,0.369281557736882,0.393407988294017,-1.02086753416768,0.559462659055192,0.511833697374998,0.328208808828875,-0.264958252828501,-0.63998657904176,-0.693864288740437,-0.205888454624165,1.13269205091159,-0.213620837427059,0.178365445571979,-0.256379719910606,-0.0164121629646905,0.14370481022068,-0.0409611349966379,-0.41415212547748,-0.247152409982327,-0.306655848086595,-0.335710539912748,0.0709542587462071,-0.482431042568515,0.000864597884967746,-0.000602447133560513,0.00140433802776136,-0.000190021107102748,0.00043787913416083,8.9018461124501e-05,-0.000331818681982011,4.36206210748992e-05,1.11059450591909e-14,1.4083924906878e-15,5.0014031698035e-17,-1.63556144842109e-16,-3.98189662090433e-16,-5.84681178900457e-16,1.14702909903798e-16,8.57539795512784e-16,8.25374525329117e-16,"Asian SEA2a"
"JF819615",-4.52078575161731,-1.1688818679896,1.33850044749869,-0.235948733514364,-0.163964113976022,0.364412725530277,0.639215661707233,1.42442908959901,2.55179204120701,4.03974059865915,1.16472295770426,0.706505763590623,-0.778546020799176,0.221007673817766,-0.0438903690359836,-0.449492039991648,-0.350126050732762,0.205757507586339,-0.37521118865792,-0.648099729230004,0.0348503262007388,-0.248001835599248,-0.0831085004334176,0.340429087302331,0.0616403000083569,-0.0717249329580076,-0.19723986890975,0.209178036261175,-0.0236426380560322,0.132991690988739,-0.102979982573318,-0.0902394755351909,0.313491996928765,-0.0365510221568834,0.00101493674469894,-0.162683198096073,-0.0825557725114213,-0.141527801288542,-0.00861452168432732,0.0225606223999051,4.76655385588137e-05,-0.000617423612401217,-0.00110486667152788,-8.20190783743218e-05,-0.000156391693815021,9.51782799656541e-05,-0.000950276103171926,0.000250068498954704,1.09419101872584e-14,1.49188049529993e-15,1.25652788126749e-16,3.06560713227441e-16,4.62972264670176e-16,-3.72413959131066e-16,2.00477175071226e-16,-2.46029921321475e-17,2.07130660272818e-16,"Asian SEA2a"
"JN974823",-6.4582470547668,-2.3343627958746,0.274425611027232,1.3626520776168,-2.28057437710029,-0.717230869818855,-0.542009037416434,-1.13948731738954,-0.143344170618761,-0.759342347375031,-0.58901393930427,-0.147838175758462,-0.1226287163837,0.430115673020938,-0.63453827440589,-0.378376832458004,-0.226922824828675,-0.306277209773301,-0.170164227154508,-0.757219900670915,0.740617711187828,-0.190678371166047,-0.611657423833297,0.8516940767836,0.059733249442099,0.32408651899382,0.420502975188679,0.68101163144519,-0.230649165390894,-0.471894760362266,-0.233167560044204,0.304795298092014,-0.320301609995679,-0.0564387421636748,0.203459511530881,0.1548195814186,-0.0119300686263413,0.157637586841852,0.0149583377148786,0.0170675381199296,0.000844882800945086,-0.000654184200581654,0.000384678535139454,0.000192665894978705,0.000372714428915982,0.000646865867018199,-0.00027411494655244,0.000125468564525014,1.05236055028449e-14,1.62703084620893e-15,-3.13195090812021e-16,-1.37709688163855e-16,2.11879194490896e-16,-6.10130895397901e-16,-1.17699429213616e-16,-2.01585997705561e-16,2.43917027131427e-16,"Asian SEA2a"
"JN974824",-6.74812496873531,-1.80819624297482,0.459198870477946,2.18860267681565,-1.02846967028564,0.997117468865343,0.679533069777658,0.801210546255587,-0.16942455627903,-0.737315995223643,-0.126852527725439,0.0207809330770614,0.00407242689448496,0.854555848084159,0.237951058024503,-0.161684860363998,-0.479856960399096,0.443134013903564,-0.470411889096189,0.783350018266832,0.092099521068608,-0.330520639421329,0.140717254313504,0.483099048068868,0.583536453894342,-0.154154060103935,-0.219512523784167,-0.300120849354521,0.167016776157835,-0.146756244060157,-0.0343733541013928,-0.118519404931428,-0.453417653234555,0.170217052759057,0.220209449141952,0.285226106682759,0.175768463455392,-0.115777317742419,0.0336488273981413,-0.0353900922357376,-0.00519698641140596,-0.00100787527645373,-0.000337228368242944,-0.00010360537416038,7.11716005767026e-05,-0.000938712157381732,-0.000162743549091799,0.000246277050186328,1.13114624249749e-14,1.51632507218733e-15,7.07600254498836e-16,6.05405622633347e-18,5.50513092903098e-17,-3.21399735152659e-16,-5.0820839864489e-17,-2.47875914722439e-16,-2.4999540611851e-16,"Asian SEA2a"
"JN974828",-7.64828518399299,-2.44128674102665,1.01563574493304,0.8094174038111,-2.91685636671536,-0.00508801613399968,-1.44878075991737,0.56626800149789,-0.606734535930027,-0.285756368475228,0.560312509642631,-0.953802509229662,-0.212161966740076,-0.011180345068579,0.193332757820118,0.0220182795086068,0.561177365950295,-0.246990938598922,0.166006369853446,0.0439904913591213,-0.167440319762265,0.394058441529847,0.121811399081906,-0.205163429797038,-0.33142117327933,0.111990148347099,0.018666671388939,-0.319561479516476,0.0231199721355077,-0.0633564450821872,0.140428962837188,0.177722657027719,0.0291160199627073,-0.00550789542000235,0.0986900408502244,0.102074157261242,-0.08024954374305,0.0370529245454485,0.00704540340108959,0.0711032173823417,0.000829882858125355,0.000863294756501943,8.38541784931266e-05,-6.71939248921067e-05,-0.000588909431061066,0.000372556781511548,-0.000142374120203876,7.95984480234824e-05,1.08788319325256e-14,1.69881264656242e-15,4.34521235149089e-16,-2.08104801263348e-16,2.79832682244291e-17,-1.73074849005926e-16,-9.02570371534702e-17,-3.27319866321105e-16,2.36990495132205e-16,"Asian SEA2a"
"JN974829",-7.42643717232044,-2.11262046631429,0.891143534693083,1.3090969476566,-2.87299463759179,-0.40273557598329,-1.82895645250367,0.554444725850018,-1.15918810132338,-0.547110612013933,0.128424492270338,-0.784134616972176,-0.27896012784584,-0.826831835122991,0.541051017596205,-0.472431492811374,1.00207203759342,-0.573955973472392,-0.472310798504128,-0.606519998949319,0.242760435752274,-0.221955149925894,0.280667328970848,-0.571849521538082,-0.447820135148413,0.0689956796502171,0.0514727361846809,-0.266190337566859,0.490963065828315,-0.198689218818469,-0.227814315504656,-0.429252549076453,-0.16619174461223,0.22573191420104,0.0182702883325087,0.270073437440081,-0.275093225148236,-0.197512254025231,-0.297709257658126,0.034358505881714,-3.26231304116865e-06,0.00119842842862703,-0.000271892982145363,-0.000204512306467467,-0.000273734677431364,0.000341511940020469,-0.000492754279014269,1.12355285008761e-05,1.11008765374507e-14,1.37962352698269e-15,3.23498932686574e-16,-2.08104801263348e-16,2.79832682244291e-17,-5.96347377144267e-16,-3.98170454139353e-16,-4.97641101648161e-17,3.4801279759472e-16,"Asian SEA2a"
"JN974838",-6.13662912209167,-2.5231625216412,0.985232064519686,1.94183658968322,-1.14283551420116,1.39153948259455,1.64119339834163,1.0680397494228,-0.298868695016467,-0.841518218265512,-0.796097375996378,1.69520088049301,-0.372652445100675,-0.305041845942336,0.411818484218888,-0.665610002986435,-0.443012408522386,0.611155214256732,-0.948001672621663,0.261083562979344,0.389729487072631,-0.797862204295196,0.598601057835013,-0.108621957151703,0.019865793908823,0.425439766338748,0.221251524088935,-0.0575328961559347,0.40482060350731,-0.168402010721058,-0.332320091755113,-0.152908388636562,-0.260008131550139,-0.0599028787841038,0.117722200154303,-0.0870637273553127,0.214428093580076,-0.0460861844992544,-0.0390946490796896,-0.14327648983706,0.00026429345029679,-0.000491071795213502,-6.9344619724573e-05,0.000255908657051144,0.000732675460770709,-0.00106667498033198,-0.000550660550433686,0.000353843815417262,1.05343063077373e-14,2.01592543326865e-15,8.18622556961352e-16,-7.71102061011276e-16,-2.82154175565769e-17,2.90144069946563e-17,-1.00260458929828e-16,-2.5831309797408e-17,-1.95225577849774e-19,"Asian SEA2a"
"JN974842",-6.0647757222411,-2.40720150422415,0.615302282620557,0.738780250929443,-2.28590629086569,-0.427909048219061,-0.617609756548526,-0.575594318838423,0.148391451522815,-1.10246591286855,-0.381615414146582,-0.25696248270547,-0.34478856208744,0.592984098800719,-0.444694009558056,-0.261796648771447,-0.292221393253543,0.131917103179041,-0.171409938388175,-0.79067147478276,0.321707880632666,-0.365851989410838,-0.876072665584909,0.246406720296998,-0.549660904805472,0.555511126592215,0.379574319049589,0.882694148073696,-0.36025744219294,-0.425382570190105,-0.358153002753597,0.689159128455329,-0.204977859334352,0.0902420572239017,0.0912164265497488,0.281075326346832,0.183707711389886,-0.0306782992219934,0.159278252211936,0.208303640965443,0.00133092738941667,-0.000242547505170676,0.000388525514369586,0.000107621609869069,2.96962698570746e-05,0.000611181092372598,-0.000445261201755935,-1.92538638531255e-06,1.06798530150557e-14,1.49001157496279e-15,-6.67915694363119e-16,-5.89236491495792e-17,5.08206217932148e-16,-3.39192740502022e-16,-9.41112585355819e-16,4.01150505806669e-16,7.38775869667552e-16,"Asian SEA2a"
"JN974845",-6.45803209714895,-2.96965647240937,0.421830950141653,0.884730784215193,-1.8460208905705,-0.309887202564247,-0.656061607725543,-0.346208773870072,0.432375727290792,-1.15923253824778,-0.56584790311132,0.0938532167768334,0.268863048902532,0.508948986087801,-0.24519753083134,-0.34077346204024,-0.450520091880105,0.427813502863969,-0.160383283447234,-0.981604547262928,0.15465274019291,-0.119559206578468,-0.57899147377943,0.15790098969303,-0.758072514810296,-0.0976607564487777,0.586007197270868,0.553970135084495,-0.546658913779606,0.217171407288397,-0.00760102279776419,0.540280774320044,-0.36437955255721,0.110798724807758,0.240449786769612,-0.0182447387443649,0.00406197622025119,0.0480034741996417,0.11439839506178,0.240346527984191,0.000921738993815568,-0.000273947924447443,0.00013442319594506,-0.000259039615180042,0.00018189707444127,0.000478828356284229,-2.26029787539087e-05,1.96976989260445e-05,1.06798530150557e-14,1.75368954331127e-15,-7.78937996825635e-16,5.20986533129364e-17,6.41170080820854e-17,-2.97559377078579e-16,-3.3222464528796e-16,-2.64983308968425e-16,4.05708962280005e-16,"Asian SEA2a"
"JN974870",-4.58376461972013,-1.08745848717217,0.607054387702703,-0.361315378558877,-0.316314167639146,0.72012471636902,1.30734721560931,1.65851297656505,2.1367889165166,4.12703396533011,0.444059834699523,0.808410584178384,-0.83310650525643,0.359721796991201,-0.128726152912618,-0.116157947882607,-0.470744355000572,0.130774401935557,-0.0147954815371947,-0.281722378306736,0.316019564764838,-0.32169408525383,-0.0852161240048115,0.34275126878643,0.106687326320894,-0.372814709758627,-0.249471350815163,-0.122777954161158,-0.440019612157468,-0.272905712699666,-0.158048678792986,-0.408878056120153,0.495666635830119,0.316031441781828,-0.180749373566567,-0.409984942009682,0.422025024525089,0.0602519799893063,-0.0102564605092512,-0.240059420009832,1.24850381043177e-05,7.21949889272271e-06,-0.00090441657124362,-0.000267262437291173,-0.000689410380295257,0.000159648728772409,0.00233738103778823,0.00046706197042866,1.12180676302589e-14,1.74759589617232e-15,3.13972511161743e-16,2.29891884034028e-16,6.11152734935518e-17,-1.79404666985843e-16,1.60426583324926e-16,8.68362578191951e-17,5.54900152998442e-16,"Asian SEA2a"
"JN974871",-4.05781460295152,-1.78254656719824,1.53770465405621,-0.856684890644056,-0.584669826759909,0.762619171895017,1.09537235190093,2.12261402479434,2.37542225711265,3.46937461500394,1.06107562392643,0.860343186919465,-1.12339835373846,0.701219907827325,0.471288809621255,-0.0942471479347155,-0.90816325440874,0.272893063921433,-0.14411879179357,-0.616402465759527,-0.252690694072269,-0.237682521345324,-0.0426614170878699,0.00619625942128082,-0.614903611244906,-0.0542883353779105,0.0178405957205552,-0.240506054546692,0.098564836624973,0.384180800879192,0.118858827065667,0.259520357947142,0.203517067200459,-0.151555908034479,-0.306160370264301,-0.195000897519525,0.0315490126402621,-0.0745352721611585,0.050357715807399,0.208706721986603,0.00137847180280216,-0.000244756118664944,0.00172999767443318,-0.00178344027914947,0.00116474190025852,0.000453247706249104,-0.000544848281739837,0.000198017449952921,1.10010131848144e-14,1.61506974545032e-15,-1.73556664193092e-16,1.63302147316686e-16,5.92765834417654e-16,2.97510595239479e-16,-4.09362548807585e-17,-3.10044908320044e-16,4.31372640556561e-16,"Asian SEA2a"
"JN974872",-4.50358856515291,-0.833944852474394,1.03059020996762,-0.433019429736128,-0.550936692881221,0.663589503245753,1.38652426012699,1.58170794804995,2.33214167121526,3.77954177777879,0.865012415143167,0.80387850885081,-0.704702170292803,0.234919913762551,0.062188161466664,-0.167788071729336,-0.371816192874845,0.156302836430211,0.0718479893167298,-0.677594259270172,-0.297754235831331,-0.335060156913448,0.0454400990384593,0.336944167785566,-0.423802426128645,-0.532857893990246,-0.358670415992273,-0.0863238004105751,-0.29861010822711,-0.665501809823839,0.0381809440623809,-0.2574220597595,0.0856932940185152,0.0416615103491089,0.188661430743789,0.0586311825079609,0.0772555871688378,0.958550342181633,-0.196097790434636,-0.276252130418257,0.00140615443347573,-0.00153847138872041,-0.000995895236014921,0.00025665288367497,-8.55907992545574e-05,-8.50572436348291e-05,0.00136635349856458,0.000392183719485442,1.08898873371211e-14,1.76170667352791e-15,1.14346920614418e-16,4.97890067804872e-16,3.45292846457667e-16,-4.83587471035579e-16,1.21035614131657e-16,5.15735703387412e-16,1.73128930315772e-16,"Asian SEA2a"
"JN974873",-4.31976516455691,-0.922734374016681,1.10661155918189,-0.0159045520396413,0.0181497476284549,0.410028798270973,0.910572029142859,1.72127122572316,2.36328780285432,3.93977610762687,0.740753979381343,1.46251657745031,-0.595303823100306,0.016442712849266,0.164063673172155,-0.0809937506857915,0.10912874841099,-0.214316721075886,-0.430900623199749,-0.323344620610978,0.151455203202395,-0.665600353670786,0.287428237572071,-0.251305948832918,-0.0904841858079583,-0.156847881782352,0.0705195710337291,0.117934851702649,0.602472216438624,-0.013467929616831,-0.185712419200078,0.609061288200309,0.444720385096366,-0.249833635604723,0.0389480433324323,0.127266603706833,-0.284878229992799,-0.0365369617777621,-0.366358367878552,-0.0867096849589544,0.000353257672201669,-0.00136221985751827,-0.00136626789910082,-0.000223024951140671,-0.000116539320121392,0.000193786990494871,0.000193522691461834,0.000461858766558626,1.07083520659925e-14,1.47118291844425e-15,2.37960785066247e-16,1.57146169329734e-16,1.28308354615593e-16,-6.09364514971705e-16,1.78088736345103e-16,3.24361745775551e-16,2.74563325951289e-16,"Asian SEA2a"
"JQ970480",-6.1569313036899,-2.96476738541375,0.52544805274103,0.927281903710144,-1.73803538822494,-0.209285214133764,-0.462555767460121,-0.420968008339404,0.292967622363566,-1.35374393566474,-0.441898940242145,0.0169127821044227,0.609101947364879,0.465537875154846,-0.4565122258077,-0.594168758054935,-0.38959397413803,0.405518742823964,-0.174680673626014,-0.700298467765446,0.255576092609234,-0.354024804611565,-0.89281256867714,0.605950516137561,-1.09488642122907,-0.258289601331033,0.787929212292904,0.524199716046384,-0.52631107564407,0.44789476625724,-0.197845982262821,0.570587584016693,-0.255252291662479,0.127902783423479,0.234868012454599,0.0229914222518575,0.0263515215694699,0.0602816038548729,0.0897945060284003,0.184464824006028,0.00100053231562256,-0.000316958829912656,0.000286596841839875,-0.000240074291712557,0.000185824615194033,0.000599720921042206,-7.15553647610148e-05,7.09815993017205e-05,1.05688307125932e-14,1.5871560896175e-15,-1.2230272066757e-15,1.63120955775452e-16,6.41170080820854e-17,-2.97559377078579e-16,-2.21202342825444e-16,-4.87027913893457e-16,4.05708962280005e-16,"Asian SEA2a"
"KT221107",-6.22600283607562,-2.71862953538446,0.522049049951369,0.693483755164262,-1.99041112263137,-0.367226191725127,-0.482400239152758,-0.24123696973923,0.167088853591402,-0.926213712385257,-0.723908557906785,-0.491253807126118,0.509170829139838,0.587108353102093,-0.955247062745027,-0.54673969452694,-0.775463018666622,0.0393712352034069,-0.24153918043017,-0.250254053477063,-0.312537243215064,0.258126863233175,-0.040115743299495,-0.412952996846099,-0.59712494986632,0.0273522048521026,-0.149446249207006,0.127981999538854,0.13741458098099,0.722149450563,-0.488745460708013,-0.179202550941347,-0.394024796160109,-0.255814617277249,0.13049908047781,0.168780462614664,-0.0612215885558256,0.155700712153936,0.0421265092740386,0.260148529685563,0.000809606004776632,-0.00055872720888323,0.000316816011784658,-0.000409680639204591,0.000288883904473747,0.000461098337321494,6.46708457198017e-05,0.000142492067827175,1.07908753175182e-14,1.75368954331127e-15,-1.78187958802531e-18,-3.91990556537126e-16,6.41170080820854e-17,-7.55147721535474e-17,-4.98758098981734e-16,-2.64983308968425e-16,4.05708962280005e-16,"Asian SEA2a"
"KT894558",-5.21099958557333,-1.25167878097731,0.813004541744821,1.19813970247491,-1.9403499144872,0.177219302704102,-0.151233074781369,-0.178751490617812,-0.569213319357502,-1.24572911034921,-0.903746227169984,-0.227221141202666,0.175089450420797,0.884791262243603,0.515662867251987,-0.774039780647952,-0.445451602162407,0.267650985469296,1.21907702720926,-0.247911256011958,0.674620899604251,-1.528394038465,-0.971681144868902,0.226182235083258,-0.209664646647677,-0.15026424402416,-0.369372746683307,0.964052477323228,-0.0960554744561373,0.366532672598825,-0.299440396058654,-0.432949616256081,0.837426725458685,-0.288841582986553,0.42009683075587,0.240007808671333,-0.273742181434677,-0.159602773521463,0.278893566965621,-0.00883344512447751,-0.00531824963374049,0.000108334269534754,0.000258845676253179,-9.09065579141374e-05,0.000946144650651653,-0.000348826237366575,-0.000159692616063135,2.05594992574484e-05,1.10064364591492e-14,1.03809483862142e-15,-7.76988573670575e-16,2.16688945415082e-16,-2.635683147904e-17,-3.37029042496339e-16,-4.37441059741278e-16,-9.54814575872819e-16,5.30175181211634e-16,"Asian SEA2a"
"KT894572",-5.60728906908058,-1.53951665922259,0.392397988476876,1.22174633368338,-2.07291273647051,0.111462772765045,0.400336519549005,-0.923600857751768,-0.229344076919695,-1.31359857750744,-1.37075829118844,-0.635376292721404,-1.16844019792017,0.768331077381133,0.889763457863899,-0.977110889545879,-0.861368545927003,0.085098136583917,1.12103376106696,-0.286302625110988,0.92107601191363,-1.35755456091762,-0.941440728289195,-0.52165724393636,-0.156835154032452,0.265086874850376,-0.454196777235611,1.01094360058778,0.103101755062962,0.363455523280432,0.222583335310322,-0.0584700873276162,0.773334707477416,-0.15156970399703,0.47994952121966,0.114674742401459,-0.229425447993809,-0.0712619515713688,0.118189532960111,0.134543020405145,-0.00503842363187737,-0.000619721772401101,0.000387887808300073,-0.000265690499207028,0.00107212094011808,-0.000467805684049635,-3.97645985600888e-05,-2.32102752903696e-06,1.10064364591492e-14,1.593206350934e-15,-7.76988573670575e-16,4.38733550340113e-16,7.50799285758569e-16,-3.96213510879227e-18,-3.26418757278762e-16,-8.43792273410303e-16,6.4119748367415e-16,"Asian SEA2a"
"KT894573",-5.39927776123117,-1.21543543902736,0.439929079310517,1.05843975562388,-1.37098322687701,-0.0262674351539071,-0.458687227387354,-0.894716609291093,0.453888408391143,-1.74480575416813,-0.245872144437274,-0.825476312229538,-0.889363829195625,1.06057276648516,-0.395922090123763,0.0284765671472735,-0.887128318534159,-0.771049526463191,0.184061246720925,-0.376694648586735,0.494660945590948,-0.180883695551511,-0.582778536691263,-0.038007012606536,-0.104109029185074,-0.194363799763273,-0.292161745119773,0.757375192959722,0.194940485957517,0.444335073991329,0.618524119408313,-0.0685569800477024,0.228113914949995,0.2707906196336,-0.488733540303494,0.202602004748847,0.715475467579274,0.214164948676415,0.152339727191601,0.312928873378151,0.00136117441462472,-0.000887256066202792,-0.000345451328913218,0.000613642057769366,-0.000692902553960262,0.000355033070374422,0.000147516397033864,-0.000132164026426708,1.07843918542242e-14,1.53769519970274e-15,-2.21877061357996e-16,2.16688945415082e-16,-2.48401436404071e-16,3.29104772278755e-16,1.73181603802558e-16,5.99497658602401e-16,6.4119748367415e-16,"Asian SEA2a"
"KT894577",-8.41786027986585,-1.80478572662762,0.88145394090134,0.500247717647305,-2.69504863460749,-0.0592531983776085,-1.55055218692644,0.885991594547872,-0.630215681738176,-0.703515457870647,0.724900182031058,-0.326977715602156,0.163030004412769,-0.422390045581391,-0.156218480454614,0.413636190347785,0.156377732984152,-0.444562328142887,-0.326042818132678,0.599686482498815,-0.200220500291792,0.58576555107696,0.038792815946521,-0.752219384532991,-0.468402482134975,-0.406992718670701,0.0519122030761694,-0.216514466617027,-0.547924112078811,0.888013948577261,0.720972705360194,-0.243005884805524,0.213760590661261,-0.738975882319103,0.165402619324073,0.0730142863562743,0.325108492164879,0.444913739085341,0.206658946816634,0.158195954550805,0.00043753952440284,0.000962518942164188,0.0021175529728987,-0.000173857996271909,-0.000149572832705022,6.85037870095611e-05,0.000547879998912731,0.00015704440169997,1.09898542349882e-14,1.69881264656242e-15,5.45543537611605e-16,1.39398036616834e-17,2.79832682244291e-17,4.93058965769167e-16,2.42809870234077e-16,-3.27319866321105e-16,1.49458902071736e-17,"Asian SEA2a"
"KT894578",-8.61905831580941,-1.73879111063851,1.13697331270834,0.482848734413973,-2.61740865537274,-0.30462352339087,-1.43486704260154,1.04918304680994,-0.702968761862224,-0.518407369952315,0.824836404316829,-0.237410418049648,0.373780811262927,-0.290930800923867,-0.419525679952692,0.444135637261878,0.566430652955077,-0.400725708307857,-0.054757184261206,0.415213074369887,-0.0258803753297338,0.595104289608513,0.0826137820727716,-0.880711075519632,-0.586689823619204,-0.391458479382199,-0.0618847295990938,-0.136201761092063,-0.730020457189986,0.884472461184095,0.534079122157755,-0.283934116584395,0.145340974253354,-0.720288779195088,0.081670449870887,0.0238798913230229,0.338628122127026,0.409302686005221,0.228705704830044,0.115384716322448,0.000246700126340064,0.00116173995908465,0.00221685833213595,-0.000199509779747511,-0.000165308024605604,-3.74557937852809e-05,0.000555817194210855,0.000103357610126468,1.09898542349882e-14,1.64330149533116e-15,5.45543537611605e-16,1.39398036616834e-17,2.79832682244291e-17,1.59992058381621e-16,1.31787567771561e-16,-1.05275261396074e-16,1.25968192669689e-16,"Asian SEA2a"
"KX148264",-8.05467257635265,-1.98340114552505,0.935116189709752,1.41102021413324,-1.8712861118428,0.724063211658393,-0.866228662173386,0.294002738150597,-0.492541466018201,-0.116704375528194,-0.160041805975607,-0.372749831312109,-0.137673727108978,0.741010756028896,-0.451908811411467,0.266677825370169,0.0921153222220289,0.448142752006805,0.0448598251145419,-0.23515006108627,-0.632286647032952,-0.20429079254956,-0.0281768659317738,-0.118617781165095,0.319943425166701,-0.148249870539094,0.309504583464165,-0.0353155061125838,-0.134017193108877,0.139473281817701,0.222816603542436,-0.204309012621999,-0.202151941265902,0.0642241828141219,0.157477996564006,0.021844169848492,-0.227871253831234,-0.132615727445132,0.0309260090950887,0.329885074760182,-0.000264606670190096,-0.000822496145929944,-0.0003309569040727,0.00112597733048198,-0.000473381502864134,0.000217600512106823,-0.000172919521906068,0.000170454576843404,1.13562727713138e-14,2.48745369029342e-15,1.30894119038042e-16,3.06379521686207e-16,1.75901651814941e-17,1.42739093176033e-16,2.02110871265406e-17,-5.90164056324365e-16,4.96279978220243e-17,"Asian SEA2a"
"KY451767",-6.37763739865761,-2.02141730921727,0.125447309666061,1.24519166525374,-2.36895499254524,-0.667301380628555,-0.649511565191601,-1.12378724189794,-0.303409398145294,-0.594344130481198,-0.442776448997957,-0.17192531305004,-0.119449158354773,0.239165002703072,-0.595579695088133,-0.405753970547234,-0.261959674007179,-0.0820270201568901,-0.0599157437559178,-0.693310652634341,0.52366839724968,-0.423590882460356,-0.863465853677062,0.75379583688784,0.0966730239514798,0.486671724919224,0.273758161153477,0.80075660659981,-0.17133621352029,-0.448459365498759,-0.355352330909689,0.572337131348512,-0.508952386358458,-0.0406372268200198,-0.0558932815482156,-0.320988952167828,0.0898304407927006,0.28935112403378,-0.220066681001397,0.22607317560743,0.000595662461550757,-0.000238968318143736,0.000567528979761638,0.000117969276353118,-0.000103969741401991,0.00187571579242023,-0.000269406396617045,0.000315939098133784,1.06346278053074e-14,1.90458660236522e-15,-2.02172788349505e-16,-2.66873857013399e-17,4.33923799415928e-16,-2.77063988010354e-16,-4.50766336601163e-16,-4.23630602630592e-16,1.32894724668911e-16,"Asian SEA2a"
"MG201879",-7.90463356740504,-2.21133085271886,0.63868578583947,1.00213287494275,-3.00832230070141,-0.175072624138064,-1.52235270869133,0.167053662267276,-0.87629502533785,-0.106929327094305,0.42244198565411,-0.959913124948018,-0.0408910091640974,-0.321029376457365,0.16374487307225,0.0700092410962749,0.633058262766118,-0.455455528432582,0.133473395035506,0.053856714086407,-0.052523274740693,0.425453156490013,0.0513500180847411,0.101818149525246,-0.00504071457295632,0.214042983187756,-0.0381992903590632,-0.208531232847287,0.0879412542734281,-0.0913184806292887,0.00704332405846567,0.191128087778196,-0.0569956142522175,0.080296546317624,-0.18184151806731,0.00873757970187,-0.103951637372356,0.20006756311175,0.158061570657489,-0.341440996097604,0.00118924047799184,0.000250376107143128,-0.000390679031489535,-0.00123628360474265,0.000449216809251123,0.000651858359924377,-2.69976049420909e-05,0.000257400847255372,1.09130122121117e-14,1.55135738578446e-15,6.75560734891344e-16,-1.15147822604858e-16,1.76399733287364e-16,-2.82672709768934e-16,-3.23347478296058e-16,-4.70530124167489e-16,4.90156237018245e-17,"Asian SEA2a"
"MG201880",-7.60623605101506,-2.37804594847315,1.28374636485861,1.05161837284978,-2.93941228777363,0.542143542776494,-1.14912588180722,0.00163240635485932,-0.467057242279236,-0.271342513045073,0.0466867140673545,-0.711928917561957,-0.0158252726328547,0.177754206705744,-0.441176119622046,0.328024537012759,0.489678539734349,-0.489062813689637,0.163676620879808,0.0484576271486952,-0.290179207246903,0.406299023683036,0.485035557939485,-0.165541647805736,0.0938316605866833,0.06655418519383,-0.114768553110585,0.0820855165799458,0.32102650860598,0.148898283142395,0.125810957557254,-0.54345902283478,0.0349823098428383,0.163952832313364,0.000598273154965109,0.572918767356088,0.160693703925979,-0.169200550560113,0.0610835776955848,-0.0821576292035143,0.00117199680719499,-0.00180691504104178,-0.000392042895677642,-0.000206544533629827,0.000697446236927869,0.000716604260992493,7.13349169422883e-06,5.19956646597409e-05,1.12264882471116e-14,1.38495946089858e-15,3.53336646204736e-16,-6.34985162469897e-17,-1.30761411534474e-16,-1.72688520523576e-16,-6.98878854215995e-17,1.25611367521265e-16,2.13689838690461e-16,"Asian SEA2a"
"MG201884",-7.99604740486886,-2.55473554458065,1.10691898144256,0.716169857686007,-2.93843460621146,-0.0648943144088008,-1.58070451922041,0.909484969272551,-0.650141806015462,-0.314927562241625,0.635414308522107,-0.702156766362935,0.547267989587596,-0.0831365936043454,-0.11447500166137,-0.0571050207608187,1.00796926966371,0.195782453221414,0.412154107819606,-0.130232777758893,-0.0179434338104422,0.516685150593493,0.300873753812792,-0.369008958276173,-0.342877288981083,0.0638398781979609,-0.11405071618573,-0.277260741053739,-0.164924033113835,-0.0885631942753378,0.0310729333005165,0.0482757738870232,-0.00135669662165202,-0.102439353522902,-0.0125420886850177,0.035655952102951,-0.0601350123280995,-0.0303396337502061,-0.0135352754326111,-0.0305242825546677,0.000539078986683728,0.00115429202372501,-0.000116467409814658,-0.000143135226711807,-0.000430634243003053,0.00042247272380244,-0.000103083326543935,7.57735375059882e-05,1.08788319325256e-14,1.75432379779368e-15,5.45543537611605e-16,-2.08104801263348e-16,2.79832682244291e-17,-5.06141756393473e-16,-3.12301642078502e-16,-2.1629756385859e-16,3.4801279759472e-16,"Asian SEA2a"
"MG201919",-7.84948321993655,-2.37529212503754,1.27115511674004,0.792018420577768,-2.83921638748061,-0.250458341147261,-1.33309561559246,0.729459453759957,-0.679487616054075,-0.100648280556896,0.660248731928401,-0.864235211677154,-0.00141115988991859,0.120278899588945,-0.0699744416779592,0.0525177264226995,0.971230285921219,-0.203154318763892,0.437292003724918,-0.140482916769807,0.0068998051997929,0.403397180061401,0.165632365208157,-0.333655120783679,-0.44970851476356,0.127524387635601,-0.0951302612863241,-0.239248773991514,-0.158976372975667,-0.0668979324753543,-0.0464646203652508,0.136794425248848,-0.039303596445199,0.0131792077040132,0.0149578713970387,0.0529397622279906,-0.0667299137809033,0.00144187146532893,0.0290921614144996,0.0282919791539843,0.000639043460062578,0.00106251577342239,0.000183159537730381,-9.28457083677086e-05,-0.000604644622961648,0.000266597200716702,-0.000134436924905862,2.59116564499805e-05,1.08788319325256e-14,1.64330149533116e-15,4.34521235149089e-16,-9.70824988008322e-17,2.79832682244291e-17,-5.06141756393473e-16,-2.01279339615986e-16,-2.1629756385859e-16,3.4801279759472e-16,"Asian SEA2a"
"MG201921",-7.03782451141592,-2.12536852132656,1.35057843653651,0.873321599168235,-1.70984845457183,-0.0967725332404086,-1.38221806793873,0.405218968770519,-1.00281405447018,-0.746474995885025,-0.108167210522737,-1.18555774237847,0.224689392297031,0.172762796618498,-0.132003458771237,-0.778872185239563,0.988724571491689,-0.338966532807952,-0.775820721995917,0.201928328264675,-0.449003242301255,0.408733126750446,0.445407317234162,-0.544006980018295,-0.631834129524295,0.19337698642165,-0.051657474901916,0.0580403487091057,0.446875511194009,-0.225943819376288,0.283602058903129,0.213317890802856,0.0256080667018369,0.190821958887943,0.105999001727607,0.0703554735107633,0.299196818538989,-0.103254154928951,0.0357466258919328,-0.0472469002691128,0.000800891580303568,0.00240634353680226,-0.000372944912282128,-0.000415045668507609,-0.000572510620014585,-0.000979386684379297,-0.000474169433150124,-0.000206426678213874,1.09343430837569e-14,1.17145670986547e-15,3.23498932686574e-16,-3.19127103725864e-16,-2.75278830068288e-17,-3.95119453930958e-16,-2.01279339615986e-16,3.38813948453989e-16,5.70057402519752e-16,"Asian SEA2a"
"MN784132",-7.30581169594919,-2.15128440637626,0.148085054946717,0.833459522776714,-2.56151410465954,0.54316497625222,-0.767453961368595,0.136243836586048,-0.40165383168362,-0.564028218655129,0.609712650674496,-0.453519046574,0.192536774974214,0.033764922140251,0.0908868935136324,-1.14585806781801,-0.205371726133417,-1.00362548847933,0.074299794439311,0.0342284797937486,-0.231185114854573,0.345768176476419,-0.318525765176194,0.666816013909523,0.255380735936577,-0.0356426335528743,0.333413259964176,0.173623533900128,0.219547593257978,0.139694583048711,0.0942643135085247,0.0741627804997538,0.191909295372715,0.252891516254679,0.0356576810461608,-0.108800192043407,0.407503570063675,-0.0827523334084086,-0.00548400172158622,-0.534881420403789,0.000497274972190814,3.0114301712835e-05,-0.000376711416055572,-0.00019143299364838,-5.95418526262623e-06,-0.000562345381088463,-0.000257631520031385,0.00040365297545778,1.11496462242351e-14,1.66771562216287e-15,3.72331541021959e-16,-8.15638400510154e-17,7.3166204759719e-17,2.99638443892419e-17,3.38001997809243e-16,2.5995686583117e-16,1.36737269722596e-16,"Asian SEA2a"
"FJ598135",-4.10328330927308,-1.71843150869885,2.96661008846878,-0.438248854515736,3.725005304936,0.931842101567961,0.89260170805509,-2.7969513472728,-0.196245663590388,0.450611015792837,0.383183425765354,0.267189542305346,0.431361220217992,-0.396519036595612,-0.507122574422556,0.661087880240674,0.658804996924896,0.435239481852068,0.0604469904640715,-0.196206920141762,0.417627381756872,0.0775572483072268,0.181427766432535,-0.39198079324497,0.0602312417476233,-0.133616493969523,-0.646581255824554,-0.0809930190884334,-0.48499525289785,-0.0131220612062478,-0.580432707618856,0.0775755193430535,-0.05935796783711,-0.244466368530392,0.0259545228761686,-0.441279207937391,-0.0700454335855516,0.366421317993573,-0.221256113983025,0.0697457809517486,-7.87448435863468e-05,0.00142224536093616,0.000278480973549527,-7.45330359237019e-05,-0.000493943098091558,-0.000723616512205285,0.000230111877720863,0.000110025331640971,1.08605538877281e-14,1.85693764243901e-16,8.73125990148764e-16,-2.06057439028555e-16,-1.94410783216375e-17,-4.09995515547087e-16,-1.02991367172817e-16,-5.7797693340896e-18,5.97375160366964e-16,"Asian SEA2b"
"FJ712195",-4.57053252214731,0.220618049011459,1.27521923857612,0.738430505377463,5.60834010297335,-0.51560742287221,1.0929327481647,-1.81911051050484,-2.10908413303196,-1.36342685380796,0.300300483151343,-0.526228079939182,-0.958432038659991,-0.739961763222705,-1.70682153128365,-3.38450674012991,0.949655409199397,-0.528259503505815,1.00370817131259,-1.52422739756287,0.55513245134763,0.8285877984122,0.0836176995054853,1.04919116742746,0.615556458094811,-0.680541459881266,0.617186750528115,-0.922910840800236,1.41556073071415,0.266039944124013,0.498943352593087,-0.132499986070759,0.132958965845137,0.0809884551881226,0.404284288795539,-0.313219441575407,0.379048916570371,-0.0532035684587695,-0.137426246906158,-0.161418809378831,-0.00124865082458088,-0.00119699057064995,-0.000202352605184125,7.21593069424397e-06,0.000135364944185221,0.000498541419357047,-0.000361504021866223,0.000771209477019966,1.0645727227201e-14,-1.41272385219276e-16,-2.99680872696341e-16,2.86922199477811e-16,1.64530298734741e-17,-8.40160507068976e-16,6.4530907604015e-16,3.14699664397691e-16,5.46437128732858e-17,"Asian SEA2b"
"FJ712196",-4.51361978108368,-0.912016593435997,2.58135530647005,-0.46446632943628,4.02540556924095,0.733573262635212,1.32518584429162,-1.22709563897723,-1.42806244405616,-0.472396614857051,-0.116391357248478,0.25875821828778,0.546026419496681,-0.423607177353145,-0.0173063000766317,-0.71483891006245,0.21940507132958,1.12737642991562,-0.320845212010172,0.8015269034754,0.903667791595434,0.588310801141618,0.751801297473904,-0.0984832015847958,-0.385752561725133,-0.756668361194555,0.658248515630986,-0.149925898558005,0.276333713427513,-0.196775854168716,0.978876877011655,0.301497007685842,0.407840219891268,-0.277364847576652,0.332037229828545,-0.0291447175405475,0.206133771709086,0.416780933307968,0.108457302354846,0.277052157401647,0.00118369999821602,0.00171414620406612,-0.000235970361048806,-0.000172696407380448,1.99339896729779e-05,0.000204891958649028,-3.47456597579924e-05,7.25863588484021e-05,1.02169893605253e-14,3.20917831045594e-16,4.70263804730117e-16,2.55442553907996e-16,-4.06447622344306e-16,3.30339073079732e-16,8.20074809341484e-16,8.55897950655779e-16,-3.55416705000248e-16,"Asian SEA2b"
"FJ719751",-4.11168067563994,-1.70384618751994,2.90162152758842,0.930007731685184,3.99564248578818,1.21121131651929,0.0395401375541755,-1.92650673595675,0.105614696948506,-0.903167831287061,-1.02462261875644,0.485700516401369,0.584902650026164,-1.23959002506411,0.375741781395267,0.0712587414574915,-0.240951110050113,-0.0183599938894733,-0.904685996637866,-0.42374264790153,-0.310834569842293,-0.115919276800286,-0.552137299015382,-0.391566342334594,-0.0724232551485102,0.152096512476349,-0.102775246856954,0.259902187250513,0.0655232099017198,-0.149664208925074,-0.0449037874031189,-0.0318650977661238,-0.0844465927841482,0.254778061919637,-0.151648406448772,-0.0588409165023751,-0.122141645137863,0.022149032002883,0.100125215365019,0.0621013006763739,-6.4377708409298e-05,-0.000812683047618483,0.000936526392237026,0.000400321365989237,0.000445715658091513,4.92271501863309e-05,-0.000259456091251952,0.000150564324238798,1.10132095536141e-14,6.42631209255248e-17,-1.26074732013877e-16,1.8252061959025e-16,2.16481314411208e-16,-2.98973213084571e-16,-3.25035972097848e-16,3.55042713669086e-16,3.19819404210675e-16,"Asian SEA2b"
"FJ719753",-3.28659459523387,-1.42230989507866,3.79784927106633,-0.0625103096587779,3.20788628918769,0.820421865188848,1.06026215606688,-2.56965903808767,-0.0119835268690421,1.49713464556328,-0.338421126686653,-0.295527393484116,-0.0889021981510185,-0.524777389237062,0.227470379447513,0.363544835120154,-0.309827856552391,-0.366496665142436,0.0318031310369002,0.0778340572022544,-0.110272861748016,-0.324995440046246,0.222551555266555,0.337148093623333,0.525785012061558,-0.024003549136424,0.0646043550457583,-0.414696637281555,-0.252485954525256,0.124686225288851,0.607006275287807,0.163189826770334,0.123198819755164,0.082106380701846,-0.18081321303888,0.293803416648028,-0.551361222561549,0.0498794598374154,-0.0692814267981992,-0.0482379401482279,0.00036071020350428,0.000961099674737118,-0.000632186983301632,-0.00150495202619277,0.000738553873886134,-0.000500595430523162,-0.000456372354432588,-0.000205034647308609,1.09261173385086e-14,-9.86704332085637e-17,5.03940226807525e-16,5.20233136291354e-16,-4.56975280357347e-16,-2.81954944698324e-16,1.05753034312206e-16,-7.80888121692501e-17,-1.31198145124286e-17,"Asian SEA2b"
"FJ719755",-3.72555460948663,-1.98230716839475,4.11336817606003,0.72651567851461,4.01950883155379,1.44216176101108,0.589856501967142,-1.97965568127873,-0.312170079595119,0.785408767486893,-1.55885331441821,0.29048999645254,1.0333717403176,-1.17983372590254,0.271279329566368,-0.674825061620994,0.314852702392427,-0.652517580643034,-0.28326112965649,0.248551910971461,-0.429847423786848,-0.465104252224103,-0.157868759613219,-0.00284247523052688,-0.65332955985196,0.247608563634637,-0.0627515211530202,0.267026127521285,0.142344658373693,0.338904935174932,-0.342760992533171,-0.232158061858478,0.032943710995013,-0.409955616984396,0.249156555032988,-0.186566526775721,-0.383178968506114,-0.127923054105453,-0.113932026855387,-0.293811514951635,-0.000955145126027202,0.00035110966630007,-0.000590404935797019,0.00154036221407052,-0.000924673334319391,-0.000444709416054148,-0.000763934724056181,-0.000147569212704066,1.09160650389594e-14,-2.24730528733156e-17,-1.81585883245135e-16,-3.95239853347814e-17,-7.49522295528953e-17,-4.65506666778344e-16,3.96608993908504e-16,-5.7797693340896e-18,4.30841706673191e-16,"Asian SEA2b"
"GU647092",-3.5049157792166,-1.68456466513202,3.68936732989467,0.108557332299373,3.20303389669444,0.781339431992722,0.923536529362494,-2.58493322595732,-0.162392498541988,1.52207622744205,-0.244694408631462,-0.256609965231127,-0.149918144452543,-0.432472179806578,0.237213476607042,0.325422110729828,-0.394227448769757,-0.343802440627237,0.031226288002313,0.181224128725659,-0.199269312636998,-0.439651680130752,0.360988225208085,0.331172691526905,0.431826301162131,0.016592514851211,0.188063469171983,-0.291204158400587,-0.190454653595321,0.11383390618804,0.244817723578466,0.221516113159491,-0.117077948472422,0.00697813617688822,0.0958272335577453,0.397145207002665,-0.0491662283995677,0.131731380719342,0.0166722096829011,0.00814833373693971,0.00043720123331824,0.000600093412178722,-6.88128686818859e-05,-0.0017362662469219,0.000674805786224809,-0.000441372168695224,-0.000258463990845569,-0.000128402545535269,1.09160650389594e-14,3.30380983579423e-17,5.95570233992474e-16,3.49054073284023e-16,-4.08019136940442e-16,-2.43462061853313e-16,8.03093528969903e-18,-1.16802071796605e-16,4.22636480543858e-17,"Asian SEA2b"
"HQ118114",-4.18424759384783,-1.89514572889466,3.27568683574056,-0.32055894443943,3.67809108458911,0.557427691278095,0.804032189131089,-2.49272178974544,-0.0418449106419266,0.338309899228262,-0.0563337202264989,0.474985340062733,0.346506543135891,-0.257567048581073,-0.645691109861707,0.713403859959626,0.692732339120073,0.306034305333383,0.258523240902673,0.0881263341477544,0.333943923408889,-0.0483717457371666,0.381695844199257,-0.110374058224666,-0.141715750450581,-0.0197843753868099,-0.30160452152042,-0.110492470206598,-0.189992749930266,-0.131829376991456,0.0161043590396114,-0.198228958560233,-0.0954174365796583,-0.294235985944518,0.017035458676851,-0.149373086927612,-0.0124960564342782,0.12973700691869,-0.0377262776084078,-0.201245389067873,0.000224775570455374,0.000997428043961687,-0.000360877078033488,-0.000373619995965545,0.00016742237537057,-0.000501654182186267,2.14666772796917e-05,-9.0067360898706e-05,1.09160650389594e-14,1.99571552051716e-16,5.95570233992474e-16,1.59871658964765e-17,-2.96996834477927e-16,-5.21017818009602e-16,8.03093528969903e-18,2.16264835590942e-16,2.64308252979417e-16,"Asian SEA2b"
"JN974877",-3.92245798315169,-1.85932821657263,2.8950967239093,-0.247357532309608,3.52071739185916,0.519231294334952,0.432554359184072,-2.74307598451197,-0.182771907016409,0.0984131611042082,-0.276101204750054,0.512408755379605,-0.115943603132808,-0.526871377393905,-0.803878380406201,0.704041584954568,0.191800826996533,0.278467129934893,0.174534908420584,0.205628776592418,0.113219593641379,0.187398329850237,0.452837068774645,0.173297659920975,-0.131925890982987,-0.288518433934656,0.0262815869360668,-0.00041678154738182,0.158586846450125,-0.214354490390764,0.384650273609783,-0.164776973142607,-0.149987064150006,-0.40447755975578,-0.102833782270393,-0.123390348674532,-0.0143964562954307,0.0751994727324764,-0.164151150284517,-0.287400234483678,0.000451956025909275,0.000779104657038861,-0.000662678880473063,-0.000570583025988153,0.000467213845665894,-0.000216513355328216,0.000118188497244809,-9.26633613551539e-05,1.07356537974578e-14,2.26297575020814e-17,4.84547931529959e-16,7.14983171277343e-17,-3.80263561324813e-16,-2.72952360944919e-16,1.17318514276238e-16,3.27287138053457e-16,-7.5697548312037e-17,"Asian SEA2b"
"JQ950446",-4.42778420014115,-1.65079235563753,3.97338428490509,0.377886891091537,4.19066611571726,0.75465580849836,1.00431289648119,-1.85778115387465,0.0885239409571324,-0.0349073900358321,-1.02593712761794,-0.233945500604581,-0.515594999854202,-0.398032412094315,0.570299020276108,0.671091279826082,-0.236212947385924,-0.137782526233918,0.300169392442736,-0.593662377873091,-0.529757569897516,0.272705696957414,-0.447642437380119,-0.860599850362237,0.496137659970818,0.170389098271626,-0.199451686067871,0.0753074073414585,0.0623569857730811,-0.0267312796410604,-0.244679631907621,-0.0701495334108538,-0.0666726452692756,-0.058013647794147,0.233288853658521,-0.0760930720571757,0.0682143251236902,-0.0763148309051405,-0.0177204973173286,0.033434507562221,-0.000546985050507401,0.000758874501139224,-0.000592257877484976,0.00153906681997491,-0.00171679867928883,0.000650485970611766,-0.000284303134457251,-8.23235971753566e-05,1.09905413882305e-14,8.30885970748681e-17,2.66736939472368e-16,2.5739084025402e-17,3.21107278662224e-16,-2.12421742463353e-16,-3.35860976058832e-17,5.93333704808733e-17,6.07231461818704e-16,"Asian SEA2b"
"JQ950448",-3.93393190483131,-1.54432053560532,3.7936213940612,0.311136690336159,4.43311935203675,1.10226703738446,1.08013777844563,-2.17484044861385,-0.246683663828473,0.2210465890568,-0.778446642265319,-0.060372122853552,-0.277509091991402,-0.399243127658444,0.317959535448506,0.358947800686532,0.123363423766908,-0.176959297254038,0.171720066345543,0.0280862003935054,-0.333148994086659,-0.0926750951219246,0.314361998472462,-0.339636634811716,-0.259456219861809,-0.0373228352489273,-0.07350960023949,-0.143204640179494,-0.0408073483119012,0.404886817585429,0.0141189877009579,0.0682707992409121,-0.0916386482485264,0.158644207943985,0.08961162750689,-0.134747928095818,0.0702152673468233,0.0110867763383943,-0.029038669706972,0.051438059367127,-4.54042262730745e-05,0.00046600785389914,-0.000354445674842022,-0.000360272945409888,-0.000300486576181895,-0.00044344894510762,1.43797573802123e-05,-5.68710978388134e-05,1.10548429170375e-14,-6.75758632487126e-17,2.62503326604927e-16,1.27009468358992e-16,-2.41485683246669e-16,-1.54991164578496e-16,9.34660664815568e-17,1.60753684359684e-16,3.40636085922397e-16,"Asian SEA2b"
"KF726852",-4.2633554945336,-1.63862390378044,4.04170923606856,0.390154795579709,4.13292204483991,1.13138818849522,1.03210996843213,-1.69810902671376,-0.0394354096094376,0.0356301046885447,-0.838703051302277,-0.352685965051266,0.289624003620394,-0.289613387513129,0.753238837230155,0.45187588856119,-0.15977876000192,-0.228825169909505,0.193319153459038,-0.383058955829827,-0.496077769238735,0.0745627225582244,-0.695773624455434,-0.424243408093106,0.170980150954482,0.0778116502940418,0.175826278465814,0.11587178229628,0.0937323864374922,0.123804426970259,-0.404445802856968,-0.284104257645877,0.108622942960611,-0.203174280174646,0.107630706558734,-0.0428475655660867,0.0992859103658963,-0.104311932223752,-0.0979517839702413,-0.0313697003898817,-0.000522833966505396,0.00107232684172153,-0.000545454350636947,0.00159319261739686,-0.00158218420661887,0.000843148193192848,-0.000351868512962415,-8.27558726996491e-05,1.09905413882305e-14,2.75774458436103e-17,4.46923345473362e-17,2.47783688950433e-16,3.76618429893482e-16,-2.12421742463353e-16,1.88458507319148e-16,-1.62711234444158e-16,7.18253764281219e-16,"Asian SEA2b"
"KP319185",-3.57401593531581,-1.10254142763851,3.91963841646587,0.179158065443585,2.99033090277296,1.11368070744219,0.647006256242187,-1.96121171500792,0.0483752591648967,2.19380936515413,-0.172976600017229,-0.399712852288869,0.986932485016562,0.382420499411879,1.36310573985949,0.51827117955892,-0.479762656008775,-0.981549685833416,-0.577490525124539,0.211968580761513,-0.217297533723366,-0.514376839351376,-0.0204919049583692,0.428029143184813,0.422408264308026,0.171594452028612,0.379493518279971,0.00319515824963309,-0.244118110961658,-0.0740489197410942,0.28731427799423,-0.0924243567322982,-0.123369749149384,0.320320289890544,-0.00362357365515516,0.578098123532645,0.258484999717728,0.166013563653673,0.20690344518391,0.192679877726867,0.000788449242108606,0.00173483006018556,-0.000512540713198348,0.000130384017093544,0.00218706457805057,-5.3799659255758e-05,-2.98949576702063e-05,-0.000238595265422428,1.09160650389594e-14,1.44060400820458e-16,2.62503326604927e-16,5.71098678209055e-16,-4.635302881717e-16,-1.87950910622055e-16,6.35420865209568e-17,2.16264835590942e-16,4.22636480543858e-17,"Asian SEA2b"
"KP319186",-4.46625082449621,-1.82234250033101,2.99033888536638,0.834149884355625,3.97170652623201,1.15476022157366,-0.0990893683036488,-1.57581114692503,0.0623806708882646,-0.937247455878755,-0.949263561191376,0.743475583176599,1.36410876868291,-1.31667178785935,0.0637383492627509,-0.0110514399121845,0.211332787669076,0.437640812737918,-0.656487033089397,-0.59957973791992,-0.16029750832867,0.0104309498312455,-0.368285946521502,-0.557895737729138,-0.0817059015355836,0.102071856333507,-0.237295951437617,0.301831939667522,-0.124627924104794,-0.175601525310489,-0.153745916098301,-0.164575401242807,-0.114425215062658,0.154343516206149,-0.264641925964042,-0.126329407742912,-0.101673764982084,-0.0466353876499858,0.0784125296891942,-0.0418589642482425,-0.000360389278768128,-0.00051665187704972,0.000727662061178507,0.000322500780809096,0.000609393544709237,0.000103015745207598,-0.000219078433020225,0.000147769869793268,1.10132095536141e-14,1.19774272156783e-16,-1.26074732013877e-16,-3.95239853347814e-17,2.16481314411208e-16,-4.37751091162716e-16,-4.91569425791621e-16,3.55042713669086e-16,2.92063828595046e-16,"Asian SEA2b"
"KP319187",-3.80527563278676,-2.13671195001476,2.90695659757876,-0.208761053757268,3.77003185353173,0.579593434572017,0.624856296577913,-3.74841519977076,-0.0915141283289563,1.2196606976935,0.4278847406192,-0.0560778915556517,-0.129680018928447,-0.0366998536203077,-0.12472835080437,1.41772053236673,-1.11575765695922,0.338185406603239,1.23105517747153,0.198579572595443,-0.187801495856417,1.06547782395175,0.0342978389257313,-0.298232086456571,0.168498605005363,0.655441742057788,-0.121588823448002,-0.548055946891836,-0.234003974426526,-0.620724358779339,0.856891435631424,0.344227954941095,-0.058728134905694,0.322458739586179,0.192578672195511,0.291465350825201,0.0278241338450159,0.147209424262006,0.255895684492179,0.118786840094766,0.001292931477834,0.000159526684196447,-0.00029921278961773,-0.00131330437268938,0.000478816005182293,0.0014158511758075,0.000469642360582379,-0.000121988152566765,1.08050427364969e-14,4.49371732592376e-16,3.73525629067443e-16,3.49054073284023e-16,-6.85574893096731e-16,-2.43462061853313e-16,-3.80547123329106e-16,1.05242533128426e-16,4.22636480543858e-17,"Asian SEA2b"
"KP319188",-4.31499658564607,-1.63715689136252,3.15983057699338,0.912425601259921,4.07409972796224,0.963258145979572,0.156443020240397,-1.76159747893403,0.0320957949284158,-0.716111237180115,-0.923634436236081,0.576210627612325,0.797871886422113,-1.10674699888387,0.109662927165631,0.102079235181206,0.173418156446822,0.025938064049083,-0.630544724515115,-0.610157881379183,-0.134659285670108,-0.106482235757873,-0.507855059561486,-0.521410577436884,-0.1919557265431,0.167794270073152,-0.21777004198143,0.341060289675738,-0.118489938842205,-0.153242975132906,-0.233764671481373,-0.0732241530374038,-0.153586415680559,0.273661871392327,-0.23626196715936,-0.108492515693871,-0.108479703281377,-0.0138368742675537,0.122404044515412,0.0188394178350863,-0.000257225942241156,-0.000611364967362023,0.0010368770710452,0.000374399563740206,0.000429814832591997,-5.78477946168827e-05,-0.000251435346529671,9.63124085434676e-05,1.10132095536141e-14,8.75196969426695e-18,-1.26074732013877e-16,1.8252061959025e-16,2.16481314411208e-16,-5.48773393625231e-16,-4.36058274560364e-16,4.66065016131602e-16,4.03086131057562e-16,"Asian SEA2b"
"KP319191",-3.31154707527961,-1.23920188561517,3.91231006661465,-0.133530494686245,3.1367098240008,0.837527147793153,0.863234134939736,-2.54527230702318,-0.116238791095017,1.54565827678705,-0.439826409622391,-0.119334330403987,-0.180667546460742,-0.457647179513964,0.0716605769806872,0.406903477203433,-0.415879262377455,-0.310067918356382,0.0597009986480814,0.0721727839970102,-0.191209157170468,-0.208111028770102,0.22608039474768,0.396488977987746,0.47320783843402,-0.224653593520817,0.276550515143436,-0.303673499430584,-0.137777303874174,0.10563571120063,0.557840464310343,0.104987720881557,0.162933856174902,0.153873337445034,-0.186364568675055,0.263930880200457,-0.605560819908785,0.0367446379996045,-0.0255138609901497,-0.0455794065114374,0.000422508024469661,0.000973827477701913,-0.000598268188982667,-0.00138264968694851,0.000810873302125732,-0.000326955833760519,-0.000437270812883316,-0.000189295589853998,1.09261173385086e-14,-2.92959462517966e-16,2.81895621882494e-16,5.20233136291354e-16,-5.12486431588605e-16,-1.70932642235808e-16,1.61264185543464e-16,-7.80888121692501e-17,-1.31198145124286e-17,"Asian SEA2b"
"KP319193",-4.23888144485909,-1.64970769336244,3.69544234284504,-0.262109364781002,3.8549492825547,0.126493339526373,1.16732623708395,-2.50955585299597,-0.143943800804588,0.737697268831323,0.0684369254655653,0.402474192301023,0.00857820050853318,0.0773076892697411,-0.864497749376374,0.853526054057237,1.0660462753485,-0.0490658468168931,0.554946770679457,-0.106597212992087,0.533127287381182,-0.152320977737705,0.290275421720872,-0.203511911718814,-0.366834317717287,0.0594343733393322,-0.396480999296277,0.00783220238059087,-0.366141434903273,-0.113705602584639,-0.248326777828594,-0.150638538977279,-0.201783952811112,-0.159930321593586,-0.0391967506942783,-0.181223671835824,-0.00557132792493496,0.125907459054105,0.026947917252113,-0.185240365587578,0.000133900645771448,0.00110487281057952,3.80552287490281e-05,-0.000348982261097048,-2.23231964885925e-05,-0.000763489286066847,-1.94972578400015e-06,-0.000193616033528216,1.09160650389594e-14,5.28252274231333e-18,4.84547931529959e-16,7.14983171277343e-17,-2.69241258862298e-16,-6.87551271703375e-16,-4.74802159415588e-17,3.27287138053457e-16,4.30841706673191e-16,"Asian SEA2b"
"KP319194",-4.5167394419643,-1.74918895479732,3.61537897736456,-0.215103791587794,4.00634471847646,0.920696492863434,1.29188710309145,-2.03640613005018,-0.0858940423448768,-0.100118879617978,-0.711032077674059,-0.224971814866161,-0.254304326251983,0.301722120159319,0.571899959624614,1.1447326299386,-0.344329991675705,-0.200714935261929,0.633479481060896,-0.0370234277124066,-0.482827380839064,0.247759611991842,-0.635880511532188,-0.427595917079539,0.327909107711986,-0.0947043666936605,-0.242030886146944,0.0751759002620532,-0.193976511635082,-0.0413765425074802,-0.133751112548188,-0.0984870061069523,-0.133545068443124,-0.318940924430456,0.281030969178917,-0.0129603422600757,-0.0252559318396148,-0.107032596651572,-0.0731855485195753,-0.037319463082076,0.000303617651495526,0.000358339377684734,-0.000193613251040965,-0.00131564727688395,-0.00242772206656405,0.000485672779703831,-0.000276012018532544,-0.000164472189491834,1.0657474480843e-14,3.60644353231157e-16,2.66736939472368e-16,2.47783688950433e-16,2.10084976199709e-16,-2.12421742463353e-16,-1.44608400068399e-16,-4.95778141831705e-16,7.18253764281219e-16,"Asian SEA2b"
"KP319195",-4.20667127140807,-1.87470894107967,4.25093042213905,0.198920085086353,4.48612345036772,0.728302088900134,1.32787222539939,-1.85051610674767,-0.0613676222304926,-0.154490154751678,-0.914103200578261,-0.436449995875029,-0.173053782815029,-0.615535013745462,0.457512738803517,0.561907894968594,-0.194513428213226,-0.11834144478127,0.298431429299535,-0.405715874531552,-0.41266131581877,0.0815978586837198,-1.1167987902843,-0.480771470058208,0.448248392515884,-0.261516794957803,0.00441675230430538,0.164774391287347,0.426353763153556,0.0634450237766656,-0.432906586542638,-0.110908410051485,-0.00414331639003354,-0.183868232125493,0.226911834048578,0.0327539332200881,0.196042243808128,0.0195936201244427,-0.069664782843123,-0.0417124020998416,-0.000115391337582525,0.000862969065417494,-0.000581271826671258,0.00160165813917915,-0.00163693808752305,0.000680487374044935,-0.00032833063838868,-3.51811745701036e-05,1.08290953447689e-14,-2.17275046355538e-16,1.59948249877309e-16,3.6855790954183e-16,4.95122181952325e-16,-3.25363471579469e-16,1.72428645694268e-16,-3.19642699554286e-16,7.07293384021302e-16,"Asian SEA2b"
"KP319199",-4.43386833070563,-1.52090746094361,2.53000391034018,1.11864592579762,4.03826141186405,1.4121291852697,0.00982167617255832,-1.62098926629062,0.104513190232093,-0.917602394881267,-0.717587576919202,0.843173383395065,1.24461031541827,-1.06473280610333,-0.110499349075396,-0.451931028704495,0.300307195672787,0.394005343645753,-0.582101893429014,-0.800059965666914,-0.0763601644922332,0.254571593423641,-0.225363105841436,-0.344935598198981,0.187921717592319,-0.0506027896429347,-0.318659168520595,0.347067513435653,-0.326772802301742,-0.0946662163369994,-0.138186998959476,-0.37586135890522,-0.050812698373529,0.231755302413774,-0.272362880262723,-0.103589566958302,0.0472853225779528,-0.184492806070514,-0.0321595553069005,0.4396284842304,-0.000733737581462151,0.000271744587088783,0.00113443448381106,0.00020291448411817,0.000116569261051352,7.84774152552285e-05,0.00138458894314821,0.000248321876649419,1.12737517658892e-14,4.33839988154586e-16,-2.28469036361501e-17,-7.75706824341962e-17,2.19799902981296e-16,-2.65767781283895e-16,-2.17662717031698e-16,5.9641714208698e-16,5.38605273485864e-16,"Asian SEA2b"
"KP319201",-4.60590989073882,-1.56031647176903,2.38242848575453,0.82341941813136,4.06735649729755,1.53391195142148,-0.0228657628876411,-1.6723798337145,0.0121919918353615,-1.08793957435242,-0.640236662347422,1.09280885357451,1.14221752120759,-0.802091142919147,-0.139801234482882,-0.376649670035354,0.460117718938148,0.208569609340394,-0.753110840196851,-0.647196722943489,0.0323199357100225,0.0439847257803074,-0.276813968867123,-0.40416474901326,0.114518706445452,-0.220514325716718,-0.47694758667322,0.253505445369187,-0.319117277272024,-0.174375045457038,-0.0683200886868193,-0.481992656050333,-0.0874496062721399,0.0993511450041752,-0.271763080709092,-0.141470879415574,-0.00911607376744807,-0.152164484344757,-0.0430247985665231,0.42650320713276,-0.000604014794458139,0.000276813823112369,0.00107246050862802,0.000133999164272962,0.000230375680419692,2.57959760271729e-05,0.00145955427782664,0.000211180902888034,1.12737517658892e-14,6.28129017463989e-16,1.9919770128888e-16,1.44473922490835e-16,2.75311054212554e-16,-2.65767781283895e-16,-2.17662717031698e-16,5.9641714208698e-16,4.83094122254606e-16,"Asian SEA2b"
"KP319203",-4.13538041680994,-1.45349185610458,4.16751986931813,0.264184474560177,3.817798756606,1.02944524386106,0.819934666223949,-1.66757223639462,-0.156997927289279,0.826086474057972,-0.513875373030876,-0.263515953256595,0.316555126092914,0.107426524412235,1.64894026723971,0.375336531871334,0.459242390755799,-0.706754109068655,-0.252409690671344,0.321066447639034,-0.790559862316108,-0.0052550345766744,0.310458410930573,-0.209355087783934,-0.406383097861168,-0.234817527629267,0.0896050079054065,-0.125365771220334,-0.129887908917116,0.431451292152942,-0.063953762696821,-0.262082319460053,0.376963921762781,0.370246851590423,-0.195114575199301,0.436029563638872,0.174151767665074,-0.0898122198746005,0.204055993953655,-0.181532042001839,0.00043280198008926,-0.000810598578151251,-0.00117279199530804,0.00192363291946026,0.00224427819947903,-0.00261275408833076,0.000243330863950301,1.88708940809967e-05,1.087343584391e-14,-4.85039084585671e-16,1.6012203675402e-16,9.10408784395115e-17,-4.7502078136784e-16,-2.48754908103815e-16,2.7778149937187e-16,4.3206068813318e-16,5.31220493748963e-16,"Asian SEA2b"
"KP319204",-3.97514995763273,-1.46557079242465,4.12551865638258,0.200954189498719,3.94174040267645,0.898942744499759,0.844876577440851,-1.96249169790283,-0.297094240376183,0.588803240543243,-0.472124106439942,-0.112464271949959,0.104322440558512,-0.149970554669036,1.28007653143355,0.268418650758122,0.366722698426882,-0.468241934109396,-0.113715909746906,0.316820668041775,-0.727963032158777,0.0847865465904045,0.203904370911661,-0.407262659884779,-0.411580523426346,-0.209030282548427,-0.0630641642889781,-0.291512314960496,-0.085844606091536,0.465522864671032,-0.0866525025822607,0.00343699161479968,0.217071037926982,0.385754072173912,-0.0490079303840721,-0.044585655829839,0.229802726233445,0.000577376996202995,-0.0221512954688183,-0.137619608024133,4.12175983015959e-05,-0.00105907846024512,-0.000745616538280403,0.00186678855116989,0.00169624848719432,6.800747052982e-06,0.00035220238808538,0.000168241661949026,1.10954804488351e-14,-4.09498747356081e-17,-6.19225681710112e-17,9.10408784395115e-17,-1.97465025211551e-16,-2.67103031787838e-17,1.66759196909354e-16,2.10016083208149e-16,4.20198191286448e-16,"Asian SEA2b"
"KP319205",-3.99955139467204,-1.39716092528341,3.6633493447701,0.282228648796573,4.27235669447004,1.09888054317862,0.858617659032956,-2.16861374414399,-0.185251790907884,0.198324043371165,-0.645840934463718,-0.202558837186571,-0.25050795685921,-0.883816301114845,0.440955479549082,0.443179322269484,0.128635627996198,-0.513900528495603,0.407968949192974,0.0825182692183084,0.171322581110026,-0.107424313287835,0.248293593909667,-0.320793984820181,-0.297920219734795,0.0658339702525392,-0.240300324148878,-0.129684127510746,-0.104718873854496,0.59953891370915,0.0902204867942352,0.0425324142705381,-0.205804935144979,-0.0164910553649198,0.238878074944972,-0.0606449708190067,0.137422322476772,0.134263287344478,0.105115696545527,-0.0958280873833611,8.40854623287491e-05,-0.00208662316767107,-0.000423095805266971,-0.000172327942514875,0.000115597330988544,-0.000421312719279964,2.1687897452179e-05,6.26062607765174e-05,1.11320181822864e-14,-9.40211275998915e-17,2.43843502865186e-16,-5.43252529578083e-17,-2.54991969536575e-16,-2.2121712630301e-16,1.8369544352533e-16,-3.85263487345013e-17,2.78146198332312e-16,"Asian SEA2b"
"KP319206",-2.73052256993245,-1.70925637737489,3.28273778796138,0.0442435225833576,3.97465225294575,0.651712404778684,0.805127677532467,-2.71772377872846,-0.203855483775743,0.319985150037123,0.138248418680101,-0.0286817638197755,0.0129439725617833,-0.949856857473218,-0.429112313490403,0.80421499831519,0.0810384778983111,-0.107892224680735,0.35022938207719,0.117528813371174,-0.691689895319528,-0.401702990427427,0.000775163211767229,1.00032324691045,-0.146299433873857,0.382399942717117,0.0637731246251911,-0.0454988706025993,0.128685654110113,0.286884019157689,0.0281026157765918,0.103120263032289,0.174773579309144,0.0321810859881156,0.16551081159889,-0.0629802567190007,0.213439019746705,0.224901199677514,0.141839532508296,0.0726865861852336,0.000894974409701786,0.00108330090316746,-0.000100904193135572,-0.00151073747356752,0.000300977673825782,0.00111379305882385,-1.64852517110464e-06,0.000160874426874201,1.09160650389594e-14,6.07936739735712e-17,9.59698729111539e-17,2.38031770821508e-16,-2.1373010763104e-16,-1.32439759390797e-16,8.03093528969903e-18,-2.27824374259121e-16,9.77747992856437e-17,"Asian SEA2b"
"KP319207",-2.56786020843999,-1.94444084586628,3.32676999148208,0.222031311289542,3.80671368678813,1.0028749022744,0.699058105022937,-2.780466460378,0.03124387310765,0.603637915664343,-0.172367277466523,0.0462334780323248,0.0113194094900218,-0.85257519335724,-0.607918689400223,0.793817705948405,0.23251552374385,-0.225465648345523,0.428268866142163,0.192044277173483,-0.829700721918758,-0.167252555193051,-0.184140816248782,1.05265437423013,-0.298645178984915,0.333898125064322,-0.432859044709712,0.0135615746913077,0.333718306798537,0.365283975311112,-0.067367650800949,0.16777792499768,0.0725138292950408,-0.0742016735950929,0.162992183690114,-0.0527536527133839,0.22074845779114,0.222697722334743,0.137306130628788,0.00413940241366109,0.00134717757971776,0.000687635584145388,7.56773342709442e-05,-0.00143152705855209,0.000324576442983394,0.00106215374242832,0.000136881045100279,9.45047549608807e-05,1.09160650389594e-14,1.16304825204829e-16,-1.50524295513617e-17,2.38031770821508e-16,-1.02707805168524e-16,-1.87950910622055e-16,-4.74802159415588e-17,-3.38846676721637e-16,9.77747992856437e-17,"Asian SEA2b"
"MT068612",-4.60651769830094,-1.12827315934082,2.2479257324418,0.80481148334316,3.93315211838298,1.12072689852513,-0.363733953562513,-1.9699960306265,-0.670055535715456,-0.609162554478333,-0.632985723240265,1.42412251698545,2.13541949925598,-1.3998086232254,-0.865145499041716,-0.427948279616857,1.41648547896406,0.589725321778508,-1.00586553603384,-0.444966347014563,0.740055740548473,0.17369073109473,-0.385212636777974,0.4940613257044,-0.261603336357911,-0.5972838208729,-0.267132910397532,0.750161190185479,-0.378320488123501,-0.442022386702837,-0.0762825845877653,-0.43251244250556,-0.320509118195281,0.0979291125021936,-0.0214414757691785,0.0835307257429043,-0.143750131329543,-0.178765970707465,-0.0412448030862313,0.152654908839207,1.60703968213808e-06,-0.00255532645738316,-0.00138029998753001,-0.000947243357594348,-0.00102578345727273,-0.000186954041638125,0.000677370444396545,0.000122625873086566,1.07325180413844e-14,2.11795383229556e-16,-3.55913811023697e-16,2.55496224953351e-16,-1.13267004406251e-16,-8.50369592688079e-16,-1.33094947577828e-16,2.63350234699433e-16,1.08393851443615e-16,"Asian SEA2b"
"MT068615",-4.03740991928966,-1.34149952632585,4.12820581113103,0.0998345970267964,4.27291957219787,1.47614082115588,0.815440630714194,-1.944199434899,-0.796142563947316,0.291145601180536,-0.333269109150545,0.73828002130078,0.282330292693796,-0.10925206519879,-0.559105748509436,0.367712571302043,0.621070088723049,0.257561633994499,0.280222735167106,0.265232588943422,-0.0565289558500323,-0.582422876843044,-0.155496092929319,0.267233176580558,-0.883756527692962,-0.920654864290088,0.451808690920025,-0.0267335932387546,-0.121614668383235,0.30448284708822,-0.313247926515061,-0.174202043576985,-0.0904814793350775,0.08432002579084,-0.103715909601271,0.0786792001310076,-0.228563255830714,-0.266355375665968,-0.0259612506666602,-0.229205649798489,7.41670801390883e-05,-0.00172456848766016,0.0024162596111491,-0.00152546056445127,-0.000821211931468667,-0.0004979230846936,-0.000523201380414461,-8.99941982845688e-05,1.0943820614575e-14,1.2671316606069e-16,-5.7016394186394e-16,4.04565224515281e-16,-2.96996834477927e-16,-5.43569223197301e-16,-1.75562359809589e-17,-3.94357827952894e-16,2.85124934691139e-16,"Asian SEA2b"
"AY854505",-0.00570363075296997,2.55892547322855,3.95016716916927,-2.68711661970203,1.69125584229935,-0.956378354531389,0.223788351664809,-0.628646103148023,-2.41714656435534,0.339150479646185,2.01500718783131,0.149491048147515,0.441003815666931,1.47779981171724,0.665208299189446,0.349486184582902,-0.665188801369158,-0.886017876815699,-0.378188332984808,-1.11093436133893,1.21890811566249,1.26851136079915,1.84851702714791,-0.78557250176861,-0.821644211072474,0.124358068838974,0.277576238721306,0.435140556417753,0.709031859436152,-0.103877067179409,-0.0712826846647654,0.239910251924213,-0.159563271637765,-0.25693508401932,0.0311434249188243,-0.0365048164652654,0.530716199385833,0.164010431764314,-0.144840744934053,0.216834152059223,-0.00405451136941222,-0.0017532029603347,0.00143754517616848,0.00256557733480939,0.000999730092197691,0.000296797365907673,0.00032165004464055,-0.000276163662974451,1.07551349647515e-14,-1.67013388649773e-15,-3.67029162812416e-16,-6.32259431167724e-16,-9.94233829839196e-16,-6.55230447177064e-16,8.9704370975875e-17,1.29890240508279e-15,5.88216043507342e-16,"Cosmopolitan AM2a"
"AY854525",-0.33865435910985,2.67746347268803,4.25347999966435,-1.86228749358592,0.848830861201964,-1.34359785294445,0.220377244068274,-0.753912030341308,-2.43665540377154,0.915597534763264,2.51898718969593,0.818843706815048,0.756078038002436,2.13253911534551,1.71694738175968,-0.12222269215935,0.00164430338150999,-0.400269879220717,-0.82082894954122,-0.33200943272325,0.134873609133712,0.956551597846403,1.96020651138677,-0.423327057265301,-0.844239604075332,0.301535580225655,0.471681297093506,-0.110282898364664,0.606074306146243,-0.286906861810669,-0.0535994001320241,0.237737169227566,-0.457968685996635,-0.0874927794220975,-0.0530725193613782,-0.0163080614648252,-0.506130479291023,0.149382602867186,0.0502953856765133,0.214369344332344,-0.00400731806997662,0.00346624030080826,0.000636472325194152,0.00132423247980574,0.000636058277999271,-0.000204979322983548,-0.000101361892946067,-0.000447850344650261,1.03614694959006e-14,-1.61957042360799e-15,-3.81958682923151e-17,-3.7833338094816e-16,-1.05722643066677e-15,-7.6433332298598e-16,-8.85547967086191e-17,1.06725581157407e-15,4.40649114547186e-17,"Cosmopolitan AM2a"
"AY854531",-0.782792515829638,2.23152313091615,3.42994796076035,-2.65845897951934,1.95120766665573,-1.70241459995841,-0.438670408317242,-1.33049178553878,-1.01560289073308,-0.841559519904141,3.14615874869982,0.155919620002083,1.36178928529663,2.70161201245472,-1.76248952759204,-0.398358153253609,-0.395369584114361,-0.57345821672627,0.932724279459454,0.480239228949484,0.934261614489511,-0.239630622517326,0.936064305868307,0.545792569337633,-0.899297260955833,0.184135622693693,0.0292177859224285,-0.55679760736745,-0.29614144210299,0.499584790722859,0.464916461951118,0.142115149267962,-0.552472594952032,-0.183121833300746,-0.498123524756784,-0.504825637672183,0.507612004144672,-0.272497928588201,-0.198141586860151,-0.0605925187069337,-0.000414743212754419,-0.00345438207503466,0.000808110061248837,-0.00239722623495238,-0.00137366582176647,-0.000512694915105082,-0.000519875402119367,-4.89663225747946e-05,9.69065054125233e-15,-8.99322314594062e-16,-5.03252937788848e-16,7.23995609589971e-17,-1.01933431430018e-15,-9.2473919927129e-17,1.13144699587505e-16,1.29273839351644e-16,1.12092500026628e-16,"Cosmopolitan AM2a"
"AY854544",-0.226843304772238,2.86959842064526,2.60450043580679,-0.799784210013812,2.17445507799095,-2.02865853754419,0.658996945009629,-1.14238579467046,-2.46776857385397,0.011474329069385,2.51737702509749,0.125480249815453,1.89939138000677,1.74672343653754,-0.484514478762213,-0.271950124231697,-1.02004542582317,-0.0491266262841526,0.151330518976713,0.296842884935116,0.46652104374882,-0.685274336394274,0.759677513768433,0.882263804024967,-0.170324825225313,0.679611288748418,-0.763664853746814,0.505393167659145,0.721034942402158,0.549372190683505,0.212894365317377,0.443332145812484,-0.149533416591227,0.0883320609695289,-0.671659176091772,-0.0770620971935476,0.0673974200192318,-0.0821307817569115,-0.148327171782098,0.112111946172794,0.000328506110441575,0.0013554194289485,-0.000157335109698343,0.00101644725030805,0.00114015748601561,-3.64535076156359e-05,3.8468147662384e-05,9.28680076711951e-05,1.03975037591989e-14,-5.61220070716315e-16,-2.25566721391676e-16,2.50729834539479e-16,-9.46073058076018e-16,-4.65106820249154e-16,-6.56211922514535e-17,5.84583027837676e-16,-2.60395967306444e-16,"Cosmopolitan AM2a"
"AY854546",-0.224073047198874,3.04083818751221,2.35176438855916,-0.55138746353062,1.48647703195289,-2.39025031521582,0.153827617624508,-1.26216979869355,-2.45818828578427,0.22917220250664,2.58135028255029,0.756557938830633,2.19786510550314,1.35937226936548,-0.838046362869104,0.105044467609383,-0.949629163686267,0.531245270939449,-0.272879547983687,0.251491950138376,0.698849752537185,-0.712838118737425,0.530227844995631,1.19159673690365,-0.0149001589536277,0.210882437192995,-0.68590037418589,0.626167074903327,0.620627988184541,0.435125119289138,0.422788252580756,0.359406320092468,-0.201766823364614,0.161994358946159,-0.559779937153182,0.200599585263253,0.0683190789783509,-0.0526633397801899,-0.10899429492733,0.0220679111757894,0.000465108683876101,0.00345669317513423,-0.000458085539809827,0.000874172567725252,0.000906729344442046,-0.000262364856254867,4.17370171217226e-05,-9.99064110884704e-05,1.00297423822918e-14,-1.17184273426015e-15,-1.97811145776047e-16,5.00530015080139e-16,-1.17505655690496e-15,-4.43422776799444e-16,4.75695145560331e-17,7.2336090591582e-16,-5.27543382606872e-16,"Cosmopolitan AM2a"
"AY854558",-0.56515748799702,3.82520444737305,3.52868643211441,-0.652010046158597,1.65553991591535,-1.32364297214059,-2.43300832009514,0.200542162648721,-1.1150240993093,-0.0367857668620846,1.73461374466133,0.710035062129264,1.86717472802143,0.476864469721797,0.362301628781666,-0.405584554445496,-0.727101590685533,-0.690730704888327,1.69834209180349,0.9386599696098,1.16250991724083,-1.29815625969473,0.605115789124422,-0.367505896425651,0.66727160989545,-0.914990159156063,0.163927178252169,0.181251484572069,0.503752177159462,-0.305500146754115,-0.140027114795254,-0.562760890946467,-0.149595407025723,0.296671256306149,-0.0972792821184868,0.0493318903659827,0.132454695717443,-0.185100791504016,0.266409545125085,0.0928975198796275,-0.00193589605055435,-0.00174118527435346,-0.000697923403152739,-0.00142056726218412,-0.00215026258180557,-0.000193052561978681,-0.000932373306239516,0.000300188395755472,9.90814577927626e-15,-2.84188662304369e-15,1.69371948201317e-16,4.14840991525922e-16,-1.08251959720053e-15,1.26854068688875e-17,-3.25757022114368e-17,1.94258183991288e-16,-9.54352814851101e-17,"Cosmopolitan AM2a"
"AY854567",0.0673161118362815,2.28353339214903,1.22044900592196,0.317495034558514,-1.77045003661821,-0.761634060548669,0.906895738195488,0.747864743606613,-2.68956237506799,-0.37649466082058,2.86454056524118,2.75428341245345,1.269950960991,0.411947021506667,-1.05455010637334,0.660211800402659,-2.07544766369819,-0.117850308762674,-1.79297182414952,0.202406164550615,1.24621917264531,1.18123139718924,-0.945278894661624,0.239929184364371,1.35743390256093,1.37679127736907,-0.696544477468599,0.43788277429971,-0.417302844952495,1.12007383459921,-0.878748225969724,0.00174613850438759,-0.170992227311586,-0.0658287350606339,-0.0741172346956875,-0.0109235529670151,-0.535565381165051,0.384208581349783,-0.459649578126796,-0.0393716757925384,0.000616632936558401,0.00082851666690371,0.000467683336638781,0.000963078122509583,-0.000356737911213355,0.00119017637899166,-5.70583815937647e-05,0.000518996297941036,1.01457815303265e-14,-2.76814351402039e-16,-1.65229839421876e-16,1.24695524039294e-16,-2.17911742438355e-16,7.84930083107536e-17,2.00622394093614e-17,-1.26180812584633e-16,-4.7485579524516e-16,"Cosmopolitan AM2a"
"AY854573",-0.301739622515076,2.39130303857096,0.857114187747827,0.326910780591196,-2.08733520443487,-0.941575115482488,1.83100111631724,0.289093525959828,-2.17746886203464,-0.98808645122792,3.11540237719679,2.69921891711574,0.992518541871469,-0.811078181049948,-1.66583030977375,0.945190687546006,-1.67595772971774,-0.240763361194717,-0.962445903423608,-0.363344832953588,0.854722546974785,0.367564892410538,0.01944792910978,0.138251185642669,0.845829284483682,0.319168049723791,0.248875922542514,-0.522890458019185,-0.298940308225685,-0.330794896160303,-0.484813841616553,0.652210425653106,0.232659037881287,0.117451715399662,0.460749854432978,0.281983148806523,-0.471299344411474,0.320076230551173,-0.187149911834278,-0.131033882909777,-0.000157397105880028,0.00169710808993466,1.35806924106832e-05,6.8110248199511e-05,-0.000329837899831574,-0.00181932434400112,0.000962542350906639,0.000558215938375242,1.00905676455756e-14,-6.12895520491393e-16,-2.21006198453263e-17,3.53741146545677e-17,-5.49900934734873e-16,-3.48799693151178e-16,1.58090804015578e-16,3.37382630998655e-16,-3.51851456761358e-16,"Cosmopolitan AM2a"
"AY854576",-1.21536677715726,3.15766161803585,1.8869061739943,-0.195859322560482,0.331688017072568,-1.17738640959579,-1.6406234310698,-1.10293698968756,-3.05919439067553,-1.16147522781571,3.22911105667301,-0.388478436377333,2.36186620988084,0.90306854331197,-0.835217973248166,0.887227635655132,-0.814850861765657,0.626609670692237,-0.251882878042705,-0.200388136939037,0.953206814962009,-0.249133468913345,1.14727244333303,0.434746862721796,0.88516232907236,-0.835078543350672,-1.86237729462937,0.251555232787992,0.0726711616692607,0.726826191846897,0.170936284002365,0.43826423737763,0.365843916073749,0.589849426584429,0.0678765225659555,0.446221146526002,-0.318194843530949,-0.109123468278193,-0.183464662195344,-0.186811809106666,-6.34546103628821e-05,-0.00293271714610216,-0.000322436057139062,0.000255476651092619,-0.000344811213609328,-0.000107984344092403,-0.00116895293351484,4.38835660471803e-05,1.0329600482959e-14,-1.00489520151419e-15,4.3052047768455e-16,2.99470559695263e-16,-1.39343889275478e-15,-7.18507989869613e-16,-1.52969124033144e-16,8.71212865440681e-16,-4.88461944200197e-16,"Cosmopolitan AM2a"
"AB284509",3.78140451997168,3.09205721116287,1.18143185274749,0.759720964736043,-1.25183470353476,0.626148042661993,-1.16998203098778,-0.611740886017906,-2.0005389703032,2.33007722669459,-0.638993621433638,1.66843698992895,0.426844733329785,1.14419685577321,0.364275606144811,-1.58234996859013,0.62133744431211,0.0022436497194751,-0.107695815642051,0.00781053925037234,-0.317240166937828,0.788512802551948,-0.52443009680868,-0.268175451414742,0.102794816845056,0.585550696467858,0.203861660446715,0.525887586844785,0.391879418161802,0.380232483600467,0.323291000687986,-0.270991291895489,-0.132705642321572,0.0204850095393046,0.270359516936964,-0.0435361826823798,-0.0403871172430929,-0.123729519974424,-0.157632588017631,0.0281385863313846,0.00099117423631896,-0.00068158399856861,0.000739224105786053,-0.00109059061997217,-0.000487518246857083,-0.000649151294605183,0.000577759478487976,-1.45382810354905e-05,9.84169154999293e-15,-1.8038581368106e-15,-7.11333660060264e-16,-1.2462423523399e-17,-3.11780124237078e-16,7.14779315757987e-17,-1.74128450670956e-16,-5.24854542264788e-16,-3.09458768151612e-16,"Cosmopolitan AF1b"
"AB284511",3.64954808343265,3.28372889429879,1.02937163052311,1.01395049415027,-1.07029217552718,0.637221395214909,-1.26460851389538,-0.66846485272874,-1.94359571411768,2.22955018106257,-0.546366982548225,1.48174618668823,0.280080330424056,1.16653222584294,0.497957929407759,-1.18345816355158,0.829162866265729,0.253117783368543,-0.121531051068314,0.100513276007753,-0.281551256575853,0.914871141320303,-0.609833840837661,-0.164168164614691,-0.063042069368848,0.63671468872327,0.1909841424327,0.350523073183296,0.623149481607566,0.429806862832648,0.103475280920315,-0.320551845360875,-0.131296085918032,0.0744536634936032,-0.0823327890907454,-0.114455736374976,-0.0712089028722194,0.11710708860286,-0.0934017049673442,0.178906047138352,0.00104625835593701,-0.00064463838992452,0.00068915179804848,0.00167519624651364,-0.00268489054852705,-0.00104585408459553,0.00035439959796018,4.04537915174908e-05,9.78618039876167e-15,-1.97039159050437e-15,-7.11333660060264e-16,4.30487277078589e-17,-8.97355193120463e-17,1.26989082807057e-16,3.25471910410364e-16,-2.1954321049287e-16,-1.98436465689096e-16,"Cosmopolitan AF1b"
"AB284512",3.79162382031715,2.72422813054217,0.961633321759686,0.0974120677761428,-1.78205922793135,0.660478499923583,-0.871272119085427,-0.806587755641403,-1.8407198088001,2.63641515096615,-0.454592488020641,2.64847598288367,0.322805201617394,1.21003887194869,0.275893094536788,-1.763752387926,0.608566596675586,-0.277731766508331,-0.458467846465626,-0.275679256202482,-0.0907360677378108,0.35894011358305,-0.730270383468484,-0.24847165988983,0.0235752348761131,0.572962562837531,0.365994670972463,0.565954284657082,0.170384944407975,0.326224712469716,0.481907779041227,-0.315323608529788,-0.148292484635419,-0.263485349924107,0.310810517756781,-0.0239994993409259,-0.00982334457603157,-0.0834989942403181,-0.20509402133958,-0.0305081646563085,0.00111822931304556,-0.000439131728740564,-0.00176988050327747,-0.00148544047671222,-0.000303880942786022,-0.000798755554294648,0.000408788416960175,-0.000171864142068222,9.84169154999293e-15,-1.35976892696054e-15,-8.22355962522779e-16,1.54071030170374e-16,-3.67291275468335e-16,1.59667803445409e-17,-1.74128450670956e-16,-6.08121269111675e-16,-3.09458768151612e-16,"Cosmopolitan AF1b"
"AB284513",4.13627136011025,3.38165574617652,0.992914003899968,1.08928457643993,-1.39107683922938,0.60606155284143,-1.21019418695282,-0.590947175393928,-1.90176129855511,2.36093814164307,-0.79473860972864,1.52802657639561,0.169639529881568,1.15110219317149,0.200636500700785,-1.59394073554131,0.808268668862699,-0.00577702246634832,-0.0617400415989177,0.410664398479956,-0.454952015894473,0.653341973719239,-0.5330683436306,-0.419386814523895,0.10972345822065,0.283844994231886,0.191009698522268,0.263115059572191,-0.355610769280346,0.112863534567402,0.333527961598064,-0.48976721269432,-0.44580626989062,0.404974677864444,0.304479408892187,-0.0276914950031858,0.0352482343907526,-0.0372044112241675,0.230860018255843,0.148529659733085,0.000636128450645765,-0.00112355893837748,0.000394967247125137,-0.001093291497779,-0.000642934859382521,-0.000944683378425135,0.00065166098776142,-3.62388972346719e-05,9.85655862237108e-15,-1.840843749843e-15,-6.62628223773719e-16,2.37009079684099e-16,-3.59072201453884e-16,1.8821154768845e-16,-2.02471504906834e-16,-4.70430407992856e-16,-4.55604982475998e-16,"Cosmopolitan AF1b"
"AB284514",3.6093780147649,2.61665929266165,1.01343550800925,0.0892454880513945,-1.40067149835458,0.781907708551005,-1.00328410091475,-0.70947096004722,-2.31975342156837,2.62859316949739,-0.586437163385447,2.08795200165985,0.408646992212053,1.24538236741176,0.259311135745055,-1.99158582473684,0.563191862628952,-0.545980113595127,-0.1213206683575,-0.0330293377806653,-0.326352641444984,0.349189317202535,-0.285662247899674,-0.367294618493398,0.0876759202367344,0.343090337540633,0.168888739935099,0.470489739228219,0.358625902483949,0.486785032618759,0.515660777400589,-0.340253953805237,-0.11254995874985,-0.170061626093068,0.39127503753876,-0.251173498040248,-0.34712409107782,0.000743539019678728,-0.13269837123717,0.0786029336533223,0.00099954616651828,-0.000686927898877935,-0.00171132827566804,-0.00147581461138468,-0.000864437176136573,0.000631129379393662,0.000483369915482528,-0.000122675378335056,1.01747584573805e-14,-1.1377243220355e-15,-7.11333660060264e-16,2.6509333263289e-16,-4.78313577930851e-16,1.26989082807057e-16,-1.18617299439698e-16,-6.35876844727304e-16,-4.75992221845385e-16,"Cosmopolitan AF1b"
"EU853582",2.41969424317775,3.46262827872928,2.97883795847135,-0.745876876804213,-0.494391910499417,0.0190333839014317,-1.45391152098748,0.104440529211396,1.2889612353829,-0.175231752177123,0.57440941659869,0.132927596185557,0.690931844719364,-0.0176733518213088,-1.02722709842972,0.469451521968796,0.973880096750809,0.511955106895193,-0.516122722557362,-0.588415880657731,-1.02249881175305,1.09855059280613,-0.530893168466558,0.121228143063625,-0.0484532361653686,-0.392475031502287,0.196293036914363,0.0432819137594289,-0.138559775538172,-0.0594722189080465,-0.448392706764993,-0.294465688056837,0.177109936829887,-0.270961327967635,0.00459136529511411,-0.015949584239017,0.244119864650611,-0.135773716572065,0.26588104689866,0.04094406966858,0.000429416616383066,-0.000707653408665713,-0.000574202931270091,0.00035551560133307,0.000750622690127104,-0.00077134130146931,-0.00038419029937055,0.000224968495306811,9.86277782062508e-15,-3.11529217361354e-15,-5.62565925682363e-16,-3.80706228651042e-16,4.07387362150655e-16,2.31636431192821e-16,5.32749175773693e-17,-1.06866770471115e-16,1.78352940515939e-16,"Cosmopolitan AF1b"
"EU853584",2.20143480351572,3.55102725359303,3.17493584316495,0.861163814251636,-1.16930258641302,0.477588015269538,-1.09839757482071,-0.289136261384787,1.38007283673684,-0.23309336865695,-1.5177489480742,1.2406700663084,0.98556261612152,-0.0138691113964325,1.26099546470595,-0.255268664725684,-0.623572366986982,0.208412522857102,-0.217997418604846,0.496966890254371,-0.536888186855542,0.183747897819738,0.224531156607326,0.893797324955184,-0.064933767101387,0.438076866537326,1.50192579873063,0.0730342908525337,-0.585310756035032,-0.507743143522199,0.407261775439859,-0.128798360145516,0.296207634662373,0.0537227004929789,-0.0482165060996116,-0.367959155727746,-0.172791225889254,-0.202427130026211,-0.319256998450445,0.137214763254445,-0.000848065951276449,-0.00173321491286483,0.00218979522786959,-0.00094187543183207,-8.98238207696993e-05,-7.66921078753029e-05,0.000511831649243343,0.00044987276963178,9.6111215187139e-15,-2.388771776166e-15,-1.18291663186695e-15,-4.40749233346662e-16,5.90030273701208e-17,8.43031663053067e-16,4.89965445940466e-16,-2.02184665988789e-16,1.63006258447726e-16,"Cosmopolitan AF1b"
"EU853586",2.37236857506213,3.48726905980449,3.10456211931132,0.951138148878314,-1.05611542672709,0.261606499142941,-0.811066980080647,-0.578224728333745,1.11592208574554,-0.156394107545936,-1.79177903671173,1.16113563609682,1.17703580342307,0.504509613117852,1.03689811095692,-0.297197115584816,-0.573437643267445,0.568626988828278,-0.681569003390358,0.345597570774414,-1.03623546126317,0.0998032819140005,0.24534525274585,0.718143110018811,0.0355956421199912,0.528803608470917,1.54896083419374,0.0638945691319532,-0.530260223225926,-0.550381520327833,0.451683921070976,-0.169991941515976,0.346795665991345,-0.0951077709750528,-0.206256286375233,-0.321109568901984,-0.212945393500602,-0.182726961804206,-0.280315588109224,0.142619679226117,-0.00081188160464648,0.000586273400759557,0.00199637827658778,-0.00117533772478425,-0.000375568064860535,-0.000321665954946989,0.000397454712034395,0.000212543629851584,9.55561036748264e-15,-2.27774947370349e-15,-9.60872026941918e-16,-2.18704628421631e-16,1.14514178601379e-16,8.98542814284325e-16,3.7894314347795e-16,1.98599389362418e-17,1.63006258447726e-16,"Cosmopolitan AF1b"
"EU853587",2.91709761937008,3.86335077734673,2.38653639934568,0.857647370751692,-1.3948115006557,0.396688245722261,-1.88765646578779,-1.04249902804005,1.11658415510936,-0.475956481540628,-1.61444320285595,0.887270086129882,1.04062097316918,0.756515509655782,1.24417254071228,-0.0111549761538856,-0.0508877872957714,0.415794848147206,-0.157264056512392,0.169300890869934,0.179589553685211,-0.0390123554413282,0.425797991541395,1.06953979766966,0.0707905618242259,-0.137785990093058,0.629993021174803,-0.0933131914778082,0.194995117175463,-0.692820174132758,0.0629636563061881,-0.383402173657422,-0.050497012608496,0.0353730603356646,-0.861069810718435,0.0460109492636892,0.0317830027009964,0.212051437413352,-0.243172355265792,0.274249091022003,0.000686000109625061,-0.00175598231421722,-0.000411252536965268,-0.000218821258854288,-0.00139225958300094,-0.000193360980822202,0.000613905448081319,0.000190587517324541,9.50009921625138e-15,-2.80510541040044e-15,-6.27805119554371e-16,-3.29726930884147e-16,5.90030273701208e-17,5.89762035560453e-16,4.85628637250524e-16,2.97415695092534e-16,3.85050863372758e-16,"Cosmopolitan AF1b"
"EU853590",2.87813388753608,3.82254644158076,2.53268064432299,0.761848057365522,-1.36868229987071,0.461954746902941,-1.81299674182404,-1.12814377402004,1.13124595564861,-0.504994808423278,-1.61769207040141,0.832380515658034,1.12913404421415,0.645752716429662,1.25196897557149,0.170451231150706,-0.070340667609042,0.390544627344865,-0.174911158103706,0.101481141908562,0.155323773245781,-0.100021539399411,0.398751487215415,0.977216667789837,0.127266294497607,-0.242767975130541,0.622352712102042,0.00124616364151066,0.295634313820423,-0.785251596521065,-0.0371077104178017,-0.28804886687801,0.0335751423643272,0.0302132693138255,-0.813697833862181,0.155343190369319,0.0250962566132955,0.376810201329413,-0.364044118225009,0.236615112474437,0.000916835846067602,-0.001792700203602,-0.000362071461669173,-8.88245647899685e-05,-0.00109006371230017,-0.000118809147611826,-0.000644156852393122,0.00016690189033487,9.52349434404197e-15,-2.84968413217079e-15,-6.27638595512124e-16,-2.50563853960755e-16,4.15244075489424e-17,5.15425915583381e-16,4.32845778506105e-16,4.57486461963134e-16,3.77727977274093e-16,"Cosmopolitan AF1b"
"HM179504",1.57477636453204,3.30409455310938,4.59203554942177,-0.952327416218897,-0.444827964237935,0.441057838245254,-0.223347663686806,-0.706762421668153,1.28724537703094,0.990277152826146,0.195979305123494,0.198189818250055,0.233086819982831,-0.483300582826579,-1.10488457252887,0.532393109842082,0.993250726522597,0.25427260350225,0.271016565113361,0.825569927713098,0.415642241290958,-0.34139281970989,0.0218691299542651,-0.76156835236855,-0.0288319235072163,-0.219786630074525,0.0340247385768747,0.4865340202968,-0.404278794645801,-0.312923734756521,-0.377801481871209,0.00584727215701949,-0.184659591891658,-0.0366548461220763,-0.586834256962373,0.325867834939397,0.245128308981385,-0.061713969168691,-0.0902422684102706,-0.199645275291349,9.08961267393752e-05,0.00184912567024672,-0.000650454097065034,0.000121035665986463,-0.000761233554282263,-8.14522974362033e-06,-0.000662800465135158,-0.000287328847756856,1.02660310352298e-14,-2.28589441006526e-15,2.58986125054307e-16,1.38986720700528e-16,-1.73110511831312e-16,-2.06261905822526e-16,-8.38852640125781e-17,4.86260481628239e-16,7.50928740468652e-18,"Cosmopolitan AF1b"
"HM179505",1.89363629790679,2.93321822243299,2.68770102147625,1.41312004869233,-2.79336269426441,1.66888190733463,1.45461854977409,1.70910750603341,-0.660631977653188,-1.27569444603104,-0.919606981163507,1.63690069535394,-0.00386436759143214,-0.605249266753078,0.858832432359165,0.504634629991505,-0.34893904330328,0.0422140047648486,0.187595928500165,-0.374430121556916,0.455854777732138,-0.196437302911146,-0.651245761658164,-0.806412786091941,-0.401608115796422,-0.926836405398886,-0.231082888468313,-0.0395786132578336,-0.00199053165384871,0.41265373601823,0.14844396326754,0.137088235677431,-0.0556883308765723,0.775868642754546,-0.392991739417667,-0.106334143065894,0.0660499753988379,-0.0678310055077917,-0.170501700733502,0.138277785203931,0.00100793492163183,0.00108563933630906,-0.00102144366558749,0.00147095476025231,0.00194487386121533,0.00118428110532987,0.000505895081809243,-7.65474766503689e-05,1.03465286847641e-14,-1.04828975292039e-15,-9.71791937444719e-16,4.56748872230825e-16,1.33148709781579e-16,-4.46596698777446e-17,-2.24978233569382e-16,-2.93282384417875e-16,1.85507046887606e-16,"Cosmopolitan AF1b"
"HM179506",2.8454693166514,2.56129684736803,1.67378759494051,-0.63639747175599,-1.08287669966217,0.894963879852824,-1.01020467781846,-0.125999848281448,-0.249022263094568,0.0238612551201711,-0.720816737336599,-0.466384607654465,-1.4157465157046,-0.934738679519914,-1.30179161082391,1.06119399751596,1.17623838330972,0.192940621291777,0.0780346559452471,1.24296708827849,0.715956512490137,-0.697111705694183,-1.07073327603217,-1.09758520508863,-0.249472535922469,1.35872352992912,0.331484257765534,0.322942124017989,-0.503203173214507,0.600058675593972,0.259559972042529,-0.326068653674239,0.2845798947299,0.34426281989868,-0.121846822523582,-0.383626783641499,-0.129878805123943,0.202100925963193,0.28405315148944,-0.373779851583952,0.000903241760652449,-0.000240298093815337,-0.00100759014038072,-0.000321826213440577,0.00136435557791253,-0.00048589567277423,-0.000294643527448621,0.000167036406740221,1.06573964500003e-14,-2.20583024364301e-15,-6.96205559297898e-16,3.90007549020188e-16,2.63859063259522e-16,-5.32349399753367e-17,-2.50913607119052e-16,-6.72613429807656e-16,-4.73410378416247e-16,"Cosmopolitan AF1b"
"KF155002",2.25405298891695,3.77733233191898,2.18692976327351,-0.613759225158874,-1.0387015932574,-0.234462915195582,1.4350886532671,0.981928204500622,-0.742533665369713,-0.653945256221076,-0.25654563245724,0.124342821416909,0.668989979743205,0.20092468155377,0.3928072084444,0.428717641271922,0.169861828723675,0.0934374850333567,0.845502144468655,0.16148825476819,-0.522379309750917,0.548212802527807,-0.0428179245729101,-0.328803562364713,-0.292301767386685,0.366049032222393,-0.160026891211485,0.409379702606493,-0.0579215763972859,-0.217317956927331,0.107106553798942,0.390399143276368,0.0734004961737444,0.0831094097454323,0.185256964668127,-0.188623803385939,0.134586169108217,0.0158922730791296,0.224773238667095,-0.442501058989251,0.00148645841442931,-0.0015623380697795,-0.000744296399285684,0.000102164986998804,0.0011112093923083,-0.000537250404068701,-0.000416030620304653,0.000319267103336926,9.87487043651978e-15,-1.64988966721561e-15,-4.03175370606975e-16,-5.50844038179304e-16,-3.12108681329176e-17,1.48684842815724e-17,-2.1677643008879e-16,4.39255689772823e-17,-2.37298614223636e-16,"Cosmopolitan AF1b"
"KR534217",1.81968289772964,3.51209239628035,3.21972275107811,-0.862849375900823,-0.568080107093647,-1.08925957742183,1.20061617274564,0.571232151101192,-0.690348113133319,-0.529178903797281,0.839738761392948,-1.08188123197881,-0.507585585364389,0.2153054384999,0.722378076108847,0.16591624825815,-0.121382842367076,0.24565972866924,0.314590088523121,0.306320198481116,0.0710526650716944,0.204103250209779,0.00656943667326055,0.403033409595201,-0.046252938496572,0.222201287904247,0.0490901770301235,-0.232848527309969,-1.45507078781422,-0.471810242585305,0.346179563533461,0.158473381517144,-0.0968278241045409,0.19858618733055,0.186049059321214,-0.166937561386197,0.0164942702334977,0.0387982960669648,0.359356167988149,0.0649607991817802,0.000379833695141772,0.0018670478472876,3.09979026514725e-05,-0.00023224006696608,-0.000390929475409212,0.000117816448000926,-0.00176135538935292,-0.00013796634328466,9.93719694133337e-15,-1.13467118020124e-15,-7.9352121786797e-17,6.13758098454544e-17,7.01678700994679e-17,1.01902005266862e-16,2.57126722316186e-16,9.56795637652351e-17,-5.66554324469121e-17,"Cosmopolitan AF1b"
"KR534218",1.76207125091817,3.53716813346037,3.54327428954521,-0.510517481865749,-0.11678879318798,-1.10854601901653,0.48451198970439,0.519780921812842,-0.247877265944224,-0.482304701468566,0.906002302170244,-1.11742806587865,-0.698054329557358,-0.237586865691462,0.504813020664561,-0.477421066820968,0.204098372408035,-0.0425966177740976,-0.386748950166633,-0.009296908159204,0.0390743467966265,-0.270363491649427,0.00647462867486199,0.0202139353487117,-0.0986801341184767,0.222402175294813,0.185157114544122,-0.218967018609793,-1.2724155837534,-0.525798031728886,0.193361458216268,-0.0777051146445873,0.000667847780643536,0.185924725654379,-0.0522821020858072,-0.25220244045361,-0.0216586273472254,-0.0219140967373682,0.280450656989402,0.0261119996625435,-0.000613862209240175,0.00194973427803731,-0.000299414896672081,-0.000451042523965204,-0.000279064687243496,3.70059680817963e-06,-0.00206465204229851,-0.00020144495042195,1.0186997121874e-14,-1.41222693635753e-15,-7.9352121786797e-17,6.13758098454544e-17,1.81190172561984e-16,-9.12029719565361e-18,1.73859995469299e-16,3.17724168690266e-16,5.43668700156035e-17,"Cosmopolitan AF1b"
"KR534219",2.03412903746196,3.00534319164265,2.20686279821035,0.236222194634386,-0.356622967769605,2.02549242332553,-1.60726076300945,-0.961368105196577,2.78077355095797,-0.594855526610234,-0.284695911541726,-1.47591174930916,0.317158648671772,0.585025820755002,-0.161779650337115,0.075161504407589,-0.205133542960308,0.815511920070039,0.312015150350252,0.644670087783143,0.638642081539065,0.66482143198756,-0.0820720035291081,-0.0592843267289271,0.0693855717768592,-0.785596165233688,-0.322295390636215,-0.275187598416329,0.35673703288499,0.236365386786875,-0.074763779905944,0.077945122596598,-0.0672898520224067,0.201424086119519,0.0969624189245067,-0.0841122294103124,-0.0615060143671452,0.10349464186682,-0.0220425570503944,-0.0135559692391619,0.000890768241253171,0.000893219961869238,0.00255416547308008,-0.000726406448873523,0.000119604192984262,-0.000512101128813658,0.000444226854228385,7.56219485722388e-05,1.0124484079839e-14,-2.44994632150965e-15,-8.36135177445928e-17,-5.42451849931816e-16,-2.41551561029412e-16,5.10451842434834e-16,3.30133278743196e-16,-3.48793535649132e-16,5.74085105506411e-16,"Cosmopolitan AF1b"
"KR534228",1.97078140104998,2.62053526005839,2.15939970743544,-0.419188364687789,-0.589018858361618,2.25015690082152,-1.37864914325307,-1.02102932525662,2.67376879280487,-0.420684653025194,-0.472339499413295,-1.17251432762009,0.574155821947893,0.445037020139861,-0.135402713095871,-0.585927708195901,-0.368260312294726,0.406432963856937,0.462226193672981,0.244639196023517,0.560973672559414,0.787468331950294,0.0573957619307174,-0.0876549069976555,0.0172173969112139,-0.376780024206701,0.0618553889850683,-0.0795648339899057,0.345224229750257,0.229408521457317,-0.082604416249934,0.0675440734218616,0.056616043108254,-0.135849988442152,0.0738578154200832,-0.292125292525231,-0.0768065231704822,0.0909091316257648,-0.117292363102983,-0.0510358594881649,0.000771869948875874,0.0010409910433843,0.000111683045641403,-0.000849576094150889,0.000134056771779772,-0.00017675604138224,0.000231534502532199,6.63212632300927e-05,1.01799952310703e-14,-2.18626835316118e-15,-1.94635820207109e-16,-6.53474152394331e-16,-1.58284834182525e-16,5.10451842434834e-16,3.30133278743196e-16,-4.0430468688039e-16,6.85107407968927e-16,"Cosmopolitan AF1b"
"KR534229",1.47361756313848,3.56077662879781,3.63645361728957,-0.965744877438393,-0.0600686271628979,-1.09020772408046,1.47458336556653,0.260438774005667,-0.752291596501938,-0.233370232361903,0.617049326017414,-0.739545862649575,-0.252649399323654,0.315015339086551,0.413115670660594,0.515709443623719,-0.646358485671766,0.352081926448008,0.332302296558238,0.0433559791056956,0.0446204812709678,0.178222086684942,-0.407402168330055,0.587658597608059,0.72569336640299,-0.121454911235812,-0.22575429470529,0.334185019533419,-0.0840408306356683,-0.168021848595987,0.154763042410322,-0.163855219695207,-0.148290466336599,-0.0715853039246398,0.0866853187897394,0.124279834581745,0.0575177359001298,-0.0805123433964693,-0.0387613471940874,-0.138831834409682,0.000929783818237781,-7.68673212635519e-05,-0.000130897309743942,-0.000252178720247371,0.000112330103373671,0.000265560217156503,0.00096577005501042,0.000109801382413873,9.84859019501437e-15,-1.85462867105126e-15,-1.47181914669142e-17,4.93872867483568e-17,-4.71985413982733e-18,9.05938797975836e-17,1.42929225460501e-16,-3.62588430756843e-16,-8.81072370408503e-17,"Cosmopolitan AF1b"
"KR534230",1.47713799994726,3.09599992181237,2.84857365302731,-0.496890969607812,-1.16488473546784,1.71899063215885,-1.67336197889007,-0.684725499456222,2.14108366353743,0.601052775673021,-0.771853729987406,-1.00169754580588,1.08432225004171,0.464698318635254,-0.0407780662895714,-0.576688644878372,0.0711400054352111,0.12312392536408,0.612087556732212,0.471305044370557,0.543889992169407,-0.00693799780186405,-0.175783750825839,-0.168661364135921,0.426605452967552,0.0508438903676557,-0.35050288350056,0.0634304425410544,-0.00952126886335314,-0.132421335100929,0.202196022307384,0.214038007117569,-0.239273540671328,0.0812793793635091,0.142880957196319,0.0743862863806589,-0.0915960053260051,-0.0163138032132771,0.0978554155211551,0.00548344226080926,0.000455278819715709,0.00144574161990561,-0.000577802279478829,0.00090735626269758,0.00148346003157643,0.00125836939089415,4.60302482746363e-05,-4.03647633466359e-05,1.0124484079839e-14,-1.65891241646423e-15,-8.36135177445928e-17,1.26596623807627e-17,-6.11403195278236e-17,-2.56295933946915e-16,-1.74671252766055e-16,-1.82260081955359e-16,-3.65375580374252e-17,"Cosmopolitan AF1b"
"KR534233",1.5050284544148,3.51886504506944,3.95220297873264,-0.822193367812698,0.26193241474524,-1.20670735004496,0.608440091760694,0.307912034386642,-0.38901163493447,-0.187120028128714,0.709120936863551,-0.951339639533624,-0.475537541231395,-0.174932041234296,0.290716523118456,-0.0574687550530906,-0.277632623524039,0.101382483506769,-0.476137352658942,-0.329556204906953,-0.0366323069674307,-0.261787401891924,-0.474206295311806,0.0385492534910895,0.438314064103153,-0.127909113143325,-0.059106617895728,0.236726250590231,0.0870708540103029,-0.0960829406590301,-0.0312634165077734,-0.211472351351028,-0.0832270472782883,-0.062793818689998,-0.140752668261006,0.021793911104735,-0.00122846483700083,-0.153267440255581,0.0947278336406958,-0.560933349498294,0.000158835723491539,-0.000741472704012732,-0.000669728794428783,-0.000430823405448232,0.000168048964279591,4.10093817795362e-05,0.000456824767011473,-1.42006191756908e-05,1.00380272540695e-14,-2.35968952550406e-15,-1.32167909689664e-16,-3.90667929878456e-19,8.13353003426934e-17,-9.09789803995556e-17,-2.26119728041523e-17,-2.33587089388248e-16,-2.87929372303207e-17,"Cosmopolitan AF1b"
"KR534238",1.99573388109571,2.4374272505949,2.04493891188711,-0.348168179660321,-0.517842393174725,2.23305161821721,-1.18162112212593,-1.04541605632111,2.77802405703085,-0.469208284248969,-0.370934216477557,-1.34870739070022,0.665921170257617,0.377906810416763,0.0204070893709553,-0.62928635027918,-0.262208906469663,0.350004217070882,0.4343283260618,0.250300469228761,0.641909967981866,0.67058392067415,0.0538669224495923,-0.146995791362069,0.0697945705387522,-0.176129979822308,-0.15009077111261,-0.190587971840877,0.230515579099175,0.248459035545538,-0.0334386052724697,0.125746179310639,0.0168810066885166,-0.207616945185339,0.0794091710562582,-0.262252756077659,-0.0226069258232467,0.104043953463576,-0.161059928911033,-0.0536943931249554,0.000710072127910492,0.00102826324041951,7.77642513224375e-05,-0.000971878433395096,6.17373435402292e-05,-0.000350395638144882,0.000212432960982872,5.05822057755369e-05,1.04020398359953e-14,-1.5340123261939e-15,2.74087847179228e-17,-7.64496454856847e-16,-1.02773682951267e-16,3.99429539972318e-16,3.30133278743196e-16,-4.0430468688039e-16,6.85107407968927e-16,"Cosmopolitan AF1b"
"KR534244",1.84137147831372,3.35417038198063,4.01145763486756,-0.910520166725777,0.45907804890338,-1.73796044465041,0.87441844471731,-0.00655804858244344,-0.415176946037598,-0.511800740479095,0.666738032012758,-1.07769917792459,-1.52545047451486,-0.335828470524567,-0.226690822876078,-0.0432016503855458,-0.288798963030371,0.0460782256502418,-0.269725972560291,-0.402198325090293,0.0244114487865507,-0.155480628149944,-0.523860313514727,-0.0683293211920635,0.00527647962245263,-0.102247710389699,-0.167916214382304,0.279628744695835,0.046789182235308,-0.10439211926187,-0.0719424715305453,0.125349616171221,-0.154126737631191,-0.181388993303056,0.0168578021552919,0.0745574825226501,-0.180703753630716,-0.120775117355289,-0.0469364404834524,-0.138055560889126,0.000326316192022806,-0.000173901731256683,-1.62662770799018e-05,-0.000454283901199598,-0.00013664047564208,-8.75290273653624e-05,0.000641426965235658,-7.07775172822406e-05,9.97732981479491e-15,-2.44997951057935e-15,-3.68496641414536e-16,1.70201151566101e-17,1.52295753977902e-16,-1.27800509010347e-16,-4.32353672212344e-17,-9.35543354047312e-17,4.53714951807374e-17,"Cosmopolitan AF1b"
"KR534250",1.578502751195,3.42424535889255,4.23941883616554,-0.601936275021872,-0.108305777961883,-1.55287817219978,0.655535365264936,0.390552988988053,-0.45119600718164,-0.37866931439817,0.767486566316405,-1.30530159401375,-1.00857661847621,0.196843146582283,0.193970086419659,0.0750996599206132,-0.478356463975062,-0.418811425410349,-0.357513870724383,-0.632516372954512,-0.119836193907702,-0.430824436564109,-0.954048408895912,-0.0532259475075257,0.201529686233369,-0.0889052698299393,-0.0348992205418115,0.111151294542343,-0.0114434978275989,-0.0316883509283466,-0.123828788428387,-0.133670480967341,-0.0516174576787546,-0.0711273582218364,-0.145900316748187,0.106533630091979,-0.182391887361944,-0.0663867310668348,0.0188917317482751,0.0202550115520123,0.000134543306681909,0.000113844363572457,-9.63902659458111e-05,-0.000359013533974236,-0.000206411186717969,-1.06567649141919e-05,0.000557303730778768,-0.000158510689728161,1.01438632684887e-14,-2.35283499592465e-15,-5.90541246339568e-16,3.50087022544157e-16,3.88218146710748e-16,-1.13922721202532e-16,-1.54797916056055e-17,-3.15598940329766e-16,2.67416100105769e-16,"Cosmopolitan AF1b"
"KR534251",2.06715162693494,2.79357155148128,2.23740004270245,-0.186207419383521,-0.517890789198915,2.05317342217058,-1.42493020605382,-0.974210167411389,2.69879971873124,-0.384696166490227,-0.422230232251285,-1.24205349845278,0.411017263266016,0.501815725979878,-0.195351023863118,-0.422420534061087,-0.440993953692554,0.458275014751968,0.378268121211014,0.443653689774024,0.571047920806516,0.605602851223915,-0.0247200009538982,-0.0903317506678364,0.136243554042518,-0.643562480702678,-0.187288871973566,-0.102758371457703,0.195945986622763,0.22194053894229,-0.0686932314238847,0.199108000976227,-0.0819247205804673,0.0657026535314448,0.131999634223856,-0.0970216050792184,-0.110631214894873,0.0487500907149138,-0.0471087940291718,-0.0473384990180589,0.000728841760136553,0.000881242740171009,-1.78119497063535e-05,-0.000946085807729334,-8.57049402581837e-05,-0.000397942788234519,0.000206741317971365,-5.01381810933435e-06,1.0124484079839e-14,-2.29729065562369e-15,-8.36135177445928e-17,-5.42451849931816e-16,-2.9706271226067e-16,4.54940691203576e-16,2.74622127511938e-16,-3.48793535649132e-16,5.74085105506411e-16,"Cosmopolitan AF1b"
"KR534252",1.4310189992675,3.28797381365635,2.67896922358618,0.021455127546399,-1.21803845531408,2.05091982755798,-0.721758829565309,-0.450363182531425,2.13476782336595,-0.491585409110715,-0.101443041414673,-0.630146644987181,-0.980536630823287,-0.466410941001593,0.128863334226342,0.724553739529958,-0.334799701822543,0.181555525658845,-0.324893064950529,1.04463337300408,1.52921038865764,0.936852042769348,-1.09633326410072,0.793661116486897,-0.520759608809808,-0.0737628203090157,-0.643631790131715,-0.276624087917486,0.125101520444195,-0.202793038533786,-0.0761770280394451,-0.55561465103819,-0.71157699260818,-0.248295054334967,-0.21905110947188,-0.039705183689251,0.238931950596024,0.265397120878317,0.0460799223743491,-0.199043463803432,-0.00387325682499515,-0.000757658608737003,1.24195235471163e-05,0.00140456335824704,-0.000715991577744162,-0.000668609634400483,-0.00115322392833317,-0.00019773806980107,9.64192386785906e-15,-2.35731054349685e-15,-5.02729789076784e-16,-2.39323925950346e-16,2.18463593753657e-16,9.8251789149761e-17,4.15535739382293e-16,-8.39488346361968e-16,1.70688318334676e-16,"Cosmopolitan AF1b"
"KR534253",1.66438884179337,3.59681748834715,3.72397253792313,-1.08220912239076,0.269931472233965,-1.40336788801586,0.483604029799937,0.349165978608486,-0.560935196553524,-0.703762537485272,0.923229004118099,-1.22590164139465,-0.736387847371226,-0.395651359894723,0.754297442585398,-0.103183510376119,-0.820851652356396,0.237407933581674,-0.897731712830428,-0.238634803093476,-0.0784314214845671,-0.430226851671948,-0.361561752563729,0.0634262582294824,0.45019663830395,-0.113510583940449,0.557140570082388,0.0713351951212359,0.0234109788816607,-0.225187044245585,0.327597425658244,-0.15798187716328,0.0825921303617997,-0.121522632179449,0.0419951989070847,0.226485250569124,-0.117803359612101,-0.085900371676786,-0.0399872996613374,0.0113089152940752,9.89240672126224e-05,0.000265238845962885,-0.000582307726551301,-0.000418491841329405,-5.98193762231854e-05,0.000183625814495822,0.000391271281494453,1.69177622863139e-05,9.89406308794802e-15,-2.26956826907777e-15,-2.57474338952021e-16,2.39064720081641e-16,5.51512393232009e-17,-2.11067235857233e-16,-1.54797916056055e-17,-3.80431841734733e-17,-1.76673109744294e-16,"Cosmopolitan AF1b"
"KR906735",1.17102669450492,3.69032737796893,2.00927644440659,1.25216871174135,-0.895525195482782,-0.209188544508282,0.0123911180962722,0.339196191255159,0.203956587765434,0.215704986250542,0.957456220742974,0.229045737654345,-0.365607347791354,-1.35030233224306,-1.68227948074429,-0.26186286490935,0.852285216251604,1.09842369118759,0.146277284039968,0.38372027772868,-0.815984974601265,0.720131694499696,0.0498200749946687,0.432269886268433,0.475213144248439,-0.221537030689447,0.0139047222681649,0.0134397342972034,-0.0592704369020436,-0.0855485073432054,-0.249983739064439,0.187859538004098,0.290097577023848,-0.0393949809666402,0.206010960324965,-0.0379728872104355,0.218504875014885,0.0917131070197984,-0.139968447919696,0.334022365241524,-0.00046307557125569,-0.000773384021373816,3.24010984471163e-05,-0.000137290546865035,0.000960792917529518,-0.000732337847598904,0.000113889944901846,-0.00081596312119299,1.05032371955956e-14,-1.63481740306771e-15,2.88643667054054e-16,-2.87623480145119e-16,1.63213592943297e-17,5.33869193952572e-16,3.60638835209091e-16,-3.1951895448158e-16,-3.47957266405595e-16,"Cosmopolitan AF1b"
"KR906736",1.19915935976074,3.62161808339473,2.18707590176985,1.1730201821927,-0.95986522783727,-0.0265328167261708,0.0205692092585365,0.149352574351522,0.147056024602292,0.157598250843822,0.944864349851559,0.175294214341992,-0.315531455243677,-1.44940332902687,-1.68939173214726,-0.0586530091390826,0.85414796050727,1.09220978208244,0.0442186604033599,0.384282916436158,-0.777715796122266,0.685772620214664,0.13259342965824,0.331984123491371,0.520247506010234,-0.217381175980212,-0.0131451858799009,0.149305355742881,-0.194141410180925,-0.0918055561693859,-0.423861696646411,0.216632490263705,0.387035619663805,0.0490883466305449,0.199061860958963,-0.021855169325895,0.19262529189645,0.135530808921828,-0.139990487468359,0.398619118531998,-0.000401614073260556,-0.000805544271564538,0.00011685170127411,-5.05556836123485e-05,0.000879210860928242,-0.000687992442138001,0.00015440724090503,-0.00082117354369635,1.06420150736738e-14,-1.67645076649115e-15,2.88643667054054e-16,-2.87623480145119e-16,1.63213592943297e-17,5.33869193952572e-16,3.46761047401277e-16,-2.08496652019064e-16,-2.3693496394308e-16,"Cosmopolitan AF1b"
"KR906739",2.77422609807695,3.51316518088527,2.22571003540544,0.508774774807338,-0.549532976415556,1.77676583912285,0.017596001889504,-0.779851975076408,1.76854475159508,0.185054002570315,0.0218014041711155,-0.809840325606433,-0.922795805743711,0.564596579292043,-0.450757339536743,1.02468080407304,0.0245512725108247,0.35179090879297,-0.475137556385178,0.150964755960947,-0.532496161216605,0.410302242898587,-0.592370206516707,0.241600951916692,-0.0652550467026154,0.131329789422294,-0.252057093166791,-0.456235902884241,0.468077774883529,0.404916173518701,-0.30603116830845,0.163393532017347,-0.0407965839013232,-0.0936282806572544,-0.169684965859836,0.114695466049407,0.0875749653679953,0.335840358700693,0.214979106983339,0.270705876410042,-0.00403398521549588,-0.000449843858137469,0.000243520171522614,0.00139670781123326,-0.00167526164449533,0.000111689996960948,-0.000247215939551421,-2.27222569229951e-05,1.03465286847641e-14,-1.89483480919707e-15,-4.1668042513214e-16,-9.8362640081753e-17,3.27437739090981e-16,4.54940691203576e-16,2.74622127511938e-16,-7.37371594267937e-16,1.89735931938327e-17,"Cosmopolitan AF1b"
"KR906741",1.70690787991317,3.9472187943379,2.72797026063059,-0.388830518174165,0.896058775469556,-0.355384981027836,0.39178055791866,-0.147780714999956,0.0734159854507875,-0.400362749045122,-0.0142955890296581,-1.01491543923658,-1.05087244179861,-0.222328831556684,-0.363156187371539,-0.0680691973834862,0.849088273278073,0.0436038332452837,0.347496716622344,0.0236097187254229,-0.400277560559182,0.985020676450381,0.696794248437931,-0.88113929247902,0.632149506326127,-0.193944349844025,-0.423688912103767,0.145954183381329,0.235176212547237,-0.495271485462013,-0.194935498275427,0.10216779885448,-0.0609797714235762,-0.144926827331575,0.069205696068508,-0.118223469592384,0.00803107104403565,-0.124365610874009,-0.123183895152977,-0.0949890938083333,8.78092287382907e-05,-0.00360792951041052,-0.000486654436561413,0.000123338020126262,0.000867776166435896,0.000507814744481108,-0.000218785116552614,0.000485554625411325,1.04325644889235e-14,-2.09160538075586e-15,4.81030729979339e-16,-7.49191698999597e-16,1.04445244324977e-16,1.30274448516975e-16,-2.74704846370027e-16,3.19727027934465e-16,-2.14535317520345e-16,"Cosmopolitan AF1b"
"KR906742",2.17288167123717,3.59108880173405,2.40168210385356,-0.60349681514705,-0.80435938343419,-0.143963158637172,1.6612221236199,0.860237881669123,-0.753519354203575,-0.619820255498642,-0.294884529345643,0.172861629050582,0.687438249676822,0.0761127039290247,0.36619937957157,0.500282749226915,0.133065832352948,0.115101682491276,0.882415118659035,0.213978505607199,-0.388514355926928,0.568231108936601,-0.243682444241249,-0.204379757458043,0.193790635382996,0.200761478314899,-0.193313172828758,0.67471231514184,0.0644750479921564,-0.380754010289766,0.0599968846998438,0.0655231205605991,0.0771535458747528,0.0119998004663742,0.118936539833449,-0.195265322715612,0.24334170829464,-0.010413544237206,0.104811153229075,0.0184012241732691,0.00143990119209243,-0.000573339755283536,-0.000635275786484505,8.25777946498753e-05,0.00115739538646664,-0.000477338419714171,-0.000262111675417218,0.000349380055805045,9.98847527907347e-15,-1.5503716562511e-15,-1.85103084795755e-16,-4.1612479161205e-16,1.32200819940606e-16,1.85785599748233e-16,-1.63682543907511e-16,-1.33398794530826e-17,-1.31268590673458e-16,"Cosmopolitan AF1b"
"KR906744",2.63235196706247,3.33946395076754,2.06672945643747,0.435353365928114,-0.645576212147011,1.95639181700568,-0.222089416822353,-0.605587276060217,1.79695149571246,-0.0223683421005025,-0.00223831768617694,-0.65294839054227,-0.391674389049476,0.367690381880938,-0.493833881600685,0.918565984799395,0.0601146087735593,0.737961704074746,-0.49947103962152,0.160886890523512,-0.556544416578512,0.519964998373653,-0.46145654234742,0.207378437223958,0.0381575798548225,0.0696831842866588,-0.270372093509416,-0.493031487000475,0.462320439869783,0.383944200096317,-0.230974816359987,0.0777074774991009,-0.00406398487212955,-0.205547047924909,-0.196304927219267,0.0979647378483688,0.0939588299743095,0.305075861652055,0.173715748115336,0.213771735076067,-0.00413075082572661,-0.000361004447844533,-4.65187137011066e-05,0.00134802755747617,-0.0015068195966954,0.000262577503307942,-0.000216865656337179,2.55440439392185e-05,1.03465286847641e-14,-1.79769029454237e-15,-3.05658122669624e-16,-9.8362640081753e-17,3.27437739090981e-16,4.54940691203576e-16,2.1911097628068e-16,-7.37371594267937e-16,-9.2048709268683e-17,"Cosmopolitan AF1b"
"KR906745",1.536677068075,3.69397520667945,3.38231175968285,-0.400848874786638,-0.00918765557071957,-1.41044844740534,0.0540893317823574,0.128057191133473,-0.507254953909641,-0.469211465768401,0.74259836647803,-1.16452123188298,-0.169153526995582,-0.125332024765865,0.227182485390878,0.23237392925858,0.139288928566006,0.097925195088026,-0.682098018373107,-0.32556512064934,0.141247391691969,0.137973934394942,-0.0998276745940214,0.162729598081765,-0.379736617927142,0.231580335422503,-0.0735444005984886,0.272390939933294,0.069559792301675,-0.0463868557680872,0.209455036885506,-0.386176940312647,0.0900947401679908,0.0301876621182189,0.00302810224772852,-0.234800562624128,-0.224314034178183,0.069086099807477,0.0650826309436175,0.0295802213029413,0.000474873531120514,0.000171855862499437,-0.000190407977836328,-8.66307996527085e-05,0.000291396656768132,0.000287910849929788,-0.000549925426089921,-9.91295143452205e-05,1.01567460897516e-14,-2.18216046102226e-15,-6.13657618359516e-16,-6.50513219874416e-17,-3.76751425485939e-17,-4.58159724177818e-17,2.08449606073129e-16,1.80572198280647e-16,3.68902597864624e-18,"Cosmopolitan AF1b"
"KR906746",2.70351077523077,4.06154045170468,3.17854097739968,-1.26694317467957,-1.91095262753551,1.77307819429592,-0.383301617757167,-1.5494419489782,0.409372844880804,0.355892586271386,-0.260789017409731,1.38382835773616,-1.17962457765547,-0.262902478139496,-0.167483089709316,-0.536853291687957,0.558969521883559,-0.732706676675714,0.102901762512302,0.446452621330741,-0.598234236038983,-0.274791004169447,0.597660856980084,-0.328764125469824,-0.228419181474447,0.445133223143531,-0.100158644965285,0.301282110341736,0.264724429700467,0.122726724033284,0.0615561816342781,0.012003157556175,-0.594735586752661,-0.087632700492986,-0.0293994725074616,0.543433394835295,-0.217752274945159,-0.230817912635575,0.0559900858611331,0.0710787701450282,0.00132496191046375,-0.000594276206659917,0.00204794468726963,0.000749648545919188,-0.000423930395773514,0.000263082614484793,0.000418434331939604,2.49824342586888e-05,1.01336254851566e-14,-1.68646509133894e-15,-3.01165627927058e-16,-4.90527188024898e-16,-2.99031027997421e-16,2.45125168621494e-16,-3.63982353273637e-17,9.33501290735756e-17,-2.49524227207436e-16,"Cosmopolitan AF1b"
"KR906747",2.68090989795431,4.09084017830169,2.47859920906885,-1.45706904244324,-1.58956820746225,1.64868974719692,-0.73732858788345,-1.62818188459477,-0.0159494100145408,0.327102750448483,-1.15154976357198,1.23307127165753,-1.66853810563685,-0.748126931324829,-1.58887755177179,-0.103609956900096,0.17634691355038,-0.520194046002125,0.192147660253762,0.0145253763247593,0.0846033252348278,-0.357944316168361,0.547715661315232,-0.0471884226290213,-0.377071469310084,0.492679197965602,0.0040484849027843,0.339375164152324,0.259689855452722,-0.053567767033188,0.0625256401598751,0.148699111152673,-0.464391859539092,-0.198178894095247,0.192128878083792,0.395798261922451,-0.219172400192429,-0.30843600617054,-0.0408679226446651,-0.0181174841971397,0.000892405666321084,-0.00145741300902483,0.00271329789398856,0.000757940278127334,5.54918935696258e-05,0.000724198174864339,0.000601061626693538,8.94062693780835e-05,1.01613810607722e-14,-1.6448317279155e-15,-7.4525483777712e-16,-4.90527188024898e-16,-2.43519876766163e-16,1.58388994822654e-16,-2.68572562094913e-17,9.33501290735756e-17,-2.21768651591807e-16,"Cosmopolitan AF1b"
"KR906748",1.90739650445289,1.8143556711639,2.47163237234834,0.287493822080254,0.0412764749717343,-0.319839934722652,-0.221987030362828,-1.38267516149742,1.03750239541101,-0.891251797353982,-0.573430964998997,0.582674879217011,-0.635158482327069,-0.165981635493709,0.560134554283288,2.00534314314494,1.43922129842206,-0.120658545811029,-0.807653816706172,-0.0723800116112728,1.00458343557058,0.687590930311247,0.528735109463772,-0.650154125574164,0.252875629136472,0.416696619192079,0.899450224644217,-0.189418939586328,0.373748748721139,0.436417601210038,0.372046071899515,1.13084763454222,0.47588520010166,-0.767190256784528,-0.433495136102361,-0.213347386273868,-0.293472033888396,-0.501248531991456,0.28086450237554,-0.190459462366954,0.000901020599111152,-0.000512260820458599,0.00142298463305155,0.00052564062065449,-0.00034342357775325,0.000356533102579112,0.000323727363413606,-2.11092164559616e-05,1.0083236526438e-14,-1.34104507403502e-15,-2.03480390235558e-17,-7.93322451409357e-16,1.44162223224619e-16,-3.85867924827529e-16,2.94035855216759e-16,-2.4110090759654e-16,5.86555506250889e-17,"Cosmopolitan AF1b"
"KR906749",1.97018631772218,3.39065775332154,3.0107696381532,-0.023319141503006,0.0346934543697167,-0.301661248408421,0.628661955199488,0.214707918596858,0.823471127226966,-0.096991345972568,0.0984490276614019,-0.14906481933921,-0.41153991084034,0.441832286418797,-0.0756296003884137,-0.0876143541740292,-0.0228050818586817,-0.583174442205919,0.140777892145149,-0.15492351719502,-0.430466012395026,0.405619267874115,0.720142610621094,-0.78007672138798,0.0413366125188807,0.115989639035618,0.356322250688786,0.00800541694974274,-0.579743287456307,-0.256829683730137,-0.375763377120091,-0.197497591766325,-0.0844994075128142,-0.263450246934604,-0.269150144120686,-0.376001676555026,-0.351080787037704,-0.241721970508015,-0.15609921761646,-0.199347196390042,-0.0010837569808963,-0.000680033415798024,0.00220073573158096,-0.000431320864289504,0.0012668311913933,-0.00094464816052736,-0.000304108529134112,0.000202291364122242,1.03742842603797e-14,-1.9225903848127e-15,1.38431087180438e-16,-7.64496454856847e-16,8.24861951124864e-18,1.21873783816029e-16,-1.69467082338124e-16,4.28362581588479e-16,1.85507046887606e-16,"Cosmopolitan AF1b"
"KR906751",2.60769075117644,4.27609275949537,2.82072843601088,-1.49877509084193,-1.48575963711388,2.02534324393097,-0.644041514785068,-0.969447389364901,0.323770597398547,0.795746122139578,-0.960100266258907,1.21637998565833,-1.24337675608999,-0.179112483550934,-0.916897315557943,-0.101072118500812,0.0106921991185201,-0.61777223502479,0.136020983790697,-0.00431748273011274,-0.162840824214677,-0.610825370745137,0.398344180033938,-0.128653978397056,-0.351171251493897,0.354085794326065,0.206825491497979,0.155174757244126,0.483576275153092,-0.053917372428095,0.0873163470620689,0.048847088492785,-0.428752715345383,-0.127769367474015,0.124627568726511,0.56627870028198,-0.0619399058457044,-0.219020852709788,-0.0691633397286071,0.00032291785751564,0.00109511443757489,-0.00117305147899034,0.00272142174691397,0.000717240291480646,0.000355055043427897,0.000706050971046441,-0.000804023609307833,6.38339249480717e-06,1.04068207934878e-14,-1.71716602530148e-15,-7.45088313734874e-16,-1.89319506176474e-16,-1.91609557548269e-16,2.54055775491309e-16,7.73523596219905e-17,4.19954349637952e-16,-3.12358264537358e-16,"Cosmopolitan AF1b"
"KR906756",1.71008180354244,3.56187810271197,4.29512056534962,-0.998143077866997,0.19772505713873,-1.20195809241019,0.610220210085144,0.419549412728976,-0.510331113651273,-0.33195389140354,0.662050841758984,-1.03556617461091,-0.168343757651368,-0.115021729452503,0.236203411080593,-0.367278253708458,-0.0944578772607522,0.140792357103913,-0.664260479855954,-0.201469461631659,0.101599636352835,-0.327178514031761,-0.798031955432618,0.304597641982736,0.0868219350934573,-0.113215421900322,0.0285805370195182,-0.0640266774945395,0.188073161268176,0.0987147964057662,-0.00957383431307686,-0.0127846584121697,0.00283611365429187,0.0972971589363058,0.11765816976694,0.223720845075283,0.0835494507006327,0.0682481049287744,0.138307345101327,0.0297115213102785,0.000744766378852477,-0.000364740959020118,-4.29592558122695e-05,-0.000127357650053676,-0.000181725712097005,0.000156917684792473,0.00039253214054945,2.24487908455622e-05,9.92181866356365e-15,-2.35283499592465e-15,-5.90541246339568e-16,2.39064720081641e-16,2.0780690520916e-16,-7.22893577790888e-17,2.62075964550684e-16,-3.15598940329766e-16,7.31270707963664e-17,"Cosmopolitan AF1b"
"KR906757",2.5873926479959,4.42174623259649,2.80438051944904,-1.05695001858587,-1.00883580008777,1.26511938896861,-0.462070480368232,-0.853016983223661,0.582384048883588,0.480874854624689,-0.994978874127346,1.18476113787129,-0.714361503030667,0.556752364412735,-1.17688775985587,0.511734586318084,0.606298338202926,-0.250325175433884,-0.308575810740908,-0.146521630153363,-0.210142778153865,-0.248146205594782,0.286348706637994,-0.264245780583134,-0.680361049817798,0.267412596945432,-0.0290823941268859,0.524413664786649,0.434856962251173,-0.306295433649347,-0.157170126606296,-0.0356077039385971,-0.535855504143231,0.372797235610321,-0.0764050739521492,0.244754007111106,0.0787379514090321,-0.186655966758285,-0.0146063551941145,0.0201468230458587,0.00131177060018836,-0.000553338683910043,0.00250643291759519,0.00085787920616815,0.00056576928718272,-0.000814380239507067,-0.000638481295649882,-8.07475530922853e-05,1.01292650373316e-14,-2.10574408392029e-15,-8.56110616197389e-16,-3.0034180863899e-16,-2.74876284395156e-16,8.75223217975354e-17,-8.91810940717829e-17,9.7506586195053e-16,-1.45824810843584e-16,"Cosmopolitan AF1b"
"KR906759",1.67408341319233,2.30229398165453,2.45648171819691,-0.931477479875698,-0.174326161534249,2.01237219087686,-1.77904503421384,-1.40303499506382,3.28814473298113,-0.157737807223937,-0.167020443107963,-1.65951989106833,0.674200270442402,0.39408622459931,-0.399918429679565,-0.602234471571753,-0.373028782392249,0.406633615333512,0.446463734031359,0.256208415530662,0.422930623109016,0.74307281800697,-0.432464657422117,-0.0457378398396144,0.406096447824172,-0.587324220744241,0.253887704926739,-0.0153215175310052,0.583587262424109,0.10339139779304,-0.0152432447388312,-0.00415274443772634,0.0292040817175111,-0.279770313495839,0.0281875746938569,-0.229478182214353,0.0357917893009079,0.152714681177773,-0.171401301185628,-0.0604161287720602,0.000719618432021731,0.00100737442063829,-0.000142964873132279,-0.000807137128038896,0.000108142872122875,-0.000302844103211944,0.000133523260035392,9.50852296375187e-05,1.01827643083829e-14,-2.41079450033559e-15,-7.40807823332396e-17,-4.1612479161205e-16,-3.43326337531676e-17,5.08444166279919e-16,3.68877563217368e-16,-6.23962542996919e-16,6.7364310217978e-16,"Cosmopolitan AF1b"
"KR906762",2.09251604346843,3.31373359273863,2.53374876206819,-0.939919640501225,-0.12003510679696,-0.325524617586947,0.953007298936326,0.364605108464071,-0.573899997484613,0.749352095215854,-0.625699223761848,-0.747177645520316,0.279896059296802,0.705533587937097,-0.377129858612197,0.669117047324745,0.366589203632393,0.230884802147916,1.80197718384125,-0.585956187731046,0.448585945966231,-0.78345779076654,-0.031482863773203,0.0694884414347223,0.176543214567083,0.0438211292127172,-0.053270131080762,0.128277908225052,-0.193318123954371,-0.204880796132786,-0.125038157573954,0.0476729883088804,0.309814572843026,0.0972678290431305,0.213944898342008,-0.394799729785873,0.0609009364324611,0.0354293565221579,0.10304631137438,0.150289102884247,0.000182023735976601,0.000778815575776273,0.00350019629215612,-0.00017738685869058,0.000922391886721138,-0.000757919349768602,-0.000150820374047164,0.000225819837029149,1.03770533376923e-14,-1.70302732213706e-15,-2.96125387258271e-16,2.79644182380125e-17,2.15467546787493e-16,-3.13814761333088e-16,-5.26602414449956e-17,4.21712717781752e-17,2.29553892329718e-16,"Cosmopolitan AF1b"
"KR906763",1.01143990774668,3.87232710971319,2.31062197000856,0.872538358741555,-1.16491142811259,0.0904513050415208,-0.387803672709737,0.0988359213328826,0.305940755707114,0.678351091925028,1.13636852577305,0.00403831013717138,0.0173349998168744,-0.887314821019576,-1.61072397046913,0.217900397146523,0.606929366920798,1.03858587392509,0.177183889763478,0.584050452319732,-1.01044335445542,0.82063136692895,0.0378624990081221,0.624654151903568,0.559405522608109,-0.404052261001143,0.376448224415436,0.303281193446699,-0.287675047147754,-0.151618395410788,-0.370567838875654,0.067859156659049,0.409381601832168,0.0667944047208991,0.149507465945363,0.0600063035949491,0.141536908790494,0.0677644934937569,-0.10759692319219,0.42348667493424,-0.00582416275458799,-0.000715333419137985,0.000119636307352498,-0.000536595873682995,0.00107622271922548,-0.000264253020958861,0.000253285415080617,-0.000929408853190015,1.06420150736738e-14,-2.32176789955452e-15,6.65990621290224e-17,1.00954578473685e-16,-2.05723245630702e-16,5.33869193952572e-16,4.1449715629359e-17,-5.6931913502224e-16,-4.8673514448374e-16,"Cosmopolitan AF1b"
"KR906765",1.04094240088864,3.391898572386,2.15736103189,0.978035730119986,-0.885582328191943,-0.127998791763364,0.12078288926817,0.419986875161496,-0.173644947826335,0.634025451510347,1.16996491195856,-0.0522046625976864,-0.547461464069117,-1.7625379848933,-1.67718518492887,-0.185846086436976,1.04430519419647,1.36671528496409,0.481285602529344,0.377280908045485,-1.08670143627356,0.245635541837297,-0.258413544806642,0.373838370232522,0.825913833628205,-0.51945119184994,-0.0542038960371304,0.0713261600035441,0.495815079412818,-0.0564156843831357,-0.0531286233412032,0.0859977245803312,0.446677927894963,-0.152432280920905,0.212200186505583,-0.0101676815978923,0.230988499303184,0.183772456562594,-0.157520830995689,0.434287060810906,-0.000110102268729745,-0.00058949470641974,-4.21901826049286e-05,-0.000194634336864763,0.000835879956615522,0.000421907654558084,4.83258737996233e-05,-0.00077130530264394,1.08390731802958e-14,-1.38749876477643e-15,3.53687553696665e-16,1.16259334330935e-16,1.95784710954945e-16,6.42883820260173e-16,3.16116392836377e-16,-7.33465839907512e-16,-5.81466177119773e-16,"Cosmopolitan AF1b"
"KR906766",0.987371953504352,3.69108610022537,2.45604366156669,1.15470546299972,-0.878138933905956,-0.28481736937171,0.142343045390017,0.321133050416856,0.0704738349980308,0.352448869705225,1.05006037331026,0.269575580186737,-0.0936885006645637,-1.31102517675579,-1.96655720530313,-0.0265483281768797,1.28578261310824,1.1383535924351,0.329782485531225,0.190100381563602,-0.594199875109573,0.69560287130051,0.178720762422714,0.196729711926486,0.395734514974203,-0.20102934515021,-0.132931430801231,0.233845045769158,-0.385821773455846,-0.0955334376358774,-0.620591784227925,0.173550141022788,0.315014970813378,0.0687589814979297,0.110922735218767,-0.0735755851503702,0.206856481330289,0.0980454898901232,-0.116783373770033,0.35355465723899,-0.000602497650168742,-0.000595837937964064,0.000221383658365957,-7.75575609550882e-05,0.000862647501032895,-0.000799528842974679,0.000162762183324105,-0.000877685955878984,1.05587483468269e-14,-1.69032855429897e-15,3.44154818285312e-16,-2.32112328913862e-16,4.40769349099586e-17,-2.12423183600062e-17,4.1449715629359e-17,1.35479529059672e-17,-2.09179388327451e-16,"Cosmopolitan AF1b"
"KR906767",1.99946943823147,3.72638152250726,3.4664345957476,0.011210791063153,0.163638434484355,-0.789089548454797,0.209413872464258,-0.140642732252133,0.262904905708149,-0.122021679279184,-0.0737359882331775,-0.56188822440512,0.0265316524473325,0.520201668474652,0.132580363328242,0.0789013679207774,1.2416940754196,0.139008766814015,0.841643315512077,-0.360795100584123,0.206369292900713,-0.295403030929334,-0.14019020742858,-0.321554951221548,0.209989927164405,-0.232678760481388,0.0171870832664994,0.0247032291831735,0.0161034395378876,-0.398652560685645,-0.579048335320497,-0.256737759998492,0.0682862152164344,-0.0349345457108355,-0.233245851306883,-0.15982538394063,0.0248930189767881,-0.0133848009212108,-0.0403523705774812,-0.118215177540794,-0.000190795520288088,-0.000891121530414401,-0.000177605441829041,-3.50062868712887e-05,0.000727050305838461,0.000459969049252052,-0.000402418628433529,0.000201830190179683,1.02105198839985e-14,-2.35528334910434e-15,-1.85103084795755e-16,-8.30578842245035e-17,3.82001000481266e-16,-6.46881668720635e-16,-3.30215997601285e-16,4.21712717781752e-17,2.29553892329718e-16,"Cosmopolitan AF1b"
"KR906770",1.90419832586635,2.70732624866689,2.52187301995689,-0.927093375854099,-1.02784500263194,2.23341876354613,-1.34333504498513,-0.674063398724436,2.5899642069893,0.45274227027188,-0.738814283763859,-0.825073514343056,0.96191035101278,0.675840825446144,0.267060021587287,-1.24632543192076,-0.864143899491552,-0.31071655458388,0.199633635425537,0.0678184039821239,0.421608379154378,0.412728655098074,0.0484305272480942,-0.239165760817842,0.605952149298497,-0.360645779225206,-0.0614329067195809,0.0317540638014351,-0.110695308947664,0.143553425986973,0.112662825243065,0.393037257359058,-0.175604495521546,0.12565305170633,0.300439962607434,0.0627822150566774,-0.0631645459253413,0.0485736449684185,0.101872548371967,0.0750654954384838,0.000520586330949905,0.00146102670579384,-0.000236587668840897,0.000743933984185253,0.0014655544869821,5.44004050254489e-06,0.000147962375259863,-3.18980250457285e-06,1.02910175335328e-14,-1.71442356769548e-15,-8.36135177445928e-17,-4.314295474693e-16,-2.9706271226067e-16,4.54940691203576e-16,2.74622127511938e-16,-7.12377794928433e-17,4.07551651812637e-16,"Cosmopolitan AF1b"
"KR906773",1.47688175885325,3.37157765580882,3.63080186172165,-0.935286162630905,0.265763951954471,-1.43693418199211,0.366176014071843,0.336047607044762,-0.690115274326685,-0.682341238934736,1.00372702623157,-1.19247706337557,-0.788791933383947,-0.31637421305653,0.762665387893581,-0.135925549942586,-0.893338989816356,0.256899069351484,-0.898227139580854,-0.149837324247548,-0.154866811737567,-0.528700379191974,-0.242664192193526,0.0582942312037213,0.369499367081018,-0.0786442947498671,0.663174523956564,0.177397804610596,0.0766871112118753,-0.234507654644479,0.016528579445417,-0.107887829393613,-0.123771700608439,-0.186047190540224,0.279590297185267,0.315241262705539,0.31351125999849,-0.0156011243127286,0.0338347424815897,0.0597367661383934,0.000164619065791579,-4.48145807389215e-05,-9.84488773583657e-05,-0.000617158108982654,-0.000114569986046425,0.000234490237567265,0.000561246632803424,8.2733921767322e-05,9.90714175044718e-15,-2.16072812830193e-15,-1.69200326069897e-16,1.11048227802555e-16,9.3767982357545e-17,-1.80137885655162e-16,-9.89074099940537e-17,-1.29567442177992e-16,-1.23467186530016e-16,"Cosmopolitan AF1b"
"KR906780",1.45260143553698,3.66628550517779,3.99294029771997,-1.10052384158374,0.35165776616528,-1.6616524406614,0.605377865931418,0.52094645467382,-0.637517386157785,-0.50891191862387,1.0284250275768,-1.13162027554991,-0.514544892792113,-0.257273207623646,0.477131969429527,-0.0710788294139166,-0.389216999755422,0.283551743934337,-0.612167887702562,-0.432817337966032,0.105084499528125,-0.420396600586102,-0.315434419799254,-0.0718281533354033,0.325683647267919,-0.0971587531104464,0.437354325161058,0.155874885147513,-0.168269384393261,-0.228914925712076,0.13086733807673,-0.201064226404196,0.010571481511372,-0.101851997312064,-0.0461439268331109,0.174764834744649,-0.103572170178262,-0.123385690708491,-0.016780185963011,-0.0337555459989326,-0.000101959509695564,0.00047494517956336,-0.000477775769459455,-0.000445493718672145,-7.63827361185322e-05,7.20894136591464e-05,0.000399626223913529,-3.95946498963229e-05,1.00328409660262e-14,-2.36671278373247e-15,-2.57474338952021e-16,1.28042417619126e-16,4.12734515153865e-17,-7.22893577790888e-17,6.77869352412812e-17,-9.35543354047312e-17,1.76159195651085e-17,"Cosmopolitan AF1b"
"KR906784",1.93587500722606,2.50189555530761,2.55125814785339,-1.33671787979925,-1.18404263891743,2.26089075981606,-1.1664117401844,-0.686955759997108,2.51051281482541,0.656141001033681,-0.872055255032793,-0.598753844927468,1.05273779817711,0.595356270340148,0.23493692258987,-1.7282619914593,-1.09198442536996,-0.657054989793806,0.264157125726796,-0.127592104606039,0.356210795026999,0.356170282136847,0.104116984576894,-0.269136836196732,0.669903931434785,-0.221888120581214,0.0703820701479809,0.198704024764507,-0.265496666305652,0.129666094246172,0.118363686306726,0.509720996305226,-0.189145324435803,-0.00644036605594197,0.334086056933559,0.0493792441162404,-0.110528984985578,-0.00413354387965515,0.0773476398710731,0.042449437673567,0.000343434263479701,0.00151418821054993,-0.000161282224039751,0.000735601921819289,0.00147017000943989,6.56714234229287e-05,-3.87593886931496e-05,-1.91611168203512e-05,1.02910175335328e-14,-1.46462338715482e-15,-8.36135177445928e-17,-4.314295474693e-16,-2.9706271226067e-16,4.54940691203576e-16,2.1911097628068e-16,3.97845229696724e-17,4.63062803043895e-16,"Cosmopolitan AF1b"
"KR906790",1.23594880943277,3.97664851137355,1.96152657948248,0.0162451566171937,-1.88025281252937,2.7511958621333,-1.46192441266921,0.291773438429278,2.26796491037989,0.249552415628712,0.622655562446973,-0.595555163668416,-1.00737009805987,-0.926116310367529,0.709545681780928,1.27850807463211,0.163795146844144,-0.382992323094535,0.828680514287273,1.38517212758807,1.03824467566069,-0.0722095755345689,-1.01515641472144,0.109373791282799,-0.44857460648852,0.309466150344495,-0.572457985737006,0.459552535699206,0.451844424421341,-0.337579481515333,0.290508805600392,-0.0664401480045769,-0.166632507018887,-0.0127802273428188,-0.24193942621897,0.112464018903285,0.205353660813303,-0.157922673016594,-0.20766839796447,0.0888256155183567,-0.00429581611698242,-0.000810622645399536,-0.00054279429639983,0.0012528738509649,-0.0011505274331408,-0.00061261988073312,-0.000126066404302922,4.7480955108501e-05,1.02910175335328e-14,-1.97810153604396e-15,-4.1668042513214e-16,-9.8362640081753e-17,1.19270921973764e-16,1.87793275903148e-16,1.02884503390234e-16,-9.03905047961711e-16,-3.65375580374252e-17,"Cosmopolitan AF1b"
"KR906792",1.38215512424552,3.70204479180878,4.3393435395399,-0.771458342851961,0.113620340647753,-1.22874566630942,0.445608866915526,0.55165915646914,-1.00266236918001,-0.56130019167476,0.633576583359679,-1.86283693698767,-1.11957789440611,0.180201939039534,0.176635390870891,-0.228672786636407,-0.339670954276776,-0.462412749292722,0.107498091180983,-0.323835610209853,-0.542950702287679,-0.621231523408932,-0.893642318812186,-0.178305007243238,0.349588539829587,0.0961908656712067,-0.304933395043997,0.215386098725253,0.132621013159564,-0.119549374318993,-0.10774075679027,-0.026943081504002,0.0356286311177846,-0.104763140982286,-0.228132178700447,0.142615530951983,-0.22098551055774,-0.269665464639093,-0.0177586104384685,0.0591445852896927,-0.000108855143778399,-0.00213272176224569,-0.000407208960178029,-4.09012183618847e-05,0.00042722479994497,-0.000988049982408291,0.000416206036191457,5.04739109844551e-05,1.01716188441043e-14,-2.57487960084969e-15,-4.79518943877052e-16,3.50087022544157e-16,4.99240449173263e-16,-5.84115699712743e-17,-2.09768820915008e-16,-5.37643545254797e-16,1.28638222027624e-16,"Cosmopolitan AF1b"
"KT336432",2.63171492976872,3.2508694644686,2.72709877884449,0.641356097024617,-1.51760375704621,1.26060260788348,0.244775081053094,1.56514268476009,-0.258032904652309,-0.907859551337123,-0.375194665189215,2.20214467538273,-0.167642421517502,-0.832880739064653,0.282205010059784,0.883590302056362,-0.0457113253098675,-0.151380925620057,0.345831309896158,-0.634456843715859,-0.727217442968065,0.0841612335066637,-0.254485012105445,0.334984119738915,-0.166199275438913,-0.825351713346631,-0.024020783095655,-0.311482847143392,-0.113865378242446,0.307541607974152,0.107992493810254,-0.0403473096187282,-0.243111218491631,0.250426594758546,-0.0183359809081876,-0.136893167483223,0.0527389744088555,-0.205176210607797,0.0210439005926365,0.00553061317611674,0.000520072658972565,0.000715026322570166,-0.000837833352662638,0.000278223916378961,-0.000267341241254105,0.000532430307345818,-8.55177019838564e-05,6.72923157370487e-05,9.87468389929836e-15,-1.96422374823614e-15,-7.49747332519687e-16,2.34704267305794e-16,3.60041951268775e-17,6.63626325847711e-17,5.25775225869068e-17,-1.26748930724101e-16,-2.58582162962457e-16,"Cosmopolitan AF1b"
"KT336433",2.6928293845228,3.0101623215182,1.80831776646832,0.192888826854181,-0.573963903889598,0.671097471139669,-0.942849484141985,-0.256764584748047,-0.0473166703395142,-0.0322494352486027,-0.591287357756687,0.258444297716273,-1.54396660101667,-0.344621609970223,-1.43705304446696,0.943224605629306,0.748680641428339,-0.138561559535757,0.0181735247661874,1.16976536886633,0.96501141504049,-0.58905612311049,-0.528775747683892,-0.149989092975202,0.141079715370721,1.64427982988821,-0.0136660029265427,0.0818394956853547,-0.538944997273968,0.823393715289155,0.236558964698375,-0.290283718001709,0.215880968510616,0.0814467303066092,-0.0332830316329095,-0.185816274795542,-0.348126625422355,-0.17702505728966,-0.243034179613728,0.0623026585718394,-4.12581930683098e-05,0.0010068415857996,-0.000149016287416059,-0.000656810828819015,0.000509290478038576,0.000930664084804514,0.00122564074628322,0.000223691354704064,1.04669911266532e-14,-1.63514252143014e-15,-4.6654076555484e-16,6.00429175244293e-17,9.36923425786414e-17,-4.27181454731592e-17,-7.85577679506701e-17,-7.3864161603219e-16,-4.04298054789336e-16,"Cosmopolitan AF1b"
"KT336434",1.61258172340686,4.50711839408271,3.75261280937981,-0.210673503832304,-1.01822451528347,1.68704153374519,-0.621454946236024,0.858065944587864,-0.620938158848539,0.952120648434448,-0.987093602076379,-0.946711445681787,-0.397913238953711,-1.40876241013681,-1.9624948714947,-0.496023596122407,-1.56986009197215,-0.25599195687853,0.79294461945583,0.38817999249726,-1.63834100973391,-0.462669815996564,0.921727810051089,0.393188716373933,-0.774079020035792,0.89976412318957,-0.191202381648422,0.274938690309455,-0.298195054761895,-0.2610218082974,0.54467901582743,-0.175423117865733,0.236098396271614,0.528229575563381,-0.0777174020937654,-0.0388545990074846,-0.109718612689903,0.396199493213421,-0.147434814034075,-0.26673714833207,-0.000483681322063933,0.00059746337212916,-1.45728688800988e-05,0.000484356143549833,-0.000425292441975145,-0.000221965772644878,-0.000129324516993829,-3.6233825012429e-05,1.01833764916246e-14,-2.04262352410454e-15,-6.96844802779043e-16,4.05006499177094e-16,-6.06319179882967e-16,2.84695343368438e-16,-1.02066821684879e-16,7.53788027052205e-16,-4.45083803369116e-16,"Cosmopolitan AF1b"
"KT336435",2.31488128436462,3.38771350799473,3.3687944431913,-0.157586283090553,-0.33719648904919,-0.0756768456396546,-0.871217123749217,-1.26599423939456,-0.027658635136741,-0.143553216331316,0.0218272382483106,0.1299304764966,-0.285266407784529,0.454003854676818,-1.98756108061095,-1.11709609533185,0.154303149745563,0.0236024400753514,0.539821228726601,0.608109541244172,-0.612250846690434,-0.967902575681264,0.759095094865611,0.132516263607453,-0.141732950169019,-0.602236048603573,0.43927324925321,0.16130857350232,-1.01308001821431,0.241379445157342,-0.327265294580533,0.73571251100578,0.209818658603558,-0.211657454149496,-0.169004921492025,-0.00804698624385323,0.0136366202530746,0.121730713976214,0.396574143705756,-0.103330595708241,-0.0011415541373976,-0.000160720737624327,-0.00283108119189567,0.00150419585372363,0.000345655952843998,0.0010283283438442,0.00119771928971984,8.03106403527858e-05,1.01189485720401e-14,-2.47274226416714e-15,-3.79425068738708e-16,2.14123588164884e-16,-3.99192163041221e-16,3.87076821286081e-16,2.96507780518622e-16,1.8258710690596e-18,-1.408071527619e-16,"Cosmopolitan AF1b"
"KT336436",2.59172639995666,3.40448311708985,2.09406241660805,0.323788838900803,-3.09482225944291,0.308550504578667,0.63335892748567,2.16133442048232,-0.936503069401469,-1.72619762140373,-1.18936631319848,1.34676323204236,-0.500430522505191,-0.625100605688253,0.989201721508595,0.64131734920887,0.944782524305943,-0.0821392990556038,-0.421847858959962,-0.349731966980975,0.797694682560765,-0.517138288107387,0.266525755228464,0.577557807007043,-0.178932403618118,-1.14723051996874,-0.212094961321573,0.407411963618922,-0.0334057158123268,-0.0190927810301533,0.211925839690669,0.476946628535608,-0.0528350125593344,-0.57269339042184,0.0447970086426076,-0.347945920525727,-0.0659217724599478,0.423228099871507,0.0682681464574252,-0.12323075347481,0.00196971845243203,0.00131903296242077,-0.000209857092726207,0.000532265661272478,-0.000104378595074268,-0.00101299458994436,-0.000368745490361009,-9.26802847726308e-05,9.80913448976949e-15,-1.6575183802563e-15,-1.04325060304668e-16,-3.52774416598531e-16,4.8445334720871e-16,-1.65909544030974e-16,6.34028068024908e-16,3.08818618321783e-16,-1.52859006356498e-16,"Cosmopolitan AF1b"
"KT336437",2.04262623016328,2.96971009921811,3.00307067945339,0.0016923354315859,-0.0341536822669358,-0.351307717121913,-1.40332019992773,-1.65273703168981,0.774150711831094,0.083586622184375,0.440438711562511,-0.486875397018511,-0.298453465793848,0.511252489048665,-1.99898741081933,-1.62634710138161,-0.10858503397483,0.0516124344696929,0.506178462637206,0.838400286018733,-0.972551963405282,-1.12933455419413,0.633856684087025,0.335290376245484,0.00830503880450246,-0.187239330333394,0.667240497190405,-0.0253204986739825,-0.988372752537937,0.293337633052379,-0.333802366910273,0.848411231033329,-0.00037922271153066,-0.404388096202366,0.229874434887184,0.105426741873574,0.451804795223382,0.120862077572503,0.421783961581137,-0.0884097505303425,-0.0019474877424298,-0.000844568880449322,-0.00255961888874357,0.00265131942135352,-0.000913667309890981,0.000658149449375254,0.000917205844269291,0.000208492272853058,1.05484930274365e-14,-1.83349751211788e-15,-4.07687493157577e-16,9.8896969525137e-17,-1.67359572946575e-16,9.21524723199884e-16,9.33962539991759e-16,3.28874519764223e-17,-2.21688328020986e-16,"Cosmopolitan AF1b"
"KX148203",2.40613572075536,4.02033268375678,2.75215532960871,0.78665560308169,-2.81534247700618,1.15142545438046,0.0493288542221886,1.0306409150122,-0.601357386700019,-0.262697509820548,-0.417087592111883,1.30302523661118,0.517285529741082,-1.01851928386253,0.667984760508816,0.698741474729917,-0.0729385696712898,-0.574760192270698,0.0212219573804951,0.0682398595986059,0.603434125677748,-0.0947522529251485,-0.326481358157626,-0.158970763755068,0.175385536025552,-0.434772829349405,-0.393388315805361,-0.155474208585006,-0.0270764054113178,0.331985773657768,0.0509864149680535,-0.576700425883402,0.169052590503533,-0.485331144197603,-0.241613821466626,0.610001316161295,0.409024924534893,0.264404900008502,0.0797834617037666,-0.0355193948035994,0.0010505702598397,0.00172172608315287,-0.000293389530541212,-0.00118484172559672,-0.00230337199305233,6.58294522303782e-05,-0.000606845850908605,-0.000318758371045427,9.90243947491399e-15,-1.42299002373138e-15,-8.36135177445928e-17,1.26596623807627e-17,1.19270921973764e-16,-5.8537457685559e-17,1.95692209354993e-16,-2.37771233186617e-16,3.5204050058138e-16,"Cosmopolitan AF1b"
"KX148204",1.84865933531419,3.81357533576779,2.24307636490066,-0.111587509436177,-1.45998112513282,0.873992577999152,-1.34503678034434,-0.45704888172327,0.644218394835891,-1.30095868732385,0.491885103607149,0.633774065806213,-0.182270974613241,-0.320525356694313,0.433651332704867,0.338480104543507,0.681992951805926,-0.185687723821667,0.438192771128667,0.442911235058406,1.05076692431083,-0.917418193828814,0.31070543354624,0.0938968939027087,-0.0379548928969213,-0.231191522959791,-0.176475260741109,-0.671913191326618,-0.65356164268164,-0.13808520112873,0.145925305676716,-0.346375316310816,0.215792618379482,-0.105615006010045,-0.080296583220941,0.0664584758149852,-0.0461434074766853,-0.00464367298462963,-0.133490594931172,-0.0495096785670511,-0.000536282569470012,-0.000177214665485128,-0.000561186011770465,0.000466921802222067,-0.000788375148806198,0.000628036099042847,0.00116579462165672,0.000194353596764786,1.01336254851566e-14,-1.49217606202954e-15,-1.90143325464542e-16,-1.57460280637351e-16,-7.5974840333175e-18,-3.06516896739131e-16,2.12534583475308e-16,-2.39716778313971e-16,2.50076133873885e-16,"Cosmopolitan AF1b"
"KX148206",2.62601898086573,2.49227215512893,1.74015012051774,0.278352240273246,-0.00409384487265003,2.44993676012519,0.700562909709237,-1.30549494194111,1.60345508256123,1.12585723775844,0.41565476208797,-0.0196821419846545,-0.144741291281671,0.560574532817367,-0.173293811448969,-0.0851993545663674,-0.483565987956809,1.41699966254443,-0.729944508418679,0.188544346224111,-0.31677282624607,0.564101285633926,-0.826922561863329,-0.77877534881373,-0.579469732490064,0.483412762809042,-0.0850037776158868,-0.620694687674787,0.364779066088111,-0.460056170593248,-0.0485293549945191,0.65898129327306,0.0214056637393723,0.336119019473723,-0.462772645044029,0.313762277798512,-0.295143742438896,0.088745986774844,0.231385663663785,0.220223052344257,-0.00384094626861183,0.00184669987679045,-0.00019130438513983,0.00109788924250683,-0.00182052200422973,0.00021429942032509,-0.000612430774579137,-0.000320238690366421,1.04297954116109e-14,-8.67878511418802e-16,-5.27702727594656e-16,1.23681964843278e-16,-5.62916829656582e-18,5.24848447769566e-17,-2.83958831752594e-16,-2.37771233186617e-16,-3.65375580374252e-17,"Cosmopolitan AF1b"
"KX148208",1.88672775242162,3.10002354865298,2.38250943102868,-0.674915234657098,-0.483803039326714,1.5716092437514,-0.196067669732828,-1.10538562824763,0.243745448146579,0.450140178063743,0.720003309524115,1.21031202575437,0.93386181058649,0.595608590887398,1.05382330938646,-1.27149196800979,0.621230427548741,-0.635088271500398,0.0354750726315526,0.898053228207169,1.3439259502065,-1.14876936271377,-0.774499557991203,0.00112198365842817,-1.42484226777243,0.416711576703614,-0.543000860466501,-0.410823186012132,0.860923566524478,-0.0263169066878362,0.70278086972008,0.162144966055903,1.10190133373582,0.738699813901439,0.358717117079876,0.593324775088534,-0.0940351712661445,0.0258881867853712,0.310566291459051,0.0710512057620275,0.00203046196760767,-0.000761824099826566,0.000182055257177234,0.00131808260756079,-0.000731208383101978,0.00097725342209167,0.000475362397778838,-4.92265228476594e-05,1.05077976046384e-14,-2.33673925244882e-16,-1.62665247189131e-15,5.37061589465718e-16,-5.84369076569349e-16,-7.03848120296608e-16,5.19400272444265e-16,5.10868467295396e-16,2.29560235486672e-16,"Cosmopolitan AF1b"
"KY210224",1.42325161774866,3.53863052527699,4.3365741764236,-0.66756909076685,0.289763383904096,-1.43305995137549,0.505839438684501,0.519121402108621,-0.787809055464952,-0.650759231700539,0.526634280288142,-1.7916054532259,-0.917128340808892,0.319815435369857,0.218321017538085,-0.162434543466889,-0.535188925438171,-0.687335214677292,-0.118586352123747,-0.392751364638876,-0.300885682364264,-0.27914840561074,-0.744827015874231,-0.164445433240934,0.271425308940461,-0.110200936860355,-0.225044380792538,0.146682909832059,0.0571684226406831,-0.0754811501080783,-0.203615183799205,-0.077579174534305,-0.0894720656029226,-0.0594197421976405,-0.150458652977791,0.0347495501289944,-0.32096463797497,-0.128052477250449,0.030030707407373,0.0314492173224828,4.08002112728273e-06,-0.00216308986622218,-0.000232739779275337,-2.49263052629252e-05,4.66626356992688e-05,0.000318894995896088,0.000545929757538077,5.07017981777292e-06,1.01716188441043e-14,-2.42222393496373e-15,-5.90541246339568e-16,2.39064720081641e-16,3.88218146710748e-16,-5.84115699712743e-17,-1.26502094068121e-16,-3.71110091561024e-16,1.84149373258882e-16,"Cosmopolitan AF1b"
"KY210243",1.94182295401561,3.46169311397337,3.89322273683345,-0.953783368784887,0.596623891774529,-1.89186345370338,0.8699729635577,0.0500677887031057,-0.174933619593961,-0.780873632875975,0.595504182557361,-0.966862220227649,-1.33340131556147,-0.228610420466755,-0.191844237891344,0.0249214771755886,-0.406740195924431,-0.0984385084245088,-0.4155395408769,-0.43734270792794,0.0715655911018356,0.0346058873068826,-0.704592739591306,-0.129972064024488,-0.134398688977257,0.0198549356044348,-0.219851158315702,0.631178936088082,0.00121365743602024,-0.243095220896908,-0.0953374177365625,0.153813112841422,-0.211975904164839,-0.0266519670264448,-0.00681078107661234,0.0105741808450197,-0.0240549986914079,-0.135093512230541,0.0161886276852257,-0.129404156929521,0.000487112413253747,-1.38560927737002e-05,-0.000226973741601799,-0.000379948273366387,6.33382590146896e-05,-0.00135321038096808,0.00065663939908227,-9.37817711649264e-05,9.7830407854855e-15,-2.69977969112002e-15,-3.68496641414536e-16,-9.40021873059056e-17,4.12734515153865e-17,-1.83311660241604e-16,-9.87465184524923e-17,1.84001420751558e-16,1.56393797643253e-16,"Cosmopolitan AF1b"
"KY210247",1.67481687234167,3.41428267963629,4.07948411673911,-0.997706166536367,0.349272375153722,-1.52825835543975,0.595740987284608,0.274623043003288,-0.159136460723483,-0.586030158349149,0.932722955562691,-1.0005665385817,-1.7117267029752,-0.838596895319823,-0.00886172255927958,-0.00261799193337617,-0.336352860769559,-0.303385763103647,0.179405760736419,-0.255519710031654,0.508311733734238,-0.073676120159948,-0.544221718030565,0.103710440245636,-0.0923687270780886,-0.190552531177771,-0.213103305484415,0.288137099181657,-0.00682706497520298,-0.0652929954658664,-0.115473313754734,0.166716143644604,-0.202923858364399,-0.0345498911345922,0.170217411892629,0.0281501669780485,-0.142311968508699,-0.141156714813107,-0.0860858121497744,-0.143506955889409,0.000244766975118665,0.0015721677196562,0.000190036371364332,-0.000681370700098976,-0.000891437374009795,-8.74779875472127e-05,0.000790779804885166,-8.7663424895525e-05,9.92181866356365e-15,-2.61651296427313e-15,-2.57474338952021e-16,-9.40021873059056e-17,4.12734515153865e-17,-1.83311660241604e-16,1.23298086472539e-16,-3.80431841734733e-17,2.11904948874511e-16,"Cosmopolitan AF1b"
"KY210249",1.66625384190319,3.1779201161381,4.05886505807161,-0.661321432239916,0.0733910724519282,-1.8051762324434,0.796902711535573,0.0957352540252186,-0.436252479268394,-0.867490543790999,0.692971571203442,-1.17329368586392,-1.49990452002042,-0.171018006009082,-0.373054858600466,0.00989025797452749,-0.494733872442636,-0.162115207275527,-0.116841613381699,-0.666736692654779,-0.0859504356757085,-0.293415055180032,-0.849890452308059,-0.135432265276788,0.13431694083762,-0.105610586365529,-0.161398500175309,0.139961411890018,-0.00703217505788485,-0.00601750777074757,-0.157972880797638,0.0445240927571231,-0.0782340533737858,-0.153425516427828,-0.106339922168469,-0.0202162428936741,-0.260607321887387,-0.0915744212943269,-0.0469714212763307,-0.0710203706195762,1.62493755146696e-05,-5.2700447939829e-05,-9.43101394552e-05,-0.000494487436833909,-0.000126001896718164,2.85106042497711e-05,0.000690172698683088,-7.6254269483763e-05,1.01161076928731e-14,-2.40834614715591e-15,-4.79518943877052e-16,2.39064720081641e-16,3.88218146710748e-16,-1.13922721202532e-16,-9.87465184524923e-17,-3.15598940329766e-16,2.11904948874511e-16,"Cosmopolitan AF1b"
"KY210253",1.87755224974493,2.34931213437106,2.78174931230138,-0.111651055345175,-0.174535006181023,1.71615045013932,-1.91166394187934,-1.02482853307259,3.26107431682011,-0.262231540576986,-0.791193922375993,-0.978670504249485,0.342861916161733,-0.227269003596059,-0.293782803830467,-1.31229217442692,-0.312324473423657,-0.0314764828757777,-0.254348861135088,0.274153393396238,0.538608856971091,-0.196286992120482,0.102727712974423,-0.71550305452266,0.350258578455403,-0.0351639487740877,-0.311557765038821,-0.261887700297923,0.162064392537878,0.0203552665662713,0.0770741513607918,0.238772230329603,-0.240023618891762,0.0202650732875703,0.0421814892315582,-0.220749084850399,-0.213581676426276,0.0346656464910306,-0.0421966228460119,-0.0831623913678168,0.0050153303263836,0.000626740786375317,-0.000631390217282691,-0.000592938187871914,-0.000175963091337565,-0.000918210779010067,-0.000530348315921986,4.23196817056248e-06,1.02355063823015e-14,-1.61727905304078e-15,2.49453389642954e-16,-6.53474152394331e-16,-1.02773682951267e-16,3.99429539972318e-16,4.41155581205712e-16,1.5080682543219e-16,6.29596256737669e-16,"Cosmopolitan AF1b"
"KY210263",1.2772013259256,3.81397127629277,1.95826131763404,0.119582584926386,-1.7046010475979,2.54731426367401,-1.4019679828367,0.259533329052976,2.48227204859607,0.160267163988797,0.516259730870467,-0.52450681948492,-0.805226016253922,-0.78702365118735,0.751058559263486,1.34469293815455,-0.0311669923579087,-0.60728249715156,0.603364316014903,1.31649901300998,1.27916303139102,0.268440362186787,-0.867124032113236,0.122909738822731,-0.526794900101052,0.103942930792208,-0.49317268428406,0.392086299245647,0.376882534117013,-0.293637253362454,0.195238537309007,-0.11684981317026,-0.291300412132742,0.0330132827235197,-0.164459922947953,0.00416018776338897,0.105964490239251,-0.016632940208187,-0.159956470268815,0.0615684945421973,-0.00423924058034718,-0.000843320658200461,-0.000418965166065345,0.00126321611808023,-0.00123493660812339,-0.000632126150198073,6.02732977903992e-06,1.32956536241437e-05,1.01799952310703e-14,-2.07524605069866e-15,-4.1668042513214e-16,-2.09384942544269e-16,-4.72625317200092e-17,1.87793275903148e-16,2.1390680585275e-16,-7.37371594267937e-16,4.67291688094616e-17,"Cosmopolitan AF1b"
"KY210264",2.554995602949,2.39137997060659,2.17440072450087,0.0322029773128146,-1.31930348050535,1.58953925736365,-0.483632129685441,-0.963488561190426,2.11531853902352,-0.360952245682175,-0.892669307493241,-0.2921450000426,0.834041918304752,-0.289636441728438,-0.0449993705570749,-0.523891486259217,-0.354536556261209,0.356684222018904,0.0880088564753159,0.522114865864778,1.17180892868971,0.0223225936534429,-0.415338597552163,0.335271077564265,-0.078535867156301,-0.218250421908756,-0.264105465522311,-0.177395368320797,0.0715732676169211,0.239932583890425,0.122304232109403,0.424070639293155,-0.22230501531043,-0.0461210949973919,0.399002148175869,0.0424335689736171,-0.068563581203208,0.252136170743352,-0.00266741202637759,-0.158315044608379,-0.00414700352481386,-0.00198964648467025,0.000314639185521864,-0.00291593054151902,-0.000651699862574671,-0.000550755063305657,-0.000546575135511946,-5.62767943612173e-05,1.0124484079839e-14,-1.39523444811575e-15,-4.1668042513214e-16,-3.20407245006784e-16,-2.41551561029412e-16,2.12598222093741e-17,-3.58933746879104e-17,-1.07043850165548e-15,1.57751471271977e-16,"Cosmopolitan AF1b"
"KY210279",1.84603969070664,2.69329920140489,2.5657667146133,-1.01557512788373,-0.969067069944192,2.19184722141514,-1.27698503477797,-0.658586537784235,2.62110931015522,0.464446816923967,-0.731726353366586,-0.874579656221742,1.0252143908607,0.599867170552366,0.300373383104264,-1.15018098199259,-0.883586110348772,-0.333943850883648,0.226434441950643,-0.0106548531665765,0.367619653592069,0.365787131027246,-0.0515451141760284,-0.302157724007266,0.649758522633911,-0.48076946584357,-0.0476125597434937,0.0408951924412121,0.0871311688061363,0.0818454023408368,0.0884672466973342,0.494122721171066,-0.150704903344764,0.0935441098308846,0.338518650216734,0.136988620993002,-0.0388026709493238,0.187311268548222,0.0397489160628876,-0.149674079257516,0.0007576413657131,0.00107428526241149,-0.000338922721796364,0.000805063969683323,0.00154550005959891,-2.92759270711142e-05,0.000165128496009043,2.77340840568651e-05,1.02565232840084e-14,-1.82182449871425e-15,-6.591376347438e-17,-4.02654788929807e-16,-3.28173667168859e-16,3.80342449669963e-16,2.42851533978964e-16,-6.17345468218344e-17,3.74900344161107e-16,"Cosmopolitan AF1b"
"KY210287",1.53843850996826,3.56590960214091,4.18706597589922,-1.19024939163237,0.550438610825688,-1.42132442613045,0.778825110940529,0.762659668758469,-0.356200493145556,-0.577605514689481,1.13290062576906,-1.01272906092562,-0.634297816791605,-0.0613380020391644,0.547064192816049,-0.106188556118044,-0.55043061808661,0.47042956175217,-0.507756226744188,-0.418671834049825,-0.0432026628679764,-0.50580657572512,-0.243830522368749,-0.250402645576588,0.272405370152635,-0.143735254919304,0.488702783414118,0.0483062744080409,-0.180795311952088,-0.116775396600272,0.0394644059796922,-0.181904979321019,0.0354591881256229,-0.0193879063274146,-0.127304407497788,0.121502484151997,-0.0475319250792873,-0.179203584638403,0.0076071663953669,-0.00493245391134294,-0.000188563377144656,0.000590192498195285,-0.000428805857729614,-0.00066615001050055,-8.06840905991697e-05,6.60704263959238e-05,0.000432277913483924,-1.92210367836835e-05,1.00883521172574e-14,-2.38059057154028e-15,-2.57474338952021e-16,1.70201151566101e-17,4.12734515153865e-17,2.8324603827566e-17,1.74799544379538e-17,-9.35543354047312e-17,1.00882646411995e-16,"Cosmopolitan AF1b"
"KY210304",1.8480820907754,2.55786080248376,2.7993369861015,-0.874553555396312,-1.02786931302599,2.04046786557969,-1.38474231578252,-0.659810769541302,2.63450997090174,0.451288525687622,-1.01226900837458,-0.679499139231763,1.03654097456147,0.581132938072585,0.315772528175386,-1.05933207784696,-0.945062838045348,-0.307412761099116,0.269630723951969,0.415401911693003,0.3878298704644,0.182415671666344,0.0534698265304356,-0.22866329032071,0.483070159202215,-0.079149165765862,0.0315788698631708,-0.0283405121644877,-0.0600653004262967,0.013624647582278,0.218016620939122,0.34249368653469,-0.280849467997875,0.0584832294646376,0.261231401867743,-0.0499156634616888,-0.196515313648424,0.054415693841388,0.122416373724051,0.0197811938858348,0.0003929438219821,0.00136923040390427,-0.000484166225670175,0.000710138169858992,0.0017116017761442,7.8049839077374e-05,1.88195108703878e-05,-2.61115883698032e-06,1.0124484079839e-14,-1.75605693111893e-15,-8.36135177445928e-17,-3.20407245006784e-16,-3.24818287876299e-16,4.54940691203576e-16,2.1911097628068e-16,-1.82260081955359e-16,2.41018198118864e-16,"Cosmopolitan AF1b"
"KY563717",1.6019305934192,4.84205356154256,3.69157056089917,-0.731093263850034,-0.723575248095665,1.81388504030894,-0.460775975935812,0.642124115456818,-0.584358943165599,0.795389421255428,-1.02948207087768,-0.658185852570904,-0.808545686435224,-1.01523079500692,-1.81312215601111,-0.419005070637365,-1.27975929034071,-0.604583103027352,0.488162372497532,0.595832199178908,-1.39553342216637,-0.426035358591748,0.738988228129841,0.400899019533652,-1.04642699086289,1.10008056576925,-0.231295987397727,0.408583823484931,-0.295657011843618,-0.585219464037858,0.485450546744256,-0.175113145810963,0.126922500098058,0.284559314262874,-0.113783715231869,0.0499313237681513,0.0947109897068615,0.310765644031237,-0.224093216200191,-0.375003428592857,-5.97247255586725e-06,0.000556299658675838,0.000128250387884716,0.000623368486646059,-0.000627103408667534,0.00109564312343611,-0.000142676455991148,-0.000103453020070281,1.02666432184715e-14,-1.82057891917951e-15,-1.14093401262911e-15,2.93984196714578e-16,-2.59374484687605e-16,-1.4551607867381e-16,-2.40844699763024e-16,6.4276572458969e-16,-8.426132036594e-17,"Cosmopolitan AF1b"
"LC029890",1.93738417460183,2.65065771517676,2.47943896070386,-1.61757972494756,-0.826915735375594,0.973390085130504,-0.448737113457862,-0.4178288733529,0.0957976351393494,-0.388955355801266,0.262142744933819,2.45027681551732,1.23665756833167,-0.853233932424007,-2.13690624307208,-0.273591350751421,-0.844047417630099,0.180887473329466,-0.0408259893954544,-1.16095530801798,1.4482397293045,0.116427765262712,0.298517231471572,-0.484062286185611,-0.664031173158127,1.26755741970086,0.653477969287597,-0.100552905907129,0.173237780290192,-0.417548466889439,0.0581251082772443,0.0877229716656137,1.34718551016651,0.352552543970273,-0.0028907273555555,0.185186408196054,0.1537990861261,0.0741851069305181,0.458077383300229,-0.0114757576926315,0.000504169889245201,0.00110789809510196,0.000539373973070168,0.000403583535947358,-0.00280623052308132,3.44110371884362e-05,-0.000179519690224734,-7.86927698852327e-05,9.98044166794146e-15,-1.84349731095136e-15,-1.51563016942879e-15,-1.80499228468598e-17,-6.53758015608421e-16,-2.87514486062175e-16,5.19400272444265e-16,1.06597997960797e-15,1.00671635272428e-15,"Cosmopolitan AF1b"
"MN726804",2.16503045082916,3.84431965282738,2.19473194029755,-0.404978840749497,-0.909411321259871,-0.137249730825781,1.58512774403169,0.883003714831297,-0.663342779748087,-0.653321258125549,-0.282353702526081,0.300589764401122,0.701409377457975,0.237979757683255,0.297641300542252,0.358558524869613,0.126617181351058,0.0558805815312582,0.95260275499608,0.218783332140519,-0.473104839787586,0.513755549245467,0.0238913944104427,-0.162513692494233,-0.0573496607087531,0.372704121520472,-0.190607630507049,0.520719980249856,-0.04637805698243,-0.343244654007868,0.140314907399845,0.201837778770457,0.105832749000618,0.0616564628346192,0.174363790311851,-0.171402758976341,0.155179472264624,0.027934977133908,0.0123785468335637,-0.0592483434198757,0.0012637106047936,-0.000815046256280604,-0.000535877713924397,6.20072152004857e-05,0.00116735531956804,-0.00042681541988448,-0.000210381985251302,0.000379790497789199,9.96298913362092e-15,-1.4223845689191e-15,-2.85725652384226e-16,-5.01066083501068e-16,-6.24372015292273e-18,1.40930193247454e-16,-1.62257534286652e-16,1.36968832533722e-16,-1.8559061157165e-16,"Cosmopolitan AF1b"
"MN726826",2.0265751326156,3.5656789303756,2.69641423628679,-0.396620913568795,-0.946627216696738,0.0568679184824827,1.58475534094886,1.06575353394288,-0.79311487978796,0.0478496219117729,-0.25573157839352,0.0013267298936658,1.18922642447262,0.476119967077188,0.939450274583607,0.564284021563592,0.0709554931819405,-0.222416329158134,0.561543967017926,0.214346925958488,-0.227471792826049,0.583381194217346,-0.0178487303936417,-0.0470812447111902,0.321513466350934,-0.111801336136186,0.0649129173972454,0.227395620428299,0.0297912790512172,-0.223840809379622,0.0214317117391071,-0.192048948849424,0.0361470064780221,-0.0154351073989669,0.180422796305216,-0.113584591341286,0.0643410844498686,0.170542816266699,0.154892298261217,0.072979275486929,0.00154737060854272,-0.00125162121207725,-2.31591308066087e-05,-0.00137209691713835,-0.000970468109604436,0.000327544816209964,-0.000749343201120342,0.000173727200734366,1.00439864303047e-14,-1.32832705132607e-15,-7.40807823332396e-17,-3.05102489149535e-16,7.66896687093482e-17,2.4129675097949e-16,1.41628787864407e-16,-2.35384484378115e-16,3.52648630203154e-17,"Cosmopolitan AF1b"
"MN726827",2.0135326813308,3.64184712914456,2.70138611060455,-0.247536867192795,-0.929590509532268,-0.0131408419418354,1.64056026678735,1.10770381477442,-0.684888652377785,0.162774034189815,-0.301618758198772,-0.0984868650361287,1.21151215324624,0.362681918599754,1.01426781436666,0.469523961035773,-0.00946583721962963,-0.0345984157929336,0.617631283677266,0.183273621461918,-0.304031311778184,0.678558806708805,-0.149445796794136,-0.0566247034464795,0.37083240341596,0.0286220459159043,0.100481100640521,0.30653932049467,-0.0237873613108007,-0.206283418591652,-0.21512939035835,-0.237680577447357,0.207646901924813,-0.0197275909628677,0.538708419317558,-0.15318562169171,-0.154783930626804,0.125805880863939,0.235949318066088,0.0585494217287484,0.00119175153054331,-0.00113583873116354,0.000206861601103366,-0.000883845417159966,-0.0011590189083302,0.000292689980865871,-0.000858045308333569,0.00027254777855342,1.0099497581536e-14,-1.43934935378858e-15,-1.85103084795755e-16,-4.1612479161205e-16,1.32200819940606e-16,1.85785599748233e-16,1.97139939095665e-16,-3.4640678684063e-16,1.18531589867202e-16,"Cosmopolitan AF1b"
"MT454631",2.26473292988977,3.35228820446986,2.76948913330823,0.692307715995938,-1.56094891890943,1.40893776475528,0.631827019235064,1.93782119724134,-0.31837236838944,-0.782093800859586,-0.0184631839366292,2.17073420995788,-0.182908460801967,-1.16545275681215,-0.256989224006818,1.05815798946706,-0.159400335143723,-0.415998877185015,-0.133767182282784,-0.285428028250363,-1.04640168592661,0.482616771139863,-0.319564507492695,0.225020223276166,-0.201890999924452,-0.614759595712002,0.0334129223087569,-0.399566263366201,-0.142339722382303,0.424485949808695,0.238384157977786,-0.0598722647059891,-0.300151677687063,0.208593203436243,-0.00701367700157197,-0.114713158949281,0.0759316104178755,-0.219468028592031,0.0120486226068011,0.0196425967554252,0.0004876350441437,0.000637797793443453,-0.00108152977677384,0.000155918993689019,-0.000216048444130369,0.000409562466711882,-0.000144373759296729,9.50528408374441e-05,9.93019505052962e-15,-1.79769029454237e-15,-6.38725030057171e-16,2.34704267305794e-16,3.60041951268775e-17,1.77384935047287e-16,1.08088673818165e-16,-1.26748930724101e-16,-5.36137919118746e-16,"Cosmopolitan AF1b"
"MT454635",3.14352627504651,3.18598041394722,2.56070290675583,0.702450001586918,-1.49176825512796,1.61905481569594,0.315568024277047,1.31912814161792,-0.320165405038747,-1.29603850604501,-0.356453520089114,2.03091607092814,-0.0509127588619161,-1.0144678933346,0.349169479525288,0.599748932081014,-0.417069786974258,-0.219868152531585,0.0463025763321363,-0.160139703497671,-0.810552631127944,-0.159200554998003,-0.612722859448179,0.916169105119046,-0.377390567519416,-1.0020863561481,0.297012675314577,-0.424721616394012,0.0975574213763515,0.540548666683596,0.115086953348571,0.0323891878134291,-0.0625329172679603,0.246758125555964,0.0635917577110262,-0.0440760834884581,0.0601444690069384,-0.156135573159008,-0.0272512351984272,-0.00558237141693347,0.000703896510717904,0.00111733282354293,-0.00107096683280876,0.0018487225589751,0.00151664439869936,0.0011659118815649,0.00033019487889167,0.000256205463157613,9.95795062614525e-15,-2.14463498973773e-15,-1.30485884483227e-15,3.4572656976831e-16,-5.62916829656582e-18,7.04740871744236e-16,5.52177883668227e-16,-5.15326989342906e-16,-3.69604465424972e-16,"Cosmopolitan AF1b"
"MT454637",2.55828411408843,3.48973206934794,3.15110545036215,0.694642421201457,-1.34221546463298,0.827145613996833,0.600291722209361,1.56697907418154,-0.362317538933021,-0.510729290565336,-0.246554946034968,2.14342398885085,-0.463752584045163,-0.50247836121911,0.0470480655282529,1.01917885635981,0.351241726638192,-0.481833428021522,0.655125308758639,-0.838315509814717,-0.520249504329711,-0.0129523595897853,-0.336025550183746,0.233103730766943,-0.391560943613602,-0.748881705607497,-0.125946118591946,-0.191059860210374,-0.299931150346936,0.324265733646845,-0.161933044431744,0.00013194802591763,-0.350953740775487,0.379241151424139,-0.0805151443309222,-0.17229766654966,0.0607445768712473,-0.212659788716036,0.0844913146746354,0.0159887029360762,0.000413555544934014,0.000838095875884966,-0.000450453557088199,0.000298695344353042,-0.000448170399830362,0.000273747412716201,-0.000106760556418356,-3.62897121624583e-05,1.00134617773765e-14,-2.13075720192992e-15,-8.60769634982203e-16,2.34704267305794e-16,2.21264073190631e-17,1.77384935047287e-16,2.1911097628068e-16,-1.26748930724101e-16,1.89735931938327e-17,"Cosmopolitan AF1b"
"MT454641",2.65666740981445,3.06776145500511,2.61263798329616,0.712376282052084,-1.44642729185932,1.24349732527917,0.441803102180242,1.5407559536956,-0.153777640426334,-0.956383182560898,-0.273789382253477,2.0259516123026,-0.0758770732077785,-0.900010948787751,0.43801481252661,0.840231659973083,0.0603400805151962,-0.207809672406111,0.317933442284977,-0.628795570510615,-0.646281147545613,-0.0327231777694807,-0.25801385158657,0.275643235374501,-0.113622101811375,-0.624701668962238,-0.235966943193333,-0.422505984994363,-0.228574028893528,0.326592122062373,0.157158304787719,0.017854796270049,-0.282846254911368,0.178659638015358,-0.0127846252720127,-0.107020631035651,0.106938571756091,-0.192041388769986,-0.022723665215413,0.00287207953932627,0.000458274838007183,0.00070229851960537,-0.000871752146981604,0.000155921577134754,-0.000339660669493648,0.000358790710583293,-0.000104619243533128,5.15532582824374e-05,1.00412173529921e-14,-1.27033435784542e-15,-6.38725030057171e-16,2.34704267305794e-16,1.47026497589393e-16,-1.69040942621157e-17,-2.93362864435102e-18,-1.26748930724101e-16,-2.58582162962457e-16,"Cosmopolitan AF1b"
"MT454643",1.3687750387806,3.81488427559961,3.10264125828922,-0.366837219558636,-2.15404328952889,-0.307772737531023,-1.44288918020287,-0.115775508464819,-0.412573014490997,-1.6991555849648,0.889148512222657,1.7417689080149,-0.0793498321602931,-1.18242331275131,0.0640545312514813,-1.15046581986594,2.06113016185514,0.4595578529912,0.939694893736283,-0.285777716084274,0.601890553984976,-0.491308532731475,0.639051364191027,0.0842668333430612,-0.290059001562437,0.0975893040423801,-1.44957764554755,-0.377067156245418,-1.11086368779514,-0.358611512900693,0.371699717950455,-0.737965144762984,-0.330714415074812,-0.337666891385328,-0.0832290442910794,0.0117942498372098,-0.126678441854589,0.0835910689010307,0.035951523014881,0.119617584685633,-0.000440806293148547,-0.000119050811529655,-0.000947898365163666,0.000985162504781249,-0.000333888974006881,0.00029523639237632,-0.000237346322775584,6.37759129785502e-05,1.02612073772154e-14,-1.03940343775123e-15,1.54373473824275e-16,-1.48872258484314e-16,2.6602278217339e-16,-7.41020346419425e-16,-9.65202165865442e-17,5.17074817926011e-16,-1.83412592716345e-16,"Cosmopolitan AF1b"
"MT454644",2.98561809232022,4.22785817657342,2.78989929031184,-0.411271107441037,-2.41456204044452,1.5683992187625,0.31475028974642,0.0312018786210076,0.243269798672833,0.0267108332499587,-1.49241709788305,0.374330003243392,-0.474815449977318,-0.605277475176002,-1.4631280502825,1.23643602278319,0.434376232959587,-0.290972676370424,-1.73868385115276,0.692521729793915,-0.161880133378276,0.104456009182604,1.63932958251969,0.588841081375517,0.016211167907061,-0.0876848189274193,0.0118253334820376,1.11832009513895,0.302706780108586,0.192488867143959,-0.754622049709078,-0.249786211272528,-0.266904345944116,0.344618468946688,0.0132372553355584,0.684505574135832,-0.396809807437564,0.0121259166416445,0.295843350002293,0.0247908721220929,0.00248388870964426,-0.000362084468223751,-0.000164112363236095,0.000620755527910854,-0.000600918283909152,0.000490415574977579,0.000429842109191108,-7.11291807506839e-05,1.0327914514466e-14,-2.17218766461245e-15,-3.01165627927058e-16,-3.79504885562382e-16,-6.87609086616226e-16,3.24922448516427e-16,4.86620892679644e-16,1.20357315369873e-15,-4.99324407748096e-16,"Cosmopolitan AF1b"
"MT454645",1.58056244503698,3.74541625876897,2.83367349849238,-0.348522500365655,-2.23576958346021,-0.0494881848854839,-1.56466301633435,-0.287555984530153,-0.335990824886736,-1.8940062038262,0.783952488763951,1.64748754217016,-0.301192786739406,-1.32080146502239,0.341220004407353,-1.18257050082815,1.62949550925417,0.413414042638537,0.654131068608418,-0.0915951812117183,0.418374632972284,-0.501138783817321,0.592924031426552,0.219521244907947,-0.165546010526406,0.081237473212378,-1.32979140062622,-0.461606846271695,-0.919183324520222,-0.354883631434202,0.568429805531969,-0.694882795522067,-0.258693766224384,-0.357337526252713,0.00491008144911611,0.0635146656616849,-0.140909631288428,0.121076387932736,0.0127444093165547,0.164682045978641,-0.000239922716240361,-0.000328757145130125,-0.00105243032225551,0.00101216438212399,-0.000317325614111548,0.000406772793212999,-0.000245701265194604,0.000120288325161184,1.03167185284466e-14,-1.02552564994342e-15,4.33511713617591e-17,-2.5989456094683e-16,2.38267206557761e-16,-1.85908834106846e-16,2.36546690801003e-16,3.50541364232238e-16,-1.83412592716345e-16,"Cosmopolitan AF1b"
"OK317992",3.3806724384594,3.50557996833965,1.5697000439062,1.61571920880701,-1.04619713106409,-0.345716233606533,1.24130209537558,-0.804744255055067,0.081072587604369,-0.15374350261623,-0.734723723765881,0.0684544401921668,0.0529354941277575,1.38865185180684,0.530768690408854,-0.77678503728051,1.39731732798183,0.483979761395685,-1.16004979818303,-0.75180116405522,-0.114109354559337,-0.0719315604456262,-0.285586984089145,0.779815369853857,-0.132731182598313,0.425800644364655,-0.268726086225904,-1.22144644533828,0.0126603988594061,-0.11475972404207,0.0370855194351159,0.35253569161007,-0.0635655428969846,-0.0308938740014311,0.11443640583146,0.208899625867552,0.0886305866495745,0.0535214191447077,-0.122524896473464,-0.205500604543008,0.00092774170782817,-0.00170464815123253,0.000397698339991949,2.23259148794985e-06,0.000783989082574765,-2.94148518245079e-06,0.000650700953592147,0.000105879630118257,9.52300282161275e-15,-1.03420906437166e-15,-7.4525483777712e-16,-4.90527188024898e-16,4.92002877048003e-16,-6.74278273646214e-16,-2.68572562094913e-17,-5.1727253447026e-16,2.80315289488534e-17,"Cosmopolitan AF1b"
"OK317993",3.44411577806243,3.73098106804103,2.61511938402988,1.7395769552997,-0.368887257132387,-0.362892046522165,1.66197470515521,-0.56949228084114,-0.0394196518859828,0.0207146356350103,-0.835702588906521,-0.669482785722824,-0.113913287929949,1.66587116760464,0.413384266116097,-0.788648809661677,1.41209874432558,0.258418346303132,-0.431702495580887,-0.859204515798926,-0.310620826729784,0.08198216619561,0.0502852047499347,0.3480664967495,-0.220893283289621,0.615114447250666,-0.372695016734524,-0.940872949914975,-0.259766481326699,0.0484718250287578,-0.650510910763684,0.604816840478688,-0.0470177530300782,0.415691468431301,-0.0417543500873068,0.103715945914335,0.048537632782725,-0.0602204127543941,-0.0126599912720075,-0.0768081307003786,0.000505709973141398,0.00021063507912114,-0.00178320571346891,-0.000377216203893246,-0.000602408882345196,-2.74427878370532e-05,0.000610598262292088,-9.49481830000144e-05,9.96709203146281e-15,-1.78360960599364e-15,-5.23210232852089e-16,-4.90527188024898e-16,4.5036951362456e-16,-4.210086461536e-16,7.4624067135152e-17,-7.31833246201979e-17,4.44365163183287e-16,"Cosmopolitan AF1b"
"OK317995",3.33985389507337,3.4518808511728,2.03873031256714,1.38077424611135,-0.513933947776096,0.195845708184321,1.27299466814121,-0.624687104854219,-0.0308543885507669,-0.552243286158878,-0.884145941672273,-0.35226872101493,0.0748674269212552,1.6080091508975,0.617990774441427,-0.846107341609375,1.18015554563862,0.395902012099352,-0.918378425075702,-0.496508139835515,-0.404983680860275,-0.0399865967233826,0.0781031873401437,0.388573797946248,-0.0712477373534512,0.361908483977185,-0.435471033934559,-1.15806586294757,-0.0664748176239485,-0.0508621775006026,-0.308238818265349,0.455090924219794,0.0223052857271884,0.150376733575328,0.021328515774916,0.100556167328984,-0.0181006934830032,-0.019406489667028,-0.0870907354659847,-0.100813668578194,0.000724843881125042,0.0001584686730327,0.000414022830571535,-0.000258862819095447,-9.54256669423726e-05,0.000122961880008153,0.000753524606449445,3.36467044676259e-05,9.8560697290003e-15,-1.28400924491232e-15,-3.01165627927058e-16,-4.90527188024898e-16,5.19758452663632e-16,-5.59786524231745e-16,-3.63982353273637e-17,3.78389778423177e-17,1.39053831411369e-16,"Cosmopolitan AF1b"
"OK317996",3.07382785447572,3.65736922039076,2.06636173040203,1.13423628306653,-0.665481542994315,0.574338953643198,1.09775555530819,-0.383121914395843,-0.141464085817146,-0.23993087317456,-0.729477462618986,-0.225596395573022,0.460092650406561,2.24802796896233,1.1546521715393,-0.702888995535122,1.36213371372175,-0.0529486263663867,-1.33625560551839,-0.303886054124744,-0.326251654100076,-0.395612804723377,-0.0793697939772247,0.409404981176076,-0.0800975324939474,0.202546049363855,-0.472995260067912,-1.28382797836412,-0.0629532412686647,-0.159129850833314,-0.201696405830955,0.166919716497132,0.0109575493243834,0.0954734822916636,-0.0176103473832852,0.18805221653645,0.00166981584394391,0.0392808382907778,-0.032486493935046,-0.0231391170222759,0.000977560700274721,0.000330266388540396,0.000347723295014611,-0.000194801167959464,-5.79051165822131e-05,2.92043238180173e-05,0.000698337108537888,-8.70963769932777e-05,9.88382530461593e-15,-1.00645348875603e-15,-4.12187930389574e-16,-2.68482583099866e-16,5.7526960389489e-16,-5.59786524231745e-16,4.6868491519523e-17,-1.76721733889401e-17,1.66809407026998e-16,"Cosmopolitan AF1b"
"OK317998",3.23718124057313,3.37599576410223,2.23111995776675,1.04924366032826,-0.486089659012933,0.27458823662084,1.36298704169396,-0.512319760073263,-0.266321328502753,-0.398904502181991,-0.781449957815955,-0.560158131955241,-0.100157438330069,1.28388680698529,0.663923953060892,-0.780379105133098,1.35955562122394,0.662210173599346,-0.68102091628201,-0.504677307684233,-0.621655135872884,-0.352396794901935,-0.463877538658357,0.336586608607961,0.283989091723361,0.272392169897589,-0.497983092972914,-0.968406179923592,0.368392673667009,-0.224854038848655,-0.22474151596139,0.433109824712007,0.106107179271372,-0.0433860863608949,-0.0575040270843342,0.2821587918508,0.193278439416889,-0.072711158646088,-0.164667856017362,-0.097546065232118,0.00103334117064282,0.00043462363246518,0.000151306253629954,-0.000200789489890473,0.000364392367825829,0.000119244037628858,-0.000727708557977231,1.87778840586478e-05,9.84692832368273e-15,-1.33972329688449e-15,-1.94635820207109e-16,-2.09384942544269e-16,7.99282524556672e-16,-5.33851690103204e-16,-2.30182403997313e-16,-2.37771233186617e-16,-8.78198242179626e-18,"Cosmopolitan AF1b"
"OK317999",3.33697258832992,3.56368168603599,1.63344488570733,1.57044235899863,-0.301654975559893,0.406370406740306,1.29653098352963,-1.22686036630053,0.0526915905612856,-0.511601667087684,-1.09020157685286,-0.231748290441789,0.0288639265462781,1.68292077370047,1.26941223417192,-1.22320976385049,1.46273467768377,0.834093910260432,-0.0962793017725194,-0.64359072657039,-0.245985095419975,-1.00985963926028,-0.0581315356851859,0.695015724485104,0.593196901160907,0.645340715130726,-0.867045938620229,-0.996703616184758,-0.049033186057109,-0.248932229400405,-0.655794269716617,0.378243940815146,0.219510424874962,0.161703458648854,-0.25558811935415,0.0513616886867575,-0.0270645930058566,0.00223928625150265,-0.145047622579015,-0.0689129581219312,0.000342737847952485,0.000546741538362643,0.000383513666084807,-6.4816243422856e-05,-0.000195064596600539,0.000212293315484645,0.000764868604657528,0.000315030158100279,1.00328891241771e-14,-1.09147882243493e-15,5.35549756240405e-17,-3.47268622114143e-16,9.17320819613103e-16,-6.19088415058453e-16,-2.39074015225441e-16,-1.20808315819849e-16,3.10328803650338e-16,"Cosmopolitan AF1b"
"OP375406",1.59173812641561,3.68577958597682,2.55946206016035,-0.350143903757467,-0.312658336672057,-0.0888894200102607,1.40924737133283,0.677584786629062,-0.227494569914594,0.0399135222708439,0.0372972306271203,-0.868277630357154,-0.20958148543226,0.0602250202405905,-0.516262134470777,1.21275833924398,-0.171147069242664,-0.196917240376165,0.0918560122210443,0.904260869858544,-0.470534632583546,0.833918848757193,-0.379907927521456,0.173826201986363,0.297687192925812,0.188143241836692,0.112015598390403,-0.538428656990614,-0.0923718954021727,-0.209151696527558,0.00384840379762538,0.00214648505971306,0.427745826264453,0.0306251882980261,0.139271949252436,-0.0362635324683911,0.376135421868471,-0.0619560370911416,-0.288825090470766,0.0135225468555462,0.000410871191079801,0.00018000370200489,0.000195782992430687,-0.000106974662464097,0.000360371839953712,0.000678765659288326,2.20175892180732e-06,0.000426733903988934,1.01550087327672e-14,-1.59200501967454e-15,-1.85103084795755e-16,-1.94080186687019e-16,3.12612061442194e-16,9.62941716985842e-16,4.74695695251953e-16,-4.57429089303146e-16,9.07760142515733e-17,"Cosmopolitan AF1b"
"OP375407",2.01045789131659,3.51029515846986,2.26776575357391,-0.686756974590707,-0.904712924036858,-0.11151085127591,1.61440618272787,0.899228846217597,-0.685364270889315,-0.345225589352251,-0.302667717522115,0.157378082442321,0.469536372908237,0.163835066618656,0.631055189083961,0.656548542409916,0.053118860291004,-0.0772919817569483,0.961837595185061,-0.0612777257732709,-0.504008001229042,0.741951671006641,-0.00269366075311402,-0.476538282048398,0.254162509140903,0.393496984465616,-0.11582658699682,0.873593680482496,0.0414573174063694,-0.581846736485812,0.113515356615484,-0.0993628886295258,0.0656450776828718,-0.242167921958226,-0.0105873809814298,-0.300200520231879,0.163367099399601,-0.0949656722949626,0.00275405987551858,-0.0139501823313875,0.0011581107314445,0.000460581354431677,-0.000953922310934064,0.00155818102512286,0.00305204295567147,-0.00011130934690637,0.000271054867640188,0.000347728236164532,1.02382754596141e-14,-1.43934935378858e-15,3.6941520129276e-17,-5.27147094074566e-16,1.87711971171864e-16,2.4129675097949e-16,-2.74704846370027e-16,2.08704725471949e-16,-2.14535317520345e-16,"Cosmopolitan AF1b"
"OP375410",2.55043401437222,3.72483985533768,2.78271014086814,-0.22762940254391,-0.937396230118549,-0.0723797394167082,2.51923937235335,0.923987203449149,-1.38038176431587,-0.768498096881797,-0.75036571583909,0.363982614581152,0.164451812281069,0.148876737243133,0.813765252217354,0.94849124902368,-0.00158532821257205,-0.304160027457719,0.654493422425554,0.0777304641723198,0.0906750011681853,0.816666561216374,-0.0942340156899933,-0.273131624133612,0.0906343075760005,0.0553600418364535,-0.247482018476315,0.618292619565444,-0.0877964210154249,-0.39169404726821,-0.454950899506194,0.178733693816745,-0.0161090140684352,0.0138207594507103,0.200432203639195,-0.0402391573485471,0.153066905808971,0.10123641619188,0.0931608395468331,-0.0112213414347472,0.00187634852118595,-0.000628831469270154,0.00265056376845043,0.000461569757003639,0.00123540997954736,-0.000565877978025474,-5.14173878985033e-05,0.000308196139574733,9.6276527960703e-15,-1.60588280748235e-15,-1.85103084795755e-16,-7.49191698999597e-16,1.32200819940606e-16,7.4763297285717e-17,-1.9143811952314e-16,-6.88510306843405e-17,2.85065043560976e-16,"Cosmopolitan AF1b"
"OP375413",1.72163608051508,3.57638863196213,2.68599202878772,-0.321436687065084,-0.730732043503523,0.141127808275355,1.60189965877901,0.915341317055885,-0.824457643697253,0.0391548411779175,-0.49440530028686,0.0885551579331263,1.18837479681854,0.353864596455259,1.13181419018235,0.658121620913618,0.160701505614501,-0.22129953660891,0.59423363231659,0.0695708750715344,-0.433466984701284,0.581613412347309,-0.221831942854509,-0.0502039345594324,0.15196353059457,-0.268593636627349,0.169110307754491,0.277509681240039,-0.264103094228402,0.122820786884484,0.237708977475512,-0.124076620854017,-0.0690674240996588,-0.00912788044094648,0.24704262890954,-0.0960425289308272,0.116619107083938,0.0631779534496752,0.0300109168569785,0.112458467335396,0.00129272433058023,-0.00143179276020842,-0.000222320691870257,-0.00140935960830148,-0.000955755781064949,0.00019553770781468,-0.000549227462233307,0.000142561187888487,1.0099497581536e-14,-1.17567138544011e-15,-5.18169992183302e-16,2.79644182380125e-17,2.11785174780901e-17,3.52319053442006e-16,1.41628787864407e-16,-4.01917938071888e-16,-4.80018638265713e-17,"Cosmopolitan AF1b"
"OP375414",1.89202951111536,3.71042443806609,4.22866610954588,-1.18286182043184,0.747920873675723,-1.73799335791302,0.921576566453517,0.203945573242839,-0.826709833654043,0.228811062559301,1.15840375146145,-1.31625454248188,-1.04010711688007,-0.244873124675357,0.523958275699354,0.0363492352434968,-0.157179552794192,0.0086468590955198,-0.623333559836684,-0.217297138718248,0.230289978483793,-0.548859903878817,0.26083868022087,-0.0225192931813926,0.0941667413208042,-0.306106522315036,0.495177695479763,0.215927644552356,0.0444098483498827,-0.117214687884497,0.58419686294752,-0.176658572189618,-0.0421896693611237,0.0993218710486645,0.279343705041427,0.147489393798584,0.0245896565289397,-0.127393281600179,-0.034957572522509,-0.0472520347184885,-6.39398518256585e-05,-0.000230123582501978,-5.0745694823729e-05,0.00056984267094767,-0.000921159037986971,-0.000508886187542946,0.000192346956509148,-0.000230005518930931,1.01716188441043e-14,-2.25569048126995e-15,-1.46452036489505e-16,1.28042417619126e-16,-4.86082485181563e-16,3.87329446834269e-17,5.9514287193823e-16,2.39512571982816e-16,-2.32184260975552e-16,"Cosmopolitan AF1b"
"OP375415",1.73912340125184,3.78834169459115,4.05511497208348,-1.21996294006667,0.813016624330435,-1.76758101840683,0.934967699782332,0.216866973300322,-0.786408472273598,0.315116339794769,1.13591883657369,-1.26245925085838,-1.06424096612755,-0.318159706006576,0.624340470937201,-0.0104121853935639,-0.205734544226923,0.116491811377885,-0.64368135694604,-0.176129049309563,0.184717834130684,-0.551868947641828,0.118744111279392,0.0220543281244514,0.0901694338687324,-0.24309861994264,0.442882573134853,0.199411465757621,0.0110952958288282,-0.102350838825646,0.257799338158842,-0.117348058352251,-0.0283366178867142,0.0615398038917707,0.188652615149343,0.129684705336465,-0.229925697657605,0.02369693366945,0.0845905962246398,0.0528153538786875,0.000281079103035352,0.000265048196437458,1.97373773587633e-05,-0.000457977172968363,-0.000244609638800288,-0.00029729218336065,0.000389749038274589,-5.89846443388372e-05,1.01716188441043e-14,-2.3944683593481e-15,-1.46452036489505e-16,1.28042417619126e-16,-3.1954903148779e-16,3.87329446834269e-17,3.17587115781941e-16,1.284902695203e-16,-2.32184260975552e-16,"Cosmopolitan AF1b"
"OP375418",1.85145749620507,3.38942866453306,2.74382165949083,-0.147422179082934,-1.33231419314819,-0.0103478693105064,1.50723960776712,1.16804683655054,-0.814190413018757,-0.307840181400132,-0.229498039202836,-0.0942677780456587,1.21477237896706,0.640930431592672,0.793086238859219,0.617375929923666,-0.134979416230324,-0.430609762083903,0.714428326196518,-0.0501914416059991,-0.337833677288308,0.445446767187258,-0.343878869186974,-0.114184188795914,0.450553927566101,-0.115164212112016,0.07143063160424,0.0877282876224814,-0.0240300782419757,-0.125466197888499,-0.0645986975279856,-0.272874472263521,0.112039690735427,0.0125283694762613,0.0572250719814549,-0.20835831675761,-0.0155624838068023,0.19974351232766,0.154857317468338,0.140014465756479,0.00123730379203458,-0.0011304199287604,-0.000101202993181907,-0.00141230045277266,-0.000959829530680513,0.000443584447825096,-0.000700597467672912,0.000168250448532844,1.01827643083829e-14,-1.28669368790262e-15,-2.96125387258271e-16,-8.30578842245035e-17,3.12612061442194e-16,2.55174538787305e-16,8.6117636633149e-17,-4.01917938071888e-16,2.01798316714089e-16,"Cosmopolitan AF1b"
"OP375421",1.61526379702944,3.43110103668639,4.03697250124067,-0.922736052877555,0.183719200007654,-1.31048994316569,0.499308293421888,0.458203773024279,-0.402418029274392,-0.22525915299665,0.717809331430181,-1.05670503369781,-0.516169455863874,-0.159991543507668,0.298325593519707,-0.0814761217807013,-0.237739953909882,0.165978320269548,-0.53412840363759,-0.358301874163723,-0.0329263270711047,-0.185946165351726,-0.500350399259804,-0.0194970260157157,0.17333790215686,-0.145660570763242,-0.0592778441738455,0.21493533044142,0.0367632682951633,-0.150514969558653,0.0353970714991894,-0.136406564438805,-0.0916882685027314,-0.208234756895273,-0.0486625547418873,0.184991438750266,-0.0962627321338268,-0.125589168051262,-0.0213135878425191,-0.102302729770505,0.000350243660320409,7.92798605412835e-05,-0.000301194242052827,-0.000366283303656737,-5.27839669609477e-05,2.04500972636125e-05,0.000538155794184913,-0.000105964321809761,1.00050853904105e-14,-2.31120163250121e-15,-2.57474338952021e-16,1.70201151566101e-17,1.52295753977902e-16,-7.22893577790888e-17,1.22757840100234e-17,-1.49065486635989e-16,4.53714951807374e-17,"Cosmopolitan AF1b"
"OP375423",1.09432894652663,2.9836370038896,3.66247264104119,-1.06162408437072,0.221211452574382,-1.11727294252604,0.84174977608769,0.440904290844646,0.0670847465980464,-0.798568747032001,0.533721350147375,-0.872271982193958,-0.69906332604722,-0.460115466509149,-0.138704571971207,-0.682693942878542,-0.562733272695105,1.34415157126422,-0.283333094538159,-0.0213862147307678,0.26603631646906,-0.0312347581332977,-0.431880178557732,-0.692211766535197,-0.0651493160940751,-0.369818592446294,-0.0769784291892126,0.31700087320486,0.125477465970894,-0.0386358365229039,-0.203781286652837,0.116605090417922,-0.0119677537277736,-0.16646679967555,-0.381421970617958,-0.0165958519014827,-0.383307651467783,-0.113332327955064,-0.103197225026597,-0.152429256909304,0.000328106260849988,0.000269289669257493,-0.000508335793735557,-0.000631163443555947,0.000133556419782724,0.00031848929826011,0.00072567479905754,9.08441872012282e-05,1.01161076928731e-14,-2.36671278373247e-15,-1.46452036489505e-16,-9.40021873059056e-17,1.93929117401346e-16,-2.71865474036918e-17,-2.60075801718335e-16,-1.49065486635989e-16,1.00882646411995e-16,"Cosmopolitan AF1b"
"OR045939",1.67075911123167,2.02822226760625,2.46061060396097,-0.16954038914977,-0.290053644551519,-0.0629465463209644,-0.209045644813685,-1.2127959263907,0.822960417468062,-0.542851504281372,-0.585741094556385,0.272721519678073,0.303836616737872,0.499360264442522,1.20680726299521,2.20768926952253,1.20194936596255,-0.239260063015031,-0.443053879233614,0.324379562872127,0.789585618561832,1.04890458440713,0.575822041414174,-0.474925036423002,0.396947017753348,0.523766798398957,0.927354253225281,-0.266028510030476,0.276937677597182,0.600148257940208,0.48952591956162,0.90195718311885,0.686565495520126,-0.927913572000257,-0.42923298023406,-0.0986192509581815,-0.0827471158381649,-0.387703071206105,0.342664786316331,-0.0768576024847838,-0.00410033881551691,-0.00260766467934468,-0.00108530002496556,0.000254031735510137,8.71421173965841e-05,0.00107015499606726,0.000542517403735709,4.44722744487306e-05,1.02497699801318e-14,-1.17451162034125e-15,-1.31370341486071e-16,-5.71277846484326e-16,8.8651071993361e-17,-2.74845622365014e-16,4.42356746760986e-17,-9.07234722371634e-16,-1.07877903068685e-16,"Cosmopolitan AF1b"
"OR045949",1.6709955263932,3.60023740380656,4.17066989127117,-0.14672553965163,0.0395920092150028,-1.33724698883184,0.206207414036283,0.41228520893021,-0.184395004390163,-0.35864249670418,0.454762310757211,-1.19654936071887,-0.294268630687796,-0.315718363026423,0.382373727254519,0.227788246745156,-0.162617224474007,0.623610398461906,-0.28199787699548,-0.0888682471626863,-0.146454107934789,0.0122693649531349,-0.0238678981383918,0.124372062309885,-0.334244837665019,0.72889184453709,0.292730217344985,-0.0189953635891544,0.0257018674791283,-0.046450400288818,0.0605016184599997,-0.255599220434661,0.0327960887097772,-0.054429892371137,-0.179550661227183,-0.142049550368553,-0.200661538434599,-0.145788960520222,-0.00311171327383744,-0.089779269222558,-7.04674778432854e-05,2.86279193698837e-05,-0.000299734199746259,-0.000249873901083894,0.000504773652829804,0.000454060681424398,-0.000804725008007241,-2.76716730644215e-05,9.99021263605781e-15,-2.52910515621762e-15,-5.02635315897e-16,-1.76073624449957e-16,1.2885831114518e-16,-1.45909498501993e-17,1.84973854536691e-17,-2.0800586033816e-16,-2.40665496369827e-17,"Cosmopolitan AF1b"
"OR270973",1.40608467141426,3.00655442684281,4.15028429529043,-0.498672559504608,0.26889840134251,-0.980450969949364,0.526710040224848,0.339022170335608,-0.32292190377721,-0.150073642055998,0.803507496028814,-0.94244764689886,-0.933539878918031,0.27879691516225,0.491103124577509,0.188196802848342,-0.180436233135537,0.210729515341383,-0.149957603490457,-0.0343880710485722,-0.2993616736985,-0.477372257681262,0.30358269010273,-0.0912532104511823,-0.769782835854804,0.658593594457845,0.547279346844795,-0.190390577636053,0.349206537431903,0.206178369141559,-0.242581433795751,-0.424995842496533,-0.0111190191960069,-0.183889133131451,0.0309624866627594,-0.480767254873499,0.0558159970648477,0.120634391993991,0.114991002054762,0.123779572770743,0.000159046526231131,-8.98726813002832e-05,0.00071783943190088,-0.000696785988641472,0.000625824917166215,0.000412160711654089,-0.000460754764765787,6.64997730081156e-05,1.03918693571758e-14,-2.1427092592855e-15,-4.69872454246135e-16,-1.93067814266528e-16,2.22986205410781e-16,2.27974664421042e-16,1.34562966802554e-16,-3.55041269573934e-16,1.81795039463255e-16,"Cosmopolitan AF1b"
"OR270979",1.07588085312921,3.14347523584624,3.86817425862729,-0.39668959437894,0.257978142614259,-1.22653611275408,0.108577291351882,0.325845018778199,-0.669797935920784,-0.241089885195063,1.20500644937076,-1.05257911238986,-0.43953637527599,0.0921974456586209,0.374192349888079,0.271434417358237,-0.236020582943884,0.5088489907688,-0.561968445676945,-0.391265823177924,0.0171123252127659,-0.283265587548268,0.199014085285348,0.189302464468746,-0.261650218617565,0.131696095142245,-0.100378357408879,0.157774764499601,0.754421566486093,0.455948595298276,-0.165751437992265,0.00473065026665634,0.141079220291105,-0.289711708050563,0.207535311401988,0.0432397446923132,-0.00393262842222527,-0.0302346944444903,-0.218305944165224,-0.018278121278653,0.000547915847972957,9.57914156252801e-05,0.000718867106482075,-0.000680125737153771,0.000264237969615062,0.000345874984250822,-0.000458153671488063,-2.83524145349279e-05,1.02104688311039e-14,-2.16123479748436e-15,-2.41022134376388e-16,-2.76005863780258e-16,-6.27886247599571e-17,1.06270867017362e-17,1.57701850610508e-16,-1.87420798920846e-16,1.19774436670432e-16,"Cosmopolitan AF1b"
"OR270997",1.46220090650522,3.15601987302594,3.87282032914582,-0.551212379962396,0.268922711736558,-0.787500071982922,0.568117311022244,0.324769541152474,-0.367467667689657,-0.148619897471739,1.07696222063954,-1.08802202201015,-1.00817050246672,0.373504802535808,0.44239061798941,0.00120344877454467,-0.0995172945817413,0.207425721856618,-0.219954692016889,-0.381971578759451,-0.265583165008523,-0.247059274249532,0.298543390820388,-0.101755680948315,-0.646900845758522,0.377096980998502,0.454267570262043,-0.13029600167013,0.298576528910536,0.336107147546254,-0.347935229491808,-0.374452271672166,0.0941259532803226,-0.116719310889758,0.070171047402451,-0.368069376355133,0.18916676478793,0.114792343121021,0.0944471767026777,0.179063874323392,0.000286689035198936,1.92362058929422e-06,0.000965417988730158,-0.000662990174315212,0.000379777628004119,0.00033955091307926,-0.000331611900376256,6.5921129340523e-05,1.04751360840227e-14,-2.08025921415034e-15,-4.14361303014877e-16,-2.48578965497786e-16,1.67475054179524e-16,2.27974664421042e-16,1.90074118033812e-16,-1.8850781588016e-16,4.03839644388287e-16,"Cosmopolitan AF1b"
"OR270998",1.28141086134607,3.26079816867749,3.07284512656272,-0.202529658340006,-0.608284600875511,-1.55373360157466,0.326912449396761,0.342326378954963,-0.221351392509908,-0.171737078998864,0.795734705070871,-1.27494781914379,-0.538080285905893,0.0681540876362754,0.588267039998257,-0.46234185018562,0.686225222922016,0.275288429149899,-0.0963201246523211,0.682330360455037,-0.28657756254976,0.0776897903823898,0.00637727420436537,-1.06247192386856,-0.660161817623748,-0.557444821733665,0.865955696101846,-0.408004070596073,0.308059972013648,-0.0412817107641666,-0.145927663310342,0.130893067267359,0.238449978403576,0.172788341775172,0.0299703185660856,-0.0485518784143443,0.218439713875443,0.120750972459116,-0.0246572130564404,-0.13566180537261,0.000123745827531438,0.000522887171845574,-0.000100852559783259,-0.000510387195982525,2.71503555966062e-05,0.000247459683037038,-0.000507460173983228,0.000166804720628671,1.02414546030755e-14,-2.22338931214635e-15,-2.45475183007257e-16,-6.07726037836535e-17,8.52616857589797e-17,2.26321400126137e-16,1.09796725232851e-16,-6.50204163400717e-17,1.09586429222311e-16,"Cosmopolitan AF1b"
"OR270999",1.28129232208126,3.51185478347469,3.53831741269782,-0.291978583458142,0.0407715049245325,-1.21518956910151,-0.0905599141018161,0.514049919525073,-0.643405891161896,-0.139587090151052,0.910338781869427,-0.893505768698029,-0.67544426089973,0.208555283723786,0.121804004147447,-0.0635147374147433,-0.0842698670761975,0.511628923579149,-0.302098107924056,-0.19365036961157,-0.249879245892433,-0.0853274500934208,0.193247086165598,0.20039459217125,-0.471359269762608,-0.108033049691377,0.374910009871052,-0.106646708899902,0.405789246101402,0.183254163518198,-0.0447135153037287,-0.432584256234924,-0.0906836498094408,-0.123491052553018,0.184911128283267,-0.182009509406619,0.0772074007072109,0.0414969314767764,0.143792698391151,0.0364773719992576,0.00023623457400932,-0.000141547167814735,0.000453573434661942,-0.000550749425390505,0.000482484553968522,0.000400823838584768,-0.000380874732107767,4.2231530563356e-05,1.01420691766351e-14,-2.23291488003629e-15,-4.69872454246135e-16,-8.2045511804012e-17,9.41600485750094e-19,1.82871854045645e-16,2.1262552322151e-16,-2.44018967111418e-16,-2.6371777653963e-17,"Cosmopolitan AF1b"
"OR271001",1.26772808083817,2.83715983879412,3.99524538356961,-0.57027360287443,0.175236402860595,-0.805278528708256,0.292967235200061,0.508966256979496,-0.29521945910076,-0.352353283966382,0.780063800333272,-0.789445594522238,-0.415586761811257,0.086772689587784,0.449094595953169,0.0847129295071002,-0.145754632482622,0.587325828095512,-0.173687777225072,-0.0247119398222694,-0.322813691324162,-0.370428413498967,0.431250560945505,-0.124627233044096,-0.668934158716145,0.598475417548713,0.529418437419755,-0.226273874542793,0.343591946261473,0.185726362002374,-0.169385983135266,-0.508557449382096,0.0247028542374215,-0.29303305492966,0.00500252434529823,-0.497083171631537,0.0620415840362943,0.0906326510705255,0.0747507016710891,0.0682570217177755,6.46800633614944e-05,-3.23590101459891e-06,0.000434991593418566,-0.000744259293958271,0.000790090715847152,0.000559307205447022,-0.000431156967912212,0.000113569388724994,1.03918693571758e-14,-2.05944253243861e-15,-3.58850151783619e-16,-3.04090116729043e-16,1.67475054179524e-16,2.27974664421042e-16,7.90518155712959e-17,-3.82796845189563e-16,1.26283888231998e-16,"Cosmopolitan AF1b"
"OR271003",1.35323969535715,3.1419417467594,3.60058826831749,-0.419443394771509,-0.222086340329075,-1.69839806879297,-0.0267988820994053,0.460589158001084,-0.602623692200671,-0.290086984521784,1.2494336805603,-1.04216537636785,-0.669949020586949,0.0538073260105725,0.738479165863204,-0.270179614779744,0.27520083231606,0.4026239910795,-0.408555711256919,0.0763789486332959,-0.565108384448807,0.133296110167366,0.174564112690705,-0.0136207407514069,-0.684790776663157,-0.107195568030575,0.0525406208729117,-0.356607880821306,0.242727907007273,0.264989425527715,-0.13681737944629,-0.229231785388155,0.162237640038944,-0.0254780636040848,0.0939611336866687,-0.179572178274195,0.197106973326954,0.0033144864065648,0.0326130893490478,-0.235781381445312,0.000218838195653558,0.00157279583818772,0.000349241778212052,-0.000521807307923622,-0.000376956146915564,7.54944645761227e-05,-0.000385558300493467,-9.9050296297241e-06,1.00034300378168e-14,-2.1349271871191e-15,-2.0922896416088e-16,-1.76932323648619e-16,4.98036591161539e-17,1.88828088104377e-16,2.00585491119478e-16,-5.68757071115646e-17,1.66576464884087e-16,"Cosmopolitan AF1b"
"PV855388",2.58861030934087,3.01746958509092,3.00426130196171,0.616337204310692,-1.2993804893469,1.41178368930023,0.0355002439386598,1.39917866802612,-0.660889610051065,-0.158913364409929,-1.55488660835827,0.225365123947202,0.631038028299532,-0.87973194630502,-0.609230566200156,-0.15347336833322,-0.906174442666761,-0.906551975248601,0.0200840684720117,-0.710856057416062,0.446497289967118,-0.14906695137538,0.617019653995188,-0.428025276718175,0.279519671284142,-0.360397076514414,0.00952634885056853,-0.421594227285283,-0.0257386791492968,0.291897755084524,0.0962422448463011,-0.110674653315516,0.160945162460182,0.0475604590842708,-0.000874361541811704,-0.0444877773871371,0.183589324020849,-0.05156932541383,-0.0561465304543868,-0.0441815667288017,-0.000767855402817566,0.00171393994518954,-0.000262364953561122,0.00122326212338142,0.00165747945818061,5.6240177861003e-05,5.91013810529003e-05,-0.000188538807725549,1.03187731091484e-14,-1.74217914331111e-15,-8.36135177445928e-17,-9.8362640081753e-17,-2.13795985413783e-16,-2.03735412140693e-17,1.86151230237121e-16,2.61829127894705e-16,1.85507046887606e-16,"Cosmopolitan AF1b"
"PV855390",2.41529070869968,3.28964594328195,3.3957213744961,0.583360789915063,-1.1815921152294,1.46138713121844,-0.659298788248806,1.33460145271939,-0.402372807522741,0.08624750915286,-1.56746011235629,0.276891012375048,0.642769615187094,-0.849777095534444,-0.80499318445778,-0.451596031198462,-0.832615401045075,-1.0449523513588,-0.349719574279503,-0.820257120469324,0.321501702104897,-0.279719789775953,0.532173381876514,-0.469324508450699,0.299058248263417,-0.483701337873446,0.34514528194729,-0.422400648453529,0.176782497034486,0.283182171783837,0.0421507912090361,-0.269908627914621,0.260456744162302,0.240214501957428,-0.0664994670740855,-0.0793614638782525,0.191277090205596,-0.0251324746372398,0.0258798882000548,0.0278557330579604,-0.000905833111513943,0.000287770793654725,0.000216187597525686,-0.00168452769983784,-0.00184728548657749,-0.000620322597519597,-0.00109395020953164,-0.000338165002027471,1.00967285042234e-14,-2.47770189712528e-15,-3.05658122669624e-16,1.26596623807627e-17,-1.58284834182525e-16,3.51376100171885e-17,2.69417957084008e-16,2.06317976663447e-16,5.46329529890782e-16,"Cosmopolitan AF1b"
"PV855392",2.58861030934087,3.01746958509092,3.00426130196171,0.616337204310692,-1.2993804893469,1.41178368930023,0.0355002439386598,1.39917866802612,-0.660889610051065,-0.158913364409929,-1.55488660835827,0.225365123947202,0.631038028299532,-0.87973194630502,-0.609230566200156,-0.15347336833322,-0.906174442666761,-0.906551975248601,0.0200840684720117,-0.710856057416062,0.446497289967118,-0.14906695137538,0.617019653995188,-0.428025276718175,0.279519671284142,-0.360397076514414,0.00952634885056853,-0.421594227285283,-0.0257386791492968,0.291897755084524,0.0962422448463011,-0.110674653315516,0.160945162460182,0.0475604590842708,-0.000874361541811704,-0.0444877773871371,0.183589324020849,-0.05156932541383,-0.0561465304543868,-0.0441815667288017,-0.000767855402817566,0.00171393994518954,-0.000262364953561122,0.00122326212338142,0.00165747945818061,5.6240177861003e-05,5.91013810529003e-05,-0.000188538807725549,1.03187731091484e-14,-1.74217914331111e-15,-8.36135177445928e-17,-9.8362640081753e-17,-2.13795985413783e-16,-2.03735412140693e-17,1.86151230237121e-16,2.61829127894705e-16,1.85507046887606e-16,"Cosmopolitan AF1b"
"PV855393",2.83828835454768,2.70523040572512,2.6097383284651,0.646662557321648,-1.36223617469685,1.05920370896347,0.7422664630879,1.376167263687,-1.00629333198389,-0.382557738067203,-1.84701740744392,0.324136501784869,0.726437027312808,-0.455114932433178,-0.656790133405967,0.17812368602178,-1.0118010481584,-0.611736428416075,-0.0741138984074058,-0.723612893022361,0.147225427408968,0.177014918129575,0.779063398757998,-0.315660611773972,0.202435270690288,-0.503167113051628,-0.0560368133692912,-0.192757284259508,-0.096338055792886,0.149837256539567,0.064123391526549,0.0358637191629921,0.124769286098494,0.106606801410699,-0.0146509279217782,-0.257773873528139,0.0563415823852689,-0.083598767052853,-0.165447972916613,-0.0984586060583791,-0.000264165623003809,-0.000537432529950934,8.88329308218585e-05,-1.24695771063172e-05,0.000500847020189806,-0.000249181446344351,-0.000262488992072502,-0.000164088440817758,1.00967285042234e-14,-1.45074559934701e-15,-1.94635820207109e-16,-3.20407245006784e-16,-2.13795985413783e-16,-6.49575340625482e-18,1.96177765433475e-17,2.06317976663447e-16,2.13262622503235e-16,"Cosmopolitan AF1b"
"PV855394",2.73430565437232,2.92315534917021,2.73334329833322,0.5838353580751,-1.46930755618049,1.37384921804877,0.505660492979423,1.47503920289128,-0.999734603419273,-0.355890082527072,-1.63420144824476,0.342338796334061,0.517897461654395,-0.857035373560127,-0.588773610456055,0.168689539893689,-1.07855943533678,-0.71780070444105,0.40256113075165,-0.613165063517169,0.486038997161428,0.0847874047403004,0.705399619104979,-0.336441145542868,0.204350309819522,-0.439041639394035,-0.107116720349301,-0.305841837814954,-0.113178588334492,0.279285575843491,0.0963870424807492,-0.0160844179439338,0.103676262785982,-0.0793440892609655,0.0493688957952154,-0.0432688340603605,0.117183952270247,-0.0966605181538645,-0.100657778698129,-0.118193133662791,-0.000326748903157464,0.00119759705361034,0.000117993722227328,-0.00033378427317487,-5.06493908624266e-05,-0.000303269405274795,-0.000193174861889817,-0.000270374622213278,1.00967285042234e-14,-1.6311568408486e-15,-8.36135177445928e-17,-3.20407245006784e-16,-2.69307136645041e-16,-3.42513290218837e-17,1.30640079005863e-16,1.5080682543219e-16,2.96529349350122e-16,"Cosmopolitan AF1b"
"PV855397",2.55445178803501,3.20294743151249,2.81674681968613,0.78581983749626,-0.966107159392379,1.88884342802145,0.140744857630364,1.4635550521696,-0.601220119025207,-0.049072292512338,-1.80645133309076,0.163580571161007,0.711430964368132,-0.802683984414057,-1.08461215069465,0.0332856322127885,-1.17412768849421,-0.84978995878518,0.0940115994390827,-0.997776757396932,0.874841309523757,-0.496929555372407,0.621310506676472,-0.288097639436656,0.509034636047628,-0.151581723328145,0.126943946129168,-0.296531370501178,0.0163153228834284,0.2432760669497,0.241596865845188,-0.235784797443764,-0.143849076464873,-0.135586920221373,0.110425493063596,-0.0095274166013921,0.114835659798466,0.00153131426154751,0.0337035406765147,0.213762061767133,-0.000788210730524372,-6.84505909323275e-05,-0.000176602436065816,0.00106069227627367,0.00243904821942367,0.000201160439392235,2.98672969259151e-05,-0.000166241782832597,1.05034867409486e-14,-1.67115605286448e-15,-3.04995745277139e-16,-6.26927746384786e-17,-1.5068719311512e-16,-7.84939866050245e-17,1.39334996756462e-16,4.23484159922761e-17,-3.65163910958264e-17,"Cosmopolitan AF1b"
"PV855415",2.84410557498069,3.117580920325,3.34151248821283,0.536021989930343,-0.79498090618838,1.38309017312226,-0.70813435896824,1.45591167957868,-0.403331910601448,-0.060450895319134,-1.29781474289658,0.372816259634069,0.795664070419413,-1.0525460007666,-0.650135972239447,-0.143682858264632,-0.593460175395308,-1.35422455203542,-0.32730328723914,-1.12063723090024,-0.0799235446573784,-0.396293092829887,0.619719123980872,-0.105240379787664,0.565660521158258,-0.118472722656751,0.00553782756988547,-0.766286330989621,-0.0738372758511984,0.322736648866055,-0.050123439366386,-0.29100996746496,0.189065321123879,-0.0194011841576915,0.114480766872747,-0.0620788120140516,0.260817099968656,0.0163449784294693,0.102628984885263,0.0580597768955564,-0.00112453346522436,0.00049034420871277,0.000206438709761605,-0.00163558168618585,-0.00220603878615741,-0.000923505451416395,-0.00112572601028295,-0.00026369112950209,1.01522396554547e-14,-1.79769029454237e-15,2.74087847179228e-17,-9.8362640081753e-17,6.37597707425065e-17,-4.81291168296982e-17,2.69417957084008e-16,9.52956742009318e-17,4.63062803043895e-16,"Cosmopolitan AF1b"
"EU345002",1.04838131244745,-1.8316697535591,0.0025169794851014,1.32779297506207,4.98175532743424,3.9452828918541,-1.03835537285197,4.35521057574215,0.430255081628971,-1.15324942868916,0.603522387574295,0.00224317250090887,0.819881559657116,1.97284740684125,-1.33098932429306,1.15449712593926,1.23879384509109,-1.09102050724828,-0.161426291551242,0.759495555371592,0.198972899287823,-0.969997994557002,-1.21195343576508,-0.433900618822694,-0.0753559883992056,0.698636092471011,0.361044956620986,0.348882729475415,0.128093660998831,-0.73906320480773,0.231580302178453,0.272330175433433,-0.328743008714223,0.244091860701837,0.0328730908044728,0.284358469117286,-0.0293296780536015,-0.191119161838609,-0.231640653820967,-0.133950325635137,0.00182006365617633,0.00101704190511615,-0.00156659732404244,-0.00110368923018756,0.000598069943371578,0.000476675134167843,-0.000374563711072034,-0.000229803986301217,1.08402683171678e-14,-9.70526272295609e-17,-9.54194350751574e-16,8.72775841305222e-16,-3.81910449133421e-16,-8.68793804976531e-16,-4.20457297830015e-16,-2.1644133678046e-16,-3.25311691315442e-16,"RAC-SK SCSK"
"EU345003",1.80598407375202,-4.87830763151848,2.05041124598738,0.0458912309258682,5.04071277546054,0.993077611480965,-1.06098616932568,4.12748616424883,1.1867301960985,-1.03520679097324,3.25730887877236,1.64732813043028,-2.1968040919049,0.873005211700955,-0.373008906677608,-1.72346642428939,1.63774228676068,-1.10026424492785,1.59893294336102,-0.767498269031809,0.338028245180823,0.103061819967424,-0.636915185565232,-0.270380836142876,1.63608182053084,0.750959059334943,1.90399884912571,-0.105134857178662,0.432686612748357,0.672873691760291,-0.566450889626582,0.0934163051320082,-0.671194500824484,0.753027729264885,-0.39164666636778,0.0177109096236812,-0.0442199030307648,0.945253877869714,0.637076696014791,-0.598310351532001,-0.00281009763346978,-0.000318717837955655,0.00137486120706407,-5.84658120759888e-05,-0.000398103688993544,-0.00110439437884962,0.000640031186256814,-0.00102789254374236,1.11242168104694e-14,-1.18656493526343e-15,4.10508258161059e-16,1.11485506366882e-15,-2.6587482878882e-16,-1.05907880500676e-16,-1.11047042291297e-16,5.79417337966613e-16,-5.81765353835209e-17,"RAC-SK SCSK"
"EU345004",0.621708607111815,-1.65692985749505,0.036313672961873,0.685932949064152,5.27713636781542,3.09923867976409,-0.789805859178742,4.36806018310479,0.836931201265254,-0.0938517521512437,0.14981658941508,0.826549245165601,0.744231868497998,2.03028813835387,-0.99362916793882,1.61031030522912,0.969606724101953,-0.382129809906567,-0.876582513704208,0.142265862505917,1.07287680980179,-0.489676216814139,-0.00621082322417866,-1.16490385699094,0.435879816774596,0.847258805414147,0.795075407461608,-0.788717465008601,-0.359940132981105,-0.52094544096324,0.35981569897449,-0.324561759556629,0.28523276207363,-0.165284422088373,0.184527158015909,0.469089601163009,0.690831980530458,0.279455328886093,-0.368261195023482,0.119577891083974,0.000941556545828938,0.001101731433357,-0.000254201095843448,-0.00101967547425789,0.00118589374143877,0.000340586179773042,0.000136820708120775,-2.52782082183154e-05,1.10923580342629e-14,2.76561909260103e-16,-8.62993801383817e-17,3.6078171299452e-16,-2.31605252049788e-16,-1.67282119319503e-16,-7.89908571391523e-16,7.927062500723e-16,7.0995260503366e-16,"RAC-SK SCSK"
"JQ685938",1.68973271444979,-4.0662134002497,1.72707677984292,1.62558585152148,7.24799041938021,2.36149682463513,-1.14136337709099,6.08337962724711,0.992296631398019,-2.44351303236819,0.651499236288071,-0.711847009071331,0.969361356306182,-1.14275926457467,0.769688813134357,-1.15585503590818,-0.584296607000556,0.828887529298633,-0.0413641899982529,-0.767687306092552,0.260992751795083,0.772666119456309,0.587629359856987,0.310623365395235,-0.441162711455088,0.124370948921065,0.393161135504708,0.485519784578715,-0.838584264642475,0.121826060434672,0.29571751636412,0.439961601905453,-0.347616673844948,-0.0963088367510254,-0.408908541470392,0.260130355562025,0.0280590743193153,-0.107341395593329,-0.237869260153947,0.065187480860933,0.000968108996981091,-0.00151262422057793,0.00126781972705053,0.000314089104986601,-0.00045071635790861,0.000505395988711831,2.42993366469643e-05,-1.4483197033648e-05,1.02711917392695e-14,-1.4286627277465e-15,-2.76675427024001e-16,-1.99688363564568e-16,-2.36996226145351e-16,-7.77733122729931e-16,-5.65010836535046e-16,1.32761531703036e-15,4.23659971636945e-16,"RAC-SK SCSK"
"JQ685968",1.68831289772323,-3.87236607090619,0.955457038453565,1.80227235440994,7.05186819719361,2.59313322632606,-0.717286507141891,5.3322482771689,0.681963455401923,-2.11810633312421,1.04256408200119,-0.916093248323144,0.0958423870595796,-1.10368463151668,0.885914097224433,-1.30510222089163,-0.618329130990772,0.217845873483205,-0.203028870563358,-0.0622618557086254,0.367513818330482,-0.202764826360227,0.372564800912697,0.686354817516259,0.381900828548882,0.538124831035111,-0.175808745256418,0.429637360016289,-0.282756274790821,-0.327929037721306,0.197478264592152,-0.0334486605357975,0.195643128090224,-0.243805937210726,0.273809057869009,0.0554631139839925,-0.520367778781864,0.106120466300253,-0.12033816960993,0.0925063645642975,0.000614839115411052,-0.00166270511163813,-0.000951898760785456,0.000847024742722269,-0.000369233335617374,-0.000965735135623457,-0.000297552918103189,0.000252122014331758,1.07506870380297e-14,-1.02087094740399e-15,5.84736182660792e-17,-1.38348805395097e-16,-4.72068738847233e-16,-4.60759759881813e-16,4.81447251237106e-16,4.62156709130354e-16,-5.56597818337133e-18,"RAC-SK SCSK"
"MW055084",1.34450171802976,-1.98898443367062,0.0310997375389156,0.645044301841448,5.08797074688162,5.20542187358118,-1.16260905369778,4.8868217338976,-0.258018721083118,-0.864391153980992,0.591870181438849,0.806506159123882,0.462441327432323,2.64011243470841,-1.6444799101471,1.36993321405279,1.27372963957501,-1.05806575609756,0.598050886408551,0.603306780057164,-0.794645624913521,-0.551135629932947,-0.707973790626263,-0.138078578751487,-0.0224096243726275,-0.332841132125566,-0.172614697034877,-0.225328073578109,0.545582422158578,-0.0657189263176425,-0.252477719244194,-0.170276053284445,0.122808530307514,-0.22793539653266,0.449334451318829,0.0693973475007041,-0.362962168505286,-0.0217499575349152,-0.077145068157086,0.176293212467185,0.00200438406991057,0.00121480939713345,-0.000419612721671732,0.00066480869101487,-0.000330157133507656,-0.000886288771861215,0.000198240680659831,7.2745066598846e-06,1.0787046702491e-14,-5.63044253112672e-16,-6.96922043682218e-16,7.21604195997696e-16,1.32686677905342e-16,-1.82894630603294e-16,3.83631860106787e-16,-4.00783501399743e-16,-7.41424061078568e-17,"RAC-SK SCSK"
"MW055085",1.41358757103997,-1.83903922384055,-0.0236918127559799,0.32945260068063,4.87680393797109,5.16855828132968,-0.93813591988759,4.80246088258146,-0.209218762546124,-1.08341423906678,0.535293941374308,0.739996034540186,0.636580130295864,2.99613679576953,-1.61464592432089,1.72239541813848,1.04860821115426,-0.92714618157882,0.957248220646802,0.772361001937093,-0.775677734117014,-0.0956357748668627,-0.871054086865616,0.151693454103723,0.0527265594324721,-0.110861321754868,-0.147323172141983,-0.126909580049317,0.307634386481173,-0.207782361947708,-0.138370100613219,0.115987731674931,-0.0792173997469068,-0.240888064050422,0.306994362357095,0.305953408608264,0.00199039236216773,-0.129212585853441,-0.138386610170235,0.119350236604313,-0.002594194440648,0.00109676734572948,-0.000416283055063411,-0.00136952171041869,0.000586317678384204,0.00115202661660303,0.000613947183317707,-5.12900538147999e-05,1.06760244000285e-14,-3.13244072572011e-16,-8.35699921760362e-16,9.43648800922728e-16,1.32686677905342e-16,-4.04939235528325e-16,-5.04546559593339e-16,-9.55895013712321e-16,-2.96187011032888e-16,"RAC-SK SCSK"
"MW055086",2.36769789129177,-4.03669867989897,0.929752393756308,1.36166967024,6.9285988352553,3.17954366992622,-1.42205406713857,6.01446920186205,0.965709607964116,-1.59051053514346,0.811096467159847,-0.672426524083944,0.369882637040425,-1.3004870878967,0.721159252300071,-1.62154769298817,-0.36285684230519,1.1636558485353,-0.0227155259652784,0.190171629076443,-0.246866487438264,0.291700197913293,0.824042429846963,0.509235115364306,-0.597315807972284,0.386503914401845,-0.408074390704685,0.571634592405129,0.0890486082619071,-0.0990855878052216,0.615502698367732,0.347079131724121,0.00751336160944404,-0.188837256571829,0.0281360730996425,0.0616408099673979,-0.223358251288392,-0.199711094554171,0.15421886180752,0.187456074752531,0.00172017156876242,-0.00174790529229528,0.00160365086993806,0.000570465796628178,-0.000738569598147887,0.000295692690899787,0.000990699133056929,0.000166979814165761,1.06376561967168e-14,-1.07329483241095e-15,-1.81022590376718e-16,-3.70486523004663e-16,-5.36004548663341e-16,1.45973027897384e-16,-7.92719933781612e-17,8.06939127113678e-16,5.83770778026217e-17,"RAC-SK SCSK"
"MW055087",2.24344817510151,-4.53027806100986,1.38053395091874,1.28556216276296,6.21196290639111,2.67022819616973,-1.56363740715505,5.97059083286749,0.854780841565588,-2.08234349558086,1.10874394453151,-0.773192723822919,0.379425525145367,-1.32707038249585,1.06174802384653,-1.51508796594722,-0.340779328651633,0.928217130293236,-0.0175343939696064,0.126554683871614,-0.753351206146777,0.454768687653364,0.364705401637628,0.150148601972497,-0.590806871941414,0.0924706447928666,-0.525588911856355,0.471990996398184,0.0880655230674176,0.0764786089448723,0.278366960915189,0.420707821694583,0.468279033136038,-0.029040628311527,-0.180475591095899,0.090457391482764,-0.240423703120187,0.00016417361377615,-0.0475082559297191,-0.0235782767960872,0.00181989585498234,0.000205779456830307,0.00147840794998687,0.000843739080042601,-0.00117870481790654,0.000320847888189477,-0.000153224422358448,8.59326211322286e-05,1.06313294090148e-14,-1.18106027445392e-15,-1.31824080433979e-16,-1.2688200251843e-16,-2.95767523588055e-16,2.29214806759778e-16,-1.58733434126802e-16,1.04742636961016e-15,3.98298155092957e-16,"RAC-SK SCSK"
"AB519642",2.75992207332315,-3.65088034453522,-1.06373165598758,-2.13678934700741,-0.708614724438355,0.411621587299005,-1.92633307722552,0.139477196771149,0.876383832078386,-0.13875097261366,-0.817759655644071,-1.39709366083918,1.08943383597586,0.539154618824808,-0.585600850334017,0.647766273827512,-0.875975661093166,-0.00612105272408651,-0.874146851934232,-0.298044231908125,0.542481394681437,-0.84965253743858,0.923711735688202,-0.584571392003327,0.191274568197582,0.431453638578037,-0.165700398125085,0.125835002275667,-0.077019161256947,0.140899088039077,-0.625995854692123,-0.336772490534751,0.0980514399204431,0.023562750203054,0.320149168729882,-0.13016661779243,0.556496019329238,-0.088873795808947,0.18926722499417,-0.257703166063862,0.00141556145668056,-4.54451178575042e-06,-0.00177367473360906,0.000145890422527631,-0.001318819543203,-0.000291403635787161,-6.70671242695683e-05,-0.000230427204883007,1.12419270915953e-14,3.99487673434459e-16,2.71581201156375e-16,-3.22574687928501e-16,-4.72984517704669e-16,6.25398846456663e-16,2.36419265458301e-16,3.77759438811036e-16,5.2873341332883e-16,"Bats DR"
"AF070449",3.44727338157305,-5.0474565523138,-0.214685137818377,-1.96190959231223,-1.74047805391298,-0.60667927198652,-1.80684648403058,-0.565579419285265,-0.715486368210329,0.0366067557447259,0.81132276217424,1.6354482862815,-0.207666508314559,-0.7735349737768,0.881040502113338,-0.510832242290019,0.220793956634473,0.510432249329534,1.01119081798861,-0.0909397137370165,-1.29349665442217,-0.656697343786956,0.161131327484737,-0.332136096459015,-0.139845623375139,-0.27318123207036,-0.478132473453584,-0.274413310085196,0.790924851148949,-0.559547416250111,0.207245533826466,0.239924084262854,0.305366385862763,-0.542880846775417,-0.0507569365446418,-0.0668623015596021,-0.1298850188364,0.184262989203949,0.253163601894479,-0.000328682250651993,-0.00228587771685082,0.000536492088919869,-0.000133646758269947,-0.000787210991347628,0.000516283662308055,4.2021342163734e-05,0.000298941267881043,5.96193776060422e-05,1.11316926339041e-14,1.42367116361175e-16,2.51962390208018e-16,4.77308569991062e-16,-1.35238672985062e-18,6.42952555191482e-16,-4.92136223131534e-16,-3.50992764665114e-16,-4.59524339622063e-16,"Bats DR"
"AF351847",3.49415610282916,-4.55476477601329,1.66027557863186,-1.97804068421765,0.209419744113,-0.200998552628756,-2.52221781683033,-1.88024059938209,-1.01999447292419,0.736092684577695,2.51568548807675,1.2615637844794,0.583884320889561,-0.784323292026712,1.95682279472564,0.304362190482376,-1.5997558947912,-0.116416549397498,0.680437432306979,0.620779891558488,-0.165182103297444,-0.120076035829238,0.250294777088821,-0.748293174038053,-0.669434764089814,-1.5509261821369,1.69175559910423,-0.706124718054151,-0.876707391945774,-0.976515529220428,-1.2061826910389,-0.0377813130773157,0.524484835061421,-0.368133770984057,0.0852862852282552,0.61920298171175,-0.433213790411606,0.0297073721232031,-0.29674519705766,-0.213411338166191,0.000490570699525004,-0.0017619747331262,-0.00188389198138986,0.00166730316782286,-0.00074985796047488,0.000302050784177556,-0.000820456490020407,-1.17637668059347e-05,1.00274085669339e-14,-1.96839625443598e-15,-5.17312786998763e-16,2.38127610237967e-16,-1.17465751328371e-15,5.91574759071322e-16,3.36684225148865e-17,-6.56009148269067e-16,8.25493555517252e-16,"Bats DR"
"AF351852",3.09544954808056,-5.17063991551146,-0.811437361604997,-1.72884582288902,-1.87001507948693,-0.0451179215088547,-2.80767286915667,-1.58768440716877,0.348024593895233,-1.29206539582232,0.689486205342099,0.51806843377886,-0.0109580083056927,-0.493686256511803,0.912257447995574,-0.466054016492976,-1.20819175965787,-0.535055313816439,0.898084423149112,-1.02477293317477,-0.834187015925667,-0.808819570724023,-0.00937877359425929,-0.46255605362683,0.175946702406804,-0.367375528040799,-0.0922069057139357,-1.13717676562264,-0.200913006631302,0.657718841523903,-0.0489517579266038,-0.112798556866095,-0.0504768265417251,-0.43870085657073,0.173399517117217,0.202364777934265,-0.40566940412013,0.175611418595245,0.0644855607855875,0.344003490029075,0.00156936468263517,-0.00241484643831949,-8.23118138146675e-05,-0.000408845703404511,0.00025512834135293,4.97513500499409e-05,0.000687883288651654,0.000219318604973141,1.14020358413187e-14,8.14090349512849e-16,3.05417014141206e-17,-2.69536079681866e-17,5.16717259113975e-17,8.25202327970464e-16,-3.26927396943971e-17,-7.83542357277138e-16,5.22419255449808e-16,"Bats DR"
"AY854587",2.89733998666695,-5.19380233498282,-0.438725065717655,-1.18753183144602,0.349399701998188,0.79300004853005,-1.11993646858867,-1.04794492396784,-0.870993062898875,1.35939279352139,2.35480538497596,-0.233226731617443,1.72310355747988,-0.722405071834338,0.160819477160351,-1.13511659334856,0.686461447985802,0.449343164200722,0.0546268427999723,0.755047516396187,1.19111990788492,0.376346606469595,-1.55694088276281,0.074435702027855,0.215444267576324,-0.342221839619828,-0.179067146802595,-1.20472839168116,0.14509293952784,-0.490987252460893,-0.675357131427506,0.11785303448354,0.297153490685633,-0.284453273175119,-0.0334718874922292,-0.131988746839328,0.478262975822003,-0.909855406630892,-0.0184613802585931,0.105395032661658,0.000928727742836061,0.000560810982120546,0.000681084520634262,0.0013761136323453,0.0013892477710921,0.00153616847939678,0.000221615149518143,0.000234702395657955,1.06665959366585e-14,-1.16031305998863e-17,-2.45429835682253e-16,3.13434098158952e-16,3.66525641518017e-16,1.89462024005911e-16,-5.07071533750445e-17,-1.82684310843435e-15,3.18997613721106e-16,"Bats DR"
"AY854592",4.67641582651906,-4.89828362924805,-0.13861821600969,-1.74924659504061,0.900157764607448,1.02915492925077,-1.61919375459838,0.29962409937454,-2.11665902850646,-0.512858940648024,-0.504591907359368,0.41785735589076,-1.1590205825693,-0.2640084528222,1.48958984731498,-0.384445430345785,-0.445620962998074,0.708670776598691,0.323408909911517,1.07717072985689,-0.527379202274867,0.563065081689463,0.0605715142268956,0.104466665708864,-0.360394353119771,-0.276641358827525,-0.857543050299116,0.433240729641625,0.0188709238701569,0.955978597116174,-0.464515729065196,0.247396457112647,0.313835304295433,0.175997938242568,-0.492122915856547,-0.000815623770511991,0.29204831008219,0.341194127769727,0.236026904685755,0.223468935913443,-0.000760328868914444,-0.000308492811408568,0.000785541569505345,-0.000295752325936807,0.000277245377801917,-0.000400029864105226,0.000232663480754656,0.000116455737470948,1.0370706753285e-14,-8.11273689883685e-16,3.58159665731035e-16,3.15746651157553e-17,-2.04978327994137e-16,6.08921347219796e-16,-5.89328561476732e-16,8.47993282773011e-17,-1.17495908811819e-16,"Bats DR"
"AY854594",4.18466094223115,-5.5068057911906,-0.000662665605893879,-1.54450111257247,0.450587779473996,0.336229315954224,-2.24865913845596,-0.469713753633347,-1.73428658130014,-0.420140840641465,-0.526851051742445,0.114005042894248,-0.845334321437483,0.0272537306368704,0.837457630230064,-0.200531933610263,-0.328118803241635,0.619367471747474,-0.0498941223445817,0.975126647283973,-0.948397518133027,0.118461875070946,-0.530120084697683,0.494520943756019,-0.155266499922282,0.193480292328939,-0.401889895019443,0.272131600809611,-0.0904121721529851,0.481147899383151,-0.215026459310844,0.2787570015607,0.188566445552443,0.270843876676286,-0.664100785799963,-0.224871284833003,-0.112760393664108,0.283919492070105,0.118976939093884,0.19456674577161,-0.00144010317915322,-0.00032783124670119,0.000203567841429895,-0.00013116953319816,0.000602076621990722,-0.000358676518830403,-0.000233109062241856,4.90926668621855e-05,1.03013178142459e-14,-7.07190281325077e-16,2.50927583434875e-17,5.31175026197076e-16,1.70662769308947e-17,3.26161420635577e-16,-6.7476369266859e-16,-3.03778730341504e-16,-3.88112771064201e-16,"Bats DR"
"AY877433",2.84769625763149,-5.60530617090388,0.370427843150525,-0.0951168483870192,-1.79540900696439,-0.41582961588383,-1.94898662405364,-0.345242453095085,-1.00646767178564,0.151368398198928,-0.303842506671529,-1.08680257824381,3.18723521861469,-2.89427081387495,-0.586417788913819,-1.5622435270355,0.0757519390809639,-1.20294519334834,-0.999444559257682,1.09763898775038,-0.0560173711710193,-0.146671907862318,-1.36673274147421,0.778899591494557,-0.947729087482358,0.263809364012671,0.00253726393298507,-0.263002792415325,0.804235122813501,-0.0205034029239385,-0.965458965839331,-0.216505134971446,0.758133368839,-0.582501345217359,0.0574174243855007,-0.126995641749268,-0.357303403128833,0.222047474015807,-0.359008015624236,-0.308267384603748,0.00160753589546508,0.00105726188051227,0.000242625603251381,-0.000666094357313165,0.00121221261036703,-0.000609125404027835,-4.31929399610215e-05,-0.00140490925403702,1.07535073357641e-14,-2.38964222808989e-16,-7.82934464011983e-16,3.12636270249451e-16,-7.8291813986282e-17,2.64664354054424e-16,2.27526367696407e-16,-1.38735202300211e-15,3.8196433518565e-16,"Bats DR"
"AY877434",3.47017158163405,-4.590212198989,-0.717409222048248,-2.38005373263132,-0.192256961103063,0.458408637074272,-2.43147111145777,-0.611283469370621,-1.16499198562721,0.746554762956818,0.0855209996323886,0.973547578512711,-0.78704808379863,-1.45430208261908,1.07254049388838,0.61886432485675,0.313487303130611,1.57066051418423,0.0353016248170312,0.911862298359872,1.62719200646471,-0.392375117579983,0.314573769286201,-0.564605092630134,0.165774251890795,0.0619696363994284,0.721826027479606,0.269448079828175,-0.121493548387174,0.187529685903817,0.373508786944648,0.484219839718056,-0.317265314961862,-0.146335666113616,0.387906227101143,0.00956812846684045,-0.00184736273061177,0.0277464074055993,-0.499299379681918,0.0676333731569688,-0.00249475504353144,-0.00331201921991704,-0.00200964234228286,-0.000857801078731169,0.00144138020805668,0.000578374338272666,0.000613128554967253,0.000249469049897201,1.05859032086137e-14,-6.96245476373769e-16,5.8141326293688e-16,-4.5157643119887e-17,-8.20870054664094e-16,5.47481805021998e-16,-4.04061382754299e-16,-7.98835120708211e-16,-1.26497779532977e-15,"Bats DR"
"AY877435",3.09857753771169,-5.40843736670775,-0.398369227091321,-1.80879829396567,-0.756290959542739,-0.394210561795448,-1.96254844809342,-0.896156036832702,-1.23849526173862,-0.265850188546088,1.14998282118907,2.05814745164828,-1.82570739608423,-0.58453362807093,0.371351534666302,0.530158206853514,1.61255219670831,0.53506300148651,0.509392144979918,-0.307975559805207,0.507277352293359,-0.0278355466762756,-0.185234169228338,-0.135197201691115,0.805931332063555,-0.270828310386145,0.096358818953665,-0.104591577987956,-0.0679252707355437,0.127225321384634,0.532123778664192,0.705252803017516,-0.17912586836371,0.584686685013278,0.353712403680095,-0.294382096417443,0.00626614857180769,0.0900235526078392,0.0988353501128095,-0.351688780278788,-0.0018936514606101,0.000316422389099092,-0.000100988794914169,-0.00090575701049788,0.000274328760126018,-0.000114560193497549,0.000648124457171442,1.84593016343021e-05,1.09253948199716e-14,-1.25525218097332e-16,6.55919308985362e-16,3.8086624292615e-16,-3.25508894405797e-16,-1.50187314097147e-16,-2.00868869688719e-16,-4.42445017473275e-16,-5.92529822675651e-16,"Bats DR"
"GU592648",2.42414660076061,-4.43425501195417,-1.08657538653567,-2.1782227349117,-1.51665086667341,0.159809607186685,-1.28777796097307,-0.24594840937289,0.412272293635488,-0.847656601389491,0.286289721498838,-0.92413300627176,0.151525576261771,0.164204033215562,-1.36967868687272,0.446245736663615,-0.281991218203454,0.254456847731737,-1.40083659266281,0.193820150117174,-0.842379688832591,-0.698596306303794,0.753269343901688,-0.85195962281967,0.0286326022689236,0.279701344167747,-0.278358728005455,-0.0384851399308819,0.221517321043507,0.101278631475946,-0.116025034677439,-0.0977241883670859,0.0211636272691796,-0.111755971909342,0.295572495818558,-0.219734769563721,-0.116459997008392,-0.0709156523759851,-0.0612388604657168,0.244213101121073,0.00218387167570368,-0.000475793737799594,-0.00244787463372239,-0.00115015459936525,0.000225228378499418,-0.000402731007178699,3.80096040252755e-05,-7.02270465187255e-05,1.16379582340516e-14,9.97971037966391e-16,8.60528526453785e-17,8.4068694494329e-17,-8.7106152166747e-17,1.72946301003185e-16,-3.65759647081944e-16,-6.18973912707867e-17,9.22078334075602e-17,"Bats DR"
"KF656696",3.80056486148945,-4.93706683262057,-0.0657441818388726,-2.41460009965868,1.05718875798947,-0.287540706685205,-2.40430384683367,-1.10253135125201,-1.69029970753801,-0.773542725400114,0.783871965181387,-0.518032613181095,-1.44846286984901,0.604408790984007,0.66655318151965,-0.30438956030009,-0.356668806729504,0.124316257820718,-0.416733157831199,0.682093237892852,-0.658914391221633,-0.479559467917917,-0.338739195075161,0.409111899945405,0.202661741796226,-0.0648860388287991,0.543254531486959,0.120252918253428,-0.614113091024972,0.398735107228437,0.241284397590112,0.136857969751639,0.415264306511268,0.562644196558287,-0.556958527535588,-0.146854074141886,0.184743592345478,0.17518403912257,0.000699499118776247,0.346297186758739,0.00301099022915308,-0.000119936691849026,-0.00246578944864794,-7.65410865653845e-05,4.03666226170933e-06,-0.000806704226318683,-0.000543299963453838,-5.6854636230847e-06,1.03013178142459e-14,-7.07190281325077e-16,2.50927583434875e-17,8.08730782353365e-16,-3.16000630456652e-16,5.48206025560608e-16,-8.62987789349596e-18,1.95821630739817e-16,-5.50458636766543e-17,"Bats DR"
"KF864234",3.6781419452354,-4.69356455416125,-0.719671878656218,-2.46885804945194,-1.64454484476493,-0.600786642968282,-2.01143080594075,-0.440969069553285,-0.906794899741071,0.179331523412899,0.027623755784457,1.4634025759185,0.0639153066462024,-1.00960199234589,0.192807598854566,-0.155424898656846,-0.346219388894537,0.00832725722667196,0.640657774588909,-0.445736399994132,-0.786902334199168,-1.20247306558086,-0.423572096152939,-0.315683099949175,-0.113235409043527,0.288401355695118,-0.788863516826721,0.695667039842951,0.200974021200571,-1.07769946060148,0.174483911495004,0.643556486163463,0.362302130181242,-0.221266151093806,0.0907655925681515,0.137628215616797,0.272106023241095,-0.061805411745771,0.309263357161014,0.0812831751378499,-0.0025063134067768,0.00219480707288974,0.00263239312616684,-0.00063764911192498,0.000372686644597977,-0.00121855685156606,9.87766250047327e-05,-0.000156025096529977,1.07431145752853e-14,3.40125592622531e-16,-8.11045171795294e-17,5.88330872453577e-16,-7.07413257689229e-17,4.38255185026218e-16,-9.27118134732719e-16,1.20852020800577e-16,-1.88907477369681e-16,"Bats DR"
"KF864322",3.38274924570692,-4.43405734302795,-0.723828092251468,-1.76843070373723,-1.17657611731408,-0.883584577119912,-1.55516653437248,-0.630785776968616,-0.363892434485034,0.219035757366466,-0.21295521562616,2.18278906730608,0.82450291690494,-0.485500155027182,-0.242246295009148,0.0686857899744301,0.0202360825256946,-0.680287205163016,0.923226899031223,-0.502232514756343,-0.145149487871526,-0.789869692299308,0.180692249319715,-0.53576650156103,0.331281162504614,0.0540740372698319,-0.3370800429542,0.422948620534832,-0.00137488102272969,-1.03843453307339,-0.464160585854718,0.921796185579041,0.310155533270628,-0.234665073338554,0.108173403773553,0.139344074094661,0.0852642540686732,-0.0342413925568606,0.000752792021856241,-0.162978684187958,-0.00345976716593465,0.00147493626483275,0.00282173025722216,-0.000690849159845206,0.000245271312663749,0.000318275635818723,0.000197449420191889,7.70261938599606e-05,1.0807449295632e-14,4.22764772797443e-16,1.9085092388604e-16,2.08467554418e-16,-2.90924983372716e-16,9.04861375014802e-17,-8.93187046061137e-16,3.38105372751691e-16,-4.86572158346954e-17,"Bats DR"
"KF864397",3.8386624031664,-5.88434237811642,0.903641315387684,-3.26291048139719,-1.48879608550329,-0.790434624926613,-1.05470830799161,0.0581247249397043,0.0772329688461366,-0.942485426456287,0.626215189098534,2.53861823221938,0.652003827505814,0.051802402559076,1.50903253133685,-1.37250205188987,1.84436305582419,0.16342518399863,-0.0732517726191612,1.07983909816008,-0.504889298463431,0.0694784890011314,0.318175056453003,0.0130986614697978,0.746433192171929,-0.20062824692122,-0.0111144316643607,0.98902988609505,-0.202223358513683,0.672680646262281,-0.845574069767515,0.214197414114787,-0.203913181593446,-0.654325247307712,-0.346260494595328,0.747145822234603,-0.126276441638728,0.234555894685742,0.0490342317372335,-0.413315283993629,-0.000224914534288253,0.00130513320129709,-0.000848664490265897,-0.001604704535033,0.00112584190036494,0.00164813001960403,-0.0011187468879901,0.000143883871942094,1.05803839363299e-14,7.8278309995922e-16,8.2499633781213e-16,1.04781133189864e-17,-4.42661035433012e-16,2.26249862194067e-16,-7.31552767930908e-16,-2.22700665409505e-16,-5.02995169248708e-16,"Bats DR"
"KM594040",3.01889496787758,-5.46732543787205,-0.898787850723266,-1.67403200592145,-0.611212646567404,1.29561771150079,-0.92766138051816,-0.311313790623197,-0.489709871883791,0.0469488892701972,0.0450499158547374,1.04406179549794,-0.838373329613019,-1.98510737847852,-1.12053565520127,0.232188217795061,-1.52685979952094,0.0256402190781734,0.600627927770179,0.298410993075878,-1.34574727035212,-0.273608350876915,0.780378444767345,-0.036121401023799,0.557552746950555,0.106062256362604,-0.424625921273762,-0.99272407637352,1.21834806484814,-0.0937403152461749,-0.119892808438713,0.286491994803519,-0.309223163519587,0.0926616493203851,-0.352692049679818,-0.360368016375306,-0.181520875681916,-0.0558807957564898,-0.0527930350177001,-0.350586639553732,-0.003220938245864,-0.00232555972838557,-0.000388738994970089,-0.000836763668673498,0.000187191318606644,0.000430612807511925,0.000326019925779601,0.000484120539007768,1.12359734719197e-14,3.19436909078838e-16,6.89373057162208e-16,1.59760321353331e-16,-3.23930827101644e-16,9.20584358053653e-16,-6.14218210922463e-16,-7.6291675467548e-16,-8.30394427284054e-16,"Bats DR"
"KM594041",3.69378766061504,-4.74744280831468,-0.212210968208156,-1.82688487433222,-0.752352953191276,-2.42020061780272,-2.77533698396071,-0.779213000902409,3.35539390135314,-1.87221927386203,0.90059326435586,0.824855641715532,1.3668523584866,0.522064104628627,0.157845158249923,1.26091344845069,0.378502617331085,0.094778075521295,-0.271899515821221,-1.72875891749853,-0.435341110376885,0.164688446101544,0.032384337712554,0.789709074493901,-0.231502491994117,0.661212244588007,-0.0729807603399628,0.364958635791957,0.382234261869271,0.113101553892482,0.00285902156004158,-0.589046030845587,0.15607652734309,0.00532274803935464,0.525418296855652,-0.315202884332117,-0.337034247272765,-0.186464425790458,0.241889546212416,-0.294650128584148,-0.00286108738147775,-0.000427862081281014,-0.000613062674169258,-0.000283813643656612,0.000374328721028603,0.0011013964568481,8.5998886613605e-06,-0.000104918807733818,1.06237321218953e-14,2.8498519136596e-16,-7.62623144276406e-16,-2.19307605044347e-17,-7.43874329041194e-17,-5.12811860462678e-16,-2.37459816639532e-16,2.92399912636756e-16,1.69474210136976e-17,"Bats DR"
"KM594042",2.56697265406788,-5.07218779779597,-0.500982641340795,-2.02347960166723,-0.941164465574994,0.964912182976973,-1.48875698141102,-0.277942251081831,-0.28618969588409,1.15037611497905,0.77100995683226,-0.0757176208472346,-0.734046974540447,-1.7973574046428,-1.34950248980282,0.506646263404944,-1.40031701978471,-1.02803635596932,-0.418751349786115,0.667602941217302,-1.75168592127907,-0.0115161086929122,0.200995741885422,0.00999424503501792,0.146039068275774,0.508637152573253,-0.0440540328128337,-1.16841703406581,1.00585180584832,-0.0169139798972204,0.184009721014218,0.416662891755049,-0.427934324495419,0.0456906381703518,-0.216690422852492,0.00860404567292607,-0.256001835006442,0.0309765221214778,0.100770697492932,-0.115695584369274,0.00250557849345173,-0.00241827815386997,0.0022956965877574,0.0004602761572827,-0.000446033802087066,-0.000402005393089018,-0.000219083864097744,0.000357220058629183,1.09715838841807e-14,3.97367702009833e-16,2.70957285025241e-16,2.92709792493262e-16,-1.65186147342741e-16,1.16479403968403e-15,-9.79613053804755e-19,-4.66447446895869e-16,-8.41788240361846e-16,"Bats DR"
"KP202393",3.75521124541135,-5.34404002631767,0.00983592816679609,-1.2923963823197,-0.0157436188762514,-0.39059127591655,-2.53093302028685,-0.584575193137642,-0.977536982365543,0.0228071921392908,0.866830766382285,1.91272380291445,-2.19933835459289,-1.78402787365846,0.716174766141146,-0.275123332476398,1.84374198809451,0.611220255007038,-0.557558652217352,-0.594721590038488,0.475067485523504,-0.1688459121278,0.0318456714646216,-0.583594239572757,0.547638653904748,-0.281650820805852,0.411465183728925,0.175255035775725,0.544307040479708,-0.0350942744758827,0.4852601798398,0.726346448333032,-0.0558469434078723,0.460412914453668,0.375351174573827,0.0364843740915432,-0.0142758147524984,0.150546294442621,-0.23278995591056,-0.0170077361976106,0.00316497849243147,0.00110757176756208,-5.9075534725286e-05,0.00113800452344242,-0.000732333040511201,-0.000686942772525205,-0.00129934188581795,-8.32528102595236e-05,1.09134508437174e-14,-6.43159597293715e-16,6.02951732887099e-16,1.04781133189864e-17,-4.35722141529105e-16,3.89313868935886e-16,6.33240926793845e-16,4.1567757374996e-16,-2.87889458227584e-16,"Bats DR"
"KT023101",3.56528032624318,-4.88429713093668,-0.975028233985393,-2.56080514457269,-0.250817800984982,-1.59023021909836,-2.78529252510804,-2.21900167757978,3.06613037851976,-2.05567028262063,1.74999354938671,0.81643493700561,1.69553070339308,1.08944424468615,0.651988625326907,1.79433719214059,-0.543799988589357,0.112702481079634,0.0483692471216563,-1.55459249337183,-0.509013743979646,0.91008063023334,-1.27987636160449,0.52222370532733,-0.123915774607124,0.598282216789017,-0.369152391557328,-0.172725840673259,-0.253877603497442,-0.150093886724869,0.561787617204128,0.0461139721225426,-0.00130826159812852,-0.0984053759490396,0.884511202700602,0.037786181782551,0.0603736014364421,-0.249902500806237,-0.277213340537544,-0.211472665578112,0.00276217415607396,-0.00126486216824282,-0.000648896869078798,0.000774655978967688,0.000794984040641576,-0.00170404401598601,-0.000694875403708885,-5.50628532291216e-05,9.62098369899469e-15,4.51627619673055e-16,-5.81417911813697e-16,-4.06763324753163e-16,-1.80454702751104e-16,-2.72026762929422e-16,-1.18786477527976e-16,-1.41726170981114e-16,5.00083418239263e-16,"Bats DR"
"MN968374",3.25240571488782,-4.53200956717573,-0.316983799392293,-1.96093912714929,1.76597561051315,0.892761140976889,-3.09603512798805,0.82910551091035,-2.62263910986959,1.49526754260816,-1.92536101777748,-0.998310154805919,-1.22830742142822,1.24253069525415,0.168934106420066,0.413833944710615,-0.468108480660159,-0.439841324200982,-0.226374003806618,-0.000947184792799786,0.640364703966433,0.659114681113626,0.23942839672935,0.856460284426814,-0.0289603042301934,-0.360799748959504,-0.138606813519097,-0.233770016124485,-0.278826969788139,-0.306032905044032,-0.349704952178211,0.156718198418199,-0.0536464537435316,0.435080972796444,0.277589970133024,-0.291680336855011,-0.303939104132225,-0.172172853065716,-0.00101229517576302,0.0275500948719019,-0.0026078376871943,-0.000226979049932341,-0.000306588759795862,-6.67646461114686e-05,-0.00011373925041399,-4.60032946993286e-05,-0.000167781795029655,-0.000398575937755891,1.05788735704022e-14,-8.49437606355175e-16,-2.52462997812802e-16,1.98108118809529e-16,-4.75595190246518e-16,5.75961601176237e-16,1.83057066201941e-16,-2.48267579110246e-16,2.01693210767913e-16,"Bats DR"
"MN968375",3.21193473259833,-4.37376657343417,-0.313296849308272,-2.06137615376645,1.59480720947318,1.09157638013715,-3.15435476975154,0.860315245543884,-2.83152945580925,1.58234979559767,-1.82192974477729,-1.06756062431605,-1.4255518477655,1.10712007002366,0.128537452610385,0.349206662278948,-0.278133131126586,-0.221280945427343,-0.0069468732546178,0.0659225373302964,0.406068429604878,0.327639967508228,0.0955433067829123,0.843555598520616,0.0475393181600045,-0.160816094649043,-0.215486463504145,-0.169074055666325,-0.206059459023463,-0.348850450135401,-0.257204075974634,0.205755761510951,0.0677552982836114,0.389878113040829,0.202065387115261,-0.185400106105932,-0.207398735187125,-0.309928201002787,-0.0475624707281479,0.0537494888348252,-0.00260676778790828,-0.000192694264961646,-0.00037696354114511,-7.1239215717835e-05,-0.000327401455035036,0.00129951089822918,-0.000299243411527008,-0.000376386004623702,1.07454070240959e-14,-5.16370698967628e-16,-3.63485300275317e-16,4.2015272373456e-16,-2.53550585321487e-16,6.86983903638753e-16,1.65236125081677e-17,-4.14801032804019e-16,9.06709083053975e-17,"Bats DR"
"MN968377",3.34507471137789,-4.12474735505331,-0.565372328068325,-1.95204926341776,1.22350331623151,0.607013886521548,-3.19566354136005,0.369640620393452,-3.01329697600552,1.81977449573545,-1.95447972967017,-0.955126391911496,-1.22750386852502,0.97059451388706,-0.0575426698354914,0.497504574581551,-0.233520789452961,-0.19021637074869,-0.296365148991304,-0.0299327563888112,0.538737246216023,0.292191744052507,-0.0471790337647898,0.799473005935295,0.099133694305604,-0.0642810962415786,-0.272012768557568,-0.0839100378363051,-0.217626274047002,-0.133703332549084,-0.0970094354946269,-0.0816204041243004,0.203040158435206,-0.0550519469659163,0.198831582030273,0.0408030134652225,-0.0367457313475673,-0.0573711369438041,0.0394149596246231,0.0430548644586649,-0.0024383210139479,-9.50253399477448e-05,-0.000410504378452358,4.38243808867262e-05,-3.86603858946944e-05,0.00110879827585027,-0.000218193920629297,-0.000459405344556999,1.08286737509428e-14,-4.46981759928556e-16,-3.07974149044059e-16,4.75663874965818e-16,-2.60489479225394e-16,7.13004755778405e-16,1.31449042791631e-16,-3.8704545718839e-16,4.20986509780469e-17,"Bats DR"
"MN968386",3.12269793480868,-4.05180593738114,-0.282956180281646,-1.97127971857039,1.30931592485939,0.335815106243732,-3.06780101342199,0.550010120262053,-3.09370827508999,2.02436764553993,-1.84402390503853,-0.856130957774513,-0.994568766216952,1.11589157377169,-0.348566416649156,0.531214489591864,0.219695595778062,-0.141765369878394,0.00347686739295432,-0.233824418004995,0.73142896327935,0.302513507692645,0.00125466563790839,0.657455873792165,-0.0316049462822284,-0.0471116738700763,-0.397788325724965,0.00485663669128589,-0.418890655485669,-0.1376176080889,-0.303576027455217,-0.126856870827263,0.127418477142257,-0.0343977803551623,0.106285500003068,-0.0135034231504763,-0.0218029824420364,-0.0967307219270941,0.0637824290078657,-0.00426281989899327,-0.0026492487697015,0.000125166310332753,-0.000300745823505918,1.54724096768504e-05,-5.60519137848204e-05,0.000991685054971753,-0.00020942123108927,-0.000518743377348764,1.08841849021741e-14,-5.02492911159814e-16,-3.07974149044059e-16,4.75663874965818e-16,-2.60489479225394e-16,4.35448999622116e-16,2.04267403291156e-17,-2.76023154725875e-16,9.76098022093047e-17,"Bats DR"
"MT891038",3.12633063286677,-5.66581281838358,-0.497412022126381,-0.568229535859078,-1.29518284785614,-0.453765494081824,-2.66247453749271,-1.6677346496666,0.675914469450839,-1.17466034452213,-0.107569386869985,0.457001988960259,0.618593180790027,-0.153874567077311,0.53744256966343,0.451650855994158,-1.03333197782885,-0.0287858534238114,1.35843893978099,-1.94516093293201,-0.420452188367213,-1.09946584069779,-0.807761292572299,0.227366141116345,0.751404329938779,-0.141107982663877,0.293948810268813,-0.499826857573166,0.544866533839435,-0.150262013591724,0.261085539326852,0.263036857664429,-0.536484673752068,-0.394856049551597,-0.997214480209257,-0.212744614651606,0.10613786119467,0.783131338492385,0.186714791352025,0.231956843222074,0.00272168558664592,-8.83626274471127e-05,-0.000920528917009815,0.000103306745191825,-0.000159482847308049,6.38860200822328e-05,-0.000759343276048597,-0.000168826145652386,1.08403703357359e-14,3.83376899843895e-16,7.90105836221742e-17,7.79809048781415e-16,6.31813091957682e-16,4.20371299614724e-16,-7.45155821538776e-16,-1.43437997616623e-16,4.56400817888635e-16,"Bats DR"
"MW249020",2.60243910630607,-5.06168625872751,0.155245040048648,-1.82091516864047,-1.00544335867851,-0.42987888382751,-2.1107558990483,-0.642064212960625,0.246915303293278,1.0611613264862,0.807327408548826,-0.234952622596643,-0.31157162124514,-0.257388982758675,0.836672579751645,1.12861929588834,0.319158919176141,-0.796227005804159,1.90833713676763,-1.92147576321121,0.273653778854675,-1.46549214039538,-0.00537470167859546,-0.517969995677607,-0.499905860214153,0.710249355317225,0.119576490590831,-0.698647581409352,-0.243881432316409,-0.232682270857274,-0.165615999563593,-0.19457406500925,-0.508293988701941,-0.411094734558084,-0.671411079922361,0.0199661697795329,0.275359552786036,-0.21059624325281,-0.336610199125017,0.226934843594855,0.00127293932982134,-0.00201366188890499,0.000747161406584097,0.000154603693096407,-6.55286205999622e-05,-0.000672415583042857,0.000326793277726718,-0.000252247561867735,1.11733259973275e-14,6.35028583538588e-16,2.99177852829863e-17,1.99752813834772e-16,3.31714520657696e-16,-9.25237467091552e-16,-8.25203130519081e-16,-3.23237189049485e-16,5.81309745964021e-16,"Bats DR"
"MW579786",3.02979608910674,-4.10253375402838,-0.936763683681725,-2.41075266727082,-0.343535500630501,0.437362593939127,-1.06944902609117,-0.859396950756146,1.05353240076179,-0.559291842938566,-0.14034971582708,-0.34534544565109,0.46172325224428,0.288554022899447,-0.661428660060621,0.374986307625063,-0.171673223697481,0.901391579706364,-0.93732387644998,0.176546089702294,-0.372860841323995,-0.816626518632055,1.46627548070667,-0.692929634401856,0.215607272810406,0.276014381577524,-0.379200583524413,0.821073579635337,0.135976343798776,-0.200741899399696,-0.674668464624746,0.0383531258314792,-0.0632152435788502,0.447808696273991,-0.194945465508169,-0.304375804266422,0.31235524753693,-0.00300490078257433,-0.0106631709703695,0.257254037968956,0.00270883414564328,-0.000113726365238112,-0.0023381077615928,-0.0012328189504244,9.59490483261978e-07,-0.000191614731122817,0.000251176288481611,0.000101694978727404,1.1569280914403e-14,6.70240064494736e-16,7.82024380938634e-16,-3.26436532801891e-16,-5.44223269793661e-16,8.30792826880746e-16,-2.85108854559879e-16,1.14043438419356e-15,-2.12984437849777e-17,"Bats DR"
"MW579820",2.97999487157185,-4.5935747647994,-0.376259975616288,-2.67935326499459,-0.546736158032708,0.65937713223135,-1.28724400128554,0.362823645609081,1.87509138314827,-1.3181371128746,0.297768931294807,-0.238886129214557,-0.088984439925624,0.794153744678008,-0.361362830215184,0.241436725576854,-0.617274357367652,0.666033486379198,-0.492921820443053,0.0311638625896955,-0.0984444572951243,-0.702790314181853,1.12939258093386,-1.10659868025328,-0.373912258354865,-0.139818811120346,-0.190125752413579,-0.0889597053817361,-0.0667693909532125,0.1414514848925,-0.785709606794062,0.0751107964670503,-0.155253361180745,0.265399710023166,0.214377771880763,-0.361905427956797,0.210113429441501,-0.274979193532321,-0.0194463705176121,0.134142364916967,0.00208312638053718,-0.000337822070284727,-0.00180621810217121,-0.00155970568277511,-0.000152924948018193,-0.000209327120892937,0.000351571209563579,-1.02195498737009e-05,1.11383578729702e-14,4.91431782981163e-16,3.0809745757041e-16,-5.26553969049507e-16,-4.96500892497274e-16,6.9162862032025e-16,-3.1068217671968e-16,2.15658364885502e-16,5.57113724969344e-16,"Bats DR"
"MW579824",3.70688083972508,-4.79867945732684,-0.227158060029695,-2.58486207569911,-1.8332728121511,1.08621291843328,-0.507861106695201,0.271732949694969,-0.787319711831351,-0.311633627753071,1.15805319394268,1.15497093387949,1.76741792909763,0.328091467747232,1.39561144875562,0.806348603598322,-1.16086490558851,-1.08401299883763,-0.248784268769854,1.75602827641486,-1.91341875976881,0.394766771791903,-0.470251399065643,0.105776692218855,-0.97319430695949,-0.444751140005909,-0.485016836152311,0.292683168242267,0.555276475514908,-0.219704739984677,-0.376913134476452,-0.202715530123552,-0.0706088150181538,-0.0227408599794982,-0.00119877650916896,0.291902871061728,-0.0966759695348124,-0.00768365991859256,0.173999579914513,0.185343212046678,-0.000329997665571914,0.000831247108472396,-0.000416323283556751,-0.00194624292195013,0.0013270258928749,-0.000732174011144373,0.000856784339947121,-2.85583347172433e-05,1.00769807605102e-14,4.47678448133093e-16,-2.47637970873303e-16,5.32819721222319e-16,-7.02180671024481e-16,1.62434152345906e-16,-1.32003300204147e-15,-4.89770642743259e-16,-6.1911889941193e-16,"Bats DR"
"MW579833",2.82035517543279,-4.25774037760182,-0.947984524148893,-3.03647922461312,-0.524259452225557,0.370936698829522,-1.58261960793373,-0.264751240143421,1.25348759793054,-0.99140640904671,0.140449226579745,-0.136709019482878,0.0224908630894768,0.496818695145108,-0.380883393572863,0.330003449336606,0.0599901829767212,0.32768686452657,-1.01612781607062,0.415185005374499,0.408526638406703,-0.599704273326669,1.26490136314529,-0.745098950275032,-0.468831020973626,-0.208536871630491,-0.450263603879282,0.172257834307555,0.0190843238981429,-0.254463027836028,-0.452439513236758,0.015940095488896,-0.315440856441776,-0.0524809465005965,0.497898002023921,-0.198806670764308,0.125357695407882,-0.163159092644954,-0.0778834678048974,-0.00227371431094117,0.00268867428884379,-0.00068097377777776,-0.00188428800418287,-0.00115161291309623,-4.54143705398725e-05,-0.000364292548372272,0.000310807857912927,-8.063852883506e-05,1.09440688436608e-14,6.78781918386658e-16,4.19119760032925e-16,-5.26553969049507e-16,-7.46301073037934e-16,4.97339591010848e-16,-1.38944552597977e-16,4.37702969810534e-16,1.6853566635054e-16,"Bats DR"
"PQ379829",3.56132360667355,-4.60437281061735,0.0133308115778012,-0.886940509225408,1.48888975401029,0.349065798616069,-3.78606046825789,0.691955227585074,-1.39712482492878,0.617518047656617,-1.87893510061431,-0.172667454199896,-1.56716211006305,0.362973382090974,-1.26130910515362,0.129557834747745,-0.50493121569994,0.135201682332431,-1.30269484189185,-0.634904425572309,0.633796134311076,0.538658196792058,-0.583762985065363,0.279583047385707,0.158653352933989,-0.212346579204436,-0.225341219293868,-0.0418004125436708,-0.695197774650782,-0.272979783952153,-0.26404618868604,0.376053851096113,0.158564013035953,-0.257799884548622,-0.630957555609064,0.00949874694573498,0.558587333873593,-0.0879639837846482,0.00481019458027558,-0.30246379968869,0.00204116848437005,0.000112594796496402,0.0012668864176088,-1.81606476375614e-05,0.000452016161099057,-0.000566935351095773,-0.000296507192070552,0.00107742055848252,1.03290733898615e-14,-1.19985174850249e-15,-1.96951846581544e-16,8.70858163470131e-17,5.3054442582003e-16,8.01475653053222e-16,3.73402942198894e-17,4.45621811280477e-16,5.55576799867182e-16,"Bats DR"
"PQ379831",3.28659831108174,-5.80179324922605,-0.205554417803495,-0.7743917139514,-0.300431377059843,0.393886505703147,0.213645137506589,0.125184839803899,-0.65871073305645,1.89428028152017,3.15366356355084,0.732756759056806,1.46146039062776,-2.29328664821524,-0.55872899166999,-2.4477334763631,0.0093258657418107,-0.795169488130967,-1.91406525649725,1.16709667041902,0.607802052434907,0.333242037722629,-1.67379197435027,-0.429550176193447,-0.120575740780372,0.392846680316102,-0.262553255049245,-0.843053871573377,-0.0428243159605932,-0.891615339924877,0.0685444876994173,-0.927372841786757,-0.754232818179263,-0.197454150256067,-0.133685159567344,-0.743257806482292,0.280048843313122,-0.43532270949532,0.956367567429169,0.124919463208251,0.00106234381993112,-7.7155450163681e-05,-0.000889241865500795,0.000608621841595085,0.00232642978641565,0.000471586313918549,-0.000693308533212343,-7.593179373456e-05,1.08682902919962e-14,1.13418245385676e-15,1.15674533064586e-16,7.38847156740848e-16,2.24468200680899e-16,-5.64730159518417e-17,-3.57782690199557e-16,-1.28848946868542e-15,-8.50326585579333e-16,"Bats DR"
"PQ379832",3.85859709957186,-4.84618272621269,-0.815418311578627,-1.61261776471697,0.250266452121389,-0.123126827799063,-2.39520351449739,0.515595002693768,-2.09696600797055,0.650433150119985,-1.84240335725636,0.882947105879952,-2.68592220474819,0.630857574357786,1.1604586026062,0.835311262041855,-0.656050500974273,0.600174882908738,-0.77332016139963,-0.767339577274958,-0.031001170408891,1.318903723983,-0.367920395444641,-0.0353792526204491,-0.476071987293031,-0.436288627776176,-0.0775645887963599,-0.309903654686364,-0.351177267418027,0.275565375305263,0.396960227824591,0.321722918654406,-0.311651830655565,-0.305698910427012,0.293669826293684,0.165380425774705,0.0191151044969466,-0.0392986114872679,0.0198409218577034,-0.0123260659055976,-0.00142273477513992,0.000867769878834147,-0.00109471091242246,-0.000362930947328194,0.000399721429797294,-0.000932503266139689,0.000170737228824166,-0.000652748332640167,9.81513130476723e-15,-3.0002659858257e-16,-3.36869708958745e-16,2.19904379343437e-16,-3.52078517252529e-16,1.33080262841451e-16,-4.67712702139514e-16,-4.242785575689e-16,-3.23028345462717e-17,"Bats DR"
"PQ379834",3.80044913872027,-4.10133031172425,-1.07763396228023,-2.0011593647457,1.80345874132209,0.920467765635718,-2.63294093624184,1.05104493405199,-3.42109361604958,0.410547039136599,-2.64012564930784,-0.576817749786311,-1.78865844621461,1.09302086769092,0.312001460662977,0.172572675059804,-0.90872076922171,-0.333363995831314,-0.233677311001008,0.317849485702889,0.336216241440251,0.620727472459916,0.0683406591573425,0.567298576178979,-0.107760113609216,-0.193859066387552,-0.661427396688315,-0.159406478449714,0.356082524574454,-0.145567543549527,0.129176212422255,0.205720203019277,0.00548322970370917,0.107893422534675,0.180502388439343,-0.177507638875561,0.141724911872495,-0.0523207563713692,0.138515310364183,0.0739922747700977,-0.00162161713603249,-0.000391371027648332,-0.000791586152246608,-0.000288647661946338,0.00022531031519938,0.000199625327076515,1.15632628937303e-05,-0.000330775419521529,9.91273975562708e-15,-3.49837245273854e-16,-1.41440695350286e-16,2.53619270040787e-16,-3.92328463399632e-16,2.15139118173061e-16,-5.21240665044642e-16,-2.48267579110246e-16,-1.86884847850892e-16,"Bats DR"
"PQ379836",2.99822228718112,-3.87702202392259,-0.18836726098463,-1.52871035195822,1.70370157994168,0.824771585595052,-3.49666036901694,0.235231776846363,-1.78741884548503,1.7692576158143,-0.990312949042603,-0.691360112495529,0.0736670428455376,1.80364127044662,0.192054528441929,-0.366844952238475,-0.366686169692304,-0.375193893870438,-0.286264744634439,0.999119061177485,-0.66332431538859,0.775449556371571,-0.153033827730053,0.77616258848821,0.538320099080153,-0.309713388942086,-0.215799269668113,0.611787535026487,-0.314016286050773,0.0315785199586351,0.175457946979445,-0.640307198497669,0.446488856239686,-0.764875248112064,-0.533176057617821,-0.171100756872959,0.257792025768011,0.0469948176997522,0.207329045673239,-0.256838172317709,0.00250338050949068,0.00122211152026151,0.000620800411477279,0.000716817899386509,0.000208868176380075,-0.00063098291547005,-0.000138040528413541,0.00127867198186362,1.03159072214443e-14,-4.0001246258922e-16,3.32486228017939e-16,1.76180950132114e-16,-5.14727820772143e-17,1.3535040468962e-15,3.94245800291261e-16,-1.56158828271052e-16,1.78392554326169e-16,"Bats DR"
"PQ379849",4.29690047586875,-4.57274652668492,0.85411415374837,-2.16606127959863,0.747092820724886,-0.839528119843964,-2.5136349691869,-0.967864223122758,0.0979483597689907,0.963281092564883,1.03391845734642,-0.656419229326171,-1.51997869916199,-1.68112990086695,1.77355673701702,0.447096227767743,-0.069446928717408,1.4144429472327,1.07730400339413,0.534382620486964,1.23863286093931,0.404039397843395,0.64054186755717,0.120477681738563,0.330470803365568,1.01942965690051,0.567683008289004,-0.138025605570603,-0.152011777554862,0.50248921173371,-0.752184799913431,-0.980108924132531,0.174785843474737,0.412460165874355,0.859669368790412,0.297637546185379,0.213942412453365,-0.142147014527663,-0.0218819496062127,0.031885862728494,0.00201576744574384,0.00159626827902307,0.00178587737834464,0.000582006797855121,-0.000782747944267648,-0.000220883445223465,0.000641343975058795,0.00031976288741109,1.06194246223122e-14,-1.24539350809848e-15,6.7236244277702e-16,-6.30911064693103e-16,-1.08555909030284e-15,9.28596927072647e-16,6.25812851106037e-16,-1.74579180198149e-16,2.36805823631237e-16,"Bats DR"
"PQ510120",3.920241479459,-5.26919118376199,-0.318718134972661,-3.72244895477716,-0.563512163538569,-0.524607475724576,-2.69871801510201,-2.22451832161682,0.105419281544014,0.0793151921406245,0.068011855006974,-0.276744227595954,-1.26792370421729,-0.84962035570728,0.668398192458812,0.00608522609149235,-1.2383460711308,2.36985304537823,1.73940297530547,0.790203728417417,0.497170610163709,0.749234779278987,0.114835509654924,0.0233625717722619,0.294488245654636,0.859509929664103,0.781899214247606,0.350576880513724,0.40605967904644,0.469892410412166,-0.48181749002916,-0.799132763050775,-0.067997221329304,0.467479765830048,0.0875729022441621,0.347814400208262,0.0808991774971128,-0.366509785619004,-0.368552050288763,0.109626832526382,0.00302354049299097,0.00339813247272747,0.000929043955208406,0.00142831629521654,-0.00116384554232872,-0.000752237178758751,0.000695287114165245,0.000307607548344239,1.01198242612309e-14,-1.30437410628169e-15,1.17250930464442e-16,-7.57995523805251e-17,-7.9412554633874e-16,3.1797426352881e-16,-1.51343266131573e-16,1.0297657595814e-16,2.64561399246865e-16,"Bats DR"
"PQ603086",3.28076247761647,-4.75606411960007,-0.373358798813888,-1.02238072955003,1.29435740063694,0.220449455823277,-3.97870362413724,0.362097389795141,-1.91459405307142,0.782769877782723,-1.80501074418323,-0.126099382996603,-1.54831236148712,0.328332120596668,-1.40170285822369,0.248320363029117,-0.172695727162425,-0.235020801993984,-1.48035162531088,-0.500399804749096,0.838883198104326,0.265949109441358,-0.478071936650155,0.400335203712863,0.137413347548111,-0.531551853816589,-0.436523801068941,-0.149273902012672,-0.558355133186432,-0.266789895146196,0.00846788548303431,0.175608292148519,0.168326515478012,-0.390599786929463,-0.463422805426259,-0.123815031439299,0.252029264709996,0.142932244005687,0.0285467049347656,-0.249538816501457,0.0022347540694376,-3.42635707459555e-06,0.00128939544728721,4.57513094933043e-05,0.000572625910580444,-0.000714693575833937,-0.000191413976721424,0.00104218054707651,1.05233624191709e-14,-9.36173780154015e-16,-1.41440695350286e-16,3.09130421272044e-16,4.19522123357514e-16,8.2402705824092e-16,2.42471345254147e-16,4.17866235664848e-16,3.47409982749965e-16,"Bats DR"
"PQ671599",3.61858066018377,-4.90069609736609,0.118309126481314,-1.76225718760914,-0.309795226246924,-2.8072990213406,-2.58208341366676,-0.86994624087603,3.52020947749735,-1.73640487484101,0.935313600792761,1.09521324609757,1.60731378746093,0.313388196816394,0.637182768457863,1.19568160613507,0.649114510507511,0.0596564836176821,-0.0124797576196536,-1.66224041424903,-0.97018655236338,0.601264061796186,0.319297578737615,0.638423975236624,-0.655082625501427,0.262372925418882,-0.0773374253798637,0.657201262361405,0.121684802416271,0.587002179906638,0.247168700762382,-0.439398752937355,0.179828710758331,0.555595220772516,0.176255956439865,-0.483501793177939,0.0932756971234732,-0.249581296351206,0.00233549784274166,-0.188530125666394,-0.00286556243981979,-0.000326590969140665,-0.000885567499380281,-0.000535526292395811,0.000179911892160522,0.000978565772362228,0.000464377275072643,-6.74490724556481e-05,1.11909866985397e-14,3.20547022623485e-16,-7.62623144276406e-16,-4.03569925219332e-16,-2.38318801383928e-16,-8.43351618964064e-17,-1.93725496440734e-17,4.41586131570761e-16,5.49507528138577e-16,"Bats DR"
"PQ671601",4.18131200622539,-5.26127193748656,-1.63760551562266,-2.00078103986251,-0.409798526911545,-2.94195604680362,-2.39475022836635,-1.05681127992363,3.6285352374693,-2.3188934678476,0.603836432039856,1.22811689324538,0.764422446524672,0.745496446547053,-0.799931006427504,1.27657063322772,0.0935681556059515,0.445732089711528,-0.910437303988653,-2.39667686626294,-0.551100281649961,0.302868035502627,-0.0825060313951858,0.953648477347283,-0.483919299180034,0.445151520583754,-0.143227138099012,0.401327795385873,0.540170025997963,0.0851261436067201,0.496156162721857,-0.532028848520853,0.697522466584468,0.205627496248062,0.113994093296812,0.0749215942905276,0.32154110312004,-0.260218794397524,0.278156061773237,-0.344872915455711,-0.00223005566523084,0.00145095709521941,-0.00076717892004629,0.000333269787763618,-0.000328461286035408,-0.000392564233445107,0.000186756401087669,-0.000357279165479842,1.02906652145077e-14,7.56829976831651e-16,-9.84667749201437e-16,-4.96863361200636e-17,-4.07454340291666e-16,9.78108030811583e-17,1.23362666363642e-16,9.30778151796221e-16,5.16547782095018e-16,"Bats DR"
"AF351849",2.61962094341678,-5.18307774352214,-1.47384819127078,-3.39518598344957,-0.625442430416881,0.766597642410238,2.73583707498286,0.14995394785918,0.0523084574601389,0.0715380061436214,-0.130855036188642,-0.484886608126546,0.425746965404403,-0.220038346167405,-0.218490382226467,-0.102507365207952,0.435708678833165,0.0232772350699349,-0.0858717071103968,-0.161058715911156,0.260003243856999,0.274625829370559,-0.154203083428181,0.0527406710962508,0.0488116363440631,-0.423490887287814,0.213558631201515,0.287678728736067,0.146527000573751,-0.0562621776778403,0.0244073973189173,-0.120881004370557,-0.204510606131931,-0.114483173938789,0.00589330761103116,0.0273326711626266,0.102373273247387,0.0802957889133836,-0.0611938169981758,-0.0269738821343129,-0.000854849339546829,0.000172992171729379,0.000216902938229681,4.97657553587896e-05,-0.000324621379776912,0.000594893824514535,0.000228644777620468,-1.68961515318702e-05,1.11125704008309e-14,1.49075128971323e-15,1.27178773354745e-16,3.51012209866448e-16,-8.88122008555384e-17,-2.18491322478003e-16,-1.84772128909813e-16,-1.87603209095791e-16,-2.86926140098673e-16,"Bats TB1"
"AF394876",2.82152388087054,-4.88388696243221,-1.36395544522376,-2.89127604843696,-0.615729539589967,0.959754505037498,2.23114499497087,-0.0304051991171802,-1.06785442969745,-1.50206697506082,-1.0746759872811,-1.16057102948219,-0.67169292319081,0.495613842385864,-0.0480301639588081,-0.905102520938852,0.407718884053803,-0.732934190148586,0.99141240469977,-0.380876898882915,0.0221420374492315,-0.625713316608966,-0.0464271956149125,-0.369502013262192,0.0613842526458759,-0.245894970088344,-0.479128876531283,0.14200171340801,0.25343494902115,-0.0401326270046277,-0.222368027274744,0.00800661247490608,0.163892316967314,0.169336625731969,0.262392334952057,-0.349601782726264,-0.317217228415274,-0.225083246745896,-0.033307268467861,0.0781770008870773,0.00342232702562395,-0.000626050280875279,0.000490474752101312,0.00103544480882248,-0.000610297866166668,-0.000387836796880245,0.000128029259573883,9.07601559679476e-05,1.08486187776447e-14,1.36450172391557e-15,7.22915382546209e-17,1.38183575871297e-16,7.5234214248226e-17,1.16414116186938e-16,-2.88440162896021e-18,1.29247739914156e-16,5.66392158137377e-17,"Bats TB1"
"GU644760",2.56316423660098,-4.61412779607511,-2.19384480454728,-2.41305036298342,-1.26783496202766,0.918715559196558,2.20219980488012,-0.204318443193311,-0.182661521837309,-0.387189923724539,0.0858396807563516,-0.971443285705693,0.262042321332445,-0.237719782294984,-0.247223075121593,0.198061010949076,0.922734980802734,0.163641993763556,-0.0964452951311559,0.159771792536027,0.145290495684361,-0.15826468334623,-0.0273803421264801,0.237487209763515,-0.137175836536818,0.292315763702984,-0.221626998304463,-0.105599800773913,-0.157465083029639,0.0368551755531822,0.304266531807971,-0.020623653475588,0.0131373030905944,0.0573961264326887,-0.00610329313625646,0.163141717745756,0.0160474176229123,0.0732144702036807,-0.205603277684018,0.0396157132000804,-0.00127902033589819,-0.000277727996982068,8.47341000369884e-06,0.000153496100180939,0.000210255131975281,-0.000639017176740635,-0.00101304980082412,1.03678306635318e-05,1.12344563795802e-14,1.85854833571001e-15,1.40468573587639e-16,3.6414671797732e-16,-5.34109575280259e-17,-2.96468817951569e-16,-1.93796280649711e-16,-1.97189620035927e-16,-4.99057024576754e-16,"Bats TB1"
"GU644761",2.31319045750133,-4.8435966033818,-1.94682159371675,-2.99466518174312,-1.194034745025,1.00559875646567,2.56283598760304,0.178719998939245,-0.0209919897159153,-0.0423406848825273,-0.197459792776382,-0.542400341162472,0.0504129678766379,-0.0353624142714253,-0.227617868788781,-0.617128414980681,0.347563493930792,0.205107425425793,0.187522969415441,0.00666372161134551,-0.0206823313103414,-0.117439753072607,-0.314948243508473,0.0125355150180502,-0.224411694999922,-0.0938964115733931,0.292457956742092,0.117452616290655,0.0375465509768344,0.190360943584205,0.489841337288813,0.000242744481185883,-0.109971969130408,-0.0265485855484071,-0.141083526752011,0.0330210134527913,0.0928520028553914,-0.208241888706408,-0.186833668146625,0.00121565998714516,-0.00147004882010043,-8.22596106917849e-05,-7.95205604025189e-05,-0.000201368571790325,0.000212882307773145,-0.000572775614359443,0.000154859879852634,1.26093292861083e-06,1.13326066274422e-14,1.55098449758308e-15,8.61693260624354e-17,3.04717029565071e-16,1.58500941095113e-16,-1.61141639969351e-16,-1.13906704091476e-16,-1.76063591857762e-16,-4.42961145267583e-16,"Bats TB1"
"GU644762",2.3695209595538,-5.18059799138846,-1.96905309838052,-2.85235889455262,-1.33869504510577,0.49634380623517,2.44050924525048,-0.18009614013312,-0.14029366789433,-0.106226691595809,-0.569707010225439,-0.535768644253065,0.204118147500464,0.478922749554611,-0.346129114411373,0.0693676476724946,0.135596407423131,0.0162962979843412,-0.501284961635072,-0.726227091805424,-0.426836855104298,0.32504957139137,0.186177166499556,-0.482971754839023,0.44904915080427,0.11398447255854,0.0501702621850408,0.0789393156254645,-0.131595537814857,-0.176283647040071,0.312281682727335,-0.198540431129647,-0.14817550378937,-0.150135804066856,-0.179399428873228,-0.0920151276935752,-0.171873184593254,0.0743682019362494,0.00812713742883656,0.130766209404937,-0.00142195027059756,0.000328265524727594,-0.000144499132366893,5.85208392356846e-05,-0.000169905316726663,0.000593707322409626,0.000190207431197567,-0.000165383226312128,1.13794441612936e-14,2.03497234738061e-15,3.42908400507003e-16,3.94922650315865e-16,1.03857151601843e-16,-7.93927961639439e-17,-4.18296464016781e-16,9.80227173465732e-17,-3.38010374970986e-16,"Bats TB1"
"GU644763",2.90579460349944,-4.10628510185027,-1.96662667223764,-2.39144202920183,-1.40472216687909,0.514619324077427,2.39010706442449,-0.60068049345504,-0.208898385348413,0.0411754156849408,-0.0159649047918129,-0.723866552624714,-0.30372229733836,0.0990381995588041,-0.472414667969915,0.46236774970617,0.658547526719701,0.044334738785702,-0.224599747690764,0.0628899359915777,0.0682474319656916,-0.277814600536067,-0.227373849595934,0.104110782180303,-0.299671847693189,0.203855686550059,0.00558537986176981,0.0179427940913615,-0.0609245210544414,0.369287581869445,0.243348733379095,-0.257020268739691,0.174830654664878,-0.114342088578241,-0.0709194417088318,0.321301835170853,0.182483266881206,0.286280604705935,-0.00700185400379671,0.120130295059758,-0.00101496767677966,-0.00216940789899294,0.000349006627850471,0.00044442252906816,0.000915382085461766,-0.000696580325417078,-0.000931051787614934,3.98456110048026e-05,1.12899675308114e-14,1.37282576243651e-15,-2.48109485031167e-16,5.30680171671093e-16,-2.5655381912397e-17,-7.44242130265382e-17,-8.27739781871954e-17,-2.52700771267185e-16,-4.43545873345496e-16,"Bats TB1"
"GU644764",2.92386485546015,-5.6548741207259,-2.00542663943233,-2.61019228057308,-1.56576147685887,0.720913208118094,3.50351351006575,-0.942902521860373,-0.760939023347795,0.628189772685868,0.23254976027427,0.150443499919549,0.832974344210166,0.385326227851957,-0.319215051497857,1.05045307563311,-0.985234216834785,0.628568418688351,0.553627895290049,-0.694414776372693,0.0872416333357948,1.01601925365378,-0.40194842710389,-0.417880145341757,1.12603232416533,0.345753031828441,-0.0173109366503556,0.0544109768636996,0.154622551247051,-1.00275673272878,0.289673959715016,-0.311699302888107,0.196453107165442,0.35922958591814,-0.136973357443702,0.241163903725117,0.0828924149978327,0.304186704281505,0.277396256597487,0.149944505849379,0.005252136665599,-0.00159961042437505,5.19699664075404e-05,0.00137336879077536,0.000824582570311075,-0.000402974699098675,0.000403138473300891,0.000113711087813801,1.10681792098461e-14,1.84389928056247e-15,4.13755561317474e-16,4.95618494882806e-16,-1.49545004221752e-16,2.42172788789876e-18,-1.91236980946959e-16,2.06347426563368e-16,1.67685786812116e-17,"Bats TB1"
"GU644765",2.56607748703788,-5.16874263547284,-2.14648868603132,-3.00941871456672,-1.48301186126793,0.491759683079447,2.30568291721375,0.00298394306436843,0.0794105105455255,0.00832482636289058,-0.0747881102427653,-0.740242053619516,0.18036296542883,-0.135655605701404,-0.1324322979516,-0.0311062591615319,0.312770587971702,-0.362307879431083,-0.284018186555178,-0.321843447689058,0.433708640744272,0.405326288869462,0.481357353678776,-0.244745197545181,0.532682161769034,0.407300279000992,-0.333120206303466,0.0632198774281513,0.0123015400327784,-0.557067373420647,0.217486143677025,-0.135045976855213,-0.18887401315382,-0.155128128307157,0.0158758798848811,-0.0412371569231302,-0.121182969892091,0.18576879271515,0.0309483367918481,0.0353199986301735,-0.00109061962814161,9.38478909416807e-05,0.000200449251552207,0.000120631838574731,-0.000471900516847582,0.000597215189984693,6.1111591517884e-05,-6.09008307168674e-05,1.12927079874948e-14,2.23186346190398e-15,7.31486459125808e-16,1.65939151486926e-16,-7.04825577338258e-17,-2.70862899824884e-16,-3.29337675764346e-16,2.57617277136439e-16,-3.78776376656441e-16,"Bats TB1"
"GU644766",2.82336033130189,-4.96492226984357,-1.6349149026052,-2.63739468587891,-1.1915262533653,0.987680621665766,2.30914140577786,0.159314519538071,-0.0259116982305718,-0.186510261994924,0.281992047620206,-0.877986653159822,0.044187701487327,0.0743299631526902,-0.441122045312704,0.165148425123115,0.467321006463966,0.385432244866745,-0.0917095835783286,0.238527901959403,0.33221979591107,0.0580496597019806,0.336533411160073,0.202547363112405,0.126664288507108,-0.28620014572681,0.0558507329090513,-0.494301128359362,0.349882882877698,-0.0600568989363216,-0.115773869333087,-0.296194245036552,0.0652409281001115,0.0166378448152815,-0.0943691421439808,-0.00666163085225528,-0.192908899106269,0.199551180725481,0.0395158637387393,0.0356267782557305,-0.00105112396321174,-3.52426920254644e-05,0.000523181040401343,-3.6308683052786e-05,-0.000311942431297611,0.000769546831647476,0.000254692118130109,8.1984965339668e-05,1.12146454310758e-14,1.27342874142679e-15,2.11069416332765e-16,3.46350392988514e-16,-7.7421451637733e-17,-5.01193375068352e-17,-2.88440162896021e-18,-3.70352621167165e-16,-3.31938842805067e-16,"Bats TB1"
"GU644767",2.54200765820659,-5.01026481130058,-1.41417842426856,-2.84622017686487,-1.23024136965039,0.534717074907682,2.53838973588909,-0.108912045196565,0.214926006363827,-0.396502970460997,-0.0507850388427998,-0.109242840457865,0.404092906906764,0.189815341893202,-0.0188891449678437,-0.481630193925563,0.469073152272416,-0.35694342836397,-0.116410058937621,0.1020373820301,0.0491385801017803,0.73030192839085,0.424348772440292,0.090722601220008,-0.23509106956927,-0.295993917342684,0.209426945261549,-0.260266491099214,-0.533143122195055,0.142669833762885,-0.297809829050227,-0.0436655425673573,0.066243226087746,0.0735240886714744,-0.118377211830165,0.0126540825945982,-0.0855765707530959,0.0517988341818388,-0.370621479016835,-0.166695223983012,-0.00181662702980589,0.00196396847230057,0.000478993841191284,0.000137112345252481,-0.000498607923162645,-0.000506394676723567,-0.000809935378818627,-2.59346547625861e-05,1.08233269157737e-14,1.41359176412196e-15,2.93124239473598e-16,4.49575983975875e-17,-2.6851666854915e-16,-1.86747558096036e-16,-8.9387611439357e-17,2.85063506285625e-16,1.02892021587198e-16,"Bats TB1"
"GU644768",2.95531195411415,-5.08552516334206,-1.71707048343727,-3.12861281235021,-1.22964964783771,0.868977774307976,2.49875243861642,0.200084096452031,0.119736376549928,-0.224590074704002,0.0667407319735958,-0.52235521915163,0.329553294350151,0.0899896303325837,-0.442549442669358,-0.297416477392175,0.103441467031072,-0.134112112703128,-0.162133863553763,-0.00974061286391618,0.306110576695864,0.18023217006689,0.221938620871248,0.110032521961039,0.0615669817602109,-0.0151291057230205,0.150074054442029,0.0294916384707207,0.13580084683779,-0.210167071161558,-0.132314307089742,-0.140538387811376,-0.00554447565449721,0.0214495363284551,-0.0807118827795412,-0.0825001729919808,-0.0926696132797037,0.127380683165556,0.0737680615694306,0.00799385595733285,-0.001034695321752,0.000180991543437514,0.000449549169123143,3.21946380260556e-05,-0.000399857610220093,0.000894741173859314,6.1701710836517e-05,3.14108276925406e-05,1.11591342798445e-14,1.55098449758308e-15,1.0004711387025e-16,3.46350392988514e-16,-1.32932602868991e-16,-1.61141639969351e-16,-1.69417855322734e-16,-3.72857137796177e-17,-2.76427691573809e-16,"Bats TB1"
"GU644769",2.02657946651122,-4.66726556172287,-2.30363457156906,-3.21837458756158,-1.33793379077511,0.54505414582787,1.77711256951037,-0.312811169882997,1.30520932284276,-0.736840664059578,-0.367523870079898,-1.16459109055823,0.325654688934771,0.345523014766176,-0.877723576913869,0.627513099824188,1.61389668987447,-0.56538995719815,-0.620411012658233,0.505179014733223,0.0433883284358601,-0.395518269161635,0.604879146218678,0.564968494404983,0.286222683513544,-0.447965338397958,0.588058452467328,0.321896510739344,0.061534116095101,0.529919652928094,-0.0158336831227185,0.22052790773989,0.234998957070087,-0.116729704500934,0.0921757846318166,0.337345475825859,-0.289857589721897,0.174658854596608,-0.113719044684685,0.100837901000227,0.00462624331028213,-0.000647468041253085,-0.000230094787120844,0.000851392624524021,-0.000579644230407824,-0.000975248466850354,-3.04138874946765e-05,0.000330259208110022,1.10579586505829e-14,1.48170361012206e-15,3.21348159705935e-16,-4.64686246574213e-18,-1.9437158071388e-16,-8.39561228813677e-18,7.11180558953638e-16,3.13372939209292e-16,-2.56858822103153e-16,"Bats TB1"
"GU644770",2.47900223411921,-4.86054763555556,-1.66123477253478,-3.24018728191547,-1.30157236739387,1.33901143739808,2.19916423084677,0.350952940724785,0.118046118450168,-0.214266362358263,0.19421405696389,-0.43944000688836,-0.039451245408179,-0.622819494580877,-0.103787320938413,-0.237177160617481,0.332403444171438,-0.236734838502924,0.50229252869166,0.0581099103721981,0.326025573983111,-0.0785609918455109,-0.130778823511393,0.251518909588373,-0.109907012209167,-0.0414533266194718,0.127321217635248,0.150825290259294,-0.113115296060864,0.106023821351829,0.12174978942467,0.00926696151719952,-0.0268077386438311,0.117504583713725,0.047059468554957,-0.00376272511406099,0.0886915045105505,-0.128112378442132,-0.124082096739379,0.0666451087187533,-0.00143593422956539,-0.000217216770954426,0.000275144013199721,-1.51929101689124e-05,-0.000220992673831681,-0.000424089057648,0.000241291791375211,0.000146989811514715,1.11591342798445e-14,1.39832883169712e-15,-1.09751885922658e-17,3.324726051807e-16,-7.7421451637733e-17,-1.61141639969351e-16,-1.13906704091476e-16,-3.70352621167165e-16,-2.20916540342551e-16,"Bats TB1"
"GU644771",2.63981564494897,-4.46821319174948,-1.44700164349314,-2.8489973223555,-1.32065449506426,1.20877795883536,2.25487659111328,0.459130039286696,-0.107709879949448,0.418804986700136,0.0823635959137438,-0.726397196512904,0.488361758961358,0.297109884334487,0.242705591679353,-0.0312072930253638,0.317345184209684,-0.136049159883196,-0.26021990339324,0.170462386694952,-0.146211903232324,-0.494448349156059,-0.311241343699732,0.179352092543036,0.178538806597152,-0.224787075014951,0.0414981713434113,0.0872169524544294,-0.226662467262105,0.0333565952282557,0.21318945343565,-0.0807505071332471,-0.0997798523269124,0.28540174067441,-0.0753356052229153,0.381755550620609,0.101430601494067,-0.1274491315081,0.056649464031062,0.173787384299193,-0.00130066772927853,5.32596281472059e-05,-4.57549121046815e-05,2.55725751992065e-05,-0.000327425029739723,-0.000811824227314052,-4.78012145110983e-05,-0.000117247144188629,1.11036231286133e-14,1.48159555854401e-15,4.4535962638992e-17,6.65539512568247e-16,-1.32932602868991e-16,-5.01193375068352e-17,-2.24929006553992e-16,-3.14841469935907e-16,-3.87449994036325e-16,"Bats TB1"
"GU644772",3.06951247630509,-5.41821461473739,-1.40657707847892,-3.04787208163823,-0.511763379685735,1.66938860164724,2.27158989557536,0.331233892705252,0.199917479869283,-0.0644125683706058,1.03526917277316,0.143827444213861,0.234215901528639,-0.132557192002846,-0.110261816864667,-0.341636842450553,-0.70650077802799,-0.196815178053789,0.761958758289276,0.0609659597008456,0.620553673261351,0.372528690355659,-0.144319232535383,-0.612237483898005,-0.452195095177889,-0.019344745250906,0.0880269658914889,-0.562580951664679,0.0985976923091044,-0.437276811768912,-0.0922879375968344,-0.09691695629268,0.157421516306942,0.620818689830097,-0.11898458218185,-0.020340429511956,-0.0593251195045076,-0.0585974889970813,0.331373705325095,-0.0577858791646255,-0.00135440850253915,-0.000472847265417427,0.000304216300456092,-0.000191391286370901,-0.000154371351176601,-4.63079920781927e-05,0.000283775012305393,1.68859755678164e-05,1.10927657020766e-14,1.06939075235859e-15,-1.74845766467287e-16,4.8822949447366e-16,-5.36546992832126e-16,-2.78061223239418e-16,-4.10065111793986e-16,-3.36771606859133e-17,1.13436073468841e-16,"Bats TB1"
"GU644773",2.70279406097851,-4.92022120197139,-1.84647031592778,-2.92626488898842,-1.13088122978078,1.01919365622677,2.43940053724002,0.027533451800554,0.12944343765068,-0.274528615302724,-0.156132225937652,-0.353326924443732,0.341119851916931,0.0820872725596015,-0.324486961038552,-0.259443184075013,0.207988705628794,-0.182460139517946,-0.108097756531358,-0.112301103542045,0.0725186155395233,0.139532414040991,0.256831653692885,0.0903620634264819,-0.25138684341971,-0.00553523032051004,0.266283341503276,0.00900504481464242,-0.298940154477181,0.162876696175001,0.0724283270100591,0.0199845287610015,-0.0574612199851878,0.11475720856797,0.0156851365273922,-0.0420148792082428,-0.128533614912424,0.0814098637835315,-0.116744538710301,0.00978562794616803,-0.00139086815874334,-0.000115412967353744,0.000347217084143006,5.1179770525003e-05,-9.50349171018357e-05,0.000901859131031575,-0.00103850944516165,-1.44942905932927e-05,1.11563938231612e-14,1.78829203493295e-15,-1.57903864280372e-16,3.22513354553877e-16,-2.26883305125707e-16,-1.86747558096036e-16,-2.00409913901873e-16,7.50775012933608e-18,-3.41197188262865e-16,"Bats TB1"
"GU644774",2.483183544533,-5.43344171793602,-1.7098358157606,-3.26449956922662,-1.00758553421036,0.708569478913166,1.76838864156307,-0.314494542883468,0.655135294108182,0.0150134070854466,0.494048761618322,-0.861475106975506,0.347400251493929,0.328050933056335,-0.812817324213709,-0.495106755434722,0.0303142995194725,-0.156164470074517,-0.191752683857684,0.189866995139265,0.0418109467812181,-0.0121347715233076,0.257511435887824,0.191577567216959,0.0879138556730978,0.117228579672901,0.462599935220683,0.0899907193177736,0.0651609677985468,-0.216493708637891,-0.408767102310371,-0.0814091301603291,-0.231549692023532,-0.0489518273921097,0.148293935499634,0.00898686178996779,0.410206159044939,0.180620065358512,0.134223997497626,0.080486544334049,0.00408206770286102,-0.000312646514069712,0.000887263444115133,0.000486122699676075,-0.000818220921304811,0.000620869743545118,6.44431548181191e-05,0.000205118330287543,1.09773443561736e-14,1.66708051786579e-15,1.6392154543957e-16,9.19046031343004e-17,-2.75979464828396e-17,-1.14096142273274e-17,1.21492314382188e-16,1.42576184566105e-16,1.86773765602802e-18,"Bats TB1"
"GU644775",2.25025002277647,-4.91317296786018,-1.53977465390426,-2.84324529393105,-1.21783644542289,1.44930506004928,2.11797470812683,0.349470340602089,0.0451260686987558,0.0487891512239667,0.257218894130521,-0.654144756771606,0.513908911123083,0.47602992203907,0.462810003072837,0.550360463934212,0.757794976767222,-0.256222134205539,-0.608192714624329,0.303596527778026,0.347504093687012,-0.132822499470838,0.0352452304077399,0.380155707747348,-0.0862717113055578,-0.692786805334489,0.149299814553387,-0.395448033497359,-0.0499621680952345,0.00696285398412523,-0.000801167432859653,-0.379375703402967,-0.0242624071167165,0.361416316411454,-0.00589486592214589,-0.149707321731729,-0.126910892782414,0.137113365364401,-0.175547223125917,0.191416207278463,-0.00115061240159631,-1.82627367025184e-05,0.000469752706432565,0.000161310515675386,-0.000199148570667211,-0.000691044732469399,0.000447717083370316,3.21896743131544e-05,1.11521953859406e-14,1.43128857774068e-15,1.13924901678064e-16,4.22678225931494e-16,-1.46810390676805e-16,-5.01193375068352e-17,1.63649052064813e-16,-3.98108196782794e-16,-1.09894237880036e-16,"Bats TB1"
"GU644776",2.65600204120398,-5.27389834341623,-1.94311892793878,-3.10341690985577,-1.27476526209988,0.743531888778535,2.48738955484234,0.256207310200668,0.374123446082147,-0.0636398933248924,0.0346625164348374,-0.615689352584547,0.0549075212388853,0.0696098477680531,-0.059169968689529,-0.0678878776134754,0.143880130672362,-0.166531117907638,-0.174634541741643,-0.307024348348269,0.278360184900737,0.315849172057158,0.556370960510734,-0.431823237035946,0.476866823838737,0.35850584853457,-0.279326583371689,-0.0494710481084386,-0.000820860266945562,-0.43958786673209,0.121730691003938,-0.114974384672836,-0.162801177653176,-0.0687371758470474,-0.0691493855733523,-0.0970358099249561,-0.0624741416931653,0.127292903836195,0.056496991643482,0.0655156189124104,-0.00118134748927875,0.000214583177127503,0.000251751063840611,-0.000110531895721694,-0.000476406697732044,0.000590909584280368,9.53181234487533e-05,-3.95570455512473e-05,1.13256677335383e-14,2.21711831235817e-15,7.66180928645344e-16,1.24305788063483e-16,-7.7421451637733e-17,-1.61141639969351e-16,-3.91462460247765e-16,2.40270042376671e-16,-2.76427691573809e-16,"Bats TB1"
"GU644777",2.83481662437041,-5.31076490893168,-1.68271604402284,-2.88101109903344,-1.19711412460164,1.29838159803993,2.40860258980631,-0.00232707230685765,0.325731738374693,0.0509889659560676,-0.465500563073988,-0.366442151262888,0.32713793417103,0.0737484502996277,-0.442732182666056,-0.220678856076792,0.338254095849703,-0.250648514715065,-0.0537396902828884,-0.0696600534566352,-0.0231814995017984,0.413041093564804,-0.152390341588679,0.159464008707359,-0.248217989410329,-0.209223773831895,-0.249803395275433,0.135086568804101,0.0679315814808541,0.190132938665677,-0.0269556840549069,-0.0127635641359646,-0.205503339776447,-0.0790765125080201,-0.0213692375557308,-0.0559845110337951,-0.0368162970750608,0.025481261778406,-0.0467266230425842,-0.0238940782406628,-0.000818949409844052,-0.000381975927420656,0.000441194961256272,7.68039826757301e-05,-0.000362597393132928,0.000720523828239596,0.000386053038645908,-6.38987132920932e-05,1.11591342798445e-14,1.74527352689248e-15,-6.64863398235236e-17,2.76961453949442e-16,-2.19103004064752e-17,-1.61141639969351e-16,-2.24929006553992e-16,-2.59330318704649e-16,-2.20916540342551e-16,"Bats TB1"
"GU644778",2.99550437759631,-4.99453429720992,-1.30645033591156,-3.1637393681087,-0.864702279393402,0.757712007694771,2.81989790113452,0.197334409095212,0.308413706966801,-0.0397102502442995,-0.324501324992841,-0.839172362972154,0.51067212669056,-0.531290575458502,-0.166085849942334,-0.121255179910053,0.10770671798024,0.0559881267131728,0.0397280132495965,-0.461352175595531,0.124752183446807,0.516269405903309,-0.419611452051597,0.133158305613173,0.321171474453754,-0.31321287127526,0.286353869589653,0.15184095544361,0.124053702332306,0.0779592044690152,0.355670224770483,-0.102753520728458,0.134677892449294,0.090641317743676,-0.298018102752103,-0.0669289893438437,-0.392522365303338,-0.00370484061056854,-0.146084493488204,-0.0218295923202033,-0.00112592670925908,0.00050906575375609,-0.000367564439990077,0.000337080971345733,-0.000355645015252769,0.000683044954594219,-1.96171548745851e-05,-4.02043254167417e-05,1.11340962107481e-14,1.20567338761092e-15,-1.271076816408e-17,5.86596054505884e-16,-3.8238361754441e-17,-9.10661786880425e-17,-8.65777491231079e-17,-2.56693927994761e-16,-2.84256878008164e-16,"Bats TB1"
"GU644779",2.67788760884456,-5.07730226692746,-2.24440325460003,-2.48432473856172,-1.47946538568765,0.86493170601402,2.17540641665229,-0.062689699438656,0.0352003463607344,-0.323015557874977,-0.256768935097824,-0.687953831540215,1.16538199371152,-0.575195128938583,-0.278709420296531,-0.518013920964448,0.363405077671209,0.148514778441226,-0.145414816239525,-0.215394899879017,0.202427155341329,0.435499022928955,0.498700018327388,0.290216881260895,-0.0662196400295965,0.454471648117608,0.0947440992777717,0.0149241731585389,-0.58231983966631,0.185318269244646,0.236473217316522,0.0374408720871095,-0.0595326353066783,0.0130867681763531,0.0448009813991631,-0.0299364033127812,-0.0919004327524203,-0.0436341039270946,-0.116144080977628,-0.0125516527502586,-0.00180665882676008,-0.000170760711300728,6.2742213144759e-05,7.75285836398678e-05,-0.00045937917653194,0.000888913143625228,0.00015405435128337,5.0500525574482e-05,1.12854954387531e-14,2.2339834333286e-15,6.59765604818481e-17,3.637724433867e-17,-1.56236323170722e-16,-2.69024368547489e-16,-1.47449948483496e-16,-9.16655886286963e-17,-3.6827792813158e-16,"Bats TB1"
"GU644780",2.752858334724,-5.26699768369992,-1.3344362726249,-3.20860689382102,-1.1251216759777,0.575722066256455,2.61823319369656,0.110128442995238,0.0745762022007594,0.0270307765786538,-0.52135529694681,-0.12128986163185,0.330168350085052,-0.146344775706202,-0.313940562927962,-0.378520667395083,-0.221015375512575,-0.454610926921162,-0.0799712807842195,0.199962520207313,0.0200148142179185,-0.306392195866172,0.0116376121835033,0.0819366911548979,-0.0225446354042235,-0.00968732161276692,0.220450511252986,0.174421289983254,-0.414343125249176,-0.0413341317544654,0.194855746971308,0.139346466611721,-0.370095245932516,0.028806305604402,0.040424386650531,0.013072401382323,-0.265242436028058,-0.0689261831988891,0.0258062582860657,-0.0424777218419528,-0.0016386214852537,-0.000189040684123823,-3.75702651813903e-05,-0.000147573146040908,-0.000367886417009653,0.000676508131689797,-0.000112622138975014,-9.00296272118448e-05,1.09926008261508e-14,1.80078467812374e-15,-1.09751885922658e-17,4.99006058874473e-16,-2.43954905331507e-16,-1.61141639969351e-16,-3.35951309016507e-16,-2.03819167473391e-16,-5.53983447730098e-16,"Bats TB1"
"GU644781",2.7641028383495,-5.09115102269381,-1.59674566952412,-2.90449992732861,-1.07853997193521,1.17365081923632,2.46484034087631,0.13931139111598,0.179237341208607,-0.203969762728201,0.114602104910326,-0.766630489791755,0.312491167757877,-0.620533706266002,-0.0890996478544387,-0.253626393557843,0.141505186761304,-0.313467309691724,0.434103574048772,-0.136510623799113,0.474778971961989,0.0768020006466151,0.165171862016734,0.0711293448272874,-0.0265848258736852,0.118369395807785,0.0857981762982474,-0.106535259794591,-0.203444942221863,0.357097413583181,0.319549878175188,0.0373318308180656,-0.265057789554321,-0.0952427375907262,-0.273133926523798,0.264020350343424,0.295715342538266,0.0655148176987454,-0.0300292204988444,0.0623524889864802,-0.00112049340054745,0.00164337376583631,6.66687497601316e-05,-0.000827931055561758,-0.000960192985691603,0.00062027589826489,0.000333605862655952,-0.000186949788621495,1.12701565823071e-14,1.91180698058626e-15,3.22091718795281e-16,3.87983756411958e-16,-1.88443754100249e-16,-1.61141639969351e-16,-1.69417855322734e-16,-9.27968650108756e-17,-2.76427691573809e-16,"Bats TB1"
"GU644782",2.03866509756926,-4.90716722025386,-1.76502817163391,-3.00504693312984,-1.04769636356637,1.28732429791488,2.58882148506807,-0.176928560546272,-0.11384887596374,-0.113853557947971,-0.449746348065846,-0.513281668055286,0.103697440274102,-0.264753997632608,-0.04294287362568,-0.303604485068204,0.439323283937045,0.199506478401882,0.109878987539393,-0.137504071213469,-0.185305438343415,-0.156352480115651,-0.429446748224939,-0.0990042156702594,-0.345275834257048,-0.24619589616268,0.367412203155483,0.314448430016641,-0.402154279901574,0.530258162738926,0.518142432666329,0.099320966811303,-0.110388515773,0.0754162928660295,-0.0819762340028244,0.067987635738429,0.117152097793856,-0.268236262980697,-0.311738876089958,0.110529179717206,-0.00165825023536548,-0.000297198996866971,-0.000187384172464012,-0.000144863843220817,0.000139397818365313,-0.000656841743878068,0.000398778100905264,-3.55379691100874e-05,1.12701565823071e-14,1.74527352689248e-15,-2.53836475229019e-16,4.71250483258844e-16,-8.03251259866076e-18,-5.01193375068352e-17,-2.24929006553992e-16,-4.8137492362968e-16,-3.31938842805067e-16,"Bats TB1"
"GU644784",2.4407119682594,-5.22796588344964,-1.57146114352547,-3.19351457428433,-1.41420368777897,0.556770601861803,2.47545032624884,-0.0801091645525141,0.0516741234033577,-0.313998410036518,-0.0828161458694074,-0.541514730698786,0.224681305218438,-0.0992077713752302,0.259384929519756,-0.496204886976524,0.392490501873926,-0.0841003350194893,-0.198702910935116,0.203622724418243,-0.123048135634981,0.509185334625571,-0.0896711655136582,-0.276406408478694,-0.528096729988035,-0.480555849257701,0.224622689269593,0.0675682998311797,-0.219886836760677,0.332437113608721,0.0774902401418597,0.12413807407282,0.128386951306539,0.23778306821329,-0.159215377599624,-0.067340504774027,0.020724355724455,-0.0538086824781657,-0.157675798236787,-0.239971887265658,-0.00120177779984966,0.00153223381016731,6.76625596342149e-05,3.17721866912417e-05,-0.00105152672354838,0.000611995735134434,0.000324467833530091,-0.000104241024358853,1.10704582363141e-14,1.61483556222187e-15,1.44516988529683e-16,6.81890850984144e-17,-7.11610025225375e-17,-5.16052391556721e-17,-1.56719329926453e-16,6.11858163307407e-18,-3.05209262917577e-17,"Bats TB1"
"GU644785",2.17137585836028,-5.14444487283975,-1.99636738464314,-2.57836008136816,-1.0874813549038,1.02422864689694,2.65981990005095,-0.460810751849431,-0.288062961808777,0.128262098243426,-0.257732049509474,-0.379382317943168,0.329422355720425,-0.329629846568729,-0.51053452586091,-0.260877590402485,0.451505679331768,-0.388650098282385,0.147324661474159,-0.0694973096988634,0.213304119006547,-0.080500484641734,0.365515942823731,0.671004294549627,0.507623051665486,-0.216716980561369,0.219903885088392,0.119956949514781,0.0698093228503829,0.0837850681963103,0.289931083867356,-0.550636335926259,0.218372442554124,0.108930514950964,-0.0607032234087535,0.290599121142913,-0.247699627730587,0.0844356713744143,0.138001117924241,-0.0532775662418579,-0.00117550192288917,-0.000324952212881684,-0.000196473496276388,8.91129034228741e-05,0.0002518118973209,-0.00036670922887753,0.000294066711081523,7.58127588666972e-05,1.14183196971556e-14,1.73759903473855e-15,2.61723811562649e-16,5.74223404851759e-16,-4.23516266802131e-16,-1.59454268880018e-16,1.35120685817588e-16,-1.10964550275423e-17,-4.02077033098185e-16,"Bats TB1"
"GU644786",2.5786019678762,-4.76197425264481,-2.04362026390055,-3.14652993608389,-0.819677172666312,0.917621486543653,2.32917348037356,0.33614252832616,-0.0896169869607907,-0.0623975092335508,-0.0495741719961097,-0.22161672285923,0.0896683461977474,-0.237250972115031,-0.13767282816323,-0.308273230751054,0.43674763010605,0.0500071295208489,0.219393386068596,-0.262071438044417,-0.544309640886165,-0.119847956932195,-0.352695940936637,0.476178104262765,-0.0139635255986645,0.127794941176569,0.117435158513996,-0.130257835033584,-0.128598661989068,0.224262331304506,0.0528320524799686,-0.0256494270368227,-0.12875116168416,-0.248702051838515,-0.0468348796359733,0.00420481842192862,-0.122475953522085,-0.0433644447293492,0.0419420557836612,0.124504857166959,-0.00151921865956316,0.000467454666522432,-1.34670244597383e-05,0.000249141684562657,-0.000379430532187162,-0.00071183774328671,0.000124123022725233,0.000215711403891482,1.12493399005953e-14,1.43996219512056e-15,2.31886098044487e-16,1.52061363679112e-16,4.22178909443587e-16,-1.61141639969351e-16,-1.13906704091476e-16,-2.59330318704649e-16,-4.9847229649884e-16,"Bats TB1"
"GU644787",3.62543718007147,-4.1265782794374,-2.1932017036277,-2.29695057550715,-1.70813962042191,0.478683963671377,2.58920421845157,-0.392095798567255,-0.828229842530925,-0.352832311517318,-0.524161353332217,-0.267303857994512,-0.415849748329575,0.479182396884007,0.329891072921389,0.398053316696277,0.766914936244012,0.313233832524525,0.188297453867717,-0.213387004791089,0.731034716864161,-0.681610353469356,-0.00238562499049616,0.0887365233378488,-0.2982122681731,-0.0451891823542243,-0.383646249615919,0.114170296024537,0.273646236618703,-0.015475555695447,-0.144957988623295,-0.364987343857952,0.330603124463206,-0.158302660968257,0.0707149298993344,0.263097962025897,0.0201610495450092,0.390750597790653,0.126725961869302,0.0454317011056809,0.00529666651136106,-0.00155816645756256,0.00092680564335417,8.52717095890222e-05,0.00175428514005979,-0.000557969679172481,-0.000761805509098712,0.000109029594022835,1.10679229258864e-14,1.19241452093492e-15,-1.85659439896001e-16,5.88353862054019e-17,1.59779815110464e-17,-7.44242130265382e-17,2.82483242753202e-17,2.48549848891042e-17,8.38100633514531e-17,"Bats TB1"
"GU644788",2.37424394777033,-4.76251768337149,-1.87432803251908,-2.94769716088235,-1.36529720809635,1.27503896380456,2.4964055421621,-0.0593985012014101,-0.0436950558950675,-0.147023592845687,-0.212319985182795,-0.51247962742349,0.11690642260232,-0.0368781406347286,-0.295867943506742,-0.446603704783235,0.370788927129116,0.149004637384988,0.100870740057232,0.0391463933903839,-0.0216209580260884,-0.193642942535052,-0.00115751994305674,-0.112652343783206,-0.331240497621124,0.0657831301870721,0.282669380242042,0.197313290509349,-0.270098989891567,0.234740280137567,0.30577891141735,0.128754393678253,0.0406082845818372,0.156560027400791,-0.114060320432802,0.0746418091591394,-0.0195338046331424,-0.107146275501319,-0.261408812232945,0.0361825102839969,-0.0015233195362863,-0.000246129807690984,9.43810388928864e-05,-5.4014949192983e-05,0.000415846735014572,-0.00039513864908633,-0.00108737055151792,-2.13372054788731e-05,1.12674161256237e-14,1.69114752027825e-15,2.25073772212161e-17,2.11491052091361e-16,-4.64720636241187e-17,-1.86747558096036e-16,-2.5592106513313e-16,-1.0351455233318e-16,-3.41197188262865e-16,"Bats TB1"
"JQ685905",2.63222971586609,-4.91678768626874,-1.72407164754794,-3.15975241742958,-1.20032849474208,1.14574129474496,2.45614489821257,0.0920374515050113,-0.118132661251712,-0.145741272476054,-0.0509651727074314,-0.510570458007917,0.132055673242335,-0.159195214147235,-0.30443209031313,-0.274639555074911,0.376756324029135,0.0854754943894907,0.0879042405968585,-0.0772107035849804,-0.120391421356371,-0.153814904418861,-0.112084199651079,0.09365785134957,-0.0199311808423184,0.0398311185242719,0.169192183144743,0.142812657958686,-0.0637780798450612,0.0689131170556828,0.161682467818745,-0.0282172258314413,0.0183154051085378,-0.0167361997189364,-0.0943230131175934,0.0385780523989205,0.0530298363155169,-0.109914335403591,-0.0886270865175637,0.0715741234703879,-0.00138248048520221,4.3128574759776e-05,9.36621259678384e-05,-1.80875310320266e-05,-8.03198597042851e-06,-0.000535335989052025,0.000121552409927941,4.69035164504096e-05,1.11591342798445e-14,1.53710670977527e-15,4.4535962638992e-17,3.87983756411958e-16,5.8452752091537e-18,-5.01193375068352e-17,-2.24929006553992e-16,-3.14841469935907e-16,-3.31938842805067e-16,"Bats TB1"
"AF351828",4.40156626454223,-1.28466666769391,-4.08016556026039,5.37545246636045,-0.737271953784285,0.339301208944363,0.452865388617494,-1.1208687854086,-0.973600266050594,0.209520465222882,1.28784292505715,0.198804875025765,1.00721488061425,0.631399017960307,0.0294207569569404,-0.716565615269406,-0.986652498414522,-2.16738295462438,1.52401328569714,-0.509126820883322,0.0970284326566808,0.480389365758302,-1.10321927596144,-1.45343457052967,-0.469244761458767,0.092382139507678,-0.0907872006795143,0.282595102856661,-0.615736881821021,0.0888243221005498,-0.359929534941138,0.521944174416482,0.723404445902374,0.198787555910111,-0.351350841295012,0.436571980623763,0.205905773996298,-0.128723337339085,-0.324452963124342,0.0841747493450516,-0.000394481464860337,-0.00125103482907015,0.000190049504791283,-0.00219420795564792,-0.00156953727266838,-0.00051657454662035,0.00102032426671992,-0.000104966512733643,1.14281737519337e-14,4.15978626790658e-16,-6.62391900298302e-16,1.62744737864646e-16,-4.10557080393151e-16,8.45393654032741e-16,-8.8260607191148e-16,2.97587542134473e-16,1.04821190240587e-15,"Bats EF-E2"
"AF351831",2.74362030719372,-1.04276245597912,-1.05359900648443,5.71346753427324,-1.17924657171318,0.448746594641902,1.02205183143181,-0.635752642240303,1.57685173266472,0.556094369121647,1.6940188923914,-0.522837557623462,-0.378157731944167,-2.95159186560858,1.60768708829279,0.114700687541655,0.737046900070257,-3.14364899334458,-0.547949253179695,0.512462504182682,0.427048868740882,0.386850158758257,0.40185893914993,1.82766085329053,0.356587924050805,-0.21940453293821,-0.0447268389021772,1.05641539103164,0.108260971196503,0.392713026402651,-0.537794826993505,0.711355828658304,-0.0875566772376067,0.499583443431284,-0.178514317884874,-0.0466891465445584,0.79332299895569,-0.600036708300202,-0.106708712546264,0.158804862321435,0.000339852803467147,0.000212995829285148,-0.000142017073349901,-0.00281163678548619,-0.000580456343378963,1.36078999138678e-06,0.000411912735231974,0.000234642192735767,1.10355983947786e-14,3.16699198631541e-16,5.92975715008362e-16,-7.63232713397034e-16,-3.53904152415228e-16,2.86492016117616e-16,1.12325204339047e-16,-7.26166979533078e-16,-1.91484192316028e-16,"Bats EF-E2"
"AF351832",2.76971134499083,-1.44340004522895,-2.93046559367638,5.31667650820753,0.0502140005687156,0.521830297929372,-0.0942740841730953,1.05880825230964,1.63272913413225,0.683140041665298,-0.229534965859329,-1.1873842602543,0.184837296526356,-0.183851508170603,1.39780718590521,0.600542084159516,0.740189657025953,-2.6615185082991,-0.0971475716159608,0.757966543203981,0.801388242186842,-0.918400874594073,0.549883871037247,-0.319001832128668,-0.039332606623308,0.275856388318397,0.492303412265842,0.418164603266997,0.619975927566268,0.447872061223285,-0.389949723009816,-0.0746828326961431,-0.0954119675336191,-0.182523878801349,0.0421504114706002,-0.593879274696282,-0.578113586108606,0.728116686285813,0.0686979239567612,0.214084815763592,7.5419967944242e-05,-9.02607377900626e-05,-0.000587298659925503,0.0019090135211315,0.000741528081532178,-0.000909163539095873,0.00104150423356662,0.000378728560232075,1.20993949769409e-14,-1.27246303276495e-16,3.41042434731787e-16,-4.93637158781547e-16,-1.32458768544448e-16,5.24403223337175e-17,9.31497333619154e-16,2.96337745618562e-17,-3.82770329596958e-17,"Bats EF-E2"
"AF351833",4.15151299062842,-1.93599333485721,-3.81826106883619,6.13456416396089,0.223758329570435,-0.19679821677924,0.324088595593342,-1.0861855937079,0.145994360583913,0.262814976986425,-0.192752898653246,-0.403056392156545,-0.525548950094552,-0.628317595527519,1.02665492402438,-0.215639245394015,-0.0610069779228479,-0.0107604748029107,-0.386300755072504,0.395929669288249,-0.237411538931082,0.451166726513,0.523678508306302,-0.207671436277664,-0.271666549836144,0.375611243297875,-0.0440241984128298,-0.0779433556671643,0.174304822409351,-0.0755468015193137,0.627681194343754,-0.00105963789884191,-0.245465358009154,-0.0072318262200305,-0.250942081218884,0.561361339815075,0.528776357072034,-0.0340668061269145,-0.222146550893598,-0.274556264837287,0.000630227588886427,-0.00109421791758,-0.000907852691235538,-5.57570420550875e-05,-4.60044044627963e-05,0.00018853331600949,-0.00018455384129702,-0.000162506106129264,1.11904630389673e-14,6.90451631530667e-16,1.56396828312419e-17,-1.59769890738803e-16,-5.03838058964633e-16,1.31284544944064e-16,-5.86360312652997e-16,6.09685796660771e-16,-1.23755792807208e-16,"Bats EF-E2"
"AF351855",3.84132530137791,-1.21321931672244,-3.59398803276068,7.1375674507072,-0.0374212582836013,-0.342508557193521,0.0313586581926688,-0.469728496252856,0.028442920549235,0.251900811427705,-0.481873378275491,0.135212264935919,-0.929345058878152,-1.1086819938221,0.245034081058133,-0.711663629802914,0.479120508522169,-0.292293508413128,-1.34109183306515,-0.449153801682181,0.250682497350219,0.995289353466104,0.546271250298212,-0.817714374836989,0.617510770546145,0.173625575160897,-0.881472923870742,0.469707647997479,0.409538496608553,-0.635556063830164,0.0420437296024052,-0.207705633765124,0.519915229874257,0.0869389478999331,0.151196113560427,0.0880126241097838,-0.016974579049724,0.498029727313276,0.148895576562886,0.198616522740427,-0.00506485134281245,-0.000392295390224923,2.7563854089685e-06,-0.00232266968650434,-0.00118945137388494,0.000249786123446775,-0.000529446497695179,0.00142707730139783,1.15780162831855e-14,2.21716147633788e-17,6.44946987513649e-16,9.9017316461602e-18,1.60880149665359e-18,-1.87382010835099e-16,-3.71756494780422e-16,1.29042448713444e-15,-5.63167861349323e-16,"Bats EF-E2"
"AF351861",4.67285215286965,-1.35313622889982,-1.81459946473503,4.40521357627705,0.820130059263471,0.223692578154309,0.953978352194232,-0.818704087110662,-0.420038897143003,0.698626904206597,0.297403977729473,0.66662577675938,0.0837438657817274,-0.315659639518863,1.13032394593306,0.0198827501165279,-0.0786446711346703,-0.918893345960477,-0.392023460613649,-0.490617003786258,-0.79096985978303,-0.446845896746817,0.425284293234366,-0.237975929224002,0.103050136196825,0.543130637829392,0.452322333236393,0.0755581508643759,-1.54322160323738,0.238803878450196,-0.884975385036843,0.122050210607189,0.070947157440226,0.13380280906827,0.356732277845028,0.0475546759676748,0.0702098391483084,-0.105276011292639,-0.148990881141622,0.0667800420408839,-0.00127954334710227,0.000278736472408007,0.000339371573298783,-0.0003422880783394,-0.000172303820783326,6.46380392306903e-05,-0.00053258401302282,0.000101561413362991,1.14198461004506e-14,1.32961753109477e-16,-3.06053079766108e-16,-4.84339703218064e-16,-3.49674082884124e-16,4.45417330278622e-16,-1.90252902378008e-17,-4.13141735538679e-16,4.88019484745116e-16,"Bats EF-E2"
"AF351862",3.93291788819777,-1.51161262114515,-3.83773357280547,5.00779695550739,-0.52864810312414,0.691765634931165,1.10880915222888,-0.6911028585434,-0.342124632368032,0.0970483842908234,-0.130306244676164,-0.692556075473992,0.743873234863117,0.51710574597098,-0.439376768844012,-0.99614869074468,-0.758423112169541,0.806686936574042,0.520861944392902,0.202225281137966,0.359527892102584,0.0491384260135668,-0.145765291060832,-1.05922074090164,-0.336213114895198,0.0440141099692381,-0.0234436713681832,0.474246769189516,-0.098017075440336,0.519797025728444,0.157326050062285,-0.028376626856758,0.0610250924127984,-0.344802301574515,-0.369490143825455,0.0166051694213219,0.259214830162711,0.0184579281018124,-0.184487169848531,-0.171027531918777,9.73137564872136e-05,-0.000370702620450312,-0.000256077903541916,-0.000188779129215753,0.000332259155335346,0.000592688268343317,-0.000220850722572065,-0.000193432686898402,1.17667907956459e-14,4.41742531833348e-16,-3.06053079766108e-16,-9.57616445992595e-17,-2.73346249941144e-16,1.71331021074286e-16,-4.33114189014761e-17,-1.63341554998019e-16,1.20258107838033e-16,"Bats EF-E2"
"AY039227",3.13983868788002,-1.91144444419626,-2.16388426512405,4.40178254628911,-1.12134726106745,-0.323076317010363,0.641641173113277,-0.295776373636657,0.470836428444102,0.365443654903245,1.14998264814896,-1.263609422979,-1.16686577739352,-1.92818829080289,1.94000555401938,1.85458511192047,0.747298056754944,-1.98511594903248,-1.03633589035756,-0.374312679353614,1.2829876663619,-0.611985515451675,0.493800176153756,1.20474957844786,-0.162219448434723,-0.64728733491113,0.120241678205443,0.423131966906561,0.574301723452795,-0.456445236647109,-0.0233063156997744,0.76872771152525,-0.0746434460468925,-0.162759617221361,0.0992017947518293,-0.0938009408656662,0.244364450808304,-0.254799992390219,0.143762485991685,0.414895952718861,0.00148686508167725,0.00151001809247737,0.000273379444041073,-7.53895347101522e-05,0.000662467699746747,-0.000102884097804521,0.000668278513014319,-0.000203901122990092,1.07698988780947e-14,2.67577814132901e-16,6.09472159795298e-16,-5.40902744487749e-16,-1.08373505198194e-16,-4.37518147131932e-16,4.29851009524446e-16,-2.34072024114063e-16,-1.64301761625208e-16,"Bats EF-E2"
"AY039228",4.44151942380796,-1.31384390112732,-3.79928550199139,5.57676587671491,0.135144007545261,0.791045170106388,0.331043429368106,-0.654964110319431,0.116504209607315,0.242731431221255,0.216255569252116,-0.46060646934394,-0.676735209161653,-0.0812684241828906,0.224182290643803,0.01531606007619,-0.312071264705983,0.449989871587871,-0.32423090597203,-0.274465016469065,-0.0318345222852387,-0.0292253262670741,0.127479382537637,-0.750942788055122,-0.0348953834515737,0.22585222239845,-0.161687362695398,0.168484030445076,0.177364314470711,-0.0502262880904534,0.146426538279216,-0.0156389749136417,-0.127806201079205,0.0551141439240316,-0.0812892161393694,-0.0688768333083973,0.188996616093217,-0.0244881916885494,-0.155578232858401,-0.025997123235791,4.49125238290816e-05,-0.000378198120505688,-0.00025539032270365,-8.9739402457333e-06,-0.000118705938760522,9.70333886793384e-05,-0.000341732416514263,-0.000146535588547286,1.13504571614115e-14,1.91942351292688e-16,2.4905843254647e-16,-3.17806249524291e-16,-4.26001915827103e-16,4.07253413807132e-16,1.21997323297817e-17,1.69725352389528e-16,-3.65464465435476e-16,"Bats EF-E2"
"AY039229",4.22985968257669,-1.38651984677068,-2.63466375862215,4.32657105525338,-0.136741211065456,0.812958689328939,-0.0848301328301945,-0.816607130132711,0.685556629650188,1.22098182866808,1.80998109070834,0.000609329886069264,-0.0780364478373985,0.0509896112194393,1.03683557511638,-0.312943159193431,0.267511413634837,-0.344935742390447,0.921258578517713,0.0673278353257317,-0.90474637824619,0.327137566800522,0.55193133242519,0.0469714646125037,0.452151944250256,0.248279413787213,-0.0188811283487998,-0.0969913560290009,-0.460452224877,0.247223431856306,0.0419262479433006,0.00643724203534827,-0.410894710738263,-0.144935706741328,0.213948103873143,0.0904802965386696,0.029204118423905,-0.0163143532173574,0.0120461477934667,0.0105973322523276,-0.00015328027417139,0.000744649646234057,-0.000525954330918551,0.00194477431416968,0.000557102871239101,6.77871759323482e-05,-9.10760415313694e-05,0.000150554808090548,1.15169906151053e-14,2.30106267764178e-16,5.26614188702759e-16,-3.73317400755549e-16,-3.63551870691938e-16,2.12964384497729e-16,3.20980511053653e-16,-2.18852706229277e-16,-3.16892208108125e-16,"Bats EF-E2"
"GU644652",3.88673365681159,-1.28436127460579,-3.17024227098523,4.91759810751027,-0.458227398195409,1.55107085861312,0.0420412903078227,0.437823156598909,0.0275178536575635,0.524296989991777,-0.415654492897357,-0.582895511394573,0.979476259032434,0.555151993631864,1.32503614889163,0.289707934694585,1.19271859257055,0.608378930473567,0.953088214654864,-0.0425330465746029,-0.576136419698304,-1.34637379288894,0.918532306785414,1.62600871839673,1.10214045936421,0.45948522857216,0.0856067181768743,0.20901924919171,0.189243972155695,0.0896545459391788,-0.109359853730541,-0.50219177682985,0.0372591821466686,0.0847487221533618,3.80073311415218e-05,-0.0548240507254874,0.139933335465041,-0.139490582834083,0.00747552464369841,-0.0447622092753014,0.000419684452884108,0.00216297204257563,0.00230332551732231,0.000525743119555783,-0.000578575424121933,0.000368196425827023,-0.000736126360864971,0.000253030428809795,1.12501356638413e-14,6.91859240814924e-16,7.70253416776006e-16,-2.85064807596617e-16,-2.77182887151117e-17,4.32306605703899e-16,5.87352300140113e-16,-3.20653774477413e-16,-5.67943354721309e-16,"Bats EF-E2"
"GU644654",4.19508778458954,-1.5347294605629,-3.78279553326033,5.04998978749993,0.182746909202542,0.852455039115934,0.366138038565492,-1.14277638830703,0.0173848391870958,-0.362312068397608,0.0302575013267932,-0.0588172416418641,-1.18683756644584,-0.204259137780978,-0.213965944160669,0.192752220743822,-0.0961750665141694,0.515193412476888,-0.466557478028244,-0.283087886477774,0.174069801079945,-0.0388189569464366,0.276225604353849,-1.10334512029074,0.117618769496819,0.241600166322507,-0.568257066679038,0.00231780050603841,0.18131794076794,-0.0866674023870848,0.144797628430105,0.176780748538702,-0.104251547172353,0.220827136012035,0.117521771744588,-0.212643866800781,0.188150219749396,0.201770705057865,-0.0504489765929798,0.12046975207438,0.000420849939301333,-0.000956347466566083,-0.000122756647043936,9.64961806663108e-05,-0.000145405754868555,0.000145888859810091,-0.00019719644436912,-3.17793408880486e-05,1.13365793736037e-14,4.69498107448977e-16,4.71103037471501e-16,-4.28828551986806e-16,-3.8436855240366e-16,4.07253413807132e-16,-1.26578145748363e-16,1.69725352389528e-16,-2.96075526396404e-16,"Bats EF-E2"
"GU644655",4.532806471219,-1.42059287737289,-3.59283438392774,5.48134346634573,0.346545858215854,1.04663210619486,0.515503197869859,-0.397904025499249,0.415682492652066,0.169676336992748,0.327364538758167,-0.334166606172078,-0.804091493415082,0.127107111914891,0.298554655197723,-0.0220228556250253,-0.48352066832804,0.648732947679853,-0.213189933206775,-0.259421385320082,-0.189536742611252,-0.120058156970474,0.203629559170079,-0.940855343295747,-0.0915564083202093,0.176318482379507,-0.107078684870715,0.0540856666427801,0.164043089924022,0.0690332111236876,0.0492202454141128,0.00473673230180108,-0.10133832261643,0.142814050209294,-0.167602743195455,-0.125520920446614,0.248594971992127,-0.0838500788838525,-0.129642477175682,0.00465600644466149,-4.71900018707468e-05,-0.000255633511801893,-0.000203311210229058,-0.000243640155364831,-0.000123280395112929,9.06322434946447e-05,-0.000307007603796551,-0.000124868412697337,1.1392090524835e-14,1.78064563484874e-16,3.04569583777728e-16,-3.17806249524291e-16,-4.19063021923196e-16,5.0613265193781e-16,-6.97659519101224e-17,1.69725352389528e-16,-2.5444216297296e-16,"Bats EF-E2"
"GU644656",4.23197594069371,-0.923865840472573,-3.89018886953811,4.82043339754513,0.527478350841937,0.445973952306608,-0.798306046426059,-1.1356563104508,0.0818655241254331,0.480746122195061,0.959791378928865,-0.315208512333404,-0.472444593616056,0.231899887479603,-0.702738662067726,0.237508949201908,0.518600692105918,-0.154431770520288,-0.362874103054399,-0.913231618563434,-0.36993956728395,0.142825126124716,0.0405932989154866,-0.128706797099197,0.272325021975169,-0.0773763963350383,-0.302917154040526,0.118954536952588,-0.187441460915309,-0.109178554856372,-0.0886451803473423,-0.267940557667381,-0.126994053134311,-0.204130690879938,0.109535181029681,-0.0357072847920776,0.185855761687578,0.0164105525865745,-0.0399679075240408,0.002263746632325,-0.000360176434209919,-0.000168193041517005,-9.30624834953254e-05,0.000479041145303133,-0.00062734943505009,-0.000128451998372557,-0.000271963458945547,-0.000105251854785607,1.15447461907209e-14,6.11745432479076e-16,3.04569583777728e-16,-9.57616445992595e-17,-7.90572206317419e-17,6.13685507448372e-16,-3.77679368896006e-16,4.75036684161446e-16,-8.09698153752796e-17,"Bats EF-E2"
"GU644657",3.88924300893943,-0.756330044648255,-3.52686470965516,4.32195565485141,-0.650928542499412,0.326729754637791,2.03772920747661,-0.721739893356611,-0.596035895717946,0.524555444798207,0.167685454709918,-1.27578854601152,0.80934561189356,0.159019025095054,-0.942750525823671,0.0193631404959053,-0.0869063730629618,-0.288100421330486,1.01127256687708,0.145680701143948,0.0867846728424778,0.613656318164603,0.736388222093262,0.348759915798154,-0.366821666538554,-0.0060238109423499,-0.553713884691187,-0.239465422627027,-0.241073160567526,-0.254460744492141,0.0358986189487769,0.296681130565757,0.0346394973104684,-0.32869202328794,-0.120668659823774,-0.0543808220726606,-0.49645865817642,-0.851890624214314,0.638335070999579,0.0500471861113278,-5.34520198771348e-05,0.00010974566219077,-0.000262925263865283,5.94620321599525e-05,-0.00126261341100139,-0.00134775614048103,0.00135606920330179,-0.000206657570213617,1.06812402230448e-14,3.46607391958098e-16,1.83662988286369e-16,-2.24488359847476e-16,-4.24094723646491e-16,-2.71044994179646e-16,-4.86850334192767e-16,1.17343641555376e-16,-1.27663737421545e-16,"Bats EF-E2"
"GU644658",3.24364534415328,-0.96741603182435,-4.04100499005373,3.46218024181901,-0.744645247741294,0.19442765950222,1.13746378060343,-1.57025822389698,-0.0881228144130035,0.360817984830148,1.09102749816519,-0.666914040949625,0.267183281871583,0.637113699898667,-1.17888956839893,0.209777920540241,-0.419061279881714,-0.272085277858668,0.129952795925,0.495937255447846,0.0741344397354659,-0.231139564984416,0.586734042602043,0.568109265944446,-0.346079172251826,-0.334299364522664,0.427008639076252,-0.409105979149801,-0.277561511662721,-0.452553858915235,0.183802408672345,0.0240630756594983,-0.0278205818730327,-0.508274577727625,0.183266280583078,0.0421867962541959,-0.0346684979455665,-0.65768824116149,0.693155014370639,0.19091617856256,-0.000266901369770163,5.17112370013111e-05,-7.32419317237053e-05,-0.000355857161850875,-0.000973906626918678,-0.00132571628844978,0.00138941561902373,0.00151968782957417,1.08914978049446e-14,9.50160708990295e-16,-1.271628509553e-16,-7.64783032750732e-17,-1.69573848326335e-16,5.16414749418352e-16,-1.95777534161976e-16,-9.48419656696593e-17,-1.81567853841273e-16,"Bats EF-E2"
"GU644659",3.64247878440565,-0.975592949360192,-3.6345038027772,4.12808882168573,0.249730971659734,0.507851210845124,-0.561636279896681,-1.00506071713944,-0.371113229208652,0.0296170460447476,1.137201920546,0.101437541510535,-0.0410856369359971,0.959571383894858,-1.14789858875349,0.45659147029781,-0.196184334178631,0.820471883572469,-0.0354839246849733,0.614183177739429,0.105470858104271,-0.629128338978655,0.226955647185156,-0.0847826246256485,-0.243982689249594,-1.35652092481223,0.573175766287821,-0.0462480617827754,-0.0927328328196287,0.095762032583833,0.501429284140526,-0.290331172281823,-0.173374997018826,0.356797979673558,-0.281911825500415,-0.138316961521264,-0.0627533405238291,0.0946552573994738,-0.00405077554884499,0.0344000498186603,0.000100972902449087,-0.000322104900070268,-0.000698801034602063,-0.000412620516566895,0.000467943011273303,-0.000875410055630629,-7.75143477057661e-05,-0.000102967072988839,1.10729014052552e-14,-1.96635707326117e-16,-8.40084748410767e-17,5.14861018944577e-16,-1.11989130621783e-15,7.68075896810308e-16,4.00777790948586e-16,1.1421420115827e-16,-7.67920311862095e-16,"Bats EF-E2"
"GU644660",3.85030513019986,-0.302536984330452,-3.71471793479281,4.37443887692596,-0.211241572089057,0.35310178975638,0.00249130200112413,-0.878240392239391,-1.29936222275467,-0.0651942991434989,0.395465464996556,0.440802808486633,-0.436261433253876,0.799052320309361,-0.765455907079235,0.544448261996563,-0.187853683914869,0.439089481769942,-0.0228775287909803,0.243042977409099,0.364858764776231,-0.00805932275987123,-0.148060516851026,0.110409790494924,-0.547693772219078,-0.91479650620717,0.854733064714326,0.514668309203728,0.165548568291809,-0.211769127364052,0.0381386889027376,-0.378677426400785,0.0139430918338078,0.15030803241941,0.0498400350060808,-0.163832844961285,-0.140217871002221,0.0566115586725143,0.0194632456079232,-0.0689114410052593,0.000637682406256641,-3.77652305187408e-05,-3.08939328292512e-05,0.00065091129513905,0.000248946569733527,0.000831827648489412,-0.000157671981723352,-6.08765057316548e-05,1.09341235271771e-14,-2.34799623797606e-16,-7.50142289616171e-16,2.92816414019545e-16,-6.61924308559949e-16,8.35730112373403e-16,-1.00123612739717e-16,3.08503230467673e-16,-1.36480966606537e-16,"Bats EF-E2"
"GU644661",4.9034214991537,-1.55646095274639,-3.46358116145131,5.30241936862052,0.46267029907921,0.522323882233131,0.730226687010588,-0.611680814668646,-0.332482940141196,0.329344029976569,0.625930013173529,-0.272684701691185,0.0725107849373764,0.222007003422025,-0.17523909172148,0.571398957750642,-0.0239573383247627,0.284469554589178,0.342747818224373,-0.309541835138155,-0.136834721486022,0.204220545720958,0.277469666446702,0.390545953927858,-0.0994201914312628,-0.0460831562367327,-0.11551544175773,-0.504281180412118,-0.309371598943475,0.418168407383568,-0.314026226206513,-0.035946591651335,-0.250678433456015,-0.221956547755801,0.281820022775732,-0.0814475408575162,0.000783307786548107,0.180146930711284,0.00441583186125548,-0.0891504177206899,0.000141050323464257,-0.000310446061724578,0.000488492018465542,0.000248482015395559,-0.000541762662543089,-4.61019306301527e-05,-9.92637315286993e-05,4.85857382894366e-06,1.09618791027927e-14,2.54088975989146e-17,2.4905843254647e-16,-3.73317400755549e-16,-4.26001915827103e-16,3.23986686960245e-16,4.00777790948586e-16,-3.29875008691792e-16,-3.51586677627661e-16,"Bats EF-E2"
"GU644662",4.49819473819426,-0.847704200497448,-3.50325863507974,4.62068798451782,0.0203990407060431,0.59225379554141,0.736324176318646,-0.785159158764503,-0.865208507353243,0.301306226232096,-0.217110555315259,-0.759491944711027,0.280806748005766,0.139914743737509,-0.431983047693114,-0.463246976171707,-0.248667351072723,-0.164332396435619,0.596250422092673,-0.0338977222199995,0.11161615653588,0.459269978286297,-0.104997222176531,-0.0460509144716815,-0.162246296610482,0.0494518604418333,-0.120972942556577,0.506807447089822,-0.163691546611037,0.0209603837574197,0.254030888231741,0.17993866364013,0.0557411041315005,0.0238178338088756,-0.181506964168244,-0.183101697119839,-0.556762598825937,-0.167258065273217,-0.197561013220475,-0.197734422485071,0.000210437921917177,-0.000285781806888016,-0.000457954961125322,0.000812636940425361,-0.000359229346659229,0.000575635502932218,-0.000618444833612854,-0.000157206884679825,1.12234663063586e-14,5.21670264336013e-16,-2.86660784488542e-16,6.15396306002563e-17,-4.86233761837858e-16,4.6460400300984e-16,-3.3568526153925e-16,3.54155383998935e-16,-1.38088001418068e-16,"Bats EF-E2"
"GU644663",3.71993471418199,-0.667634386127454,-3.68651339673196,4.41715397904239,-0.257582719693506,0.362110123057655,0.21906027694524,-0.738175502724236,-0.998778327552072,-0.420225479106024,0.462178536050376,0.355364992726616,-0.600129489042264,0.886578320948471,-0.683089384885204,0.536081446916759,-0.276173703948711,0.460773406989144,0.104470706498972,-0.0131367430163868,0.283211673984171,-0.141488433915481,-0.213225526573876,-0.285880559656361,-0.326370024431081,-0.636795727502281,0.566768734439691,0.132872105339583,0.0729456589190949,-0.05114486039497,0.0503473664147444,-0.233926303479458,-0.00485174461602662,0.275630615193754,0.0129585245540779,-0.290409539830618,-0.0418450815922855,0.116463557887898,0.122947368858273,-0.0915657968811969,0.000465957171081016,-0.000400568815246021,-0.000147930453267164,0.000421169077290758,0.000157374945198639,0.000695764854997009,-0.000183046116591619,-1.90547389203064e-05,1.14319358923757e-14,-1.39658597986413e-16,-7.60618096001302e-16,1.68340563039606e-16,-3.64375903569826e-16,2.08161365558251e-16,2.69962889772246e-16,-2.22887846053359e-16,-3.96628937780631e-17,"Bats EF-E2"
"GU644664",3.91031324625952,-0.468273666123828,-3.0102211865749,5.30871772435349,-0.234177829587938,0.627233714593027,0.852420489513873,-1.03535473564957,-0.461513086391811,-0.0650081734028648,0.0011374419611091,-0.699880284287255,0.618432141542606,-0.312381825843578,-0.602937746265652,0.188446423360208,-0.406774599081978,0.220137297340254,0.666498081508098,0.207897275401382,-0.197382231742392,-0.340485799958624,-0.0471290047774496,1.02831986058576,-1.6622753013845,-0.715145520355559,0.154755823902148,0.0406293933565035,0.466524719171809,-1.12701581718196,-0.238660539253735,0.517996263393485,-0.152753851360812,0.19887434535332,0.31290793398768,-0.337189578262369,-0.0416832441010513,-0.0843193440401184,0.0183924369710346,-0.325392045833717,0.000265873496787762,0.00124666206344904,0.000425028809348993,0.000204468628514758,-0.000914973435008221,0.000465723768419805,-0.000536111285731623,-0.000228830509209149,1.04995089168018e-14,2.03533851495904e-16,-8.59831942549196e-16,-2.61485064657673e-17,-4.48722905284715e-16,2.12410464126634e-16,-3.47466805624602e-16,1.29123693727586e-16,6.6095145997812e-18,"Bats EF-E2"
"GU644665",3.35702430574095,-0.31748550171145,-3.94472763228909,4.51532331584654,0.198145820807191,-0.0489334739022293,-0.852179912541484,-1.52759431843197,-0.628892132980943,0.243953212462467,0.645732634802415,-0.0856442608233367,-0.330333539113851,0.268497275150945,-0.968883521323484,-0.0831454184444036,0.265602802384754,0.11939832158829,-0.687264777577548,0.159366046990026,0.397598058371536,-0.418677681333415,-0.527955421789534,0.0676971976002734,-0.385724562029946,-0.508177484780186,0.738367304819867,0.480694837074999,0.0305101535768712,-0.341187200964015,-0.290804344766021,-0.493661003770397,0.120429760977171,-0.0901848174010205,0.0526009490341129,-0.193591327398235,-0.557904100112514,0.201904677979971,0.0390013022449852,-0.0283530349043263,-0.000140233129989764,0.000298069750557306,-0.000249889938797335,-0.00017279009379897,0.000782013468894077,0.000735264263766449,-0.000330987714637588,9.59478426951324e-05,1.11700459199099e-14,-4.0133307749138e-16,-6.94631138384913e-16,2.92816414019545e-16,-4.39879703634918e-16,2.40719960113358e-16,1.28426205220228e-16,-8.00748281511322e-17,-5.0424234351362e-16,"Bats EF-E2"
"GU644666",3.81633029943022,-0.713638969738865,-3.64831741458807,4.22735697797335,0.0547047428393963,0.216240244219146,0.342792741435808,-0.825925004174653,-1.21526441168697,-0.0525339494385908,0.493530755773712,0.134043056850891,-0.318325004673459,0.55523219742095,-0.526060094036518,0.62749151947872,-0.0968030285232304,0.422689555989203,-0.0392103012333758,0.175065271317586,0.468988179312891,-0.0981240342629674,-0.528103314091274,0.0141874157869256,-0.230206468568779,-0.996033142353626,0.658824496845352,0.520700426241611,0.395621305309146,-0.316737530940627,0.076030140523795,-0.388882997851722,-0.0645015158932955,-0.0629893913839565,0.0543233049663553,-0.0632990858635186,0.0206995997759026,0.154300016568289,-0.0537858146097161,-0.0949031318833518,0.000942533791553701,3.18531854792769e-07,-0.000192519385432468,0.000551992382781232,-4.31544909145351e-05,0.000513063529890845,0.00117543247110628,-2.86952222103475e-05,1.09790701900649e-14,-2.17633686607502e-16,-4.54769283983842e-16,3.13823862204003e-16,-4.77401860403976e-16,7.22608802714571e-16,-1.33363784666817e-16,4.15919365574759e-17,-9.42945718752579e-17,"Bats EF-E2"
"GU644667",4.26011495411593,-1.52255289924922,-3.61862285382306,4.37499696423668,-0.964961552628943,-0.0480819019056155,1.22940166664887,-1.85769108176232,-0.287938051857995,0.363319174704677,1.09750054456918,-0.419790181755217,0.51466994512874,0.659444367139047,0.155201986215658,-0.199821505572344,-0.0911936881615694,0.257906513933805,1.13959045506321,0.652836909980209,-0.444155910886104,0.936640264409902,-0.19592569348951,0.376882612827564,-0.0131100823116855,0.185514226607203,-0.042164877937309,0.614066697870218,-0.482096128738514,0.205839717852942,0.279138280940788,0.466480363010203,-0.417480097548373,-0.098958562317827,0.207943269549449,0.140136524130846,-0.00984078062933575,0.118003711832269,-0.060730747019771,-0.127973991376341,0.0014529902076169,-0.0021501504053032,-0.000260337336522707,0.00101513860652434,-0.000259447299672405,0.000216079629848116,-0.000309355020237335,0.000110097270171619,1.07675900734833e-14,6.81134371518148e-16,2.70138276214389e-17,-1.51272795830517e-16,-5.50902006097433e-16,6.13685507448372e-16,-2.6665706643349e-16,-8.00748281511322e-17,-3.58525571531569e-16,"Bats EF-E2"
"GU644668",4.79552899077619,-1.78939747131336,-3.74035773219004,5.62718892696313,-0.268789368342766,0.28308830949974,0.271702386772753,-0.841252714112298,-0.661392409661981,-0.0408722090356871,0.323059925207871,-0.465370740809707,0.0902423905517565,-0.159335522812095,-0.156567344399511,0.835615062481706,-0.425378921697276,-0.0770762095065261,0.39162982045632,-0.0353870048540689,-0.540666002272366,-0.408757542778345,-0.261479177432307,0.556703595235505,0.00349254951198985,0.394236901291234,-0.106663581044951,-0.369227602667905,0.0206889607479722,0.291436119634193,0.164863368806362,-0.152807623687332,-0.100149139121765,-0.170519020060887,0.26361663873057,-0.303080554502009,-0.227493175417159,0.296319260530828,0.057065171890376,0.0687547247760993,5.17067647578404e-05,-0.000389185092538334,-0.000187315157300064,0.000395287523726982,2.80012073694433e-05,-0.00110422820590416,-0.000273453945138681,6.14835611982358e-05,1.11006569808708e-14,-2.34667801671426e-18,2.70138276214389e-17,1.26282960325772e-16,-6.51794328239275e-17,7.80218961142145e-16,-4.46124615084587e-17,-4.40897311154308e-16,-3.58525571531569e-16,"Bats EF-E2"
"GU644669",3.61164271869642,-0.574549762096744,-3.70853146998014,4.12729210543178,0.096237147880479,0.209995929563892,-0.41795680684502,-1.42113131041963,-0.482353571703932,0.109236240572488,0.843328498904878,-0.127959169291024,-0.262907952144249,0.882561607427337,-1.00454424311711,0.334419213095216,-0.0695940678033711,0.335756073022427,-0.0820130175044761,0.348119190098848,0.263729718673172,-0.206360582834078,-0.258393154900511,0.141351663234511,-0.370286479269815,-0.618870279300463,0.839302904418771,0.338263450199448,-0.086626480958628,-0.188103044609573,0.176088685816168,-0.320004901090068,-0.0108241718921347,0.0834308496902674,0.00556318259406416,-0.146396018035346,-0.0853709175455078,0.0399505701797703,-0.0508970540633642,-0.0549066019957933,9.69657376476034e-05,-0.000257228942778079,-0.000197261009810729,0.000523472455960844,5.81687418354124e-05,0.000613484448506427,-0.000288454183051802,-4.37056378075781e-05,1.10451458296396e-14,-9.60217457194618e-17,-5.83608835922397e-16,4.03838716482061e-16,-6.06413157328691e-16,7.24707809910888e-16,-1.00123612739717e-16,1.97480928005157e-16,-1.91992117837795e-16,"Bats EF-E2"
"GU644670",4.10239543828987,-1.72550537188168,-3.15598113773479,5.6043363414874,0.155884614471175,-0.204577979870755,0.518318251586209,-0.410648928778269,-0.986041217701372,0.0226667772569605,0.958293798404105,-0.339008554831564,0.292394367851152,-0.0878001864695948,-0.380061266652333,1.05902492393019,-0.389944808579028,0.0163789192578772,0.280694836943895,-0.271867861626791,-0.217737618352338,-0.395451872415832,-0.239588183555122,0.591623654639375,0.141697473656871,0.486652523960778,-0.095489978541612,0.00505534327174911,0.109829993577434,0.424200411542662,0.290963054318132,0.403412498444126,0.341829548503338,-0.542525176433276,0.177730918905726,-0.365033524679591,-0.235896044895311,0.384810468635663,-0.0133314456390709,-0.0642993901753215,7.63461070422105e-05,0.000277289041722838,2.56449369254514e-05,0.00034046203496188,-0.00014467242236933,-0.00111810705233297,-0.000389529665243317,-2.05073784902272e-05,1.10358123561555e-14,-1.00884583087506e-16,1.44542692723405e-16,4.69905393621e-17,-6.81571276525777e-17,7.24127644221747e-16,4.04359460244068e-17,-2.99860171780298e-16,-3.24945567883403e-16,"Bats EF-E2"
"GU644671",4.27489175147588,-1.66790267626502,-4.34678762819979,5.48680573962004,-1.07478662662794,1.01921411887504,1.93525009743516,-0.602234219335389,-1.12894223876667,0.47789672075497,0.187981356467585,0.213562764477693,0.175809326057777,0.528201356879844,-0.184256083393856,0.0601498361977278,0.254581682335992,2.05372498553146,-0.19785172848791,0.1431515069062,0.385048743426238,-0.706073487499167,-0.17051890014791,-0.886794446879488,-0.621053924213013,-0.284021064884067,-0.181374161068322,0.273097776150483,0.346189963993199,0.249114565280559,0.466386992283807,-0.0928079250292304,0.166872894079696,-0.0568170609071788,-0.330338015256126,0.0224124263009006,0.180571568019695,0.0690192529568994,-0.233849840601396,-0.0907450276595165,0.00126307162742027,0.0023077759056673,-0.000131884655193939,-0.000619967189268798,0.000554015710102262,-6.35616516812648e-05,-0.000167765350151407,-0.000427329549546033,1.1461479463874e-14,8.85831741683411e-16,2.70138276214389e-17,1.8179411155703e-16,-4.95390854866176e-16,4.35008989422761e-16,1.21997323297817e-17,-1.07830403766761e-16,-5.45875706937064e-16,"Bats EF-E2"
"GU644676",3.90920076359965,-1.51224440432899,-2.61964218432675,4.08637438129304,0.334479390367062,1.09300855318765,-0.315023356043412,-0.400945774247312,0.367142358084907,1.55940895108448,1.47961433920261,-0.383586848549843,-0.270104509765791,0.190884707020873,0.576256751819729,-0.044909642245079,-0.672942268122222,0.0964683126550051,0.490097000957678,-0.596988870074766,-0.128515730867778,-0.0484469556119756,0.536403029423706,0.774470951629,0.144531794295878,0.743961234661833,-0.604742061888464,-0.0346117024458145,-0.530168997627494,0.450497277514956,0.1819328896687,-0.232437979490906,-0.3140751538007,-0.171456331758721,0.212349789314724,-0.062158986738898,0.18271137042825,-0.249515793147706,-0.0956476683493375,-0.0855753883509574,-0.000390328352536558,0.00298774036154418,0.000565690969275718,0.00134162664716067,0.000238387110103283,0.000142928936774058,0.00011486859758779,-0.000248430189008108,1.14506356244622e-14,3.55501775674175e-16,2.88328684186147e-16,-3.20490967459933e-16,-4.06402614238003e-16,6.5965043661393e-17,4.10342608700539e-16,-1.31138056171637e-16,-1.57741403894969e-17,"Bats EF-E2"
"GU644677",4.02387642070366,-1.00510963206549,-2.98206913432981,4.66254513225105,0.542532354562721,0.738747479396465,-1.36986340927872,-0.465400317905256,0.772780755645984,1.80694770238044,1.0807303079472,-0.276991731875421,-0.309110520548107,-0.451039504522566,-0.0248499957124897,-0.711361333790913,0.259469701764338,-0.710132090201111,0.102010612383204,-0.671233718564054,-0.324885234456618,-0.375078093509736,0.309185235564899,0.104349031458313,0.274214467996836,0.313309807667138,0.386395921503902,-0.206226639153304,-0.137925469293341,-0.0105712919756193,0.0912789931101581,-0.325043959616788,-0.248801169558498,-0.276946394991118,0.146760604086784,-0.0317333198932245,0.0905157274511146,-0.174629807299123,-0.101634269268617,-0.0916462222635689,-0.00161670860617913,0.00220225824575928,-0.000301267923975759,0.00154359331708532,0.000630575218014617,0.000195771073826265,-0.000397257397025687,-6.09986117380581e-05,1.18916908859163e-14,2.64800737283714e-16,1.38036130083955e-16,-9.57616445992595e-17,-2.38651780421608e-16,1.69406317123503e-17,3.42230873634369e-16,3.09474743113835e-17,-2.68319950780775e-16,"Bats EF-E2"
"GU644684",3.97155434606502,-1.96515995027898,-3.85750326051224,5.86978390235013,-0.224077340809325,0.82366599991438,0.109484176362421,-0.382287213257234,0.300326125064457,-0.432280815346358,0.0401311982222556,-0.358785596906098,-0.0999796265676499,-0.015249649133638,0.0459103311177487,-0.0247657303263101,-0.504586192538913,0.454475554634609,-0.297096728408516,-0.604430440736573,0.0257034634197533,0.214543843518523,0.17449147149338,-0.680811234018265,0.158566077031639,0.0229577083046753,-0.024098723708996,-0.165518506466962,0.0539085193039091,0.0371692867358054,0.09136918569408,-0.345601867865933,0.106899093174107,-0.0279884639920264,-0.262344112668122,0.345472595455264,-0.0638297888275257,-0.0153161471040437,0.11192921761057,-0.134638920132299,0.000230735639155335,-0.000342727641592914,-0.000850590689370321,-1.37811303551363e-05,2.53275171346487e-05,0.000506844404289653,-0.000248788108614407,-0.000238937995571681,1.14059683126428e-14,2.57861843379807e-16,1.93547281315212e-16,-2.06783947061775e-16,-4.67635279250547e-16,1.85208808882101e-16,6.77108835610395e-17,2.52992079236415e-16,-1.2954207270263e-16,"Bats EF-E2"
"GU644689",4.03043105338086,-1.97863787964675,-3.68346492961965,5.89958970234786,0.0241705165292875,0.998105897544092,0.239817422901232,-0.0486026076708469,0.660622457525401,-0.500604177596525,0.163541251379102,-0.232171272579809,-0.210045667022928,0.171117886076456,0.118370340830292,-0.0350027514147073,-0.720197393264903,0.835139597931102,-0.244971092089386,-0.460098819002963,-0.15275415545168,0.0546277557851345,0.143664527787615,-0.895094219799882,0.20054590019906,-0.142356931448573,-0.127491401412478,-0.278787989898088,-0.071837944369154,0.140881508110576,-0.114812690966212,-0.316392472343558,0.151925191064441,0.111483195115157,-0.133586339550201,0.360818619391786,-0.16803058789001,-0.112688765893188,0.215942623045231,-0.119219661711116,0.000139234509580086,-9.27920550102954e-06,0.00185433147414257,-0.00116798551181347,0.0010635495038696,0.000551476248461486,-3.56651607648203e-06,-9.38954125677464e-05,1.14476016760662e-14,2.43984055571992e-16,1.93547281315212e-16,-3.17806249524291e-16,-4.32940809731011e-16,2.84088047012779e-16,-2.08543829988267e-16,1.1421420115827e-16,-8.79087092791868e-17,"Bats EF-E2"
"GU644690",3.93914400596982,-1.87188890340118,-3.8899160476833,5.99501211271703,-0.187231334141306,0.742518961455624,0.0553576543994796,-0.305662692491029,0.36144417448065,-0.427549083368018,0.0524322818730509,-0.358611135751671,-0.0826893827694988,-0.0372576500213253,0.0439979762763718,0.00233616428650795,-0.548747989642846,0.63639652183912,-0.356012064854641,-0.475142450151945,0.00494806487433322,0.145460586488535,0.0675143511551734,-0.705181664559257,0.257206925067696,-0.0928231914296293,-0.182100079237161,-0.164389626095792,-0.0585167198224644,0.0216220088964355,-0.0176063981011087,-0.336768179559001,0.125457312601666,0.0237832888298939,-0.0472728124941161,0.417462706530003,-0.227628943788919,-0.0533268786978845,0.190006867362511,-0.149872791391568,0.000231337035279914,-0.000131843814204824,0.00180225236166798,-0.000933319296694368,0.00106812396022201,0.00055787739364618,-3.82913287943055e-05,-0.000115562588417699,1.14059683126428e-14,2.57861843379807e-16,1.93547281315212e-16,-2.62295098293033e-16,-4.39879703634918e-16,1.85208808882101e-16,-1.54333721363992e-16,1.41969776773899e-16,-1.85053223933888e-16,"Bats EF-E2"
"GU644695",4.25883588669526,-1.51897762445335,-3.77814013692451,5.81643244597078,0.299747108259104,0.630348512315885,0.375065231313618,-0.584787457580816,0.35418532079324,0.140881562798784,0.0500781907415007,-0.419866593963789,-0.642827200120711,-0.00590295709227981,0.235744868945681,0.0554753174034634,-0.375598278521912,0.458550436195124,-0.486026810328386,-0.217856952868393,0.140899312353493,0.175353344245452,0.265884499390324,-0.602766952640229,0.021998064839115,-0.0265955132792149,-0.169552109210053,0.0138780535429242,0.00246501138018887,-0.0567794966793736,-0.0061643644479725,-0.169304626312794,0.0121692358553846,0.107625387052915,0.103967011783372,0.529557736615416,-0.15301150715189,-0.0516913485324892,0.231371066591817,-0.160364345626103,0.00066451101662038,-0.000409729217473421,-0.000475155336335506,-0.00105378587570454,0.000679298858342353,0.000341993223406851,-0.000162227491966162,-0.000222184567945187,1.12949460101802e-14,2.54088975989146e-17,1.93547281315212e-16,-3.73317400755549e-16,-7.31313247599021e-16,1.85208808882101e-16,-9.88225701327339e-17,2.80747654852044e-16,-3.09953314204218e-16,"Bats EF-E2"
"AF351845",2.00101782364464,-4.07237813684827,2.38983123472373,1.49050115982119,1.19749644637521,-6.04047219149879,0.0774247561504781,0.464185898416276,0.0666665151059985,-0.0296493518066531,-1.93497293342643,-0.146504243998739,0.137323412636263,0.752026798990064,0.14571070171111,-0.391164731311898,0.0333906303319765,0.387422203825279,0.419638946414768,0.33794351705454,-0.275715818108844,-0.510070677096594,0.510057019890304,-0.260727282893746,0.360484877987284,-0.438515100314968,-0.300256917948146,-0.245400436226499,0.20869936183039,-0.0662169118316936,-0.194385214860397,0.0520302690146319,0.088228028962802,-0.140929434136112,-0.00828310607893154,0.226620169519651,-0.259598469321688,0.0759130685371166,0.0662723824752833,0.143970254133784,7.47424557140015e-05,0.00172825315376485,0.000282651257279621,-5.75038679194162e-05,-0.000419757581604975,0.000402413239704818,8.56883722354726e-05,-0.000215352502481224,1.04926313106444e-14,-4.18272114106671e-16,4.65979546582811e-16,6.54665558078166e-17,-1.10491190859156e-16,-7.94266712846037e-17,2.97697324848232e-16,3.92108737188414e-16,4.50757385472995e-16,"Bats LC"
"AF351846",1.8468776143197,-3.77381172850936,1.762399730018,1.31544397080397,0.88399412983964,-5.88992185846953,0.404777587750853,1.21340439030027,0.653919118141423,0.0146519899501299,-0.696099007539475,0.438931764815564,0.199047772885031,0.231921396054473,0.0330821987545436,-0.109625649666475,0.0703977169646075,-0.220520253647602,0.0156637674867473,0.89886820255256,0.030137705483123,-0.694564861843,-0.41548690338256,-0.174090940122746,-0.167185266801002,-0.148514845491509,-0.514236432786342,-0.0755164885624809,0.0534327564278793,-0.0636244901324195,0.188452160360069,0.0232798098949618,-0.298327188792876,-0.335006873143246,0.0548813431027094,-0.280414472259402,0.221446735954899,-0.0186614133168373,-0.364969802037905,0.0943780906358103,-0.000610221013079397,9.94758069346132e-05,9.18172288800768e-05,0.000930302736781324,-0.000409902470690888,-0.00156656285841331,-7.7330501036941e-05,-3.08112105422681e-05,1.01040532520256e-14,-1.93847987223703e-18,2.4393494165778e-16,9.9554045765588e-18,5.3111160335933e-19,3.1595631177912e-17,3.32391794367768e-16,-1.35247199508535e-16,2.00957204932335e-16,"Bats LC"
"AF351858",1.00843938643142,-3.54632483996763,2.49747682635557,1.72353979246715,-0.160663859842237,-7.10331651925173,0.19424931518737,1.09668958402821,1.12151915522061,0.509409817402852,-0.761956496071832,-0.571356269607656,0.647063597065802,0.21786138407981,0.0801143446141681,-0.658310530714585,0.304367816941792,0.458579837339092,0.550972328939777,0.938389290096705,0.0911319717234187,0.191335023291037,-0.81949700857142,-0.601331939995645,0.0170611872495533,0.06726712089021,-0.418984601993241,-0.146377815844938,-0.220833504918423,0.190877603582531,-0.0895042796590596,0.545717159378761,-0.112865863989278,0.399112202911044,0.0667428952639792,-0.213442996302153,0.375367997657464,-0.0748392928470551,-0.2840855149016,-0.274624634469367,-0.000872052936442197,0.00105367177578626,0.00017385911579382,0.000218845369043624,-0.000439527785357314,-0.00143238507730266,-0.000198203555250113,3.62615033993846e-05,9.98486624633514e-15,-6.36982800887643e-16,1.77580971725583e-16,-9.72050530125672e-17,1.61975484443146e-16,-1.18287198014913e-16,9.54120745150893e-17,-3.98321783809743e-16,5.84455608352369e-16,"Bats LC"
"AF394883",1.58346827941986,-3.22432467117427,2.41108984726349,1.63032206760908,1.24715258084275,-6.31956370087459,-0.219885415806286,0.718334471304137,1.80734372280892,0.133788259712349,-0.792743139468257,0.125101584925403,0.560988722673812,0.348903742082837,-0.898503776414318,0.706776645637066,0.875606934278296,-0.0494192282544294,0.415343806515916,0.690912737063699,0.195827663925967,-0.012699812955516,0.022326586836672,-0.572499432447755,0.107656821834774,-0.22279976887502,0.0107529320344598,-0.421116271793237,-0.0538902882213989,0.0965484866353404,0.0504250725869893,0.440531404107588,0.386743364805553,0.31885228686814,-0.206659413675317,0.248697373374221,-0.517190173904183,-0.069047349324785,-0.182073146696897,0.133066224185628,-0.000465765609417143,-0.000462245155575433,0.0021063585962349,0.000501963143484542,0.000209845778234224,0.000233474658957882,-0.000121937000826615,0.000135176139767107,1.05070710239167e-14,-6.63570692773768e-16,-4.13101327815627e-17,2.10632760072836e-18,-2.29149344088692e-16,-2.41423180852137e-16,3.54985547824985e-16,5.26535907341451e-16,1.73796752766662e-16,"Bats LC"
"AF394884",1.23185578944075,-3.10287407146109,2.79047803989215,1.67724294499916,1.44810978188047,-6.12231685521429,-0.105791228801908,0.50766714584129,1.60181422229046,0.256615057667624,-0.862206939515384,0.37607266213996,0.316028442867247,0.339281864116453,-1.04171582602474,0.524239894756117,0.417694559310887,0.220786106624363,0.419482459516969,0.621340854645234,0.233463111325671,0.104371927552624,-0.0920894389285457,0.106957184433404,0.508697347439306,-0.436544272588563,-0.191426898139527,-0.0240301191968733,-0.0213228125213182,-0.0874236747882415,0.0857801811144596,-0.510382241676413,0.240304520937513,0.540543757599427,-0.439601677362894,-0.129904717443951,-0.289065278349786,-0.036214280935761,-0.0409773568265969,0.0214552615445508,-0.000556165201885056,9.50708670055963e-05,0.00204111379308136,0.000478258242882122,0.000592371182106472,0.000364439177827212,0.000233044772210759,0.00011653153531151,1.04739049304926e-14,-1.15266529008716e-15,7.80592394323837e-17,2.21657344041639e-16,-2.60078777589741e-16,-6.2238914850503e-17,5.26648247739253e-16,4.95175172039328e-16,2.33295388386289e-16,"Bats LC"
"GU644712",1.74879851577899,-4.06225468135537,2.12392344414871,1.12590059411743,0.731756922850135,-6.13896911607858,0.496384131372974,1.20409627890606,0.773119085949202,0.27798924370614,-1.33222990212688,0.750854110197261,0.101890131068747,-0.00745217487429632,-0.174324851535076,-0.634602061614586,-0.426599153126505,-0.442295757252345,0.196098476215707,0.337159116191965,-0.0268340343977944,-0.0318242481361983,0.0257610595022956,-0.0881167637566315,0.0521587798438044,-0.0362347175371647,0.00442066950204857,0.0306211510993901,0.00552138415461788,-0.0282859757861955,0.132206056785984,0.142485106181241,-0.154641767476915,-0.1363962031238,0.167524541834754,0.175553222622684,0.0587313234704044,-0.0179914671363285,0.0494813395535136,0.0459186475126903,0.000119564176326508,-0.00015031995929325,0.000168756868271615,-5.62040114518044e-05,0.000183826180830992,0.000404828576211251,-0.000108634481843804,-4.42065280142537e-05,1.01040532520256e-14,1.09083822590279e-16,-3.36208144985095e-17,-1.01066897885957e-16,-2.21513493321672e-16,-7.94266712846037e-17,2.21369491905252e-16,1.97819707879012e-16,4.23001809857366e-16,"Bats LC"
"GU644713",1.12206751818534,-4.281052589947,2.0316537198583,0.216355629352142,1.03053717849197,-5.6236395063756,0.381550418892848,0.769099123971601,1.16772247040481,0.653033866242293,-1.03449417438762,0.273435726350141,-0.413627057348564,-0.00301682972060867,-1.02833606892677,-0.23814548790323,-0.74440614672869,-1.42689204702747,-0.628976956394709,0.759243255979143,-0.217607798645294,-0.0258365321058263,-0.19583050397047,-0.0644113732873807,-0.12332020894302,0.439340968810215,0.326834359139278,-0.252260731216606,-0.165438114168224,-0.045872688506682,0.121815836542068,0.0164300814740544,0.403853287772913,-0.183334210590424,0.126126050969618,-0.0619738288608432,0.267531094322265,0.000693211294235234,-0.26131841125709,0.207766982087205,-0.000688597047543529,0.00105046339879116,0.000791885506588877,0.00122395106770987,-0.00120740181038431,0.000302406732859843,-0.000167798043228382,-1.23213453352128e-05,1.03260978569507e-14,5.67050820248156e-16,-8.91319657297673e-17,1.76488858270332e-16,6.99200506424316e-17,-2.18204549362748e-16,5.75253081004521e-16,7.80686795807219e-16,5.06268536704253e-16,"Bats LC"
"GU644714",1.23938218301086,-3.97690606064914,2.32277516828944,1.66978111815011,0.457915886882218,-6.52835425877751,0.50299786388103,1.49227862874902,0.789708295781574,-0.34971466626789,-1.15636565545724,0.479482982617115,0.174853521074622,-0.151508007904265,-0.502206167663556,0.265360622575461,-0.638965924813346,-0.42391446018317,0.0688548517877961,0.74557002744057,-0.299162386324125,-0.241918540738502,-0.309409531534078,-0.279282899846049,-0.0330488721134757,0.293206015218446,0.14388385036334,-0.563073588070275,0.26056032679184,0.10834178703499,0.0599005582195541,-0.454520855360101,-0.461207909539956,0.240849682540276,0.00865010878406317,0.17731206257881,-0.177035407582265,-0.181092043948328,-0.12190546603533,0.15550227794259,-0.00050172615647983,-8.63777312189915e-05,-0.000552312948842087,-0.000371073133400614,0.000558904969212269,0.000456105251619296,-0.000145049720842581,4.14382285147136e-05,9.34077492259584e-15,2.13167231148887e-16,3.54957244120295e-16,2.3200000950159e-16,-6.23969339748291e-16,3.7507087942132e-16,1.10347189442736e-16,1.70064132263383e-16,-4.79054397650574e-16,"Bats LC"
"GU644715",1.89873381561244,-3.65946556805654,2.04304184799543,1.29946916783233,1.30181994268322,-6.09767288644511,0.389848546040362,1.11055717607353,0.879540293948039,0.434932597775756,-1.21830527384948,0.610839091152817,-0.0212915248757948,-0.094778723187028,0.0131884426464431,-0.17872346086101,0.0310910638411179,0.143535924482073,-0.0326392628911223,0.821855720213894,0.158259720356798,0.172788876671879,0.308397692941224,0.0140314617202743,-0.150979144730998,-0.179987641002957,-0.142320030369638,-0.000181834652462785,0.226243245661716,-0.116661469772254,0.216331595937186,0.103357305608915,-0.21981964717244,-0.0255029003402463,0.260947423310741,0.289120316876955,0.19275844791044,0.00734416952279056,0.0755488301028951,0.0102716438178755,0.000632603797942544,-0.000333788075991809,0.000170632417299615,-5.21927579732562e-06,0.000167775967576838,0.000219266872023091,3.84577281591711e-05,-2.1513826893126e-05,9.96527537394749e-15,-1.85819168325779e-16,1.32912639195264e-16,-2.6760035157973e-16,-4.71313673862332e-16,-9.15697356164413e-17,2.63002855328695e-16,2.81086434725898e-16,2.49529462259685e-16,"Bats LC"
"GU644716",1.76175150223585,-3.95743162669879,2.11791514239932,1.62662051854432,0.823294580070437,-6.08923364846758,0.26244873550397,1.25913417626991,0.888033347628122,0.0633960981943893,-1.25384284883461,0.410010358633325,0.283329838628366,-0.15546071994451,-0.119140844493831,-0.212693200611426,-0.209560245614615,0.0959278455643943,0.272308145833437,0.351388507771396,-0.0181916293698798,0.285544729239306,0.127136275408716,-0.00788487926311822,-0.0241716401612086,0.0115015257459092,0.0910465547909401,-0.118257281266745,0.279236928130189,0.0430519275940207,0.167009950155946,0.020210168782452,-0.0963402135277208,-0.0145646442354986,-0.0607930437064401,0.126874365742901,0.25946648837208,0.056745775239943,0.00925832117872265,0.0878594388269219,0.000373270627468501,-0.000142752757806763,3.79524085261401e-05,-0.000142068480447239,0.000314092427382622,0.000546838209309552,0.000113228122267919,1.79240113594314e-05,1.01040532520256e-14,-1.96227509181639e-16,2.18903367327483e-17,-1.56578049117215e-16,-2.21513493321672e-16,-7.94266712846037e-17,2.21369491905252e-16,1.97819707879012e-16,4.23001809857366e-16,"Bats LC"
"GU644717",1.54968051305717,-3.84631800925742,2.00960784973249,1.98496666448954,1.28850177669199,-6.16345757804474,0.637467700317514,0.926954907574604,1.16783459129694,0.0130362487811385,-1.33299662349459,0.873885230275328,0.283427244046794,0.24001302702812,-0.20535510335628,-0.104774820650428,-0.465993338752168,-0.404974169801239,0.0735949338855202,0.565170762244292,0.330779137787885,0.254411895506333,0.211031794027368,0.190000427555621,0.424782404716763,-0.363711716567347,-0.0877556357934639,-0.075910229669709,0.159042532358877,-0.0437861226575487,-0.00382485888527319,-0.305311035502762,-0.222506566569635,0.178250918015796,0.102437122480389,-0.0699889690846342,0.129589406303994,0.163018489389496,0.0232485174373837,-0.0249313352633213,-6.5555972408437e-05,-0.000315666213199366,4.65212747531284e-05,-0.000145651947981059,0.000381909671658571,0.000457311370843809,0.000350637589823125,9.65723554799821e-05,1.0118642659224e-14,-6.59914849954175e-17,2.73772655175941e-16,-1.22994066563372e-16,-4.35769324311833e-16,3.19819596602626e-17,4.63783248562154e-16,3.17684034333835e-16,3.99701153415622e-16,"Bats LC"
"GU644718",1.25575388264652,-3.77650559655154,2.41533283269378,1.02499618449723,1.48444196026351,-6.51675741488069,0.631198179770887,1.38821926711887,0.484303438204071,0.940561779874951,-0.810077244668908,0.984074565851202,0.336461243927392,0.369093684389408,-0.639255571504552,-0.0258890178876184,1.10883667448152,0.0568814547035918,0.494425928705518,0.568058155259416,0.597718453080006,-0.178762366969358,0.590215160872123,-0.335321851273799,-0.491265310245722,-0.524428824773605,-0.55728261091651,-0.0480431977786385,-0.0485828167991416,0.000730222267175676,-0.0129386454341944,-0.172932385074062,-0.335405606964714,-0.0336435649294706,0.160284674958833,-0.0131748247655656,-0.0330347019200174,0.107575812393222,0.174485866078493,0.000963528652674881,9.50288919186282e-05,-1.57066898268366e-05,0.000439583615531289,0.00110347544768313,-0.000761653875999603,-0.000395356922735517,-1.77732475235762e-05,-0.000188850102292483,1.0298342281335e-14,-1.92857146320051e-17,2.99446092889037e-16,-2.12089200348473e-16,-5.82335976324848e-16,-4.62800559475478e-16,5.12803035869356e-16,5.0313103965093e-16,2.49529462259685e-16,"Bats LC"
"GU644719",1.50905936647753,-3.86329308446863,2.15762275998735,1.98182669672902,0.624234430267314,-6.21807281426243,0.732029069831809,1.14047892243804,0.645544728711551,0.310190723707538,-0.95283062421374,-0.125492045613829,0.362984329726746,-0.873706738853154,-0.541801388100751,0.178291370863854,-0.177049917652532,-0.393953000377748,-0.398158450316337,0.711467323207278,-0.0908310260974037,0.547434126865878,-0.0309897731040967,-0.083956672512091,0.180365545141325,0.437553524559627,-0.217379980301504,0.0110256358950341,-0.112184852701253,0.0726772201113444,0.134350649994463,0.175954938684416,-0.117865552923899,0.0356976796196583,0.223631445020539,0.350760018674195,0.155608948626522,0.110284698356737,0.00896889907391767,0.144365670689653,0.000241380095688915,-0.000450811425052341,-7.14186159701117e-05,0.000105714695257684,-4.274228174297e-05,0.000158595892411457,-4.97246855002056e-05,-6.41099273284402e-06,1.04648757350288e-14,-1.26838570142567e-16,2.4393494165778e-16,-1.01066897885957e-16,-1.03552296955249e-16,-1.83510079843212e-16,3.43233816092623e-16,3.92108737188414e-16,1.3850715979717e-16,"Bats LC"
"GU644720",0.943826584520625,-3.95577065995346,2.49798344544984,1.26916064431158,0.726579836059787,-6.07657394879851,0.235828965930081,0.76496894718658,1.25586468832873,-0.0112896281828476,-0.42004903365671,0.0514584105026761,-0.485524160021655,0.428599921637622,-1.1596151999334,0.343442231840218,-0.370668842887279,-1.16283341870928,-0.448111806163992,0.830173046122712,-0.367868761642517,-0.173676783350387,-0.627350566103587,-0.279415782087042,0.0735464125195473,-0.00417015392808661,-0.0614160682100566,-0.345958241224518,-0.17278452575053,0.138707874008649,0.0474056048379927,-0.0723563191077259,-0.0695759336340175,0.074235046042261,-0.0148726496964686,0.096427017098743,-0.0423592862796576,0.138368872018256,0.0727677852711921,0.293494315449305,-0.000422021340241941,-0.000587379234640248,-5.04174309619161e-05,0.00119878735822462,-0.00102924338823226,-7.14643339754076e-05,-0.000146772225642487,-0.000101220905400551,9.84037528367716e-15,3.24189533611403e-16,3.54957244120295e-16,4.54044614426621e-16,-2.90902432360744e-16,5.97115484346351e-16,5.71783634052567e-16,7.25175644575961e-16,-3.125209439568e-16,"Bats LC"
"GU644721",1.66996442830216,-3.8121629681676,1.84561292318947,1.52232501264635,0.645085146704292,-5.85495021200674,0.2236139240731,1.09925934568572,0.850439361009667,-0.0318756122959686,-1.23906367260075,0.70254033560148,0.150002847889454,0.182245102706531,-0.155582535756461,-0.407172567064402,-0.0958328439021747,-0.16398073365966,0.203253098457711,0.4078173046335,0.0109001583677789,0.190769473319808,0.398191104389483,-0.0196415768891405,-0.382138041941486,0.350499840763892,0.105893965152442,-0.230708237986539,0.00630108618375565,0.108527329365132,0.122319832161057,-0.053603249074,0.0381800606914725,-0.0732135066580671,0.0730004753409907,-0.0757968350959905,0.0453964692606749,0.00366132992304787,0.029991395969616,0.098001223526914,4.40413819920559e-05,-0.000241089954615899,-0.00230717072907354,-0.000199969440417557,0.000125975856990684,0.000697201216341447,6.95933367854293e-05,-1.70948341539404e-05,1.02614422128782e-14,7.86825386778317e-18,-1.95114416607896e-16,-2.67634803684035e-16,-2.7497130950084e-16,-7.76616812583048e-17,3.47131897011353e-16,1.20079898457522e-16,4.33080320441222e-16,"Bats LC"
"JQ685947",2.27846103890648,-3.6772886681622,2.16136897426939,1.34171531609258,0.943142486710115,-6.26848060357583,0.0814939196873006,0.882736662534511,1.06457713995462,-0.0810602701318485,-1.61986177814247,0.501246028221823,0.0808515831846505,0.298286901569317,0.356870201316488,-0.249043808090643,0.00649884194246436,0.151355723057912,0.579012442894532,0.113091357597377,0.431608830130228,-0.23168495791542,-0.110606685975086,0.0530361055836021,0.111789065807964,-0.422065237855062,-0.312935006660245,-0.187274190887679,0.134562670578575,-0.112621275372689,0.365775530241854,-0.021336252359982,0.15362531571565,0.118259846342674,-0.15547095300831,0.0655881846302908,-0.414991966730506,-0.0304654839322253,-0.00198591168574165,0.0108859072169635,0.000261594330450766,0.000226855312964564,-0.000245472071025026,0.000298920516836517,0.000194460107464521,0.000397171283409328,-5.30310161328187e-05,-0.000129981514327632,1.01262486159067e-14,-4.36356257996696e-16,-1.4606750339518e-16,9.0928846833095e-17,-2.67867551524612e-16,-2.29158697026627e-16,3.18928960601887e-16,1.25510665043845e-16,5.8966295221558e-16,"Bats LC"
